image_url,scientific_name
https://static.inaturalist.org/photos/267682/medium.jpg?1362700249,Nymphaeaceae
https://static.inaturalist.org/photos/367044/medium.jpg?1444650579,Nymphaeaceae
https://static.inaturalist.org/photos/367045/medium.jpg?1444650586,Nymphaeaceae
https://static.inaturalist.org/photos/585751/medium.jpg?1385085560,Nymphaeaceae
https://static.inaturalist.org/photos/938834/medium.jpg?1444600293,Nymphaeaceae
https://static.inaturalist.org/photos/954576/medium.jpg?1404070363,Nymphaeaceae
https://static.inaturalist.org/photos/1037125/medium.jpg?1407467357,Nymphaeaceae
https://static.inaturalist.org/photos/1137766/medium.jpg?1411678628,Nymphaeaceae
https://static.inaturalist.org/photos/1137767/medium.jpg?1411678666,Nymphaeaceae
https://static.inaturalist.org/photos/1137768/medium.jpg?1411678693,Nymphaeaceae
https://static.inaturalist.org/photos/1312007/medium.JPG?1414623305,Nymphaeaceae
https://static.inaturalist.org/photos/1393019/medium.jpg?1417559941,Nymphaeaceae
https://static.inaturalist.org/photos/1797032/medium.JPG?1430675066,Nymphaeaceae
https://static.inaturalist.org/photos/1882920/medium.jpg?1432213301,Nymphaeaceae
https://static.inaturalist.org/photos/1883643/medium.jpg?1432221478,Nymphaeaceae
https://static.inaturalist.org/photos/1888893/medium.jpg?1432300334,Nymphaeaceae
https://static.inaturalist.org/photos/2038255/medium.jpg?1435074559,Nymphaeaceae
https://static.inaturalist.org/photos/2252145/medium.jpg?1439268569,Nymphaeaceae
https://static.inaturalist.org/photos/2484989/medium.jpg?1444092821,Nymphaeaceae
https://static.inaturalist.org/photos/2617216/medium.jpg?1446827512,Nymphaeaceae
https://static.inaturalist.org/photos/2689496/medium.JPG?1448245615,Nymphaeaceae
https://static.inaturalist.org/photos/3116169/medium.JPG?1457382723,Nymphaeaceae
https://static.inaturalist.org/photos/3143075/medium.JPG?1457839015,Nymphaeaceae
https://static.inaturalist.org/photos/3322705/medium.jpeg?1460210783,Nymphaeaceae
https://static.inaturalist.org/photos/3658145/medium.jpg?1463149650,Nymphaeaceae
https://static.inaturalist.org/photos/3688070/medium.jpeg?1463409230,Nymphaeaceae
https://static.inaturalist.org/photos/3733534/medium.jpg?1463759221,Nymphaeaceae
https://static.inaturalist.org/photos/3771779/medium.JPG?1463878613,Nymphaeaceae
https://static.inaturalist.org/photos/3771982/medium.JPG?1463879316,Nymphaeaceae
https://static.inaturalist.org/photos/3943663/medium.jpg?1465362482,Nymphaeaceae
https://static.inaturalist.org/photos/4267723/medium.jpeg?1468594617,Nymphaeaceae
https://static.inaturalist.org/photos/4274731/medium.jpg?1468673719,Nymphaeaceae
https://static.inaturalist.org/photos/4341760/medium.jpg?1469346543,Nymphaeaceae
https://static.inaturalist.org/photos/4467098/medium.jpg?1470554480,Nymphaeaceae
https://static.inaturalist.org/photos/4506449/medium.jpg?1470795625,Nymphaeaceae
https://static.inaturalist.org/photos/4572509/medium.jpeg?1471286824,Nymphaeaceae
https://static.inaturalist.org/photos/4685211/medium.jpg?1472308227,Nymphaeaceae
https://static.inaturalist.org/photos/4795100/medium.jpeg?1473182754,Nymphaeaceae
https://static.inaturalist.org/photos/4906277/medium.jpg?1474057325,Nymphaeaceae
https://static.inaturalist.org/photos/4992393/medium.jpg?1474731955,Nymphaeaceae
https://static.inaturalist.org/photos/5107813/medium.jpeg?1475556565,Nymphaeaceae
https://static.inaturalist.org/photos/5438319/medium.jpg?1478362730,Nymphaeaceae
https://static.inaturalist.org/photos/5662505/medium.jpeg?1480636263,Nymphaeaceae
https://static.inaturalist.org/photos/5662570/medium.jpeg?1480636402,Nymphaeaceae
https://static.inaturalist.org/photos/6578452/medium.jpg?1489557808,Nymphaeaceae
https://static.inaturalist.org/photos/6877980/medium.jpg?1491337339,Nymphaeaceae
https://static.inaturalist.org/photos/6879548/medium.jpg?1491343977,Nymphaeaceae
https://static.inaturalist.org/photos/7030714/medium.jpg?1492110499,Nymphaeaceae
https://static.inaturalist.org/photos/7290180/medium.jpeg?1492626579,Nymphaeaceae
https://static.inaturalist.org/photos/7315219/medium.jpeg?1492703114,Nymphaeaceae
https://static.inaturalist.org/photos/7317339/medium.jpg?1492709172,Nymphaeaceae
https://static.inaturalist.org/photos/7318587/medium.jpg?1492712901,Nymphaeaceae
https://static.inaturalist.org/photos/7343618/medium.jpg?1492794764,Nymphaeaceae
https://static.inaturalist.org/photos/7391276/medium.jpg?1492971609,Nymphaeaceae
https://static.inaturalist.org/photos/7547398/medium.jpg?1493594265,Nymphaeaceae
https://static.inaturalist.org/photos/7555735/medium.jpeg?1493618111,Nymphaeaceae
https://static.inaturalist.org/photos/7570585/medium.jpg?1493677956,Nymphaeaceae
https://static.inaturalist.org/photos/7596128/medium.jpeg?1493789418,Nymphaeaceae
https://static.inaturalist.org/photos/7707854/medium.jpg?1494334637,Nymphaeaceae
https://static.inaturalist.org/photos/8316753/medium.jpeg?1496988864,Nymphaeaceae
https://static.inaturalist.org/photos/8388385/medium.jpg?1497274286,Nymphaeaceae
https://static.inaturalist.org/photos/8467997/medium.jpeg?1497629005,Nymphaeaceae
https://static.inaturalist.org/photos/8476357/medium.jpg?1497659530,Nymphaeaceae
https://static.inaturalist.org/photos/8565041/medium.jpg?1498063848,Nymphaeaceae
https://static.inaturalist.org/photos/8583294/medium.jpg?1498152941,Nymphaeaceae
https://static.inaturalist.org/photos/8816340/medium.jpeg?1499115416,Nymphaeaceae
https://static.inaturalist.org/photos/8928283/medium.jpg?1499576905,Nymphaeaceae
https://static.inaturalist.org/photos/8996083/medium.jpg?1499812309,Nymphaeaceae
https://static.inaturalist.org/photos/9035806/medium.jpg?1499986477,Nymphaeaceae
https://static.inaturalist.org/photos/9037786/medium.jpeg?1499994803,Nymphaeaceae
https://static.inaturalist.org/photos/9055687/medium.jpg?1500078460,Nymphaeaceae
https://static.inaturalist.org/photos/9149557/medium.jpg?1500445174,Nymphaeaceae
https://static.inaturalist.org/photos/9333589/medium.jpg?1501133043,Nymphaeaceae
https://static.inaturalist.org/photos/9529944/medium.jpg?1501881359,Nymphaeaceae
https://static.inaturalist.org/photos/9607154/medium.jpeg?1502148391,Nymphaeaceae
https://static.inaturalist.org/photos/9774017/medium.jpg?1502763734,Nymphaeaceae
https://static.inaturalist.org/photos/9787247/medium.jpg?1502824974,Nymphaeaceae
https://static.inaturalist.org/photos/10231691/medium.jpeg?1504563899,Nymphaeaceae
https://static.inaturalist.org/photos/10388714/medium.jpeg?1505158917,Nymphaeaceae
https://static.inaturalist.org/photos/10539786/medium.jpg?1505700143,Nymphaeaceae
https://static.inaturalist.org/photos/10622862/medium.jpeg?1506005193,Nymphaeaceae
https://static.inaturalist.org/photos/10649116/medium.jpg?1506102583,Nymphaeaceae
https://static.inaturalist.org/photos/10897233/medium.jpg?1506958343,Nymphaeaceae
https://static.inaturalist.org/photos/10920073/medium.jpg?1507040967,Nymphaeaceae
https://static.inaturalist.org/photos/11022230/medium.jpeg?1507421118,Nymphaeaceae
https://static.inaturalist.org/photos/11030838/medium.jpg?1507455312,Nymphaeaceae
https://static.inaturalist.org/photos/11109736/medium.jpg?1507734766,Nymphaeaceae
https://static.inaturalist.org/photos/11117630/medium.jpg?1507754690,Nymphaeaceae
https://static.inaturalist.org/photos/11692439/medium.jpg?1510029482,Nymphaeaceae
https://static.inaturalist.org/photos/11695116/medium.jpeg?1510050899,Nymphaeaceae
https://static.inaturalist.org/photos/11695406/medium.jpeg?1510053076,Nymphaeaceae
https://static.inaturalist.org/photos/12110980/medium.jpg?1511979674,Nymphaeaceae
https://static.inaturalist.org/photos/12150063/medium.jpg?1512171617,Nymphaeaceae
https://static.inaturalist.org/photos/12569554/medium.jpeg?1514406885,Nymphaeaceae
https://static.inaturalist.org/photos/13140718/medium.jpg?1517016068,Nymphaeaceae
https://static.inaturalist.org/photos/13351977/medium.jpeg?1517932725,Nymphaeaceae
https://static.inaturalist.org/photos/13359716/medium.jpg?1517961954,Nymphaeaceae
https://static.inaturalist.org/photos/14136559/medium.jpg?1520993285,Nymphaeaceae
https://static.inaturalist.org/photos/14646124/medium.jpeg?1522485458,Nymphaeaceae
https://static.inaturalist.org/photos/15016757/medium.jpeg?1523326952,Nymphaeaceae
https://static.inaturalist.org/photos/15130094/medium.jpeg?1523531049,Nymphaeaceae
https://static.inaturalist.org/photos/15241210/medium.jpg?1523639753,Nymphaeaceae
https://static.inaturalist.org/photos/15726376/medium.jpg?1524070585,Nymphaeaceae
https://static.inaturalist.org/photos/15744800/medium.jpeg?1524083276,Nymphaeaceae
https://static.inaturalist.org/photos/16197102/medium.jpg?1524504512,Nymphaeaceae
https://static.inaturalist.org/photos/16241623/medium.jpg?1524588446,Nymphaeaceae
https://static.inaturalist.org/photos/16297528/medium.jpeg?1524683219,Nymphaeaceae
https://static.inaturalist.org/photos/16345322/medium.jpeg?1524766880,Nymphaeaceae
https://static.inaturalist.org/photos/16345389/medium.jpeg?1524766948,Nymphaeaceae
https://static.inaturalist.org/photos/16422321/medium.jpeg?1524845535,Nymphaeaceae
https://static.inaturalist.org/photos/16644077/medium.jpeg?1524942556,Nymphaeaceae
https://static.inaturalist.org/photos/16690510/medium.jpg?1524955561,Nymphaeaceae
https://static.inaturalist.org/photos/16741300/medium.jpeg?1524972786,Nymphaeaceae
https://static.inaturalist.org/photos/17036928/medium.jpeg?1525111809,Nymphaeaceae
https://static.inaturalist.org/photos/17222405/medium.jpeg?1525217477,Nymphaeaceae
https://static.inaturalist.org/photos/17361389/medium.jpg?1525378089,Nymphaeaceae
https://static.inaturalist.org/photos/17400159/medium.jpg?1525439243,Nymphaeaceae
https://static.inaturalist.org/photos/17402994/medium.jpg?1525444072,Nymphaeaceae
https://static.inaturalist.org/photos/17475421/medium.jpeg?1525553360,Nymphaeaceae
https://static.inaturalist.org/photos/17674935/medium.jpg?1525843241,Nymphaeaceae
https://static.inaturalist.org/photos/17894815/medium.jpeg?1526217935,Nymphaeaceae
https://static.inaturalist.org/photos/18099901/medium.jpg?1526521571,Nymphaeaceae
https://static.inaturalist.org/photos/18258676/medium.jpeg?1526780066,Nymphaeaceae
https://static.inaturalist.org/photos/18361864/medium.jpg?1526929691,Nymphaeaceae
https://static.inaturalist.org/photos/18520998/medium.jpg?1527191714,Nymphaeaceae
https://static.inaturalist.org/photos/18555419/medium.jpg?1527256303,Nymphaeaceae
https://static.inaturalist.org/photos/18609513/medium.jpg?1527351287,Nymphaeaceae
https://static.inaturalist.org/photos/18609718/medium.jpeg?1527351576,Nymphaeaceae
https://static.inaturalist.org/photos/18677542/medium.jpg?1527450982,Nymphaeaceae
https://static.inaturalist.org/photos/18922086/medium.jpg?1527848438,Nymphaeaceae
https://static.inaturalist.org/photos/19083235/medium.jpg?1528071835,Nymphaeaceae
https://static.inaturalist.org/photos/19162942/medium.jpg?1528201362,Nymphaeaceae
https://static.inaturalist.org/photos/19190710/medium.jpg?1528230969,Nymphaeaceae
https://static.inaturalist.org/photos/19366347/medium.jpeg?1528484165,Nymphaeaceae
https://static.inaturalist.org/photos/19501607/medium.jpeg?1528669738,Nymphaeaceae
https://static.inaturalist.org/photos/19646886/medium.jpg?1528903810,Nymphaeaceae
https://static.inaturalist.org/photos/19795099/medium.jpeg?1529162526,Nymphaeaceae
https://static.inaturalist.org/photos/19978432/medium.jpg?1529425092,Nymphaeaceae
https://static.inaturalist.org/photos/20383742/medium.jpg?1530055970,Nymphaeaceae
https://static.inaturalist.org/photos/20461372/medium.jpg?1530203643,Nymphaeaceae
https://static.inaturalist.org/photos/20565671/medium.jpg?1530383780,Nymphaeaceae
https://static.inaturalist.org/photos/20692645/medium.jpg?1530564958,Nymphaeaceae
https://static.inaturalist.org/photos/20940902/medium.jpeg?1530976865,Nymphaeaceae
https://static.inaturalist.org/photos/20955581/medium.jpg?1530993280,Nymphaeaceae
https://static.inaturalist.org/photos/20955862/medium.jpeg?1530993622,Nymphaeaceae
https://static.inaturalist.org/photos/21061753/medium.jpg?1531150544,Nymphaeaceae
https://static.inaturalist.org/photos/21139776/medium.jpg?1531266965,Nymphaeaceae
https://static.inaturalist.org/photos/21380045/medium.jpeg?1531657917,Nymphaeaceae
https://static.inaturalist.org/photos/21510941/medium.jpg?1531854657,Nymphaeaceae
https://static.inaturalist.org/photos/21521564/medium.jpeg?1531867354,Nymphaeaceae
https://static.inaturalist.org/photos/21769960/medium.jpg?1532265353,Nymphaeaceae
https://static.inaturalist.org/photos/22039452/medium.jpeg?1532653327,Nymphaeaceae
https://static.inaturalist.org/photos/22220820/medium.jpg?1532879312,Nymphaeaceae
https://static.inaturalist.org/photos/22257837/medium.jpeg?1532907521,Nymphaeaceae
https://static.inaturalist.org/photos/22258886/medium.jpeg?1532908450,Nymphaeaceae
https://static.inaturalist.org/photos/22426893/medium.jpeg?1533158180,Nymphaeaceae
https://static.inaturalist.org/photos/22645524/medium.jpg?1533506482,Nymphaeaceae
https://static.inaturalist.org/photos/22906477/medium.jpg?1533938191,Nymphaeaceae
https://static.inaturalist.org/photos/23198747/medium.jpg?1534374498,Nymphaeaceae
https://static.inaturalist.org/photos/23605064/medium.jpg?1534974918,Nymphaeaceae
https://static.inaturalist.org/photos/24014635/medium.jpeg?1535644843,Nymphaeaceae
https://static.inaturalist.org/photos/24045575/medium.jpeg?1535684274,Nymphaeaceae
https://static.inaturalist.org/photos/24231008/medium.jpg?1535962154,Nymphaeaceae
https://static.inaturalist.org/photos/24431431/medium.jpeg?1536273210,Nymphaeaceae
https://static.inaturalist.org/photos/24854981/medium.jpg?1536899975,Nymphaeaceae
https://static.inaturalist.org/photos/24916150/medium.jpg?1537010848,Nymphaeaceae
https://static.inaturalist.org/photos/25025554/medium.jpg?1537139845,Nymphaeaceae
https://static.inaturalist.org/photos/25041645/medium.jpg?1537154350,Nymphaeaceae
https://static.inaturalist.org/photos/25079747/medium.jpeg?1537216425,Nymphaeaceae
https://static.inaturalist.org/photos/25224550/medium.jpg?1537457159,Nymphaeaceae
https://static.inaturalist.org/photos/25379958/medium.jpg?1537654175,Nymphaeaceae
https://static.inaturalist.org/photos/25455586/medium.jpg?1537751654,Nymphaeaceae
https://static.inaturalist.org/photos/25489700/medium.jpg?1537811937,Nymphaeaceae
https://static.inaturalist.org/photos/25552276/medium.jpg?1537907463,Nymphaeaceae
https://static.inaturalist.org/photos/25907007/medium.jpg?1538426818,Nymphaeaceae
https://static.inaturalist.org/photos/25940762/medium.jpg?1538489127,Nymphaeaceae
https://static.inaturalist.org/photos/25941046/medium.jpg?1538489727,Nymphaeaceae
https://static.inaturalist.org/photos/26003359/medium.jpg?1538587585,Nymphaeaceae
https://static.inaturalist.org/photos/26049006/medium.jpg?1538663801,Nymphaeaceae
https://static.inaturalist.org/photos/26114559/medium.jpg?1538766795,Nymphaeaceae
https://static.inaturalist.org/photos/26643230/medium.jpg?1539552045,Nymphaeaceae
https://static.inaturalist.org/photos/26827855/medium.jpg?1539847448,Nymphaeaceae
https://static.inaturalist.org/photos/26828138/medium.jpg?1539848245,Nymphaeaceae
https://static.inaturalist.org/photos/26853115/medium.jpeg?1539894410,Nymphaeaceae
https://static.inaturalist.org/photos/27012764/medium.jpg?1540150627,Nymphaeaceae
https://static.inaturalist.org/photos/27030373/medium.jpeg?1540166667,Nymphaeaceae
https://static.inaturalist.org/photos/27259493/medium.jpeg?1540578798,Nymphaeaceae
https://static.inaturalist.org/photos/27414799/medium.jpg?1540844474,Nymphaeaceae
https://static.inaturalist.org/photos/27501424/medium.jpg?1541011625,Nymphaeaceae
https://static.inaturalist.org/photos/27682090/medium.jpg?1541371940,Nymphaeaceae
https://static.inaturalist.org/photos/27687224/medium.jpeg?1541379132,Nymphaeaceae
https://static.inaturalist.org/photos/27694176/medium.jpg?1541386247,Nymphaeaceae
https://static.inaturalist.org/photos/27694178/medium.jpg?1541386251,Nymphaeaceae
https://static.inaturalist.org/photos/27788899/medium.jpg?1541543653,Nymphaeaceae
https://static.inaturalist.org/photos/27789137/medium.jpg?1541543937,Nymphaeaceae
https://static.inaturalist.org/photos/27789572/medium.jpg?1541544608,Nymphaeaceae
https://static.inaturalist.org/photos/27890632/medium.jpg?1541682031,Nymphaeaceae
https://static.inaturalist.org/photos/28026359/medium.jpeg?1541980161,Nymphaeaceae
https://static.inaturalist.org/photos/28597415/medium.jpg?1543351681,Nymphaeaceae
https://static.inaturalist.org/photos/28998812/medium.jpeg?1544368561,Nymphaeaceae
https://static.inaturalist.org/photos/29072498/medium.jpeg?1544548320,Nymphaeaceae
https://static.inaturalist.org/photos/29291343/medium.jpg?1545161263,Nymphaeaceae
https://static.inaturalist.org/photos/29324561/medium.jpg?1545258093,Nymphaeaceae
https://static.inaturalist.org/photos/29455533/medium.jpg?1545597807,Nymphaeaceae
https://static.inaturalist.org/photos/29661632/medium.jpeg?1546122490,Nymphaeaceae
https://static.inaturalist.org/photos/29868692/medium.jpg?1546608903,Nymphaeaceae
https://static.inaturalist.org/photos/29873277/medium.jpg?1546621080,Nymphaeaceae
https://static.inaturalist.org/photos/29954634/medium.jpg?1546794854,Nymphaeaceae
https://static.inaturalist.org/photos/30231932/medium.jpg?1547445598,Nymphaeaceae
https://static.inaturalist.org/photos/30255770/medium.jpg?1547512188,Nymphaeaceae
https://static.inaturalist.org/photos/30754057/medium.jpg?1548708160,Nymphaeaceae
https://static.inaturalist.org/photos/30938088/medium.jpg?1549146017,Nymphaeaceae
https://static.inaturalist.org/photos/30939580/medium.jpeg?1549148269,Nymphaeaceae
https://static.inaturalist.org/photos/31067497/medium.jpeg?1549417035,Nymphaeaceae
https://static.inaturalist.org/photos/31659004/medium.jpeg?1550680278,Nymphaeaceae
https://www.inaturalist.org/assets/copyright-infringement-medium.png,Nymphaeaceae
https://static.inaturalist.org/photos/31767691/medium.jpeg?1550890727,Nymphaeaceae
https://static.inaturalist.org/photos/31788212/medium.jpeg?1550898905,Nymphaeaceae
https://static.inaturalist.org/photos/31807439/medium.jpeg?1550906822,Nymphaeaceae
https://static.inaturalist.org/photos/31808918/medium.jpeg?1550907504,Nymphaeaceae
https://static.inaturalist.org/photos/31810846/medium.jpg?1550908297,Nymphaeaceae
https://static.inaturalist.org/photos/31812332/medium.jpeg?1550908871,Nymphaeaceae
https://static.inaturalist.org/photos/31814661/medium.jpg?1550909771,Nymphaeaceae
https://static.inaturalist.org/photos/31851944/medium.jpg?1550923430,Nymphaeaceae
https://static.inaturalist.org/photos/31871302/medium.jpeg?1550929605,Nymphaeaceae
https://static.inaturalist.org/photos/31879137/medium.jpg?1550931593,Nymphaeaceae
https://static.inaturalist.org/photos/31892279/medium.jpeg?1550934740,Nymphaeaceae
https://static.inaturalist.org/photos/31904011/medium.jpg?1550937757,Nymphaeaceae
https://static.inaturalist.org/photos/31906376/medium.jpeg?1550938813,Nymphaeaceae
https://static.inaturalist.org/photos/32006464/medium.jpg?1551111611,Nymphaeaceae
https://static.inaturalist.org/photos/32083422/medium.jpeg?1551266337,Nymphaeaceae
https://static.inaturalist.org/photos/32088418/medium.jpg?1551280549,Nymphaeaceae
https://static.inaturalist.org/photos/32169378/medium.jpg?1551454606,Nymphaeaceae
https://static.inaturalist.org/photos/32334832/medium.jpg?1551717317,Nymphaeaceae
https://static.inaturalist.org/photos/32337626/medium.jpg?1551720744,Nymphaeaceae
https://static.inaturalist.org/photos/32395295/medium.jpeg?1551820764,Nymphaeaceae
https://static.inaturalist.org/photos/32487232/medium.jpg?1551991295,Nymphaeaceae
https://static.inaturalist.org/photos/32440588/medium.jpg?1551903945,Nymphaeaceae
https://static.inaturalist.org/photos/32442129/medium.jpg?1551906244,Nymphaeaceae
https://static.inaturalist.org/photos/32886498/medium.jpeg?1552691176,Nymphaeaceae
https://static.inaturalist.org/photos/33297180/medium.jpeg?1553356254,Nymphaeaceae
https://static.inaturalist.org/photos/33400055/medium.jpg?1553474031,Nymphaeaceae
https://static.inaturalist.org/photos/33427130/medium.jpeg?1553518668,Nymphaeaceae
https://static.inaturalist.org/photos/33656731/medium.jpg?1553865094,Nymphaeaceae
https://static.inaturalist.org/photos/33789038/medium.jpeg?1554001447,Nymphaeaceae
https://static.inaturalist.org/photos/33921837/medium.jpg?1554166003,Nymphaeaceae
https://static.inaturalist.org/photos/33994773/medium.jpg?1554264594,Nymphaeaceae
https://static.inaturalist.org/photos/34081942/medium.jpg?1554401660,Nymphaeaceae
https://static.inaturalist.org/photos/34434405/medium.jpeg?1554820305,Nymphaeaceae
https://static.inaturalist.org/photos/34434497/medium.jpeg?1554820385,Nymphaeaceae
https://static.inaturalist.org/photos/34505832/medium.jpg?1554905454,Nymphaeaceae
https://static.inaturalist.org/photos/34510136/medium.jpg?1554910336,Nymphaeaceae
https://static.inaturalist.org/photos/34533477/medium.jpeg?1554930942,Nymphaeaceae
https://static.inaturalist.org/photos/34557101/medium.jpeg?1554954413,Nymphaeaceae
https://static.inaturalist.org/photos/34591541/medium.jpg?1555006235,Nymphaeaceae
https://static.inaturalist.org/photos/34629771/medium.jpeg?1555043906,Nymphaeaceae
https://static.inaturalist.org/photos/34674195/medium.jpg?1555108033,Nymphaeaceae
https://static.inaturalist.org/photos/34679208/medium.jpg?1555113597,Nymphaeaceae
https://static.inaturalist.org/photos/34709840/medium.jpg?1555164601,Nymphaeaceae
https://static.inaturalist.org/photos/34727609/medium.jpeg?1555178155,Nymphaeaceae
https://static.inaturalist.org/photos/34731376/medium.jpg?1555180958,Nymphaeaceae
https://static.inaturalist.org/photos/34836684/medium.jpeg?1555281379,Nymphaeaceae
https://static.inaturalist.org/photos/34921706/medium.jpeg?1555380497,Nymphaeaceae
https://static.inaturalist.org/photos/35007522/medium.jpg?1555475712,Nymphaeaceae
https://static.inaturalist.org/photos/35052870/medium.jpg?1555532450,Nymphaeaceae
https://static.inaturalist.org/photos/35052917/medium.jpg?1555532483,Nymphaeaceae
https://static.inaturalist.org/photos/35086771/medium.jpg?1555561693,Nymphaeaceae
https://static.inaturalist.org/photos/35147906/medium.jpg?1555632687,Nymphaeaceae
https://static.inaturalist.org/photos/35149450/medium.jpg?1555634337,Nymphaeaceae
https://static.inaturalist.org/photos/35258576/medium.jpg?1555763738,Nymphaeaceae
https://static.inaturalist.org/photos/35376467/medium.jpg?1555867239,Nymphaeaceae
https://static.inaturalist.org/photos/35395091/medium.jpg?1555877602,Nymphaeaceae
https://static.inaturalist.org/photos/35454767/medium.jpg?1555926062,Nymphaeaceae
https://static.inaturalist.org/photos/35573781/medium.jpeg?1556039404,Nymphaeaceae
https://static.inaturalist.org/photos/35666646/medium.jpg?1556129273,Nymphaeaceae
https://static.inaturalist.org/photos/35749954/medium.jpg?1556212873,Nymphaeaceae
https://static.inaturalist.org/photos/35774919/medium.jpeg?1556230639,Nymphaeaceae
https://static.inaturalist.org/photos/35825680/medium.jpeg?1556269405,Nymphaeaceae
https://static.inaturalist.org/photos/35845418/medium.jpeg?1556283078,Nymphaeaceae
https://static.inaturalist.org/photos/36033918/medium.jpeg?1556322695,Nymphaeaceae
https://static.inaturalist.org/photos/36047377/medium.jpg?1556325654,Nymphaeaceae
https://static.inaturalist.org/photos/36145207/medium.jpeg?1556354637,Nymphaeaceae
https://static.inaturalist.org/photos/36147240/medium.jpeg?1556355823,Nymphaeaceae
https://static.inaturalist.org/photos/36169846/medium.jpeg?1556367571,Nymphaeaceae
https://static.inaturalist.org/photos/36262317/medium.jpg?1556385963,Nymphaeaceae
https://static.inaturalist.org/photos/36275749/medium.jpeg?1556388007,Nymphaeaceae
https://static.inaturalist.org/photos/36277848/medium.jpg?1556388317,Nymphaeaceae
https://static.inaturalist.org/photos/36462033/medium.jpeg?1556419430,Nymphaeaceae
https://static.inaturalist.org/photos/36528948/medium.jpg?1556441834,Nymphaeaceae
https://static.inaturalist.org/photos/36571612/medium.jpeg?1556458930,Nymphaeaceae
https://static.inaturalist.org/photos/36633177/medium.jpg?1556469801,Nymphaeaceae
https://static.inaturalist.org/photos/36666454/medium.jpg?1556474893,Nymphaeaceae
https://static.inaturalist.org/photos/36689599/medium.jpg?1556478625,Nymphaeaceae
https://static.inaturalist.org/photos/36741381/medium.jpeg?1556486810,Nymphaeaceae
https://static.inaturalist.org/photos/36768924/medium.jpeg?1556490786,Nymphaeaceae
https://static.inaturalist.org/photos/36767493/medium.jpeg?1556490592,Nymphaeaceae
https://static.inaturalist.org/photos/36806367/medium.jpg?1556496270,Nymphaeaceae
https://static.inaturalist.org/photos/36836221/medium.jpg?1556501110,Nymphaeaceae
https://static.inaturalist.org/photos/37018598/medium.jpeg?1556549535,Nymphaeaceae
https://static.inaturalist.org/photos/37039038/medium.jpeg?1556552800,Nymphaeaceae
https://static.inaturalist.org/photos/37130402/medium.jpeg?1556567695,Nymphaeaceae
https://static.inaturalist.org/photos/37212361/medium.jpg?1556580379,Nymphaeaceae
https://static.inaturalist.org/photos/37226303/medium.jpeg?1556582298,Nymphaeaceae
https://static.inaturalist.org/photos/37479194/medium.jpeg?1556670454,Nymphaeaceae
https://static.inaturalist.org/photos/37561464/medium.jpeg?1556727351,Nymphaeaceae
https://static.inaturalist.org/photos/37565715/medium.jpg?1556729123,Nymphaeaceae
https://static.inaturalist.org/photos/37647785/medium.jpg?1556770811,Nymphaeaceae
https://static.inaturalist.org/photos/37855678/medium.jpeg?1556933196,Nymphaeaceae
https://static.inaturalist.org/photos/38160421/medium.jpeg?1557164882,Nymphaeaceae
https://static.inaturalist.org/photos/38161869/medium.jpeg?1557165726,Nymphaeaceae
https://static.inaturalist.org/photos/38168594/medium.jpg?1557169756,Nymphaeaceae
https://static.inaturalist.org/photos/38484621/medium.jpeg?1557489602,Nymphaeaceae
https://static.inaturalist.org/photos/38780477/medium.jpg?1557759992,Nymphaeaceae
https://static.inaturalist.org/photos/39195243/medium.jpg?1558188403,Nymphaeaceae
https://static.inaturalist.org/photos/39373315/medium.jpeg?1558320979,Nymphaeaceae
https://static.inaturalist.org/photos/39400992/medium.jpg?1558357008,Nymphaeaceae
https://static.inaturalist.org/photos/39738907/medium.jpeg?1558649958,Nymphaeaceae
https://static.inaturalist.org/photos/39834046/medium.jpg?1558737057,Nymphaeaceae
https://static.inaturalist.org/photos/39927396/medium.jpg?1558813988,Nymphaeaceae
https://static.inaturalist.org/photos/39987702/medium.jpeg?1558856027,Nymphaeaceae
https://static.inaturalist.org/photos/40127686/medium.jpeg?1558966937,Nymphaeaceae
https://static.inaturalist.org/photos/40427029/medium.jpeg?1559223500,Nymphaeaceae
https://static.inaturalist.org/photos/40613499/medium.jpg?1559391052,Nymphaeaceae
https://static.inaturalist.org/photos/41061021/medium.jpg?1559748099,Nymphaeaceae
https://static.inaturalist.org/photos/41066209/medium.jpg?1559752104,Nymphaeaceae
https://static.inaturalist.org/photos/42395034/medium.jpg?1560939992,Nymphaeaceae
https://static.inaturalist.org/photos/42700339/medium.jpg?1561222042,Nymphaeaceae
https://static.inaturalist.org/photos/42727508/medium.jpg?1561237339,Nymphaeaceae
https://static.inaturalist.org/photos/43269048/medium.jpeg?1561682617,Nymphaeaceae
https://static.inaturalist.org/photos/43305549/medium.jpg?1561729108,Nymphaeaceae
https://static.inaturalist.org/photos/43478685/medium.jpg?1561872805,Nymphaeaceae
https://static.inaturalist.org/photos/43738130/medium.jpg?1562094824,Nymphaeaceae
https://static.inaturalist.org/photos/43993813/medium.jpeg?1562337863,Nymphaeaceae
https://static.inaturalist.org/photos/44004443/medium.jpeg?1562344870,Nymphaeaceae
https://static.inaturalist.org/photos/44151971/medium.jpeg?1562456898,Nymphaeaceae
https://static.inaturalist.org/photos/44968727/medium.jpg?1563145912,Nymphaeaceae
https://static.inaturalist.org/photos/45070658/medium.jpeg?1563230769,Nymphaeaceae
https://static.inaturalist.org/photos/45166189/medium.jpeg?1563307283,Nymphaeaceae
https://static.inaturalist.org/photos/45217297/medium.jpg?1563353476,Nymphaeaceae
https://static.inaturalist.org/photos/45675049/medium.jpeg?1563743676,Nymphaeaceae
https://static.inaturalist.org/photos/45861173/medium.jpeg?1563899001,Nymphaeaceae
https://static.inaturalist.org/photos/45967218/medium.jpeg?1563988926,Nymphaeaceae
https://static.inaturalist.org/photos/46135687/medium.jpeg?1564115805,Nymphaeaceae
https://static.inaturalist.org/photos/46305697/medium.jpeg?1564262863,Nymphaeaceae
https://static.inaturalist.org/photos/46492691/medium.jpeg?1564403485,Nymphaeaceae
https://static.inaturalist.org/photos/46768334/medium.jpeg?1564617309,Nymphaeaceae
https://static.inaturalist.org/photos/47531281/medium.jpeg?1565274668,Nymphaeaceae
https://static.inaturalist.org/photos/47544780/medium.jpg?1565282986,Nymphaeaceae
https://static.inaturalist.org/photos/47780485/medium.jpg?1565483341,Nymphaeaceae
https://static.inaturalist.org/photos/48158012/medium.jpg?1565792236,Nymphaeaceae
https://static.inaturalist.org/photos/48246151/medium.jpg?1565864527,Nymphaeaceae
https://static.inaturalist.org/photos/48958639/medium.jpeg?1566483557,Nymphaeaceae
https://static.inaturalist.org/photos/49072560/medium.jpeg?1566584503,Nymphaeaceae
https://static.inaturalist.org/photos/49202199/medium.jpeg?1566687602,Nymphaeaceae
https://static.inaturalist.org/photos/49635971/medium.jpg?1567033208,Nymphaeaceae
https://static.inaturalist.org/photos/49635994/medium.jpg?1567033223,Nymphaeaceae
https://static.inaturalist.org/photos/49720478/medium.jpg?1567108853,Nymphaeaceae
https://static.inaturalist.org/photos/49902502/medium.jpg?1567270006,Nymphaeaceae
https://static.inaturalist.org/photos/49976891/medium.jpg?1567316032,Nymphaeaceae
https://static.inaturalist.org/photos/49983439/medium.jpeg?1567326035,Nymphaeaceae
https://static.inaturalist.org/photos/50107379/medium.jpg?1567426424,Nymphaeaceae
https://static.inaturalist.org/photos/50354481/medium.jpg?1567628618,Nymphaeaceae
https://static.inaturalist.org/photos/50390096/medium.jpg?1567656445,Nymphaeaceae
https://static.inaturalist.org/photos/50634665/medium.jpg?1567886594,Nymphaeaceae
https://static.inaturalist.org/photos/50718928/medium.jpeg?1567955666,Nymphaeaceae
https://static.inaturalist.org/photos/50733505/medium.jpg?1567963475,Nymphaeaceae
https://static.inaturalist.org/photos/50754860/medium.jpg?1567973621,Nymphaeaceae
https://static.inaturalist.org/photos/50803474/medium.jpg?1568001141,Nymphaeaceae
https://static.inaturalist.org/photos/51159150/medium.jpg?1568322841,Nymphaeaceae
https://static.inaturalist.org/photos/52712042/medium.jpeg?1569708018,Nymphaeaceae
https://static.inaturalist.org/photos/52888269/medium.jpg?1569867036,Nymphaeaceae
https://static.inaturalist.org/photos/53132691/medium.jpg?1570123092,Nymphaeaceae
https://static.inaturalist.org/photos/53133393/medium.jpg?1570123721,Nymphaeaceae
https://static.inaturalist.org/photos/53336781/medium.jpeg?1570323260,Nymphaeaceae
https://static.inaturalist.org/photos/53336839/medium.jpeg?1570323298,Nymphaeaceae
https://static.inaturalist.org/photos/53340907/medium.jpeg?1570326783,Nymphaeaceae
https://static.inaturalist.org/photos/53391459/medium.jpg?1570380328,Nymphaeaceae
https://static.inaturalist.org/photos/54012583/medium.jpg?1571006540,Nymphaeaceae
https://static.inaturalist.org/photos/54302073/medium.jpg?1571326869,Nymphaeaceae
https://static.inaturalist.org/photos/54791229/medium.jpg?1571847026,Nymphaeaceae
https://static.inaturalist.org/photos/55017573/medium.jpeg?1572108830,Nymphaeaceae
https://static.inaturalist.org/photos/55529053/medium.jpeg?1572762426,Nymphaeaceae
https://static.inaturalist.org/photos/55966372/medium.jpeg?1573315959,Nymphaeaceae
https://static.inaturalist.org/photos/56016925/medium.jpeg?1573369437,Nymphaeaceae
https://static.inaturalist.org/photos/56679951/medium.jpeg?1574303376,Nymphaeaceae
https://static.inaturalist.org/photos/57023963/medium.jpg?1574788715,Nymphaeaceae
https://static.inaturalist.org/photos/57297445/medium.jpg?1575223991,Nymphaeaceae
https://static.inaturalist.org/photos/57297486/medium.jpg?1575224024,Nymphaeaceae
https://static.inaturalist.org/photos/57718159/medium.jpeg?1575917025,Nymphaeaceae
https://static.inaturalist.org/photos/58771938/medium.jpg?1577737585,Nymphaeaceae
https://static.inaturalist.org/photos/59284522/medium.jpg?1578499335,Nymphaeaceae
https://static.inaturalist.org/photos/59296366/medium.jpg?1578516619,Nymphaeaceae
https://static.inaturalist.org/photos/59296400/medium.jpg?1578516654,Nymphaeaceae
https://static.inaturalist.org/photos/59349735/medium.jpg?1578606203,Nymphaeaceae
https://static.inaturalist.org/photos/59855109/medium.jpg?1579381541,Nymphaeaceae
https://static.inaturalist.org/photos/59899260/medium.jpeg?1579445269,Nymphaeaceae
https://static.inaturalist.org/photos/60006066/medium.jpg?1579579007,Nymphaeaceae
https://static.inaturalist.org/photos/61517501/medium.jpeg?1581802445,Nymphaeaceae
https://static.inaturalist.org/photos/61900542/medium.jpg?1582303745,Nymphaeaceae
https://static.inaturalist.org/photos/62116789/medium.jpeg?1582572210,Nymphaeaceae
https://static.inaturalist.org/photos/62277982/medium.jpg?1582776732,Nymphaeaceae
https://static.inaturalist.org/photos/62320226/medium.jpg?1582838726,Nymphaeaceae
https://static.inaturalist.org/photos/62331623/medium.jpg?1582851145,Nymphaeaceae
https://static.inaturalist.org/photos/63103035/medium.jpg?1583766281,Nymphaeaceae
https://static.inaturalist.org/photos/63103036/medium.jpg?1583766282,Nymphaeaceae
https://static.inaturalist.org/photos/63391617/medium.jpg?1584108777,Nymphaeaceae
https://static.inaturalist.org/photos/63458934/medium.jpg?1584186041,Nymphaeaceae
https://static.inaturalist.org/photos/63952915/medium.jpeg?1584654658,Nymphaeaceae
https://static.inaturalist.org/photos/63959826/medium.jpg?1584659048,Nymphaeaceae
https://static.inaturalist.org/photos/64340865/medium.jpg?1584987010,Nymphaeaceae
https://static.inaturalist.org/photos/64384756/medium.jpg?1585019450,Nymphaeaceae
https://static.inaturalist.org/photos/64841644/medium.jpeg?1585418541,Nymphaeaceae
https://static.inaturalist.org/photos/64846072/medium.jpg?1585420839,Nymphaeaceae
https://static.inaturalist.org/photos/64847706/medium.jpeg?1585421588,Nymphaeaceae
https://static.inaturalist.org/photos/64950966/medium.jpeg?1585494829,Nymphaeaceae
https://static.inaturalist.org/photos/65268940/medium.jpeg?1585736725,Nymphaeaceae
https://www.inaturalist.org/assets/copyright-infringement-medium.png,Nymphaeaceae
https://static.inaturalist.org/photos/65949016/medium.jpeg?1586214291,Nymphaeaceae
https://static.inaturalist.org/photos/66427729/medium.jpg?1586558929,Nymphaeaceae
https://static.inaturalist.org/photos/66747470/medium.jpg?1586740647,Nymphaeaceae
https://static.inaturalist.org/photos/66780748/medium.jpg?1586766840,Nymphaeaceae
https://static.inaturalist.org/photos/66797173/medium.jpeg?1586783823,Nymphaeaceae
https://static.inaturalist.org/photos/67049716/medium.jpg?1586960145,Nymphaeaceae
https://static.inaturalist.org/photos/67095614/medium.jpg?1586983101,Nymphaeaceae
https://static.inaturalist.org/photos/67178037/medium.jpeg?1587046752,Nymphaeaceae
https://static.inaturalist.org/photos/67215075/medium.jpg?1587065748,Nymphaeaceae
https://static.inaturalist.org/photos/67250019/medium.jpg?1587082384,Nymphaeaceae
https://static.inaturalist.org/photos/67262629/medium.jpeg?1587090132,Nymphaeaceae
https://static.inaturalist.org/photos/67734522/medium.jpg?1587371656,Nymphaeaceae
https://static.inaturalist.org/photos/68011600/medium.jpg?1587538146,Nymphaeaceae
https://static.inaturalist.org/photos/68308896/medium.jpeg?1587696022,Nymphaeaceae
https://static.inaturalist.org/photos/68345061/medium.jpg?1587717613,Nymphaeaceae
https://static.inaturalist.org/photos/68380859/medium.jpeg?1587734438,Nymphaeaceae
https://static.inaturalist.org/photos/68440262/medium.jpeg?1587746394,Nymphaeaceae
https://static.inaturalist.org/photos/68503624/medium.jpg?1587757678,Nymphaeaceae
https://static.inaturalist.org/photos/68525723/medium.jpg?1587761468,Nymphaeaceae
https://static.inaturalist.org/photos/68556777/medium.jpeg?1587766733,Nymphaeaceae
https://static.inaturalist.org/photos/68700347/medium.jpg?1587807012,Nymphaeaceae
https://static.inaturalist.org/photos/68798581/medium.jpg?1587830271,Nymphaeaceae
https://static.inaturalist.org/photos/68845324/medium.jpg?1587836933,Nymphaeaceae
https://static.inaturalist.org/photos/68877057/medium.jpg?1587841031,Nymphaeaceae
https://static.inaturalist.org/photos/69008873/medium.jpg?1587859718,Nymphaeaceae
https://static.inaturalist.org/photos/69125107/medium.jpeg?1587892001,Nymphaeaceae
https://static.inaturalist.org/photos/69151050/medium.jpeg?1587900430,Nymphaeaceae
https://static.inaturalist.org/photos/69396006/medium.jpeg?1587939686,Nymphaeaceae
https://static.inaturalist.org/photos/69805773/medium.jpg?1588030742,Nymphaeaceae
https://static.inaturalist.org/photos/69889351/medium.jpg?1588046909,Nymphaeaceae
https://static.inaturalist.org/photos/69966306/medium.jpeg?1588085875,Nymphaeaceae
https://static.inaturalist.org/photos/70028696/medium.jpg?1588104730,Nymphaeaceae
https://static.inaturalist.org/photos/70270672/medium.jpg?1588207593,Nymphaeaceae
https://static.inaturalist.org/photos/70343814/medium.jpeg?1588255926,Nymphaeaceae
https://static.inaturalist.org/photos/70574155/medium.jpeg?1588364192,Nymphaeaceae
https://static.inaturalist.org/photos/70905256/medium.jpeg?1588513606,Nymphaeaceae
https://static.inaturalist.org/photos/71269815/medium.jpeg?1588661602,Nymphaeaceae
https://static.inaturalist.org/photos/71504160/medium.jpg?1588794745,Nymphaeaceae
https://static.inaturalist.org/photos/71791826/medium.jpg?1588955501,Nymphaeaceae
https://static.inaturalist.org/photos/71847619/medium.jpg?1588977330,Nymphaeaceae
https://static.inaturalist.org/photos/71915087/medium.jpeg?1589023346,Nymphaeaceae
https://static.inaturalist.org/photos/71945239/medium.jpeg?1589038930,Nymphaeaceae
https://static.inaturalist.org/photos/72317749/medium.jpeg?1589216469,Nymphaeaceae
https://static.inaturalist.org/photos/72806986/medium.jpg?1589488026,Nymphaeaceae
https://static.inaturalist.org/photos/72885743/medium.jpg?1589532525,Nymphaeaceae
https://static.inaturalist.org/photos/72991218/medium.jpg?1589581946,Nymphaeaceae
https://static.inaturalist.org/photos/73057102/medium.jpg?1589617122,Nymphaeaceae
https://static.inaturalist.org/photos/73065245/medium.jpeg?1589623875,Nymphaeaceae
https://static.inaturalist.org/photos/73177464/medium.jpg?1589661666,Nymphaeaceae
https://static.inaturalist.org/photos/73770775/medium.jpg?1589912283,Nymphaeaceae
https://static.inaturalist.org/photos/74094344/medium.jpg?1590067080,Nymphaeaceae
https://static.inaturalist.org/photos/74805421/medium.jpg?1590350258,Nymphaeaceae
https://static.inaturalist.org/photos/75068021/medium.jpg?1590445084,Nymphaeaceae
https://static.inaturalist.org/photos/75944768/medium.jpg?1590862966,Nymphaeaceae
https://static.inaturalist.org/photos/76235372/medium.jpg?1590967568,Nymphaeaceae
https://static.inaturalist.org/photos/76394516/medium.jpg?1591039951,Nymphaeaceae
https://static.inaturalist.org/photos/77377691/medium.jpeg?1591520936,Nymphaeaceae
https://static.inaturalist.org/photos/77442295/medium.jpeg?1591547329,Nymphaeaceae
https://static.inaturalist.org/photos/77539015/medium.jpeg?1591575080,Nymphaeaceae
https://static.inaturalist.org/photos/77611656/medium.jpg?1591618526,Nymphaeaceae
https://static.inaturalist.org/photos/78101765/medium.jpeg?1591857734,Nymphaeaceae
https://static.inaturalist.org/photos/78284600/medium.jpg?1591958303,Nymphaeaceae
https://static.inaturalist.org/photos/78458529/medium.jpg?1592046138,Nymphaeaceae
https://static.inaturalist.org/photos/78613485/medium.jpeg?1592095752,Nymphaeaceae
https://static.inaturalist.org/photos/78667153/medium.jpeg?1592125516,Nymphaeaceae
https://static.inaturalist.org/photos/78673088/medium.jpeg?1592129402,Nymphaeaceae
https://static.inaturalist.org/photos/79155108/medium.jpg?1592327608,Nymphaeaceae
https://static.inaturalist.org/photos/79854541/medium.jpeg?1592672317,Nymphaeaceae
https://static.inaturalist.org/photos/79908209/medium.jpeg?1592687100,Nymphaeaceae
https://static.inaturalist.org/photos/80095775/medium.jpeg?1592762465,Nymphaeaceae
https://static.inaturalist.org/photos/80151192/medium.jpg?1592777257,Nymphaeaceae
https://static.inaturalist.org/photos/80273371/medium.jpeg?1592836981,Nymphaeaceae
https://static.inaturalist.org/photos/80435890/medium.jpeg?1592905891,Nymphaeaceae
https://static.inaturalist.org/photos/80324098/medium.jpg?1592852515,Nymphaeaceae
https://static.inaturalist.org/photos/81374664/medium.jpeg?1593354043,Nymphaeaceae
https://static.inaturalist.org/photos/81407476/medium.jpeg?1593363563,Nymphaeaceae
https://static.inaturalist.org/photos/82395460/medium.jpg?1593816338,Nymphaeaceae
https://static.inaturalist.org/photos/82431786/medium.jpeg?1593832879,Nymphaeaceae
https://static.inaturalist.org/photos/82621748/medium.jpeg?1593924993,Nymphaeaceae
https://static.inaturalist.org/photos/82891932/medium.jpeg?1594049277,Nymphaeaceae
https://static.inaturalist.org/photos/84724038/medium.jpg?1594919449,Nymphaeaceae
https://static.inaturalist.org/photos/85066088/medium.jpg?1595086492,Nymphaeaceae
https://static.inaturalist.org/photos/85744682/medium.jpeg?1595378938,Nymphaeaceae
https://static.inaturalist.org/photos/86008566/medium.jpeg?1595521075,Nymphaeaceae
