image_url,scientific_name
https://static.inaturalist.org/photos/15403971/medium.jpg?1523779118,Eleocharis dulcis
https://static.inaturalist.org/photos/28660581/medium.jpg?1543513739,Eleocharis dulcis
https://static.inaturalist.org/photos/30393689/medium.jpeg?1547892720,Eleocharis dulcis
https://static.inaturalist.org/photos/36547353/medium.jpeg?1556450447,Eleocharis dulcis
https://static.inaturalist.org/photos/38141556/medium.jpeg?1557152262,Eleocharis dulcis
https://static.inaturalist.org/photos/42383688/medium.jpg?1560919905,Eleocharis dulcis
https://static.inaturalist.org/photos/59279395/medium.jpeg?1578491133,Eleocharis dulcis
https://static.inaturalist.org/photos/64546369/medium.jpg?1585172124,Eleocharis dulcis
https://static.inaturalist.org/photos/67703825/medium.jpeg?1587346719,Eleocharis dulcis
https://static.inaturalist.org/photos/69499159/medium.jpeg?1587957654,Eleocharis dulcis
https://static.inaturalist.org/photos/77360550/medium.jpeg?1591506214,Eleocharis dulcis
https://static.inaturalist.org/photos/81147108/medium.jpeg?1593259903,Eleocharis dulcis
