image_url,scientific_name
https://static.inaturalist.org/photos/549032/medium.JPG?1382387114,Casimiroa edulis
https://static.inaturalist.org/photos/977168/medium.JPG?1405019307,Casimiroa edulis
https://static.inaturalist.org/photos/1470323/medium.jpg?1420678087,Casimiroa edulis
https://static.inaturalist.org/photos/1541852/medium.jpg?1423451419,Casimiroa edulis
https://static.inaturalist.org/photos/1681761/medium.JPG?1428016055,Casimiroa edulis
https://static.inaturalist.org/photos/1689235/medium.jpg?1428195898,Casimiroa edulis
https://static.inaturalist.org/photos/1823470/medium.JPG?1431216865,Casimiroa edulis
https://static.inaturalist.org/photos/1866261/medium.jpg?1431960817,Casimiroa edulis
https://static.inaturalist.org/photos/1959097/medium.jpg?1433457084,Casimiroa edulis
https://static.inaturalist.org/photos/1961769/medium.jpg?1433525375,Casimiroa edulis
https://static.inaturalist.org/photos/2289474/medium.JPG?1440169606,Casimiroa edulis
https://static.inaturalist.org/photos/2413779/medium.jpg?1442868361,Casimiroa edulis
https://static.inaturalist.org/photos/2647660/medium.JPG?1447426611,Casimiroa edulis
https://static.inaturalist.org/photos/2666943/medium.jpg?1447791319,Casimiroa edulis
https://static.inaturalist.org/photos/2888236/medium.JPG?1452960888,Casimiroa edulis
https://static.inaturalist.org/photos/2937979/medium.JPG?1453954720,Casimiroa edulis
https://static.inaturalist.org/photos/3579638/medium.JPG?1462407862,Casimiroa edulis
https://static.inaturalist.org/photos/3909062/medium.JPG?1465086838,Casimiroa edulis
https://static.inaturalist.org/photos/4077849/medium.jpg?1466633363,Casimiroa edulis
https://static.inaturalist.org/photos/4519905/medium.jpeg?1470897049,Casimiroa edulis
https://static.inaturalist.org/photos/5463605/medium.jpeg?1478560716,Casimiroa edulis
https://static.inaturalist.org/photos/6042746/medium.jpeg?1484548079,Casimiroa edulis
https://static.inaturalist.org/photos/6179873/medium.jpeg?1486071219,Casimiroa edulis
https://static.inaturalist.org/photos/6356058/medium.jpeg?1487814045,Casimiroa edulis
https://static.inaturalist.org/photos/6352768/medium.jpeg?1487791699,Casimiroa edulis
https://static.inaturalist.org/photos/6522646/medium.jpg?1489185959,Casimiroa edulis
https://static.inaturalist.org/photos/6576305/medium.jpeg?1489545518,Casimiroa edulis
https://static.inaturalist.org/photos/7010568/medium.jpg?1492016471,Casimiroa edulis
https://static.inaturalist.org/photos/7260603/medium.jpg?1492558827,Casimiroa edulis
https://static.inaturalist.org/photos/7304171/medium.jpeg?1492655210,Casimiroa edulis
https://static.inaturalist.org/photos/7331184/medium.jpeg?1492742926,Casimiroa edulis
https://static.inaturalist.org/photos/7334078/medium.jpeg?1492751711,Casimiroa edulis
https://static.inaturalist.org/photos/7622106/medium.jpg?1493935610,Casimiroa edulis
https://static.inaturalist.org/photos/7873958/medium.jpeg?1495126071,Casimiroa edulis
https://static.inaturalist.org/photos/8120396/medium.jpeg?1496156040,Casimiroa edulis
https://static.inaturalist.org/photos/8373005/medium.jpeg?1497217160,Casimiroa edulis
https://static.inaturalist.org/photos/8488611/medium.jpeg?1497726539,Casimiroa edulis
https://static.inaturalist.org/photos/8575184/medium.jpeg?1498101080,Casimiroa edulis
https://static.inaturalist.org/photos/9368364/medium.jpg?1501274523,Casimiroa edulis
https://static.inaturalist.org/photos/9715707/medium.jpeg?1502573488,Casimiroa edulis
https://static.inaturalist.org/photos/9896247/medium.jpg?1503269051,Casimiroa edulis
https://static.inaturalist.org/photos/11363745/medium.jpeg?1508722058,Casimiroa edulis
https://static.inaturalist.org/photos/11624981/medium.jpeg?1509797469,Casimiroa edulis
https://static.inaturalist.org/photos/12612763/medium.jpeg?1514608362,Casimiroa edulis
https://static.inaturalist.org/photos/12738247/medium.jpeg?1515211873,Casimiroa edulis
https://static.inaturalist.org/photos/13325246/medium.jpg?1517802421,Casimiroa edulis
https://static.inaturalist.org/photos/13923642/medium.jpeg?1520279336,Casimiroa edulis
https://static.inaturalist.org/photos/14432509/medium.jpg?1521916757,Casimiroa edulis
https://static.inaturalist.org/photos/14749932/medium.jpeg?1522716191,Casimiroa edulis
https://static.inaturalist.org/photos/14756433/medium.jpeg?1522728778,Casimiroa edulis
https://static.inaturalist.org/photos/15015575/medium.jpeg?1523324924,Casimiroa edulis
https://static.inaturalist.org/photos/15098277/medium.jpg?1523493774,Casimiroa edulis
https://static.inaturalist.org/photos/15406710/medium.jpg?1523781733,Casimiroa edulis
https://static.inaturalist.org/photos/16263309/medium.jpeg?1524614837,Casimiroa edulis
https://static.inaturalist.org/photos/16335109/medium.jpeg?1524754472,Casimiroa edulis
https://static.inaturalist.org/photos/16679516/medium.jpeg?1524952255,Casimiroa edulis
https://static.inaturalist.org/photos/16859342/medium.jpg?1525034151,Casimiroa edulis
https://static.inaturalist.org/photos/17073520/medium.jpg?1525124986,Casimiroa edulis
https://static.inaturalist.org/photos/17522255/medium.jpg?1525626305,Casimiroa edulis
https://static.inaturalist.org/photos/17598976/medium.jpg?1525724881,Casimiroa edulis
https://static.inaturalist.org/photos/17598742/medium.jpg?1525724719,Casimiroa edulis
https://static.inaturalist.org/photos/18038834/medium.jpg?1526423504,Casimiroa edulis
https://static.inaturalist.org/photos/18182962/medium.jpeg?1526667139,Casimiroa edulis
https://static.inaturalist.org/photos/18799161/medium.jpeg?1527631838,Casimiroa edulis
https://static.inaturalist.org/photos/18930492/medium.jpeg?1527867282,Casimiroa edulis
https://static.inaturalist.org/photos/19533431/medium.jpeg?1528725292,Casimiroa edulis
https://static.inaturalist.org/photos/19567170/medium.jpeg?1528762126,Casimiroa edulis
https://static.inaturalist.org/photos/20031917/medium.jpeg?1529514957,Casimiroa edulis
https://static.inaturalist.org/photos/21349649/medium.jpg?1531607438,Casimiroa edulis
https://static.inaturalist.org/photos/21600396/medium.jpg?1531987597,Casimiroa edulis
https://static.inaturalist.org/photos/22763306/medium.jpg?1533693521,Casimiroa edulis
https://static.inaturalist.org/photos/23833711/medium.jpeg?1535332103,Casimiroa edulis
https://static.inaturalist.org/photos/24199227/medium.jpeg?1535920772,Casimiroa edulis
https://static.inaturalist.org/photos/24858554/medium.jpg?1536911125,Casimiroa edulis
https://static.inaturalist.org/photos/24938419/medium.jpg?1537037502,Casimiroa edulis
https://static.inaturalist.org/photos/27156776/medium.jpeg?1540396219,Casimiroa edulis
https://static.inaturalist.org/photos/28955101/medium.jpg?1544271386,Casimiroa edulis
https://static.inaturalist.org/photos/29381498/medium.jpg?1545421474,Casimiroa edulis
https://static.inaturalist.org/photos/29916372/medium.jpg?1546712418,Casimiroa edulis
https://static.inaturalist.org/photos/30047676/medium.jpg?1547003013,Casimiroa edulis
https://static.inaturalist.org/photos/30152404/medium.jpg?1547285237,Casimiroa edulis
https://static.inaturalist.org/photos/31028761/medium.jpeg?1549335251,Casimiroa edulis
https://static.inaturalist.org/photos/31412418/medium.jpeg?1550156035,Casimiroa edulis
https://static.inaturalist.org/photos/31447985/medium.jpg?1550249321,Casimiroa edulis
https://static.inaturalist.org/photos/31627140/medium.jpg?1550605410,Casimiroa edulis
https://static.inaturalist.org/photos/32657013/medium.jpeg?1552259816,Casimiroa edulis
https://static.inaturalist.org/photos/33242020/medium.jpg?1553264987,Casimiroa edulis
https://static.inaturalist.org/photos/33743018/medium.jpeg?1553965792,Casimiroa edulis
https://static.inaturalist.org/photos/33918400/medium.jpg?1554161980,Casimiroa edulis
https://static.inaturalist.org/photos/33979074/medium.jpeg?1554248341,Casimiroa edulis
https://static.inaturalist.org/photos/34367505/medium.jpeg?1554738503,Casimiroa edulis
https://static.inaturalist.org/photos/34926604/medium.jpg?1555385279,Casimiroa edulis
https://static.inaturalist.org/photos/35277358/medium.jpeg?1555780630,Casimiroa edulis
https://static.inaturalist.org/photos/35949682/medium.jpeg?1556306090,Casimiroa edulis
https://static.inaturalist.org/photos/36228908/medium.jpg?1556380292,Casimiroa edulis
https://static.inaturalist.org/photos/36230037/medium.jpg?1556380484,Casimiroa edulis
https://static.inaturalist.org/photos/36401383/medium.jpg?1556408342,Casimiroa edulis
https://static.inaturalist.org/photos/36413646/medium.jpg?1556410592,Casimiroa edulis
https://static.inaturalist.org/photos/36699699/medium.jpg?1556480302,Casimiroa edulis
https://static.inaturalist.org/photos/36897759/medium.jpeg?1556511894,Casimiroa edulis
https://static.inaturalist.org/photos/36915886/medium.jpeg?1556516204,Casimiroa edulis
https://static.inaturalist.org/photos/37044958/medium.jpeg?1556553609,Casimiroa edulis
https://static.inaturalist.org/photos/37102071/medium.jpeg?1556563126,Casimiroa edulis
https://static.inaturalist.org/photos/37351855/medium.jpeg?1556602471,Casimiroa edulis
https://static.inaturalist.org/photos/37389837/medium.jpeg?1556630968,Casimiroa edulis
https://static.inaturalist.org/photos/37741076/medium.jpeg?1556841745,Casimiroa edulis
https://static.inaturalist.org/photos/38286152/medium.jpeg?1557270879,Casimiroa edulis
https://static.inaturalist.org/photos/38464861/medium.jpeg?1557454732,Casimiroa edulis
https://static.inaturalist.org/photos/39147494/medium.jpeg?1558133701,Casimiroa edulis
https://static.inaturalist.org/photos/40246880/medium.jpg?1559061862,Casimiroa edulis
https://static.inaturalist.org/photos/41945201/medium.jpeg?1560550929,Casimiroa edulis
https://static.inaturalist.org/photos/42652497/medium.jpeg?1561172933,Casimiroa edulis
https://static.inaturalist.org/photos/44060436/medium.jpg?1562383350,Casimiroa edulis
https://static.inaturalist.org/photos/45025414/medium.jpeg?1563202320,Casimiroa edulis
https://static.inaturalist.org/photos/45779230/medium.jpeg?1563825051,Casimiroa edulis
https://static.inaturalist.org/photos/48571292/medium.jpeg?1566143074,Casimiroa edulis
https://static.inaturalist.org/photos/50079701/medium.jpg?1567391062,Casimiroa edulis
https://static.inaturalist.org/photos/52277508/medium.jpg?1569288307,Casimiroa edulis
https://static.inaturalist.org/photos/52889217/medium.jpeg?1569867675,Casimiroa edulis
https://static.inaturalist.org/photos/53697309/medium.jpeg?1570670732,Casimiroa edulis
https://static.inaturalist.org/photos/54110629/medium.jpeg?1571096053,Casimiroa edulis
https://static.inaturalist.org/photos/54487688/medium.jpeg?1571526621,Casimiroa edulis
https://static.inaturalist.org/photos/55204010/medium.jpeg?1572302340,Casimiroa edulis
https://static.inaturalist.org/photos/55597215/medium.jpeg?1572835999,Casimiroa edulis
https://static.inaturalist.org/photos/56533153/medium.jpeg?1574098174,Casimiroa edulis
https://static.inaturalist.org/photos/58765965/medium.jpeg?1577730606,Casimiroa edulis
https://static.inaturalist.org/photos/60081259/medium.jpeg?1579712756,Casimiroa edulis
https://static.inaturalist.org/photos/61477878/medium.jpg?1581748627,Casimiroa edulis
https://static.inaturalist.org/photos/63212534/medium.jpg?1583883184,Casimiroa edulis
https://static.inaturalist.org/photos/63536816/medium.jpg?1584247035,Casimiroa edulis
https://static.inaturalist.org/photos/64013589/medium.jpeg?1584720840,Casimiroa edulis
https://static.inaturalist.org/photos/65251079/medium.jpeg?1585710774,Casimiroa edulis
https://static.inaturalist.org/photos/65449945/medium.jpg?1585873107,Casimiroa edulis
https://static.inaturalist.org/photos/66710223/medium.jpg?1586724599,Casimiroa edulis
https://static.inaturalist.org/photos/67070246/medium.jpeg?1586971486,Casimiroa edulis
https://static.inaturalist.org/photos/68412739/medium.jpeg?1587741475,Casimiroa edulis
https://static.inaturalist.org/photos/69116106/medium.jpeg?1587888359,Casimiroa edulis
https://static.inaturalist.org/photos/69802228/medium.jpeg?1588030133,Casimiroa edulis
https://static.inaturalist.org/photos/70322598/medium.jpeg?1588240806,Casimiroa edulis
https://static.inaturalist.org/photos/70322714/medium.jpeg?1588240885,Casimiroa edulis
https://static.inaturalist.org/photos/70364029/medium.jpeg?1588264122,Casimiroa edulis
https://static.inaturalist.org/photos/72367597/medium.jpeg?1589237220,Casimiroa edulis
https://static.inaturalist.org/photos/72399486/medium.jpg?1589252472,Casimiroa edulis
https://static.inaturalist.org/photos/72954758/medium.jpeg?1589568432,Casimiroa edulis
https://static.inaturalist.org/photos/74239876/medium.jpeg?1590124831,Casimiroa edulis
https://static.inaturalist.org/photos/74398860/medium.jpg?1590194827,Casimiroa edulis
https://static.inaturalist.org/photos/74416021/medium.jpeg?1590202096,Casimiroa edulis
https://static.inaturalist.org/photos/74547578/medium.jpg?1590260620,Casimiroa edulis
https://static.inaturalist.org/photos/74914295/medium.jpg?1590387042,Casimiroa edulis
https://static.inaturalist.org/photos/75964565/medium.jpeg?1590868440,Casimiroa edulis
https://static.inaturalist.org/photos/76140528/medium.jpeg?1590942307,Casimiroa edulis
https://static.inaturalist.org/photos/76531920/medium.jpeg?1591111408,Casimiroa edulis
https://static.inaturalist.org/photos/78939360/medium.jpg?1592233248,Casimiroa edulis
https://static.inaturalist.org/photos/83698776/medium.jpeg?1594439737,Casimiroa edulis
