image_url,scientific_name
https://static.inaturalist.org/photos/551241/medium.JPG?1382518835,Manihot esculenta
https://static.inaturalist.org/photos/645597/medium.JPG?1390364164,Manihot esculenta
https://static.inaturalist.org/photos/703891/medium.jpg?1444776552,Manihot esculenta
https://static.inaturalist.org/photos/796008/medium.JPG?1397943626,Manihot esculenta
https://static.inaturalist.org/photos/963884/medium.jpg?1444625565,Manihot esculenta
https://static.inaturalist.org/photos/2979254/medium.jpg?1454818477,Manihot esculenta
https://static.inaturalist.org/photos/1050970/medium.jpg?1444769200,Manihot esculenta
https://static.inaturalist.org/photos/1356333/medium.JPG?1416339106,Manihot esculenta
https://static.inaturalist.org/photos/2306834/medium.jpg?1440531589,Manihot esculenta
https://static.inaturalist.org/photos/2821326/medium.JPG?1451332532,Manihot esculenta
https://static.inaturalist.org/photos/3347750/medium.JPG?1460476805,Manihot esculenta
https://static.inaturalist.org/photos/3861409/medium.JPG?1464654237,Manihot esculenta
https://static.inaturalist.org/photos/3870289/medium.JPG?1464736889,Manihot esculenta
https://static.inaturalist.org/photos/4210935/medium.jpg?1467948979,Manihot esculenta
https://static.inaturalist.org/photos/4210937/medium.JPG?1467948992,Manihot esculenta
https://static.inaturalist.org/photos/4600609/medium.jpg?1471543844,Manihot esculenta
https://static.inaturalist.org/photos/5274619/medium.jpg?1476910069,Manihot esculenta
https://static.inaturalist.org/photos/5494034/medium.jpg?1478916041,Manihot esculenta
https://static.inaturalist.org/photos/5494039/medium.jpg?1478916056,Manihot esculenta
https://static.inaturalist.org/photos/6259495/medium.jpg?1486877058,Manihot esculenta
https://static.inaturalist.org/photos/6422606/medium.jpg?1488349564,Manihot esculenta
https://static.inaturalist.org/photos/6655461/medium.jpg?1490063475,Manihot esculenta
https://static.inaturalist.org/photos/8822061/medium.jpeg?1499132418,Manihot esculenta
https://static.inaturalist.org/photos/9787966/medium.jpeg?1502827076,Manihot esculenta
https://static.inaturalist.org/photos/9857227/medium.jpg?1503119078,Manihot esculenta
https://static.inaturalist.org/photos/10084310/medium.jpeg?1503967331,Manihot esculenta
https://static.inaturalist.org/photos/11230164/medium.jpg?1508190804,Manihot esculenta
https://static.inaturalist.org/photos/11281048/medium.jpeg?1508393075,Manihot esculenta
https://static.inaturalist.org/photos/11415775/medium.jpeg?1508948278,Manihot esculenta
https://static.inaturalist.org/photos/11457434/medium.jpeg?1509116858,Manihot esculenta
https://static.inaturalist.org/photos/11463444/medium.jpeg?1509135985,Manihot esculenta
https://static.inaturalist.org/photos/11669103/medium.jpeg?1509937463,Manihot esculenta
https://static.inaturalist.org/photos/11678823/medium.jpg?1509985575,Manihot esculenta
https://static.inaturalist.org/photos/11910125/medium.jpg?1511092477,Manihot esculenta
https://static.inaturalist.org/photos/11954288/medium.jpeg?1511289159,Manihot esculenta
https://static.inaturalist.org/photos/11970095/medium.jpeg?1511363557,Manihot esculenta
https://static.inaturalist.org/photos/11973904/medium.jpeg?1511379283,Manihot esculenta
https://static.inaturalist.org/photos/11978740/medium.jpg?1511393826,Manihot esculenta
https://static.inaturalist.org/photos/12108281/medium.jpeg?1511967529,Manihot esculenta
https://static.inaturalist.org/photos/12436666/medium.jpeg?1513570401,Manihot esculenta
https://static.inaturalist.org/photos/12441862/medium.jpeg?1513605912,Manihot esculenta
https://static.inaturalist.org/photos/12444796/medium.jpeg?1513623849,Manihot esculenta
https://static.inaturalist.org/photos/12563087/medium.jpg?1514362885,Manihot esculenta
https://static.inaturalist.org/photos/13028940/medium.jpeg?1516543904,Manihot esculenta
https://static.inaturalist.org/photos/13812509/medium.jpeg?1519874177,Manihot esculenta
https://static.inaturalist.org/photos/13909126/medium.jpeg?1520221122,Manihot esculenta
https://static.inaturalist.org/photos/14582784/medium.jpeg?1522315934,Manihot esculenta
https://static.inaturalist.org/photos/14583327/medium.jpeg?1522319817,Manihot esculenta
https://static.inaturalist.org/photos/14605661/medium.jpeg?1522376988,Manihot esculenta
https://static.inaturalist.org/photos/14934264/medium.jpg?1523156608,Manihot esculenta
https://static.inaturalist.org/photos/15019620/medium.jpeg?1523331693,Manihot esculenta
https://static.inaturalist.org/photos/16362302/medium.jpeg?1524787288,Manihot esculenta
https://static.inaturalist.org/photos/16363136/medium.jpeg?1524788191,Manihot esculenta
https://static.inaturalist.org/photos/16373210/medium.jpeg?1524798815,Manihot esculenta
https://static.inaturalist.org/photos/16376264/medium.jpg?1524801910,Manihot esculenta
https://static.inaturalist.org/photos/16377772/medium.jpg?1524803750,Manihot esculenta
https://static.inaturalist.org/photos/16382770/medium.jpeg?1524811903,Manihot esculenta
https://static.inaturalist.org/photos/16556714/medium.jpg?1524909767,Manihot esculenta
https://static.inaturalist.org/photos/16561396/medium.jpg?1524916717,Manihot esculenta
https://static.inaturalist.org/photos/16561398/medium.jpg?1524916720,Manihot esculenta
https://static.inaturalist.org/photos/16562482/medium.jpg?1524917565,Manihot esculenta
https://static.inaturalist.org/photos/16764231/medium.jpeg?1524986047,Manihot esculenta
https://static.inaturalist.org/photos/16772287/medium.jpeg?1524998356,Manihot esculenta
https://static.inaturalist.org/photos/16821834/medium.jpg?1525021944,Manihot esculenta
https://static.inaturalist.org/photos/16895449/medium.jpeg?1525044423,Manihot esculenta
https://static.inaturalist.org/photos/16917632/medium.jpg?1525050629,Manihot esculenta
https://static.inaturalist.org/photos/16973947/medium.jpeg?1525075602,Manihot esculenta
https://static.inaturalist.org/photos/16976426/medium.jpeg?1525077945,Manihot esculenta
https://static.inaturalist.org/photos/16983403/medium.jpeg?1525086889,Manihot esculenta
https://static.inaturalist.org/photos/17016028/medium.jpeg?1525103680,Manihot esculenta
https://static.inaturalist.org/photos/17106414/medium.jpg?1525136145,Manihot esculenta
https://static.inaturalist.org/photos/17273728/medium.jpeg?1525281303,Manihot esculenta
https://static.inaturalist.org/photos/17330468/medium.jpg?1525337418,Manihot esculenta
https://static.inaturalist.org/photos/17331726/medium.jpg?1525341206,Manihot esculenta
https://static.inaturalist.org/photos/17331728/medium.jpg?1525341211,Manihot esculenta
https://static.inaturalist.org/photos/17331733/medium.jpg?1525341224,Manihot esculenta
https://static.inaturalist.org/photos/17331737/medium.jpg?1525341231,Manihot esculenta
https://static.inaturalist.org/photos/17331741/medium.jpg?1525341243,Manihot esculenta
https://static.inaturalist.org/photos/18300753/medium.jpeg?1526844181,Manihot esculenta
https://static.inaturalist.org/photos/18326906/medium.jpeg?1526869277,Manihot esculenta
https://static.inaturalist.org/photos/18384943/medium.jpeg?1526958144,Manihot esculenta
https://static.inaturalist.org/photos/21703028/medium.jpeg?1532163041,Manihot esculenta
https://static.inaturalist.org/photos/18466514/medium.jpeg?1527103097,Manihot esculenta
https://static.inaturalist.org/photos/18911995/medium.jpeg?1527820928,Manihot esculenta
https://static.inaturalist.org/photos/19488508/medium.jpg?1528658413,Manihot esculenta
https://static.inaturalist.org/photos/19581110/medium.jpeg?1528784951,Manihot esculenta
https://static.inaturalist.org/photos/19691642/medium.jpeg?1528980241,Manihot esculenta
https://static.inaturalist.org/photos/20196542/medium.jpg?1529780243,Manihot esculenta
https://static.inaturalist.org/photos/20386980/medium.jpg?1530060403,Manihot esculenta
https://static.inaturalist.org/photos/20459043/medium.jpg?1530200363,Manihot esculenta
https://static.inaturalist.org/photos/20541992/medium.jpg?1530346002,Manihot esculenta
https://static.inaturalist.org/photos/20621794/medium.jpeg?1530467664,Manihot esculenta
https://static.inaturalist.org/photos/21018395/medium.jpeg?1531079029,Manihot esculenta
https://static.inaturalist.org/photos/21103314/medium.jpg?1531206483,Manihot esculenta
https://static.inaturalist.org/photos/21214231/medium.jpg?1531403343,Manihot esculenta
https://static.inaturalist.org/photos/21532606/medium.jpeg?1531881144,Manihot esculenta
https://static.inaturalist.org/photos/21659549/medium.jpg?1532096992,Manihot esculenta
https://static.inaturalist.org/photos/21706844/medium.jpeg?1532175789,Manihot esculenta
https://static.inaturalist.org/photos/21892354/medium.jpg?1532435672,Manihot esculenta
https://static.inaturalist.org/photos/22066374/medium.jpg?1532698956,Manihot esculenta
https://static.inaturalist.org/photos/22562182/medium.jpeg?1533395602,Manihot esculenta
https://static.inaturalist.org/photos/22586994/medium.jpg?1533422475,Manihot esculenta
https://static.inaturalist.org/photos/22591856/medium.jpeg?1533427836,Manihot esculenta
https://static.inaturalist.org/photos/22606604/medium.jpg?1533446326,Manihot esculenta
https://static.inaturalist.org/photos/22614533/medium.jpeg?1533470159,Manihot esculenta
https://static.inaturalist.org/photos/22853313/medium.jpg?1533847530,Manihot esculenta
https://static.inaturalist.org/photos/23103977/medium.jpeg?1534218940,Manihot esculenta
https://static.inaturalist.org/photos/23103988/medium.jpeg?1534218962,Manihot esculenta
https://static.inaturalist.org/photos/23715305/medium.jpeg?1535157852,Manihot esculenta
https://static.inaturalist.org/photos/23850942/medium.jpeg?1535363015,Manihot esculenta
https://static.inaturalist.org/photos/23919901/medium.jpeg?1535478663,Manihot esculenta
https://static.inaturalist.org/photos/24000429/medium.jpeg?1535610282,Manihot esculenta
https://static.inaturalist.org/photos/24014176/medium.jpeg?1535644263,Manihot esculenta
https://static.inaturalist.org/photos/24230351/medium.jpg?1535960270,Manihot esculenta
https://static.inaturalist.org/photos/24398460/medium.jpeg?1536216512,Manihot esculenta
https://static.inaturalist.org/photos/24629101/medium.jpeg?1536548043,Manihot esculenta
https://static.inaturalist.org/photos/24850649/medium.jpeg?1536892147,Manihot esculenta
https://static.inaturalist.org/photos/24850653/medium.jpeg?1536892154,Manihot esculenta
https://static.inaturalist.org/photos/24959335/medium.jpeg?1537057443,Manihot esculenta
https://static.inaturalist.org/photos/25178707/medium.jpeg?1537381296,Manihot esculenta
https://static.inaturalist.org/photos/25247890/medium.jpg?1537483706,Manihot esculenta
https://static.inaturalist.org/photos/25400251/medium.jpeg?1537678415,Manihot esculenta
https://static.inaturalist.org/photos/25432175/medium.jpg?1537730030,Manihot esculenta
https://static.inaturalist.org/photos/25474138/medium.jpg?1537790958,Manihot esculenta
https://static.inaturalist.org/photos/25573484/medium.jpeg?1537937710,Manihot esculenta
https://static.inaturalist.org/photos/25666757/medium.jpeg?1538083598,Manihot esculenta
https://static.inaturalist.org/photos/25883015/medium.jpeg?1538399330,Manihot esculenta
https://static.inaturalist.org/photos/26389449/medium.jpg?1539172801,Manihot esculenta
https://static.inaturalist.org/photos/26597050/medium.jpg?1539488247,Manihot esculenta
https://static.inaturalist.org/photos/26691636/medium.jpg?1539622725,Manihot esculenta
https://static.inaturalist.org/photos/26733187/medium.jpg?1539698103,Manihot esculenta
https://static.inaturalist.org/photos/26746314/medium.jpeg?1539713922,Manihot esculenta
https://static.inaturalist.org/photos/27141080/medium.jpeg?1540354752,Manihot esculenta
https://static.inaturalist.org/photos/27145269/medium.jpg?1540368456,Manihot esculenta
https://static.inaturalist.org/photos/27145750/medium.jpg?1540370801,Manihot esculenta
https://static.inaturalist.org/photos/27339410/medium.jpeg?1540725489,Manihot esculenta
https://static.inaturalist.org/photos/27354428/medium.jpg?1540750010,Manihot esculenta
https://static.inaturalist.org/photos/27522592/medium.jpg?1541052960,Manihot esculenta
https://static.inaturalist.org/photos/27689543/medium.jpeg?1541381396,Manihot esculenta
https://static.inaturalist.org/photos/27733126/medium.jpg?1541451985,Manihot esculenta
https://static.inaturalist.org/photos/27785588/medium.jpg?1541537557,Manihot esculenta
https://static.inaturalist.org/photos/28043968/medium.jpeg?1542024305,Manihot esculenta
https://static.inaturalist.org/photos/28091597/medium.jpg?1542147598,Manihot esculenta
https://static.inaturalist.org/photos/28091614/medium.jpg?1542147649,Manihot esculenta
https://static.inaturalist.org/photos/28138249/medium.jpeg?1542288853,Manihot esculenta
https://static.inaturalist.org/photos/28484077/medium.jpg?1543107032,Manihot esculenta
https://static.inaturalist.org/photos/28560939/medium.jpg?1543264418,Manihot esculenta
https://static.inaturalist.org/photos/28609021/medium.jpg?1543373076,Manihot esculenta
https://static.inaturalist.org/photos/28609117/medium.jpeg?1543373253,Manihot esculenta
https://static.inaturalist.org/photos/28615998/medium.jpeg?1543389009,Manihot esculenta
https://static.inaturalist.org/photos/28717464/medium.jpeg?1543669716,Manihot esculenta
https://static.inaturalist.org/photos/28717470/medium.jpeg?1543669758,Manihot esculenta
https://static.inaturalist.org/photos/28717813/medium.jpeg?1543671013,Manihot esculenta
https://static.inaturalist.org/photos/28731041/medium.jpg?1543697248,Manihot esculenta
https://static.inaturalist.org/photos/28794631/medium.jpeg?1543839044,Manihot esculenta
https://static.inaturalist.org/photos/28843306/medium.jpeg?1543956332,Manihot esculenta
https://static.inaturalist.org/photos/28894567/medium.jpg?1544093181,Manihot esculenta
https://static.inaturalist.org/photos/28911546/medium.jpg?1544138704,Manihot esculenta
https://static.inaturalist.org/photos/28956635/medium.jpeg?1544276109,Manihot esculenta
https://static.inaturalist.org/photos/29000615/medium.jpg?1544372271,Manihot esculenta
https://static.inaturalist.org/photos/29071962/medium.jpg?1544547543,Manihot esculenta
https://static.inaturalist.org/photos/29350230/medium.jpg?1545330322,Manihot esculenta
https://static.inaturalist.org/photos/29356181/medium.jpeg?1545345133,Manihot esculenta
https://static.inaturalist.org/photos/29535773/medium.jpeg?1545805410,Manihot esculenta
https://static.inaturalist.org/photos/29606249/medium.jpeg?1545984955,Manihot esculenta
https://static.inaturalist.org/photos/29686311/medium.jpeg?1546183915,Manihot esculenta
https://static.inaturalist.org/photos/29702887/medium.jpeg?1546214000,Manihot esculenta
https://static.inaturalist.org/photos/29723678/medium.jpeg?1546260563,Manihot esculenta
https://static.inaturalist.org/photos/29793047/medium.jpeg?1546416518,Manihot esculenta
https://static.inaturalist.org/photos/29817313/medium.jpg?1546477689,Manihot esculenta
https://static.inaturalist.org/photos/29818916/medium.jpg?1546480238,Manihot esculenta
https://static.inaturalist.org/photos/29908997/medium.jpg?1546697677,Manihot esculenta
https://static.inaturalist.org/photos/29985951/medium.jpeg?1546854437,Manihot esculenta
https://static.inaturalist.org/photos/30057075/medium.jpeg?1547034398,Manihot esculenta
https://static.inaturalist.org/photos/30147833/medium.jpg?1547269186,Manihot esculenta
https://static.inaturalist.org/photos/30216583/medium.jpeg?1547419697,Manihot esculenta
https://static.inaturalist.org/photos/30313152/medium.jpg?1547673857,Manihot esculenta
https://static.inaturalist.org/photos/30371028/medium.jpeg?1547839821,Manihot esculenta
https://static.inaturalist.org/photos/30420659/medium.jpeg?1547947346,Manihot esculenta
https://static.inaturalist.org/photos/30435574/medium.jpg?1547974324,Manihot esculenta
https://static.inaturalist.org/photos/30507936/medium.jpeg?1548129096,Manihot esculenta
https://static.inaturalist.org/photos/30515038/medium.jpeg?1548146001,Manihot esculenta
https://static.inaturalist.org/photos/30545679/medium.jpeg?1548219388,Manihot esculenta
https://static.inaturalist.org/photos/30588561/medium.jpeg?1548336384,Manihot esculenta
https://static.inaturalist.org/photos/30621553/medium.jpg?1548417392,Manihot esculenta
https://static.inaturalist.org/photos/30675714/medium.jpg?1548545975,Manihot esculenta
https://static.inaturalist.org/photos/30744190/medium.jpeg?1548686352,Manihot esculenta
https://static.inaturalist.org/photos/30812131/medium.jpg?1548850069,Manihot esculenta
https://static.inaturalist.org/photos/30948248/medium.jpg?1549161215,Manihot esculenta
https://static.inaturalist.org/photos/30973064/medium.jpeg?1549220184,Manihot esculenta
https://static.inaturalist.org/photos/30973573/medium.jpg?1549221133,Manihot esculenta
https://static.inaturalist.org/photos/30988490/medium.jpg?1549242212,Manihot esculenta
https://static.inaturalist.org/photos/31176983/medium.jpg?1549608233,Manihot esculenta
https://static.inaturalist.org/photos/31177147/medium.jpg?1549608766,Manihot esculenta
https://static.inaturalist.org/photos/31262901/medium.jpg?1549813489,Manihot esculenta
https://static.inaturalist.org/photos/31635690/medium.jpeg?1550618758,Manihot esculenta
https://static.inaturalist.org/photos/31667726/medium.jpeg?1550696299,Manihot esculenta
https://static.inaturalist.org/photos/31667732/medium.jpeg?1550696305,Manihot esculenta
https://static.inaturalist.org/photos/31668961/medium.jpg?1550697844,Manihot esculenta
https://static.inaturalist.org/photos/31706026/medium.jpg?1550785465,Manihot esculenta
https://static.inaturalist.org/photos/31765648/medium.jpeg?1550889888,Manihot esculenta
https://static.inaturalist.org/photos/31805078/medium.jpeg?1550905717,Manihot esculenta
https://static.inaturalist.org/photos/31815574/medium.jpg?1550910129,Manihot esculenta
https://static.inaturalist.org/photos/31833586/medium.jpeg?1550917514,Manihot esculenta
https://static.inaturalist.org/photos/31840922/medium.jpeg?1550920146,Manihot esculenta
https://static.inaturalist.org/photos/31843301/medium.jpeg?1550920923,Manihot esculenta
https://static.inaturalist.org/photos/31846679/medium.jpeg?1550921840,Manihot esculenta
https://static.inaturalist.org/photos/31849890/medium.jpeg?1550922806,Manihot esculenta
https://static.inaturalist.org/photos/31871613/medium.jpeg?1550929678,Manihot esculenta
https://static.inaturalist.org/photos/31897639/medium.jpg?1550936065,Manihot esculenta
https://static.inaturalist.org/photos/31935184/medium.jpeg?1550972298,Manihot esculenta
https://static.inaturalist.org/photos/32118411/medium.jpeg?1551334575,Manihot esculenta
https://static.inaturalist.org/photos/32317662/medium.jpg?1551676112,Manihot esculenta
https://static.inaturalist.org/photos/32429292/medium.jpeg?1551887148,Manihot esculenta
https://static.inaturalist.org/photos/32591351/medium.jpeg?1552165049,Manihot esculenta
https://static.inaturalist.org/photos/32670670/medium.jpeg?1552275097,Manihot esculenta
https://static.inaturalist.org/photos/33133936/medium.jpg?1553084405,Manihot esculenta
https://static.inaturalist.org/photos/33722129/medium.jpeg?1553943228,Manihot esculenta
https://static.inaturalist.org/photos/33748403/medium.jpeg?1553969605,Manihot esculenta
https://static.inaturalist.org/photos/33889354/medium.jpg?1554131301,Manihot esculenta
https://static.inaturalist.org/photos/33939923/medium.jpeg?1554194430,Manihot esculenta
https://static.inaturalist.org/photos/34184944/medium.jpeg?1554539364,Manihot esculenta
https://static.inaturalist.org/photos/34259696/medium.jpeg?1554613262,Manihot esculenta
https://static.inaturalist.org/photos/34318045/medium.jpeg?1554677229,Manihot esculenta
https://static.inaturalist.org/photos/34414654/medium.jpeg?1554780813,Manihot esculenta
https://static.inaturalist.org/photos/34487835/medium.jpg?1554870087,Manihot esculenta
https://static.inaturalist.org/photos/34495174/medium.jpeg?1554885367,Manihot esculenta
https://static.inaturalist.org/photos/34512520/medium.jpg?1554912892,Manihot esculenta
https://static.inaturalist.org/photos/34653092/medium.jpeg?1555087768,Manihot esculenta
https://static.inaturalist.org/photos/34685163/medium.jpg?1555120039,Manihot esculenta
https://static.inaturalist.org/photos/34702090/medium.jpeg?1555150480,Manihot esculenta
https://static.inaturalist.org/photos/34728511/medium.jpg?1555178755,Manihot esculenta
https://static.inaturalist.org/photos/34918084/medium.jpg?1555376753,Manihot esculenta
https://static.inaturalist.org/photos/34936910/medium.jpg?1555405575,Manihot esculenta
https://static.inaturalist.org/photos/34968336/medium.jpg?1555441582,Manihot esculenta
https://static.inaturalist.org/photos/35021755/medium.jpeg?1555506049,Manihot esculenta
https://static.inaturalist.org/photos/35053211/medium.jpeg?1555532747,Manihot esculenta
https://static.inaturalist.org/photos/35106141/medium.jpg?1555596262,Manihot esculenta
https://static.inaturalist.org/photos/35215588/medium.jpg?1555708153,Manihot esculenta
https://static.inaturalist.org/photos/35247623/medium.jpeg?1555741227,Manihot esculenta
https://static.inaturalist.org/photos/35263404/medium.jpg?1555769508,Manihot esculenta
https://static.inaturalist.org/photos/35281221/medium.jpg?1555782935,Manihot esculenta
https://static.inaturalist.org/photos/35378031/medium.jpg?1555868168,Manihot esculenta
https://static.inaturalist.org/photos/35498109/medium.jpg?1555962695,Manihot esculenta
https://static.inaturalist.org/photos/35557147/medium.jpeg?1556025976,Manihot esculenta
https://static.inaturalist.org/photos/35798689/medium.jpeg?1556246706,Manihot esculenta
https://static.inaturalist.org/photos/35802950/medium.jpeg?1556249606,Manihot esculenta
https://static.inaturalist.org/photos/35803934/medium.jpeg?1556250318,Manihot esculenta
https://static.inaturalist.org/photos/35803949/medium.jpeg?1556250327,Manihot esculenta
https://static.inaturalist.org/photos/35804092/medium.jpeg?1556250428,Manihot esculenta
https://static.inaturalist.org/photos/35832360/medium.jpeg?1556275648,Manihot esculenta
https://static.inaturalist.org/photos/35833228/medium.jpeg?1556276334,Manihot esculenta
https://static.inaturalist.org/photos/35836800/medium.jpg?1556278876,Manihot esculenta
https://static.inaturalist.org/photos/35920213/medium.jpeg?1556300278,Manihot esculenta
https://static.inaturalist.org/photos/35921102/medium.jpeg?1556300449,Manihot esculenta
https://static.inaturalist.org/photos/35937217/medium.jpeg?1556303723,Manihot esculenta
https://static.inaturalist.org/photos/35946377/medium.jpeg?1556305484,Manihot esculenta
https://static.inaturalist.org/photos/35951595/medium.jpeg?1556306456,Manihot esculenta
https://static.inaturalist.org/photos/35953933/medium.jpg?1556306930,Manihot esculenta
https://static.inaturalist.org/photos/35978479/medium.jpeg?1556311635,Manihot esculenta
https://static.inaturalist.org/photos/36027433/medium.jpeg?1556321355,Manihot esculenta
https://static.inaturalist.org/photos/36036520/medium.jpeg?1556323229,Manihot esculenta
https://static.inaturalist.org/photos/36037540/medium.jpeg?1556323424,Manihot esculenta
https://static.inaturalist.org/photos/36113561/medium.jpeg?1556339602,Manihot esculenta
https://static.inaturalist.org/photos/36133694/medium.jpeg?1556347791,Manihot esculenta
https://static.inaturalist.org/photos/36145679/medium.jpeg?1556354891,Manihot esculenta
https://static.inaturalist.org/photos/36159285/medium.jpeg?1556363149,Manihot esculenta
https://static.inaturalist.org/photos/36170568/medium.jpeg?1556367817,Manihot esculenta
https://static.inaturalist.org/photos/36178085/medium.jpeg?1556370190,Manihot esculenta
https://static.inaturalist.org/photos/36185376/medium.jpeg?1556372184,Manihot esculenta
https://static.inaturalist.org/photos/36203368/medium.jpeg?1556375875,Manihot esculenta
https://static.inaturalist.org/photos/36207734/medium.jpeg?1556376612,Manihot esculenta
https://static.inaturalist.org/photos/36208375/medium.jpeg?1556376712,Manihot esculenta
https://static.inaturalist.org/photos/36231221/medium.jpeg?1556380701,Manihot esculenta
https://static.inaturalist.org/photos/36220755/medium.jpeg?1556378830,Manihot esculenta
https://static.inaturalist.org/photos/36295177/medium.jpeg?1556390966,Manihot esculenta
https://static.inaturalist.org/photos/36317733/medium.jpeg?1556394504,Manihot esculenta
https://static.inaturalist.org/photos/36342870/medium.jpg?1556398494,Manihot esculenta
https://static.inaturalist.org/photos/36364548/medium.jpeg?1556401807,Manihot esculenta
https://static.inaturalist.org/photos/36409090/medium.jpeg?1556409734,Manihot esculenta
https://static.inaturalist.org/photos/36438797/medium.jpg?1556415018,Manihot esculenta
https://static.inaturalist.org/photos/36456308/medium.jpeg?1556418344,Manihot esculenta
https://static.inaturalist.org/photos/36461875/medium.jpeg?1556419405,Manihot esculenta
https://static.inaturalist.org/photos/36468673/medium.jpg?1556420719,Manihot esculenta
https://static.inaturalist.org/photos/36470173/medium.jpg?1556421000,Manihot esculenta
https://static.inaturalist.org/photos/36501833/medium.jpeg?1556428727,Manihot esculenta
https://static.inaturalist.org/photos/36517782/medium.jpeg?1556435715,Manihot esculenta
https://static.inaturalist.org/photos/36521570/medium.jpeg?1556437928,Manihot esculenta
https://static.inaturalist.org/photos/36527211/medium.jpg?1556440932,Manihot esculenta
https://static.inaturalist.org/photos/36528813/medium.jpg?1556441792,Manihot esculenta
https://static.inaturalist.org/photos/36534409/medium.jpg?1556444338,Manihot esculenta
https://static.inaturalist.org/photos/36534436/medium.jpg?1556444348,Manihot esculenta
https://static.inaturalist.org/photos/36540523/medium.jpeg?1556447372,Manihot esculenta
https://static.inaturalist.org/photos/36542960/medium.jpg?1556448474,Manihot esculenta
https://static.inaturalist.org/photos/36549057/medium.jpeg?1556451159,Manihot esculenta
https://static.inaturalist.org/photos/36549079/medium.jpeg?1556451168,Manihot esculenta
https://static.inaturalist.org/photos/36594295/medium.jpeg?1556463426,Manihot esculenta
https://static.inaturalist.org/photos/36596976/medium.jpeg?1556463912,Manihot esculenta
https://static.inaturalist.org/photos/36607978/medium.jpeg?1556465850,Manihot esculenta
https://static.inaturalist.org/photos/36610763/medium.jpeg?1556466281,Manihot esculenta
https://static.inaturalist.org/photos/36611157/medium.jpeg?1556466337,Manihot esculenta
https://static.inaturalist.org/photos/36664646/medium.jpeg?1556474601,Manihot esculenta
https://static.inaturalist.org/photos/36664729/medium.jpeg?1556474614,Manihot esculenta
https://static.inaturalist.org/photos/36701581/medium.jpeg?1556480617,Manihot esculenta
https://static.inaturalist.org/photos/36712424/medium.jpeg?1556482436,Manihot esculenta
https://static.inaturalist.org/photos/36714206/medium.jpeg?1556482718,Manihot esculenta
https://static.inaturalist.org/photos/36780956/medium.jpg?1556492514,Manihot esculenta
https://static.inaturalist.org/photos/36793880/medium.jpeg?1556494380,Manihot esculenta
https://static.inaturalist.org/photos/36804903/medium.jpeg?1556496026,Manihot esculenta
https://static.inaturalist.org/photos/36808067/medium.jpeg?1556496536,Manihot esculenta
https://static.inaturalist.org/photos/36813222/medium.jpeg?1556497396,Manihot esculenta
https://static.inaturalist.org/photos/36814843/medium.jpeg?1556497663,Manihot esculenta
https://static.inaturalist.org/photos/36828208/medium.jpeg?1556499804,Manihot esculenta
https://static.inaturalist.org/photos/36835934/medium.jpeg?1556501065,Manihot esculenta
https://static.inaturalist.org/photos/36848400/medium.jpg?1556503237,Manihot esculenta
https://static.inaturalist.org/photos/36872997/medium.jpeg?1556507438,Manihot esculenta
https://static.inaturalist.org/photos/36875955/medium.jpeg?1556507972,Manihot esculenta
https://static.inaturalist.org/photos/36914767/medium.jpeg?1556515932,Manihot esculenta
https://static.inaturalist.org/photos/36920821/medium.jpg?1556517563,Manihot esculenta
https://static.inaturalist.org/photos/36944691/medium.jpeg?1556527932,Manihot esculenta
https://static.inaturalist.org/photos/36947057/medium.jpg?1556529071,Manihot esculenta
https://static.inaturalist.org/photos/36948674/medium.jpg?1556529806,Manihot esculenta
https://static.inaturalist.org/photos/36965460/medium.jpeg?1556537138,Manihot esculenta
https://static.inaturalist.org/photos/36987282/medium.jpeg?1556543876,Manihot esculenta
https://static.inaturalist.org/photos/36996717/medium.jpeg?1556545641,Manihot esculenta
https://static.inaturalist.org/photos/37044313/medium.jpeg?1556553514,Manihot esculenta
https://static.inaturalist.org/photos/37041327/medium.jpeg?1556553100,Manihot esculenta
https://static.inaturalist.org/photos/37041407/medium.jpeg?1556553107,Manihot esculenta
https://static.inaturalist.org/photos/37041570/medium.jpeg?1556553135,Manihot esculenta
https://static.inaturalist.org/photos/37111101/medium.jpeg?1556564610,Manihot esculenta
https://static.inaturalist.org/photos/37128371/medium.jpeg?1556567384,Manihot esculenta
https://static.inaturalist.org/photos/37136080/medium.jpeg?1556568540,Manihot esculenta
https://static.inaturalist.org/photos/37153994/medium.jpeg?1556571241,Manihot esculenta
https://static.inaturalist.org/photos/37157190/medium.jpg?1556571722,Manihot esculenta
https://static.inaturalist.org/photos/37184486/medium.jpeg?1556576053,Manihot esculenta
https://static.inaturalist.org/photos/37183536/medium.jpg?1556575901,Manihot esculenta
https://static.inaturalist.org/photos/37229029/medium.jpeg?1556582647,Manihot esculenta
https://static.inaturalist.org/photos/37239229/medium.jpeg?1556584025,Manihot esculenta
https://static.inaturalist.org/photos/37251865/medium.jpeg?1556585793,Manihot esculenta
https://static.inaturalist.org/photos/37254001/medium.jpeg?1556586082,Manihot esculenta
https://static.inaturalist.org/photos/37284663/medium.jpeg?1556590492,Manihot esculenta
https://static.inaturalist.org/photos/37282508/medium.jpeg?1556590177,Manihot esculenta
https://static.inaturalist.org/photos/37284139/medium.jpeg?1556590415,Manihot esculenta
https://static.inaturalist.org/photos/37332370/medium.jpg?1556598103,Manihot esculenta
https://static.inaturalist.org/photos/37337174/medium.jpeg?1556598877,Manihot esculenta
https://static.inaturalist.org/photos/37342682/medium.jpeg?1556599909,Manihot esculenta
https://static.inaturalist.org/photos/37347222/medium.jpeg?1556600970,Manihot esculenta
https://static.inaturalist.org/photos/37355769/medium.jpg?1556603815,Manihot esculenta
https://static.inaturalist.org/photos/37334300/medium.jpeg?1556598430,Manihot esculenta
https://static.inaturalist.org/photos/37371241/medium.jpg?1556616692,Manihot esculenta
https://static.inaturalist.org/photos/37378885/medium.jpeg?1556623789,Manihot esculenta
https://static.inaturalist.org/photos/37378897/medium.jpeg?1556623810,Manihot esculenta
https://static.inaturalist.org/photos/37378924/medium.jpeg?1556623841,Manihot esculenta
https://static.inaturalist.org/photos/37384251/medium.jpg?1556627791,Manihot esculenta
https://static.inaturalist.org/photos/37422617/medium.jpeg?1556645780,Manihot esculenta
https://static.inaturalist.org/photos/37451841/medium.jpg?1556658103,Manihot esculenta
https://static.inaturalist.org/photos/37470064/medium.jpeg?1556666007,Manihot esculenta
https://static.inaturalist.org/photos/37477388/medium.jpg?1556669529,Manihot esculenta
https://static.inaturalist.org/photos/37511280/medium.jpg?1556687142,Manihot esculenta
https://static.inaturalist.org/photos/37513265/medium.jpg?1556688683,Manihot esculenta
https://static.inaturalist.org/photos/37558950/medium.jpeg?1556726330,Manihot esculenta
https://static.inaturalist.org/photos/37607330/medium.jpeg?1556748606,Manihot esculenta
https://static.inaturalist.org/photos/37644282/medium.jpeg?1556768728,Manihot esculenta
https://static.inaturalist.org/photos/37662609/medium.jpeg?1556784942,Manihot esculenta
https://static.inaturalist.org/photos/37671723/medium.jpeg?1556797462,Manihot esculenta
https://static.inaturalist.org/photos/37678815/medium.jpeg?1556804398,Manihot esculenta
https://static.inaturalist.org/photos/37680573/medium.jpg?1556805681,Manihot esculenta
https://static.inaturalist.org/photos/37725935/medium.jpeg?1556832658,Manihot esculenta
https://static.inaturalist.org/photos/37726032/medium.jpeg?1556832730,Manihot esculenta
https://static.inaturalist.org/photos/37798708/medium.jpeg?1556897649,Manihot esculenta
https://static.inaturalist.org/photos/37797133/medium.jpg?1556896494,Manihot esculenta
https://static.inaturalist.org/photos/37797325/medium.jpg?1556896645,Manihot esculenta
https://static.inaturalist.org/photos/37843794/medium.jpg?1556925724,Manihot esculenta
https://static.inaturalist.org/photos/37846221/medium.jpg?1556927459,Manihot esculenta
https://static.inaturalist.org/photos/37941505/medium.jpeg?1557002627,Manihot esculenta
https://static.inaturalist.org/photos/37942909/medium.jpeg?1557003303,Manihot esculenta
https://static.inaturalist.org/photos/37942960/medium.jpeg?1557003337,Manihot esculenta
https://static.inaturalist.org/photos/37961713/medium.jpeg?1557012409,Manihot esculenta
https://static.inaturalist.org/photos/38000098/medium.jpeg?1557038375,Manihot esculenta
https://static.inaturalist.org/photos/38005066/medium.jpg?1557047127,Manihot esculenta
https://static.inaturalist.org/photos/38008394/medium.jpg?1557052061,Manihot esculenta
https://static.inaturalist.org/photos/38008561/medium.jpg?1557052236,Manihot esculenta
https://static.inaturalist.org/photos/38008607/medium.jpg?1557052268,Manihot esculenta
https://static.inaturalist.org/photos/38017678/medium.jpg?1557062796,Manihot esculenta
https://static.inaturalist.org/photos/38019008/medium.jpeg?1557063882,Manihot esculenta
https://static.inaturalist.org/photos/38019506/medium.jpeg?1557064364,Manihot esculenta
https://static.inaturalist.org/photos/38122935/medium.jpg?1557127269,Manihot esculenta
https://static.inaturalist.org/photos/38266299/medium.jpeg?1557256319,Manihot esculenta
https://static.inaturalist.org/photos/38469808/medium.jpeg?1557459797,Manihot esculenta
https://static.inaturalist.org/photos/38490045/medium.jpeg?1557495342,Manihot esculenta
https://static.inaturalist.org/photos/38613625/medium.jpeg?1557611354,Manihot esculenta
https://static.inaturalist.org/photos/38714239/medium.jpg?1557694418,Manihot esculenta
https://static.inaturalist.org/photos/38727186/medium.jpg?1557701157,Manihot esculenta
https://static.inaturalist.org/photos/39090969/medium.jpeg?1558071976,Manihot esculenta
https://static.inaturalist.org/photos/39327054/medium.jpeg?1558291219,Manihot esculenta
https://static.inaturalist.org/photos/39389238/medium.jpg?1558341564,Manihot esculenta
https://static.inaturalist.org/photos/40057058/medium.jpg?1558906900,Manihot esculenta
https://static.inaturalist.org/photos/39602943/medium.jpg?1558532141,Manihot esculenta
https://static.inaturalist.org/photos/39875861/medium.jpg?1558781538,Manihot esculenta
https://static.inaturalist.org/photos/39976419/medium.jpeg?1558843753,Manihot esculenta
https://static.inaturalist.org/photos/39999071/medium.jpeg?1558872375,Manihot esculenta
https://static.inaturalist.org/photos/40031825/medium.jpg?1558893096,Manihot esculenta
https://static.inaturalist.org/photos/40286583/medium.jpeg?1559089963,Manihot esculenta
https://static.inaturalist.org/photos/40565035/medium.jpg?1559343016,Manihot esculenta
https://static.inaturalist.org/photos/40727291/medium.jpeg?1559468391,Manihot esculenta
https://static.inaturalist.org/photos/40797764/medium.jpeg?1559512525,Manihot esculenta
https://static.inaturalist.org/photos/40830915/medium.jpeg?1559530257,Manihot esculenta
https://static.inaturalist.org/photos/40856603/medium.jpeg?1559556850,Manihot esculenta
https://static.inaturalist.org/photos/40856629/medium.jpeg?1559556878,Manihot esculenta
https://static.inaturalist.org/photos/41126091/medium.jpg?1559803567,Manihot esculenta
https://static.inaturalist.org/photos/41019858/medium.jpeg?1559698332,Manihot esculenta
https://static.inaturalist.org/photos/41022994/medium.jpeg?1559700096,Manihot esculenta
https://static.inaturalist.org/photos/41024932/medium.jpeg?1559701527,Manihot esculenta
https://static.inaturalist.org/photos/41042698/medium.jpeg?1559727601,Manihot esculenta
https://static.inaturalist.org/photos/41534990/medium.jpeg?1560162094,Manihot esculenta
https://static.inaturalist.org/photos/41731143/medium.jpeg?1560346882,Manihot esculenta
https://static.inaturalist.org/photos/41744733/medium.jpg?1560357061,Manihot esculenta
https://static.inaturalist.org/photos/41802505/medium.jpeg?1560401420,Manihot esculenta
https://static.inaturalist.org/photos/41856093/medium.jpeg?1560460909,Manihot esculenta
https://static.inaturalist.org/photos/42159941/medium.jpg?1560724543,Manihot esculenta
https://static.inaturalist.org/photos/42208932/medium.jpeg?1560773769,Manihot esculenta
https://static.inaturalist.org/photos/42305528/medium.jpeg?1560860501,Manihot esculenta
https://static.inaturalist.org/photos/42555685/medium.jpg?1561078462,Manihot esculenta
https://static.inaturalist.org/photos/42632450/medium.jpeg?1561157183,Manihot esculenta
https://static.inaturalist.org/photos/42802075/medium.jpg?1561302434,Manihot esculenta
https://static.inaturalist.org/photos/42927408/medium.jpeg?1561398325,Manihot esculenta
https://static.inaturalist.org/photos/42979543/medium.jpg?1561432612,Manihot esculenta
https://static.inaturalist.org/photos/43024269/medium.jpeg?1561481134,Manihot esculenta
https://static.inaturalist.org/photos/43033705/medium.jpeg?1561486787,Manihot esculenta
https://static.inaturalist.org/photos/43058400/medium.jpeg?1561501149,Manihot esculenta
https://static.inaturalist.org/photos/43085247/medium.jpg?1561521363,Manihot esculenta
https://static.inaturalist.org/photos/43182242/medium.jpg?1561600813,Manihot esculenta
https://static.inaturalist.org/photos/43189330/medium.jpeg?1561606311,Manihot esculenta
https://static.inaturalist.org/photos/43228007/medium.jpeg?1561652687,Manihot esculenta
https://static.inaturalist.org/photos/43232287/medium.jpg?1561655889,Manihot esculenta
https://static.inaturalist.org/photos/43294699/medium.jpg?1561713333,Manihot esculenta
https://static.inaturalist.org/photos/43556184/medium.jpg?1561934843,Manihot esculenta
https://static.inaturalist.org/photos/43578048/medium.jpeg?1561948417,Manihot esculenta
https://static.inaturalist.org/photos/43578122/medium.jpeg?1561948471,Manihot esculenta
https://static.inaturalist.org/photos/43828814/medium.jpeg?1562179816,Manihot esculenta
https://static.inaturalist.org/photos/44046636/medium.jpeg?1562373155,Manihot esculenta
https://static.inaturalist.org/photos/44172970/medium.jpg?1562469873,Manihot esculenta
https://static.inaturalist.org/photos/44308615/medium.jpeg?1562579335,Manihot esculenta
https://static.inaturalist.org/photos/44600672/medium.jpg?1562837389,Manihot esculenta
https://static.inaturalist.org/photos/44745694/medium.jpg?1562965303,Manihot esculenta
https://static.inaturalist.org/photos/44788134/medium.jpeg?1563006505,Manihot esculenta
https://static.inaturalist.org/photos/44907163/medium.jpg?1563110804,Manihot esculenta
https://static.inaturalist.org/photos/44920118/medium.jpeg?1563118783,Manihot esculenta
https://static.inaturalist.org/photos/44926768/medium.jpeg?1563122470,Manihot esculenta
https://static.inaturalist.org/photos/45058210/medium.jpeg?1563222865,Manihot esculenta
https://static.inaturalist.org/photos/45399224/medium.jpeg?1563525734,Manihot esculenta
https://static.inaturalist.org/photos/45475421/medium.jpg?1563582610,Manihot esculenta
https://static.inaturalist.org/photos/45606804/medium.jpeg?1563697582,Manihot esculenta
https://static.inaturalist.org/photos/45610427/medium.jpeg?1563702623,Manihot esculenta
https://static.inaturalist.org/photos/45715773/medium.jpeg?1563766268,Manihot esculenta
https://static.inaturalist.org/photos/46011495/medium.jpg?1564014776,Manihot esculenta
https://static.inaturalist.org/photos/46054913/medium.jpg?1564060639,Manihot esculenta
https://static.inaturalist.org/photos/46486054/medium.jpeg?1564395006,Manihot esculenta
https://static.inaturalist.org/photos/46594002/medium.jpg?1564476456,Manihot esculenta
https://static.inaturalist.org/photos/46732079/medium.jpeg?1564593708,Manihot esculenta
https://static.inaturalist.org/photos/46896569/medium.jpg?1564736530,Manihot esculenta
https://static.inaturalist.org/photos/46900143/medium.jpeg?1564743172,Manihot esculenta
https://static.inaturalist.org/photos/47135730/medium.jpg?1564936249,Manihot esculenta
https://static.inaturalist.org/photos/47245609/medium.jpeg?1565019500,Manihot esculenta
https://static.inaturalist.org/photos/47295493/medium.jpeg?1565050389,Manihot esculenta
https://static.inaturalist.org/photos/47334821/medium.jpeg?1565095521,Manihot esculenta
https://static.inaturalist.org/photos/47334832/medium.jpeg?1565095535,Manihot esculenta
https://static.inaturalist.org/photos/47461346/medium.jpeg?1565204321,Manihot esculenta
https://static.inaturalist.org/photos/47522821/medium.jpg?1565266471,Manihot esculenta
https://static.inaturalist.org/photos/47615671/medium.jpeg?1565353787,Manihot esculenta
https://static.inaturalist.org/photos/47687528/medium.jpeg?1565407147,Manihot esculenta
https://static.inaturalist.org/photos/47705425/medium.jpeg?1565435790,Manihot esculenta
https://static.inaturalist.org/photos/47710182/medium.jpeg?1565440874,Manihot esculenta
https://static.inaturalist.org/photos/47794549/medium.jpeg?1565492208,Manihot esculenta
https://static.inaturalist.org/photos/47808491/medium.jpg?1565507041,Manihot esculenta
https://static.inaturalist.org/photos/47940681/medium.jpeg?1565610770,Manihot esculenta
https://static.inaturalist.org/photos/47985079/medium.jpeg?1565640932,Manihot esculenta
https://static.inaturalist.org/photos/48059690/medium.jpeg?1565706391,Manihot esculenta
https://static.inaturalist.org/photos/48167379/medium.jpeg?1565798512,Manihot esculenta
https://static.inaturalist.org/photos/48281778/medium.jpg?1565892152,Manihot esculenta
https://static.inaturalist.org/photos/48473396/medium.jpg?1566063171,Manihot esculenta
https://static.inaturalist.org/photos/48511925/medium.jpeg?1566086645,Manihot esculenta
https://static.inaturalist.org/photos/48756023/medium.jpg?1566297546,Manihot esculenta
https://static.inaturalist.org/photos/48790079/medium.jpeg?1566324958,Manihot esculenta
https://static.inaturalist.org/photos/49033460/medium.jpg?1566550568,Manihot esculenta
https://static.inaturalist.org/photos/49097080/medium.jpeg?1566601232,Manihot esculenta
https://static.inaturalist.org/photos/49144660/medium.jpeg?1566657486,Manihot esculenta
https://static.inaturalist.org/photos/49220411/medium.jpg?1566699241,Manihot esculenta
https://static.inaturalist.org/photos/49227482/medium.jpg?1566704598,Manihot esculenta
https://static.inaturalist.org/photos/49467446/medium.jpeg?1566892798,Manihot esculenta
https://static.inaturalist.org/photos/49663241/medium.jpeg?1567057545,Manihot esculenta
https://static.inaturalist.org/photos/49919792/medium.jpeg?1567279717,Manihot esculenta
https://static.inaturalist.org/photos/50132915/medium.jpg?1567443451,Manihot esculenta
https://static.inaturalist.org/photos/50211678/medium.jpeg?1567493391,Manihot esculenta
https://static.inaturalist.org/photos/50245707/medium.jpeg?1567531273,Manihot esculenta
https://static.inaturalist.org/photos/50304733/medium.jpeg?1567580741,Manihot esculenta
https://static.inaturalist.org/photos/50359707/medium.jpeg?1567632249,Manihot esculenta
https://static.inaturalist.org/photos/50361771/medium.jpg?1567633817,Manihot esculenta
https://static.inaturalist.org/photos/50825122/medium.jpeg?1568034681,Manihot esculenta
https://static.inaturalist.org/photos/50828182/medium.jpeg?1568037201,Manihot esculenta
https://static.inaturalist.org/photos/50893012/medium.jpg?1568079885,Manihot esculenta
https://static.inaturalist.org/photos/51131912/medium.jpg?1568304810,Manihot esculenta
https://static.inaturalist.org/photos/51218173/medium.jpeg?1568389992,Manihot esculenta
https://static.inaturalist.org/photos/51267605/medium.jpeg?1568425391,Manihot esculenta
https://static.inaturalist.org/photos/51453363/medium.jpeg?1568579663,Manihot esculenta
https://static.inaturalist.org/photos/51600502/medium.jpg?1568697271,Manihot esculenta
https://static.inaturalist.org/photos/51615934/medium.jpeg?1568724714,Manihot esculenta
https://static.inaturalist.org/photos/51696267/medium.jpeg?1568796045,Manihot esculenta
https://static.inaturalist.org/photos/51705192/medium.jpeg?1568810154,Manihot esculenta
https://static.inaturalist.org/photos/51780108/medium.jpg?1568860131,Manihot esculenta
https://static.inaturalist.org/photos/51870635/medium.jpeg?1568946721,Manihot esculenta
https://static.inaturalist.org/photos/51871778/medium.jpg?1568947481,Manihot esculenta
https://static.inaturalist.org/photos/51971847/medium.jpeg?1569032276,Manihot esculenta
https://static.inaturalist.org/photos/52092175/medium.jpeg?1569139189,Manihot esculenta
https://static.inaturalist.org/photos/52097183/medium.jpg?1569148066,Manihot esculenta
https://static.inaturalist.org/photos/52226358/medium.jpeg?1569252395,Manihot esculenta
https://static.inaturalist.org/photos/52295435/medium.jpg?1569307796,Manihot esculenta
https://static.inaturalist.org/photos/52392028/medium.jpg?1569397063,Manihot esculenta
https://static.inaturalist.org/photos/52496800/medium.jpeg?1569505695,Manihot esculenta
https://static.inaturalist.org/photos/52746411/medium.jpeg?1569737693,Manihot esculenta
https://static.inaturalist.org/photos/52854852/medium.jpeg?1569830500,Manihot esculenta
https://static.inaturalist.org/photos/53011404/medium.jpeg?1569979313,Manihot esculenta
https://static.inaturalist.org/photos/53011748/medium.jpeg?1569979577,Manihot esculenta
https://static.inaturalist.org/photos/53011832/medium.jpeg?1569979645,Manihot esculenta
https://static.inaturalist.org/photos/53012000/medium.jpeg?1569979757,Manihot esculenta
https://static.inaturalist.org/photos/53012527/medium.jpeg?1569980246,Manihot esculenta
https://static.inaturalist.org/photos/53014503/medium.jpeg?1569981692,Manihot esculenta
https://static.inaturalist.org/photos/53029881/medium.jpeg?1570006144,Manihot esculenta
https://static.inaturalist.org/photos/53087874/medium.jpg?1570063752,Manihot esculenta
https://static.inaturalist.org/photos/53096018/medium.jpeg?1570071630,Manihot esculenta
https://static.inaturalist.org/photos/53400796/medium.jpg?1570385792,Manihot esculenta
https://static.inaturalist.org/photos/53854215/medium.jpeg?1570858642,Manihot esculenta
https://static.inaturalist.org/photos/53867193/medium.jpeg?1570882953,Manihot esculenta
https://static.inaturalist.org/photos/53905780/medium.jpg?1570911578,Manihot esculenta
https://static.inaturalist.org/photos/53945374/medium.jpeg?1570943272,Manihot esculenta
https://static.inaturalist.org/photos/54036725/medium.jpeg?1571023857,Manihot esculenta
https://static.inaturalist.org/photos/54113113/medium.jpeg?1571098714,Manihot esculenta
https://static.inaturalist.org/photos/54196108/medium.jpeg?1571188138,Manihot esculenta
https://static.inaturalist.org/photos/54416840/medium.jpg?1571457406,Manihot esculenta
https://static.inaturalist.org/photos/54489583/medium.jpg?1571528433,Manihot esculenta
https://static.inaturalist.org/photos/54702882/medium.jpg?1571751683,Manihot esculenta
https://static.inaturalist.org/photos/54711028/medium.jpeg?1571759390,Manihot esculenta
https://static.inaturalist.org/photos/54860390/medium.jpg?1571925671,Manihot esculenta
https://static.inaturalist.org/photos/55060665/medium.jpeg?1572143487,Manihot esculenta
https://static.inaturalist.org/photos/55062499/medium.jpg?1572145419,Manihot esculenta
https://static.inaturalist.org/photos/55063999/medium.jpeg?1572146957,Manihot esculenta
https://static.inaturalist.org/photos/55065849/medium.jpeg?1572148966,Manihot esculenta
https://static.inaturalist.org/photos/55074339/medium.jpeg?1572167351,Manihot esculenta
https://static.inaturalist.org/photos/55083215/medium.jpeg?1572179936,Manihot esculenta
https://static.inaturalist.org/photos/55088083/medium.jpg?1572185136,Manihot esculenta
https://static.inaturalist.org/photos/55121106/medium.jpg?1572209916,Manihot esculenta
https://static.inaturalist.org/photos/55203897/medium.jpeg?1572302235,Manihot esculenta
https://static.inaturalist.org/photos/55296137/medium.jpeg?1572429058,Manihot esculenta
https://static.inaturalist.org/photos/55534388/medium.jpg?1572776103,Manihot esculenta
https://static.inaturalist.org/photos/55610438/medium.jpeg?1572851839,Manihot esculenta
https://static.inaturalist.org/photos/55613822/medium.jpg?1572856743,Manihot esculenta
https://static.inaturalist.org/photos/55622586/medium.jpg?1572872076,Manihot esculenta
https://static.inaturalist.org/photos/55627335/medium.jpeg?1572879026,Manihot esculenta
https://static.inaturalist.org/photos/55628885/medium.jpeg?1572880875,Manihot esculenta
https://static.inaturalist.org/photos/55721552/medium.jpg?1572990026,Manihot esculenta
https://static.inaturalist.org/photos/55822376/medium.jpg?1573116226,Manihot esculenta
https://static.inaturalist.org/photos/55939278/medium.jpeg?1573268627,Manihot esculenta
https://static.inaturalist.org/photos/55973471/medium.jpg?1573323104,Manihot esculenta
https://static.inaturalist.org/photos/56022711/medium.jpg?1573381627,Manihot esculenta
https://static.inaturalist.org/photos/56033941/medium.jpeg?1573398890,Manihot esculenta
https://static.inaturalist.org/photos/56081415/medium.jpeg?1573442736,Manihot esculenta
https://static.inaturalist.org/photos/56208977/medium.jpg?1573623865,Manihot esculenta
https://static.inaturalist.org/photos/56211279/medium.jpeg?1573628835,Manihot esculenta
https://static.inaturalist.org/photos/56370282/medium.jpeg?1573878028,Manihot esculenta
https://static.inaturalist.org/photos/56375066/medium.jpeg?1573886231,Manihot esculenta
https://static.inaturalist.org/photos/56391581/medium.jpg?1573918756,Manihot esculenta
https://static.inaturalist.org/photos/56412413/medium.jpg?1573940122,Manihot esculenta
https://static.inaturalist.org/photos/56428183/medium.jpeg?1573956192,Manihot esculenta
https://static.inaturalist.org/photos/56654376/medium.png?1574274348,Manihot esculenta
https://static.inaturalist.org/photos/56702848/medium.jpeg?1574352274,Manihot esculenta
https://static.inaturalist.org/photos/56744017/medium.jpeg?1574409387,Manihot esculenta
https://static.inaturalist.org/photos/56845624/medium.jpg?1574557758,Manihot esculenta
https://static.inaturalist.org/photos/56863798/medium.jpeg?1574577910,Manihot esculenta
https://static.inaturalist.org/photos/56905886/medium.jpeg?1574631314,Manihot esculenta
https://static.inaturalist.org/photos/56946715/medium.jpeg?1574684453,Manihot esculenta
https://static.inaturalist.org/photos/57055381/medium.jpg?1574823882,Manihot esculenta
https://static.inaturalist.org/photos/57055388/medium.jpg?1574823890,Manihot esculenta
https://static.inaturalist.org/photos/57055412/medium.jpeg?1574823919,Manihot esculenta
https://static.inaturalist.org/photos/57055505/medium.jpeg?1574824042,Manihot esculenta
https://static.inaturalist.org/photos/57061393/medium.jpg?1574832990,Manihot esculenta
https://static.inaturalist.org/photos/57065215/medium.jpeg?1574839902,Manihot esculenta
https://static.inaturalist.org/photos/57148026/medium.jpeg?1574983368,Manihot esculenta
https://static.inaturalist.org/photos/57190444/medium.jpeg?1575062634,Manihot esculenta
https://static.inaturalist.org/photos/57198002/medium.jpeg?1575071249,Manihot esculenta
https://static.inaturalist.org/photos/57255701/medium.jpg?1575159375,Manihot esculenta
https://static.inaturalist.org/photos/57274332/medium.jpg?1575185132,Manihot esculenta
https://static.inaturalist.org/photos/57281838/medium.jpeg?1575201904,Manihot esculenta
https://static.inaturalist.org/photos/57281881/medium.jpeg?1575201978,Manihot esculenta
https://static.inaturalist.org/photos/57288495/medium.jpeg?1575214201,Manihot esculenta
https://static.inaturalist.org/photos/57324471/medium.jpeg?1575252071,Manihot esculenta
https://static.inaturalist.org/photos/57331449/medium.jpeg?1575263190,Manihot esculenta
https://static.inaturalist.org/photos/57405728/medium.jpg?1575398401,Manihot esculenta
https://static.inaturalist.org/photos/57438173/medium.jpeg?1575447302,Manihot esculenta
https://static.inaturalist.org/photos/57438240/medium.jpeg?1575447484,Manihot esculenta
https://static.inaturalist.org/photos/57566852/medium.jpeg?1575675229,Manihot esculenta
https://static.inaturalist.org/photos/57694712/medium.jpeg?1575875750,Manihot esculenta
https://static.inaturalist.org/photos/57694776/medium.jpeg?1575875838,Manihot esculenta
https://static.inaturalist.org/photos/57746578/medium.jpeg?1575959288,Manihot esculenta
https://static.inaturalist.org/photos/57746941/medium.jpg?1575959955,Manihot esculenta
https://static.inaturalist.org/photos/57746996/medium.jpg?1575960044,Manihot esculenta
https://static.inaturalist.org/photos/57749822/medium.jpeg?1575969339,Manihot esculenta
https://static.inaturalist.org/photos/57793740/medium.jpeg?1576041571,Manihot esculenta
https://static.inaturalist.org/photos/57805480/medium.jpeg?1576072831,Manihot esculenta
https://static.inaturalist.org/photos/57831600/medium.jpeg?1576111215,Manihot esculenta
https://static.inaturalist.org/photos/58097440/medium.jpeg?1576577052,Manihot esculenta
https://static.inaturalist.org/photos/57991892/medium.jpg?1576397283,Manihot esculenta
https://static.inaturalist.org/photos/58103746/medium.jpg?1576593518,Manihot esculenta
https://static.inaturalist.org/photos/58158728/medium.jpeg?1576702088,Manihot esculenta
https://static.inaturalist.org/photos/58162044/medium.jpeg?1576707067,Manihot esculenta
https://static.inaturalist.org/photos/58162082/medium.jpeg?1576707102,Manihot esculenta
https://static.inaturalist.org/photos/58165376/medium.jpeg?1576711870,Manihot esculenta
https://static.inaturalist.org/photos/58170212/medium.jpeg?1576720376,Manihot esculenta
https://static.inaturalist.org/photos/58177893/medium.jpeg?1576733370,Manihot esculenta
https://static.inaturalist.org/photos/58211869/medium.jpeg?1576806328,Manihot esculenta
https://static.inaturalist.org/photos/58211889/medium.jpeg?1576806357,Manihot esculenta
https://static.inaturalist.org/photos/58215862/medium.jpg?1576813949,Manihot esculenta
https://static.inaturalist.org/photos/58368207/medium.jpeg?1577090480,Manihot esculenta
https://static.inaturalist.org/photos/58405201/medium.jpeg?1577148395,Manihot esculenta
https://static.inaturalist.org/photos/58498362/medium.jpg?1577320785,Manihot esculenta
https://static.inaturalist.org/photos/58498903/medium.jpg?1577321473,Manihot esculenta
https://static.inaturalist.org/photos/58523022/medium.jpeg?1577371066,Manihot esculenta
https://static.inaturalist.org/photos/58551464/medium.jpeg?1577405624,Manihot esculenta
https://static.inaturalist.org/photos/58579230/medium.jpeg?1577457730,Manihot esculenta
https://static.inaturalist.org/photos/58796311/medium.jpg?1577768685,Manihot esculenta
https://static.inaturalist.org/photos/58904224/medium.jpg?1577938340,Manihot esculenta
https://static.inaturalist.org/photos/58908341/medium.jpg?1577944554,Manihot esculenta
https://static.inaturalist.org/photos/58919035/medium.jpeg?1577971117,Manihot esculenta
https://static.inaturalist.org/photos/58921676/medium.jpeg?1577976599,Manihot esculenta
https://static.inaturalist.org/photos/58935201/medium.jpeg?1577993460,Manihot esculenta
https://static.inaturalist.org/photos/58964825/medium.jpg?1578028556,Manihot esculenta
https://static.inaturalist.org/photos/58968567/medium.jpeg?1578037407,Manihot esculenta
https://static.inaturalist.org/photos/59055718/medium.jpg?1578160601,Manihot esculenta
https://static.inaturalist.org/photos/59061849/medium.jpg?1578166636,Manihot esculenta
https://static.inaturalist.org/photos/59168506/medium.jpeg?1578313627,Manihot esculenta
https://static.inaturalist.org/photos/59230895/medium.jpg?1578407815,Manihot esculenta
https://static.inaturalist.org/photos/59452958/medium.jpg?1578775979,Manihot esculenta
https://static.inaturalist.org/photos/59484979/medium.jpg?1578810207,Manihot esculenta
https://static.inaturalist.org/photos/59537790/medium.jpg?1578880106,Manihot esculenta
https://static.inaturalist.org/photos/59884858/medium.jpeg?1579416195,Manihot esculenta
https://static.inaturalist.org/photos/60094620/medium.jpeg?1579730251,Manihot esculenta
https://static.inaturalist.org/photos/60151419/medium.jpeg?1579821804,Manihot esculenta
https://static.inaturalist.org/photos/60226531/medium.jpeg?1579948751,Manihot esculenta
https://static.inaturalist.org/photos/60293067/medium.jpeg?1580025263,Manihot esculenta
https://static.inaturalist.org/photos/60311723/medium.jpg?1580056104,Manihot esculenta
https://static.inaturalist.org/photos/60993467/medium.jpeg?1581061314,Manihot esculenta
https://static.inaturalist.org/photos/61259852/medium.jpeg?1581425757,Manihot esculenta
https://static.inaturalist.org/photos/61359577/medium.jpeg?1581569436,Manihot esculenta
https://static.inaturalist.org/photos/61360603/medium.jpeg?1581570986,Manihot esculenta
https://static.inaturalist.org/photos/61360689/medium.jpeg?1581571141,Manihot esculenta
https://static.inaturalist.org/photos/61367383/medium.jpeg?1581585030,Manihot esculenta
https://static.inaturalist.org/photos/61368305/medium.jpg?1581586562,Manihot esculenta
https://static.inaturalist.org/photos/61374049/medium.jpeg?1581601083,Manihot esculenta
https://static.inaturalist.org/photos/61465326/medium.jpeg?1581729312,Manihot esculenta
https://static.inaturalist.org/photos/61513490/medium.jpg?1581798846,Manihot esculenta
https://static.inaturalist.org/photos/61992634/medium.jpg?1582421871,Manihot esculenta
https://static.inaturalist.org/photos/62077956/medium.jpg?1582518519,Manihot esculenta
https://static.inaturalist.org/photos/62350145/medium.jpeg?1582880514,Manihot esculenta
https://static.inaturalist.org/photos/62440507/medium.jpeg?1583003187,Manihot esculenta
https://static.inaturalist.org/photos/62489210/medium.jpeg?1583043310,Manihot esculenta
https://static.inaturalist.org/photos/62493605/medium.jpeg?1583048047,Manihot esculenta
https://static.inaturalist.org/photos/62497974/medium.jpg?1583053844,Manihot esculenta
https://static.inaturalist.org/photos/62551256/medium.jpeg?1583106396,Manihot esculenta
https://static.inaturalist.org/photos/62783423/medium.jpg?1583398654,Manihot esculenta
https://static.inaturalist.org/photos/62914005/medium.jpg?1583575962,Manihot esculenta
https://static.inaturalist.org/photos/63319529/medium.jpg?1584019889,Manihot esculenta
https://static.inaturalist.org/photos/63379457/medium.jpeg?1584085482,Manihot esculenta
https://static.inaturalist.org/photos/63634266/medium.jpg?1584333045,Manihot esculenta
https://static.inaturalist.org/photos/63718381/medium.jpeg?1584419454,Manihot esculenta
https://static.inaturalist.org/photos/63730335/medium.jpeg?1584442297,Manihot esculenta
https://static.inaturalist.org/photos/63741642/medium.jpg?1584458163,Manihot esculenta
https://static.inaturalist.org/photos/63830635/medium.jpeg?1584547293,Manihot esculenta
https://static.inaturalist.org/photos/63893935/medium.jpeg?1584594782,Manihot esculenta
https://static.inaturalist.org/photos/63955729/medium.jpeg?1584656445,Manihot esculenta
https://static.inaturalist.org/photos/64023759/medium.jpeg?1584727946,Manihot esculenta
https://static.inaturalist.org/photos/64115272/medium.jpg?1584807757,Manihot esculenta
https://static.inaturalist.org/photos/64173973/medium.jpeg?1584839572,Manihot esculenta
https://static.inaturalist.org/photos/64389957/medium.jpeg?1585025544,Manihot esculenta
https://static.inaturalist.org/photos/64403155/medium.jpeg?1585047807,Manihot esculenta
https://static.inaturalist.org/photos/64770320/medium.jpg?1585358596,Manihot esculenta
https://static.inaturalist.org/photos/65157995/medium.jpeg?1585634748,Manihot esculenta
https://static.inaturalist.org/photos/65158340/medium.jpeg?1585635304,Manihot esculenta
https://static.inaturalist.org/photos/65338745/medium.jpg?1585786216,Manihot esculenta
https://static.inaturalist.org/photos/65460694/medium.jpg?1585880184,Manihot esculenta
https://static.inaturalist.org/photos/65421139/medium.jpg?1585857684,Manihot esculenta
https://static.inaturalist.org/photos/65603356/medium.jpeg?1586003253,Manihot esculenta
https://static.inaturalist.org/photos/65703899/medium.jpeg?1586056755,Manihot esculenta
https://static.inaturalist.org/photos/65723009/medium.jpeg?1586077464,Manihot esculenta
https://static.inaturalist.org/photos/65883855/medium.jpg?1586178539,Manihot esculenta
https://static.inaturalist.org/photos/66176803/medium.jpeg?1586379346,Manihot esculenta
https://static.inaturalist.org/photos/66338745/medium.jpeg?1586505088,Manihot esculenta
https://static.inaturalist.org/photos/66561309/medium.jpg?1586640273,Manihot esculenta
https://static.inaturalist.org/photos/66651508/medium.jpeg?1586700881,Manihot esculenta
https://static.inaturalist.org/photos/66812156/medium.jpeg?1586791579,Manihot esculenta
https://static.inaturalist.org/photos/66868621/medium.jpeg?1586820537,Manihot esculenta
https://static.inaturalist.org/photos/66959275/medium.jpeg?1586890629,Manihot esculenta
https://static.inaturalist.org/photos/66966061/medium.jpg?1586893728,Manihot esculenta
https://static.inaturalist.org/photos/66970941/medium.jpeg?1586896181,Manihot esculenta
https://static.inaturalist.org/photos/67063126/medium.jpeg?1586967746,Manihot esculenta
https://static.inaturalist.org/photos/67078048/medium.jpeg?1586975174,Manihot esculenta
https://static.inaturalist.org/photos/67092592/medium.jpeg?1586981904,Manihot esculenta
https://static.inaturalist.org/photos/67263642/medium.jpeg?1587090829,Manihot esculenta
https://static.inaturalist.org/photos/67325329/medium.jpeg?1587144106,Manihot esculenta
https://static.inaturalist.org/photos/67368003/medium.jpeg?1587165076,Manihot esculenta
https://static.inaturalist.org/photos/67369765/medium.jpeg?1587166001,Manihot esculenta
https://static.inaturalist.org/photos/67386619/medium.jpeg?1587175113,Manihot esculenta
https://static.inaturalist.org/photos/67497160/medium.jpg?1587242701,Manihot esculenta
https://static.inaturalist.org/photos/67546355/medium.jpeg?1587264893,Manihot esculenta
https://static.inaturalist.org/photos/67681032/medium.jpeg?1587337061,Manihot esculenta
https://static.inaturalist.org/photos/67739573/medium.jpeg?1587377631,Manihot esculenta
https://static.inaturalist.org/photos/67808034/medium.jpg?1587414200,Manihot esculenta
https://static.inaturalist.org/photos/67860296/medium.jpeg?1587440419,Manihot esculenta
https://static.inaturalist.org/photos/67922973/medium.jpg?1587490516,Manihot esculenta
https://static.inaturalist.org/photos/68083558/medium.jpg?1587581455,Manihot esculenta
https://static.inaturalist.org/photos/68088438/medium.jpeg?1587583078,Manihot esculenta
https://static.inaturalist.org/photos/68302437/medium.jpeg?1587692873,Manihot esculenta
https://static.inaturalist.org/photos/68376867/medium.jpg?1587733274,Manihot esculenta
https://static.inaturalist.org/photos/68379303/medium.jpeg?1587734011,Manihot esculenta
https://static.inaturalist.org/photos/68386124/medium.jpg?1587735803,Manihot esculenta
https://static.inaturalist.org/photos/68404540/medium.jpeg?1587739912,Manihot esculenta
https://static.inaturalist.org/photos/68440325/medium.jpeg?1587746408,Manihot esculenta
https://static.inaturalist.org/photos/68437177/medium.jpeg?1587745844,Manihot esculenta
https://static.inaturalist.org/photos/68446747/medium.jpeg?1587747581,Manihot esculenta
https://static.inaturalist.org/photos/68540735/medium.jpeg?1587763984,Manihot esculenta
https://static.inaturalist.org/photos/68540804/medium.jpeg?1587763994,Manihot esculenta
https://static.inaturalist.org/photos/68550119/medium.jpeg?1587765543,Manihot esculenta
https://static.inaturalist.org/photos/68550696/medium.jpg?1587765640,Manihot esculenta
https://static.inaturalist.org/photos/68555688/medium.jpeg?1587766541,Manihot esculenta
https://static.inaturalist.org/photos/68563824/medium.jpeg?1587767976,Manihot esculenta
https://static.inaturalist.org/photos/68581697/medium.jpg?1587771189,Manihot esculenta
https://static.inaturalist.org/photos/68584447/medium.jpeg?1587771687,Manihot esculenta
https://static.inaturalist.org/photos/68600114/medium.jpg?1587774962,Manihot esculenta
https://static.inaturalist.org/photos/68613021/medium.jpg?1587777726,Manihot esculenta
https://static.inaturalist.org/photos/68633058/medium.jpg?1587782228,Manihot esculenta
https://static.inaturalist.org/photos/68639644/medium.jpg?1587783890,Manihot esculenta
https://static.inaturalist.org/photos/68665421/medium.jpg?1587791448,Manihot esculenta
https://static.inaturalist.org/photos/68700634/medium.jpeg?1587807118,Manihot esculenta
https://static.inaturalist.org/photos/68734451/medium.jpeg?1587818483,Manihot esculenta
https://static.inaturalist.org/photos/68774579/medium.jpg?1587826510,Manihot esculenta
https://static.inaturalist.org/photos/68804820/medium.jpg?1587831173,Manihot esculenta
https://static.inaturalist.org/photos/68848258/medium.jpeg?1587837302,Manihot esculenta
https://static.inaturalist.org/photos/68875124/medium.jpg?1587840778,Manihot esculenta
https://static.inaturalist.org/photos/68882449/medium.jpeg?1587841716,Manihot esculenta
https://static.inaturalist.org/photos/68884755/medium.jpeg?1587842041,Manihot esculenta
https://static.inaturalist.org/photos/68897789/medium.jpeg?1587843823,Manihot esculenta
https://static.inaturalist.org/photos/68928354/medium.jpeg?1587847622,Manihot esculenta
https://static.inaturalist.org/photos/68947222/medium.jpeg?1587850112,Manihot esculenta
https://static.inaturalist.org/photos/68965913/medium.jpeg?1587852712,Manihot esculenta
https://static.inaturalist.org/photos/68974233/medium.jpeg?1587853993,Manihot esculenta
https://static.inaturalist.org/photos/68995581/medium.jpg?1587857425,Manihot esculenta
https://static.inaturalist.org/photos/69017834/medium.jpeg?1587861384,Manihot esculenta
https://static.inaturalist.org/photos/69021335/medium.jpeg?1587862105,Manihot esculenta
https://static.inaturalist.org/photos/69034394/medium.jpeg?1587864747,Manihot esculenta
https://static.inaturalist.org/photos/69053290/medium.jpeg?1587868356,Manihot esculenta
https://static.inaturalist.org/photos/69086731/medium.jpeg?1587876125,Manihot esculenta
https://static.inaturalist.org/photos/69094541/medium.jpeg?1587878588,Manihot esculenta
https://static.inaturalist.org/photos/69127254/medium.jpeg?1587892720,Manihot esculenta
https://static.inaturalist.org/photos/69142236/medium.jpg?1587897634,Manihot esculenta
https://static.inaturalist.org/photos/69192556/medium.jpeg?1587910005,Manihot esculenta
https://static.inaturalist.org/photos/69193459/medium.jpeg?1587910169,Manihot esculenta
https://static.inaturalist.org/photos/69198626/medium.jpeg?1587911094,Manihot esculenta
https://static.inaturalist.org/photos/69204277/medium.jpg?1587912025,Manihot esculenta
https://static.inaturalist.org/photos/69144827/medium.jpeg?1587898446,Manihot esculenta
https://static.inaturalist.org/photos/69212951/medium.jpeg?1587913423,Manihot esculenta
https://static.inaturalist.org/photos/69221226/medium.jpeg?1587914676,Manihot esculenta
https://static.inaturalist.org/photos/69251053/medium.jpeg?1587919200,Manihot esculenta
https://static.inaturalist.org/photos/69269819/medium.jpeg?1587921912,Manihot esculenta
https://static.inaturalist.org/photos/69272233/medium.jpeg?1587922240,Manihot esculenta
https://static.inaturalist.org/photos/69282126/medium.jpeg?1587923612,Manihot esculenta
https://static.inaturalist.org/photos/69311441/medium.jpeg?1587927938,Manihot esculenta
https://static.inaturalist.org/photos/69319692/medium.jpeg?1587929081,Manihot esculenta
https://static.inaturalist.org/photos/69329343/medium.jpeg?1587930371,Manihot esculenta
https://static.inaturalist.org/photos/69312970/medium.jpeg?1587928136,Manihot esculenta
https://static.inaturalist.org/photos/69374755/medium.jpeg?1587936755,Manihot esculenta
https://static.inaturalist.org/photos/69389936/medium.jpg?1587938801,Manihot esculenta
https://static.inaturalist.org/photos/69401428/medium.jpg?1587940504,Manihot esculenta
https://static.inaturalist.org/photos/69407374/medium.jpg?1587941446,Manihot esculenta
https://static.inaturalist.org/photos/69408519/medium.jpeg?1587941617,Manihot esculenta
https://static.inaturalist.org/photos/69412860/medium.jpeg?1587942349,Manihot esculenta
https://static.inaturalist.org/photos/69412710/medium.jpg?1587942326,Manihot esculenta
https://static.inaturalist.org/photos/69428053/medium.jpeg?1587944620,Manihot esculenta
https://static.inaturalist.org/photos/69452110/medium.jpg?1587948573,Manihot esculenta
https://static.inaturalist.org/photos/69454427/medium.jpg?1587948955,Manihot esculenta
https://static.inaturalist.org/photos/69456218/medium.jpeg?1587949250,Manihot esculenta
https://static.inaturalist.org/photos/69463440/medium.jpg?1587950471,Manihot esculenta
https://static.inaturalist.org/photos/69509313/medium.jpg?1587959973,Manihot esculenta
https://static.inaturalist.org/photos/69514304/medium.jpg?1587961293,Manihot esculenta
https://static.inaturalist.org/photos/69568140/medium.jpeg?1587984797,Manihot esculenta
https://static.inaturalist.org/photos/69577490/medium.jpeg?1587988552,Manihot esculenta
https://static.inaturalist.org/photos/69616770/medium.jpeg?1587998634,Manihot esculenta
https://static.inaturalist.org/photos/69627897/medium.jpg?1588000762,Manihot esculenta
https://static.inaturalist.org/photos/69612522/medium.jpeg?1587997852,Manihot esculenta
https://static.inaturalist.org/photos/69638791/medium.jpeg?1588002716,Manihot esculenta
https://static.inaturalist.org/photos/69657939/medium.jpeg?1588006098,Manihot esculenta
https://static.inaturalist.org/photos/69674509/medium.jpg?1588008972,Manihot esculenta
https://static.inaturalist.org/photos/69712302/medium.jpeg?1588015228,Manihot esculenta
https://static.inaturalist.org/photos/69721562/medium.jpeg?1588016744,Manihot esculenta
https://static.inaturalist.org/photos/69743861/medium.jpeg?1588020159,Manihot esculenta
https://static.inaturalist.org/photos/69763591/medium.jpeg?1588023471,Manihot esculenta
https://static.inaturalist.org/photos/69773203/medium.jpeg?1588025049,Manihot esculenta
https://static.inaturalist.org/photos/69805413/medium.jpeg?1588030679,Manihot esculenta
https://static.inaturalist.org/photos/69809975/medium.jpeg?1588031410,Manihot esculenta
https://static.inaturalist.org/photos/69824315/medium.jpeg?1588033918,Manihot esculenta
https://static.inaturalist.org/photos/69839509/medium.jpeg?1588036668,Manihot esculenta
https://static.inaturalist.org/photos/69857117/medium.jpeg?1588039643,Manihot esculenta
https://static.inaturalist.org/photos/69873534/medium.jpeg?1588042938,Manihot esculenta
https://static.inaturalist.org/photos/69943109/medium.jpeg?1588076454,Manihot esculenta
https://static.inaturalist.org/photos/69951366/medium.jpeg?1588080296,Manihot esculenta
https://static.inaturalist.org/photos/70111412/medium.jpeg?1588134166,Manihot esculenta
https://static.inaturalist.org/photos/70283713/medium.jpeg?1588213155,Manihot esculenta
https://static.inaturalist.org/photos/70306939/medium.jpg?1588226770,Manihot esculenta
https://static.inaturalist.org/photos/70319011/medium.jpeg?1588237667,Manihot esculenta
https://static.inaturalist.org/photos/70319192/medium.jpeg?1588237847,Manihot esculenta
https://static.inaturalist.org/photos/70339533/medium.jpeg?1588253747,Manihot esculenta
https://static.inaturalist.org/photos/70579550/medium.jpeg?1588366161,Manihot esculenta
https://static.inaturalist.org/photos/70604064/medium.jpeg?1588375713,Manihot esculenta
https://static.inaturalist.org/photos/70627049/medium.jpg?1588385455,Manihot esculenta
https://static.inaturalist.org/photos/70639224/medium.jpeg?1588391116,Manihot esculenta
https://static.inaturalist.org/photos/70855158/medium.jpg?1588481964,Manihot esculenta
https://static.inaturalist.org/photos/70855890/medium.jpg?1588482506,Manihot esculenta
https://static.inaturalist.org/photos/70936513/medium.jpeg?1588522208,Manihot esculenta
https://static.inaturalist.org/photos/71249763/medium.jpg?1588646456,Manihot esculenta
https://static.inaturalist.org/photos/71274692/medium.jpeg?1588666719,Manihot esculenta
https://static.inaturalist.org/photos/71280229/medium.jpeg?1588672218,Manihot esculenta
https://static.inaturalist.org/photos/71293992/medium.jpeg?1588683327,Manihot esculenta
https://static.inaturalist.org/photos/71419272/medium.jpeg?1588740179,Manihot esculenta
https://static.inaturalist.org/photos/71887578/medium.jpeg?1588998282,Manihot esculenta
https://static.inaturalist.org/photos/72039602/medium.jpg?1589071032,Manihot esculenta
https://static.inaturalist.org/photos/72065207/medium.jpg?1589082503,Manihot esculenta
https://static.inaturalist.org/photos/72091260/medium.jpeg?1589103200,Manihot esculenta
https://static.inaturalist.org/photos/72416334/medium.jpg?1589267095,Manihot esculenta
https://static.inaturalist.org/photos/72650836/medium.jpg?1589400896,Manihot esculenta
https://static.inaturalist.org/photos/72861614/medium.jpg?1589510794,Manihot esculenta
https://static.inaturalist.org/photos/72897243/medium.jpeg?1589543984,Manihot esculenta
https://static.inaturalist.org/photos/73063128/medium.jpeg?1589622357,Manihot esculenta
https://static.inaturalist.org/photos/73170046/medium.jpg?1589659610,Manihot esculenta
https://static.inaturalist.org/photos/74150689/medium.jpg?1590087720,Manihot esculenta
https://static.inaturalist.org/photos/73324703/medium.jpeg?1589725147,Manihot esculenta
https://static.inaturalist.org/photos/73551948/medium.jpeg?1589812414,Manihot esculenta
https://static.inaturalist.org/photos/73553241/medium.jpg?1589812936,Manihot esculenta
https://static.inaturalist.org/photos/73704670/medium.jpg?1589880773,Manihot esculenta
https://static.inaturalist.org/photos/73758487/medium.jpg?1589907834,Manihot esculenta
https://static.inaturalist.org/photos/74030078/medium.jpeg?1590025368,Manihot esculenta
https://static.inaturalist.org/photos/74075333/medium.jpeg?1590056119,Manihot esculenta
https://static.inaturalist.org/photos/74090871/medium.jpeg?1590065562,Manihot esculenta
https://static.inaturalist.org/photos/74279306/medium.jpg?1590153512,Manihot esculenta
https://static.inaturalist.org/photos/74292152/medium.jpeg?1590158715,Manihot esculenta
https://static.inaturalist.org/photos/74374824/medium.jpeg?1590185510,Manihot esculenta
https://static.inaturalist.org/photos/74727832/medium.jpg?1590331789,Manihot esculenta
https://static.inaturalist.org/photos/74892418/medium.jpeg?1590375515,Manihot esculenta
https://static.inaturalist.org/photos/75093695/medium.jpg?1590453599,Manihot esculenta
https://static.inaturalist.org/photos/75099418/medium.jpeg?1590455567,Manihot esculenta
https://static.inaturalist.org/photos/75393542/medium.jpg?1590602475,Manihot esculenta
https://static.inaturalist.org/photos/75476347/medium.jpeg?1590634585,Manihot esculenta
https://static.inaturalist.org/photos/75518161/medium.jpeg?1590666336,Manihot esculenta
https://static.inaturalist.org/photos/75675500/medium.jpg?1590733849,Manihot esculenta
https://static.inaturalist.org/photos/75675509/medium.jpeg?1590733854,Manihot esculenta
https://static.inaturalist.org/photos/75675542/medium.jpg?1590733886,Manihot esculenta
https://static.inaturalist.org/photos/75826129/medium.jpeg?1590805513,Manihot esculenta
https://static.inaturalist.org/photos/75832927/medium.jpeg?1590808933,Manihot esculenta
https://static.inaturalist.org/photos/75839008/medium.jpeg?1590812602,Manihot esculenta
https://static.inaturalist.org/photos/75879614/medium.jpeg?1590842050,Manihot esculenta
https://static.inaturalist.org/photos/76028434/medium.jpeg?1590888881,Manihot esculenta
https://static.inaturalist.org/photos/76049035/medium.jpg?1590897772,Manihot esculenta
https://static.inaturalist.org/photos/76079763/medium.jpeg?1590919176,Manihot esculenta
https://static.inaturalist.org/photos/76329131/medium.jpg?1591017792,Manihot esculenta
https://static.inaturalist.org/photos/76723671/medium.jpeg?1591206597,Manihot esculenta
https://static.inaturalist.org/photos/76779564/medium.jpeg?1591228467,Manihot esculenta
https://static.inaturalist.org/photos/76915004/medium.jpg?1591303361,Manihot esculenta
https://static.inaturalist.org/photos/77015541/medium.jpeg?1591362211,Manihot esculenta
https://static.inaturalist.org/photos/77055850/medium.jpeg?1591378456,Manihot esculenta
https://static.inaturalist.org/photos/77066691/medium.jpeg?1591382402,Manihot esculenta
https://static.inaturalist.org/photos/77074954/medium.jpeg?1591385326,Manihot esculenta
https://static.inaturalist.org/photos/77088478/medium.jpeg?1591390369,Manihot esculenta
https://static.inaturalist.org/photos/77104511/medium.jpeg?1591396710,Manihot esculenta
https://static.inaturalist.org/photos/77108720/medium.jpeg?1591398429,Manihot esculenta
https://static.inaturalist.org/photos/77110034/medium.jpeg?1591398967,Manihot esculenta
https://static.inaturalist.org/photos/77132394/medium.jpg?1591407888,Manihot esculenta
https://static.inaturalist.org/photos/77148080/medium.jpeg?1591415188,Manihot esculenta
https://static.inaturalist.org/photos/77155368/medium.jpeg?1591419849,Manihot esculenta
https://static.inaturalist.org/photos/77170716/medium.jpeg?1591432222,Manihot esculenta
https://static.inaturalist.org/photos/77305863/medium.jpg?1591482552,Manihot esculenta
https://static.inaturalist.org/photos/77322367/medium.jpeg?1591488419,Manihot esculenta
https://static.inaturalist.org/photos/77575310/medium.jpeg?1591589033,Manihot esculenta
https://static.inaturalist.org/photos/77575328/medium.jpeg?1591589042,Manihot esculenta
https://static.inaturalist.org/photos/77576261/medium.jpeg?1591589618,Manihot esculenta
https://static.inaturalist.org/photos/77714017/medium.jpeg?1591656964,Manihot esculenta
https://static.inaturalist.org/photos/77789762/medium.jpg?1591704086,Manihot esculenta
https://static.inaturalist.org/photos/77795469/medium.jpeg?1591707253,Manihot esculenta
https://static.inaturalist.org/photos/77889249/medium.jpg?1591743387,Manihot esculenta
https://static.inaturalist.org/photos/78180273/medium.jpg?1591901580,Manihot esculenta
https://static.inaturalist.org/photos/78180417/medium.jpg?1591901647,Manihot esculenta
https://static.inaturalist.org/photos/78570502/medium.jpg?1592082233,Manihot esculenta
https://static.inaturalist.org/photos/78618017/medium.jpeg?1592097331,Manihot esculenta
https://static.inaturalist.org/photos/78698727/medium.jpeg?1592141830,Manihot esculenta
https://static.inaturalist.org/photos/79047535/medium.jpeg?1592268941,Manihot esculenta
https://static.inaturalist.org/photos/79377193/medium.jpeg?1592434265,Manihot esculenta
https://static.inaturalist.org/photos/79431450/medium.jpeg?1592462796,Manihot esculenta
https://static.inaturalist.org/photos/79769093/medium.jpeg?1592632784,Manihot esculenta
https://static.inaturalist.org/photos/79769220/medium.jpeg?1592632911,Manihot esculenta
https://static.inaturalist.org/photos/79769991/medium.jpeg?1592633560,Manihot esculenta
https://static.inaturalist.org/photos/79770756/medium.jpeg?1592634225,Manihot esculenta
https://static.inaturalist.org/photos/79787284/medium.jpg?1592647287,Manihot esculenta
https://static.inaturalist.org/photos/80038960/medium.jpeg?1592746991,Manihot esculenta
https://static.inaturalist.org/photos/80048141/medium.jpeg?1592750044,Manihot esculenta
https://static.inaturalist.org/photos/80156029/medium.jpeg?1592778771,Manihot esculenta
https://static.inaturalist.org/photos/80508884/medium.jpg?1592937600,Manihot esculenta
https://static.inaturalist.org/photos/81077747/medium.jpeg?1593215575,Manihot esculenta
https://static.inaturalist.org/photos/81173407/medium.jpeg?1593270632,Manihot esculenta
https://static.inaturalist.org/photos/81241831/medium.jpeg?1593290589,Manihot esculenta
https://static.inaturalist.org/photos/81407029/medium.jpeg?1593363453,Manihot esculenta
https://static.inaturalist.org/photos/81544113/medium.jpeg?1593406420,Manihot esculenta
https://static.inaturalist.org/photos/81561043/medium.jpg?1593419170,Manihot esculenta
https://static.inaturalist.org/photos/81812574/medium.jpg?1593537147,Manihot esculenta
https://static.inaturalist.org/photos/81854672/medium.jpg?1593551113,Manihot esculenta
https://static.inaturalist.org/photos/81983537/medium.jpeg?1593620363,Manihot esculenta
https://static.inaturalist.org/photos/82322506/medium.jpg?1593789642,Manihot esculenta
https://static.inaturalist.org/photos/82455462/medium.jpeg?1593852206,Manihot esculenta
https://static.inaturalist.org/photos/82629798/medium.jpeg?1593931090,Manihot esculenta
https://static.inaturalist.org/photos/83184257/medium.jpeg?1594177900,Manihot esculenta
https://static.inaturalist.org/photos/83199316/medium.jpeg?1594188325,Manihot esculenta
https://static.inaturalist.org/photos/83602969/medium.jpg?1594398237,Manihot esculenta
https://static.inaturalist.org/photos/83724895/medium.jpeg?1594461136,Manihot esculenta
https://static.inaturalist.org/photos/83894877/medium.jpeg?1594526435,Manihot esculenta
https://static.inaturalist.org/photos/83905677/medium.jpeg?1594533721,Manihot esculenta
https://static.inaturalist.org/photos/83983256/medium.jpg?1594570682,Manihot esculenta
https://static.inaturalist.org/photos/84069894/medium.jpg?1594593096,Manihot esculenta
https://static.inaturalist.org/photos/84122103/medium.jpg?1594613173,Manihot esculenta
https://static.inaturalist.org/photos/84131128/medium.jpg?1594619020,Manihot esculenta
https://static.inaturalist.org/photos/84575979/medium.jpg?1594840518,Manihot esculenta
https://static.inaturalist.org/photos/84640458/medium.jpg?1594868611,Manihot esculenta
https://static.inaturalist.org/photos/85197529/medium.jpg?1595134271,Manihot esculenta
https://static.inaturalist.org/photos/85207427/medium.jpeg?1595142194,Manihot esculenta
https://static.inaturalist.org/photos/85207634/medium.jpg?1595142335,Manihot esculenta
https://static.inaturalist.org/photos/85220941/medium.jpeg?1595151857,Manihot esculenta
https://static.inaturalist.org/photos/85659712/medium.jpg?1595345923,Manihot esculenta
https://static.inaturalist.org/photos/85961104/medium.jpg?1595495584,Manihot esculenta
https://static.inaturalist.org/photos/85967145/medium.jpg?1595501035,Manihot esculenta
