image_url,scientific_name
https://static.inaturalist.org/photos/882749/medium.jpg?1401309739,Blighia sapida
https://static.inaturalist.org/photos/882822/medium.jpg?1401313478,Blighia sapida
https://static.inaturalist.org/photos/2528476/medium.JPG?1444918825,Blighia sapida
https://static.inaturalist.org/photos/4805280/medium.jpg?1473267318,Blighia sapida
https://static.inaturalist.org/photos/5846411/medium.jpg?1482178562,Blighia sapida
https://static.inaturalist.org/photos/6040312/medium.jpeg?1484530944,Blighia sapida
https://static.inaturalist.org/photos/6616830/medium.jpg?1489832021,Blighia sapida
https://static.inaturalist.org/photos/8347090/medium.jpeg?1497124822,Blighia sapida
https://static.inaturalist.org/photos/11103609/medium.jpeg?1507694370,Blighia sapida
https://static.inaturalist.org/photos/11964937/medium.jpg?1511323263,Blighia sapida
https://static.inaturalist.org/photos/12640576/medium.jpg?1514736406,Blighia sapida
https://static.inaturalist.org/photos/12747864/medium.jpg?1515267338,Blighia sapida
https://static.inaturalist.org/photos/12901358/medium.jpeg?1515986971,Blighia sapida
https://static.inaturalist.org/photos/13211772/medium.jpg?1517323638,Blighia sapida
https://static.inaturalist.org/photos/13230837/medium.jpg?1517406705,Blighia sapida
https://static.inaturalist.org/photos/13455128/medium.jpg?1518390533,Blighia sapida
https://static.inaturalist.org/photos/14247530/medium.jpg?1521377689,Blighia sapida
https://static.inaturalist.org/photos/14247532/medium.jpg?1521377697,Blighia sapida
https://static.inaturalist.org/photos/14753578/medium.jpeg?1522723006,Blighia sapida
https://static.inaturalist.org/photos/20047407/medium.jpg?1529532767,Blighia sapida
https://static.inaturalist.org/photos/23720800/medium.jpeg?1535164925,Blighia sapida
https://static.inaturalist.org/photos/24124201/medium.jpeg?1535820780,Blighia sapida
https://static.inaturalist.org/photos/25684919/medium.jpeg?1538112183,Blighia sapida
https://static.inaturalist.org/photos/27070310/medium.jpg?1540233448,Blighia sapida
https://static.inaturalist.org/photos/27472782/medium.jpeg?1540942367,Blighia sapida
https://static.inaturalist.org/photos/28596597/medium.jpg?1543350094,Blighia sapida
https://static.inaturalist.org/photos/28984528/medium.png?1544328004,Blighia sapida
https://static.inaturalist.org/photos/29285713/medium.jpg?1545147591,Blighia sapida
https://static.inaturalist.org/photos/29413082/medium.jpg?1545503492,Blighia sapida
https://static.inaturalist.org/photos/30667994/medium.jpeg?1548534853,Blighia sapida
https://static.inaturalist.org/photos/30963735/medium.jpeg?1549203673,Blighia sapida
https://static.inaturalist.org/photos/34020615/medium.jpeg?1554313797,Blighia sapida
https://static.inaturalist.org/photos/35590525/medium.jpg?1556051513,Blighia sapida
https://static.inaturalist.org/photos/35647920/medium.jpg?1556112758,Blighia sapida
https://static.inaturalist.org/photos/35745369/medium.jpg?1556209570,Blighia sapida
https://static.inaturalist.org/photos/35799747/medium.jpeg?1556247411,Blighia sapida
https://static.inaturalist.org/photos/36167607/medium.jpeg?1556366799,Blighia sapida
https://static.inaturalist.org/photos/36205962/medium.jpeg?1556376316,Blighia sapida
https://static.inaturalist.org/photos/36571845/medium.jpeg?1556458985,Blighia sapida
https://static.inaturalist.org/photos/36649552/medium.jpeg?1556472277,Blighia sapida
https://static.inaturalist.org/photos/37250767/medium.jpeg?1556585642,Blighia sapida
https://static.inaturalist.org/photos/39004811/medium.jpeg?1557976383,Blighia sapida
https://static.inaturalist.org/photos/42998467/medium.jpeg?1561462393,Blighia sapida
https://static.inaturalist.org/photos/43029375/medium.jpeg?1561484259,Blighia sapida
https://static.inaturalist.org/photos/43443269/medium.jpg?1561843242,Blighia sapida
https://static.inaturalist.org/photos/44216868/medium.jpeg?1562513822,Blighia sapida
https://static.inaturalist.org/photos/44547750/medium.jpeg?1562786358,Blighia sapida
https://static.inaturalist.org/photos/45567836/medium.jpg?1563663226,Blighia sapida
https://static.inaturalist.org/photos/47041685/medium.jpeg?1564859634,Blighia sapida
https://static.inaturalist.org/photos/47248458/medium.jpeg?1565021024,Blighia sapida
https://static.inaturalist.org/photos/47410755/medium.jpeg?1565149424,Blighia sapida
https://static.inaturalist.org/photos/47412145/medium.jpeg?1565150726,Blighia sapida
https://static.inaturalist.org/photos/47720010/medium.jpeg?1565448913,Blighia sapida
https://static.inaturalist.org/photos/47899399/medium.jpg?1565567155,Blighia sapida
https://static.inaturalist.org/photos/47940347/medium.jpeg?1565610427,Blighia sapida
https://static.inaturalist.org/photos/48944824/medium.jpeg?1566470076,Blighia sapida
https://static.inaturalist.org/photos/49514049/medium.jpeg?1566931221,Blighia sapida
https://static.inaturalist.org/photos/49865798/medium.jpeg?1567231463,Blighia sapida
https://static.inaturalist.org/photos/50007843/medium.jpg?1567350891,Blighia sapida
https://static.inaturalist.org/photos/50244464/medium.jpeg?1567530326,Blighia sapida
https://static.inaturalist.org/photos/50306145/medium.jpeg?1567583031,Blighia sapida
https://static.inaturalist.org/photos/50969130/medium.jpg?1568152210,Blighia sapida
https://static.inaturalist.org/photos/51455967/medium.jpeg?1568581023,Blighia sapida
https://static.inaturalist.org/photos/52051851/medium.jpg?1569101477,Blighia sapida
https://static.inaturalist.org/photos/52689684/medium.jpeg?1569695260,Blighia sapida
https://static.inaturalist.org/photos/53605516/medium.jpeg?1570571157,Blighia sapida
https://static.inaturalist.org/photos/53727864/medium.jpg?1570717937,Blighia sapida
https://static.inaturalist.org/photos/54299848/medium.jpg?1571324982,Blighia sapida
https://static.inaturalist.org/photos/56174848/medium.jpg?1573580320,Blighia sapida
https://static.inaturalist.org/photos/56613350/medium.jpg?1574207238,Blighia sapida
https://static.inaturalist.org/photos/57090872/medium.jpg?1574885055,Blighia sapida
https://static.inaturalist.org/photos/57542032/medium.jpg?1575635817,Blighia sapida
https://static.inaturalist.org/photos/57765699/medium.jpg?1576000990,Blighia sapida
https://static.inaturalist.org/photos/58394485/medium.jpg?1577135768,Blighia sapida
https://static.inaturalist.org/photos/58487850/medium.jpeg?1577306634,Blighia sapida
https://static.inaturalist.org/photos/58595448/medium.jpg?1577478835,Blighia sapida
https://static.inaturalist.org/photos/58919105/medium.jpeg?1577971265,Blighia sapida
https://static.inaturalist.org/photos/59340253/medium.jpeg?1578594011,Blighia sapida
https://static.inaturalist.org/photos/59463768/medium.jpg?1578786243,Blighia sapida
https://static.inaturalist.org/photos/59499758/medium.jpg?1578838242,Blighia sapida
https://static.inaturalist.org/photos/59534886/medium.jpeg?1578876869,Blighia sapida
https://static.inaturalist.org/photos/60137106/medium.jpg?1579803817,Blighia sapida
https://static.inaturalist.org/photos/59998831/medium.jpeg?1579570286,Blighia sapida
https://static.inaturalist.org/photos/60005540/medium.jpg?1579578399,Blighia sapida
https://static.inaturalist.org/photos/61003352/medium.jpeg?1581085717,Blighia sapida
https://static.inaturalist.org/photos/62420492/medium.jpeg?1582984772,Blighia sapida
https://static.inaturalist.org/photos/62536790/medium.jpg?1583096521,Blighia sapida
https://static.inaturalist.org/photos/62800985/medium.jpg?1583429759,Blighia sapida
https://static.inaturalist.org/photos/63149824/medium.jpg?1583805017,Blighia sapida
https://static.inaturalist.org/photos/63279456/medium.jpeg?1583966045,Blighia sapida
https://static.inaturalist.org/photos/65688734/medium.jpg?1586047863,Blighia sapida
https://static.inaturalist.org/photos/65725077/medium.jpeg?1586079755,Blighia sapida
https://static.inaturalist.org/photos/66640205/medium.jpeg?1586692758,Blighia sapida
https://static.inaturalist.org/photos/68275798/medium.jpeg?1587681156,Blighia sapida
https://static.inaturalist.org/photos/68687482/medium.jpeg?1587801631,Blighia sapida
https://static.inaturalist.org/photos/69421450/medium.jpg?1587943685,Blighia sapida
https://static.inaturalist.org/photos/69652250/medium.jpeg?1588005090,Blighia sapida
https://static.inaturalist.org/photos/72195962/medium.jpg?1589145401,Blighia sapida
https://static.inaturalist.org/photos/75696296/medium.jpeg?1590750859,Blighia sapida
https://static.inaturalist.org/photos/76687617/medium.jpg?1591192595,Blighia sapida
https://static.inaturalist.org/photos/78410180/medium.jpeg?1592011837,Blighia sapida
https://static.inaturalist.org/photos/80107673/medium.jpeg?1592765437,Blighia sapida
https://static.inaturalist.org/photos/81796265/medium.jpeg?1593531903,Blighia sapida
https://static.inaturalist.org/photos/82466058/medium.jpg?1593860694,Blighia sapida
https://static.inaturalist.org/photos/83513752/medium.jpeg?1594342863,Blighia sapida
https://static.inaturalist.org/photos/86006593/medium.jpg?1595520334,Blighia sapida
