image_url,scientific_name
https://static.inaturalist.org/photos/44176/medium.jpg,Dioscorea bulbifera
https://static.inaturalist.org/photos/463774/medium.jpg?1376975644,Dioscorea bulbifera
https://static.inaturalist.org/photos/612661/medium.jpg?1387503217,Dioscorea bulbifera
https://static.inaturalist.org/photos/712881/medium.JPG?1444778705,Dioscorea bulbifera
https://static.inaturalist.org/photos/716266/medium.JPG?1444779498,Dioscorea bulbifera
https://static.inaturalist.org/photos/1225368/medium.jpg?1413316822,Dioscorea bulbifera
https://static.inaturalist.org/photos/1372575/medium.jpg?1416856870,Dioscorea bulbifera
https://static.inaturalist.org/photos/1471555/medium.jpg?1420735039,Dioscorea bulbifera
https://static.inaturalist.org/photos/1512701/medium.jpg?1422401187,Dioscorea bulbifera
https://static.inaturalist.org/photos/1808294/medium.jpg?1430874284,Dioscorea bulbifera
https://static.inaturalist.org/photos/1831258/medium.jpg?1431354221,Dioscorea bulbifera
https://static.inaturalist.org/photos/2040905/medium.jpg?1435112364,Dioscorea bulbifera
https://static.inaturalist.org/photos/2504158/medium.JPG?1444485103,Dioscorea bulbifera
https://static.inaturalist.org/photos/2523887/medium.jpg?1444825237,Dioscorea bulbifera
https://static.inaturalist.org/photos/2585943/medium.jpg?1446174377,Dioscorea bulbifera
https://static.inaturalist.org/photos/2586028/medium.jpg?1446175641,Dioscorea bulbifera
https://static.inaturalist.org/photos/2611640/medium.jpg?1446694670,Dioscorea bulbifera
https://static.inaturalist.org/photos/2885112/medium.jpeg?1452879096,Dioscorea bulbifera
https://static.inaturalist.org/photos/2891413/medium.jpg?1452998349,Dioscorea bulbifera
https://static.inaturalist.org/photos/3093538/medium.jpg?1456983709,Dioscorea bulbifera
https://static.inaturalist.org/photos/3324321/medium.jpg?1460224501,Dioscorea bulbifera
https://static.inaturalist.org/photos/3402602/medium.jpeg?1460965004,Dioscorea bulbifera
https://static.inaturalist.org/photos/3777846/medium.JPG?1463913728,Dioscorea bulbifera
https://static.inaturalist.org/photos/4141045/medium.jpeg?1467259850,Dioscorea bulbifera
https://static.inaturalist.org/photos/4455959/medium.jpg?1470491235,Dioscorea bulbifera
https://static.inaturalist.org/photos/4455971/medium.jpg?1470491300,Dioscorea bulbifera
https://static.inaturalist.org/photos/4492608/medium.jpeg?1470700920,Dioscorea bulbifera
https://static.inaturalist.org/photos/4562540/medium.jpg?1471213642,Dioscorea bulbifera
https://static.inaturalist.org/photos/4627690/medium.jpeg?1471781714,Dioscorea bulbifera
https://static.inaturalist.org/photos/4639180/medium.jpg?1471870923,Dioscorea bulbifera
https://static.inaturalist.org/photos/4661776/medium.jpg?1472073612,Dioscorea bulbifera
https://static.inaturalist.org/photos/4678183/medium.jpg?1472237260,Dioscorea bulbifera
https://static.inaturalist.org/photos/4793531/medium.jpg?1473173478,Dioscorea bulbifera
https://static.inaturalist.org/photos/5143367/medium.jpg?1475815910,Dioscorea bulbifera
https://static.inaturalist.org/photos/5432835/medium.jpeg?1478306257,Dioscorea bulbifera
https://static.inaturalist.org/photos/5492277/medium.jpg?1478904994,Dioscorea bulbifera
https://static.inaturalist.org/photos/5498543/medium.jpg?1478965701,Dioscorea bulbifera
https://static.inaturalist.org/photos/5502851/medium.jpg?1478993736,Dioscorea bulbifera
https://static.inaturalist.org/photos/5565331/medium.jpg?1479613557,Dioscorea bulbifera
https://static.inaturalist.org/photos/5752742/medium.jpg?1481317342,Dioscorea bulbifera
https://static.inaturalist.org/photos/5779491/medium.jpeg?1481386007,Dioscorea bulbifera
https://static.inaturalist.org/photos/5779771/medium.jpg?1481389141,Dioscorea bulbifera
https://static.inaturalist.org/photos/5834558/medium.jpg?1482014907,Dioscorea bulbifera
https://static.inaturalist.org/photos/5834596/medium.jpg?1482015019,Dioscorea bulbifera
https://static.inaturalist.org/photos/5867113/medium.jpeg?1482476372,Dioscorea bulbifera
https://static.inaturalist.org/photos/5872401/medium.jpg?1482555883,Dioscorea bulbifera
https://static.inaturalist.org/photos/5874525/medium.jpeg?1482601380,Dioscorea bulbifera
https://static.inaturalist.org/photos/5876280/medium.jpg?1482622019,Dioscorea bulbifera
https://static.inaturalist.org/photos/5885993/medium.jpg?1482791149,Dioscorea bulbifera
https://static.inaturalist.org/photos/5892490/medium.jpg?1482873779,Dioscorea bulbifera
https://static.inaturalist.org/photos/5892580/medium.jpg?1482874038,Dioscorea bulbifera
https://static.inaturalist.org/photos/5908624/medium.jpg?1483056697,Dioscorea bulbifera
https://static.inaturalist.org/photos/5908625/medium.jpg?1483056702,Dioscorea bulbifera
https://static.inaturalist.org/photos/5908692/medium.jpg?1483056945,Dioscorea bulbifera
https://static.inaturalist.org/photos/5941833/medium.jpg?1483415695,Dioscorea bulbifera
https://static.inaturalist.org/photos/5975968/medium.jpg?1483830673,Dioscorea bulbifera
https://static.inaturalist.org/photos/5976130/medium.jpg?1483831107,Dioscorea bulbifera
https://static.inaturalist.org/photos/6034181/medium.jpeg?1484457831,Dioscorea bulbifera
https://static.inaturalist.org/photos/6132232/medium.jpg?1485538267,Dioscorea bulbifera
https://static.inaturalist.org/photos/6340676/medium.jpg?1487691691,Dioscorea bulbifera
https://static.inaturalist.org/photos/6342931/medium.jpg?1487709954,Dioscorea bulbifera
https://static.inaturalist.org/photos/6502043/medium.jpeg?1489026029,Dioscorea bulbifera
https://static.inaturalist.org/photos/6617373/medium.jpg?1489842456,Dioscorea bulbifera
https://static.inaturalist.org/photos/6776142/medium.jpg?1490792777,Dioscorea bulbifera
https://static.inaturalist.org/photos/7008027/medium.jpeg?1492007734,Dioscorea bulbifera
https://static.inaturalist.org/photos/7155962/medium.jpeg?1492373091,Dioscorea bulbifera
https://static.inaturalist.org/photos/7645961/medium.jpg?1494075955,Dioscorea bulbifera
https://static.inaturalist.org/photos/7727619/medium.jpeg?1494445203,Dioscorea bulbifera
https://static.inaturalist.org/photos/7925869/medium.jpeg?1495332642,Dioscorea bulbifera
https://static.inaturalist.org/photos/8151337/medium.jpg?1496277139,Dioscorea bulbifera
https://static.inaturalist.org/photos/8259289/medium.jpg?1496749378,Dioscorea bulbifera
https://static.inaturalist.org/photos/8291377/medium.jpg?1496881158,Dioscorea bulbifera
https://static.inaturalist.org/photos/8728187/medium.jpeg?1498764951,Dioscorea bulbifera
https://static.inaturalist.org/photos/8728672/medium.jpg?1498766266,Dioscorea bulbifera
https://static.inaturalist.org/photos/8901496/medium.jpg?1499472729,Dioscorea bulbifera
https://static.inaturalist.org/photos/9021365/medium.jpeg?1499914128,Dioscorea bulbifera
https://static.inaturalist.org/photos/9093084/medium.jpeg?1500238348,Dioscorea bulbifera
https://static.inaturalist.org/photos/9190089/medium.jpeg?1500603967,Dioscorea bulbifera
https://static.inaturalist.org/photos/9231615/medium.jpg?1500770559,Dioscorea bulbifera
https://static.inaturalist.org/photos/9305827/medium.jpg?1501036562,Dioscorea bulbifera
https://static.inaturalist.org/photos/9326378/medium.jpg?1501112557,Dioscorea bulbifera
https://static.inaturalist.org/photos/9571772/medium.jpeg?1502040865,Dioscorea bulbifera
https://static.inaturalist.org/photos/9630037/medium.jpeg?1502234639,Dioscorea bulbifera
https://static.inaturalist.org/photos/9782415/medium.jpeg?1502811179,Dioscorea bulbifera
https://static.inaturalist.org/photos/9794388/medium.jpeg?1502846426,Dioscorea bulbifera
https://static.inaturalist.org/photos/9889003/medium.jpg?1503250588,Dioscorea bulbifera
https://static.inaturalist.org/photos/9942597/medium.jpg?1503431666,Dioscorea bulbifera
https://static.inaturalist.org/photos/10118269/medium.jpg?1504111041,Dioscorea bulbifera
https://static.inaturalist.org/photos/10181000/medium.jpeg?1504387300,Dioscorea bulbifera
https://static.inaturalist.org/photos/10181017/medium.jpeg?1504387318,Dioscorea bulbifera
https://static.inaturalist.org/photos/10222580/medium.jpg?1504545001,Dioscorea bulbifera
https://static.inaturalist.org/photos/10222584/medium.jpg?1504545009,Dioscorea bulbifera
https://static.inaturalist.org/photos/10236399/medium.jpg?1504573031,Dioscorea bulbifera
https://static.inaturalist.org/photos/10423366/medium.jpg?1505306350,Dioscorea bulbifera
https://static.inaturalist.org/photos/10662770/medium.jpg?1506148736,Dioscorea bulbifera
https://static.inaturalist.org/photos/10708064/medium.jpeg?1506289335,Dioscorea bulbifera
https://static.inaturalist.org/photos/10851330/medium.jpeg?1506808162,Dioscorea bulbifera
https://static.inaturalist.org/photos/10962170/medium.jpg?1507176055,Dioscorea bulbifera
https://static.inaturalist.org/photos/10973849/medium.jpg?1507237179,Dioscorea bulbifera
https://static.inaturalist.org/photos/11000814/medium.jpg?1507345497,Dioscorea bulbifera
https://static.inaturalist.org/photos/11111240/medium.jpg?1507739256,Dioscorea bulbifera
https://static.inaturalist.org/photos/11157199/medium.jpeg?1507922577,Dioscorea bulbifera
https://static.inaturalist.org/photos/11171349/medium.jpg?1507985544,Dioscorea bulbifera
https://static.inaturalist.org/photos/11326145/medium.jpg?1508605278,Dioscorea bulbifera
https://static.inaturalist.org/photos/11454158/medium.jpg?1509088892,Dioscorea bulbifera
https://static.inaturalist.org/photos/11691162/medium.jpg?1510025353,Dioscorea bulbifera
https://static.inaturalist.org/photos/14470372/medium.jpg?1522006472,Dioscorea bulbifera
https://static.inaturalist.org/photos/12093342/medium.jpg?1511903118,Dioscorea bulbifera
https://static.inaturalist.org/photos/12096316/medium.jpg?1511908537,Dioscorea bulbifera
https://static.inaturalist.org/photos/12097993/medium.jpg?1511912147,Dioscorea bulbifera
https://static.inaturalist.org/photos/12097994/medium.jpg?1511912152,Dioscorea bulbifera
https://static.inaturalist.org/photos/12543199/medium.jpg?1514247516,Dioscorea bulbifera
https://static.inaturalist.org/photos/12551606/medium.jpg?1514307629,Dioscorea bulbifera
https://static.inaturalist.org/photos/12559290/medium.jpeg?1514340610,Dioscorea bulbifera
https://static.inaturalist.org/photos/12653186/medium.jpg?1514775950,Dioscorea bulbifera
https://static.inaturalist.org/photos/12697027/medium.jpeg?1514992367,Dioscorea bulbifera
https://static.inaturalist.org/photos/12707903/medium.jpeg?1515041218,Dioscorea bulbifera
https://static.inaturalist.org/photos/12777046/medium.jpg?1515379887,Dioscorea bulbifera
https://static.inaturalist.org/photos/12846775/medium.jpeg?1515748566,Dioscorea bulbifera
https://static.inaturalist.org/photos/12861023/medium.jpeg?1515817294,Dioscorea bulbifera
https://static.inaturalist.org/photos/12876612/medium.jpg?1515894507,Dioscorea bulbifera
https://static.inaturalist.org/photos/12895068/medium.jpeg?1515971131,Dioscorea bulbifera
https://static.inaturalist.org/photos/12907354/medium.jpeg?1516021001,Dioscorea bulbifera
https://static.inaturalist.org/photos/12909221/medium.jpg?1516032259,Dioscorea bulbifera
https://static.inaturalist.org/photos/13004230/medium.jpg?1516419453,Dioscorea bulbifera
https://static.inaturalist.org/photos/13009806/medium.jpg?1516456071,Dioscorea bulbifera
https://static.inaturalist.org/photos/13514293/medium.jpg?1518664688,Dioscorea bulbifera
https://static.inaturalist.org/photos/13625904/medium.jpeg?1519102691,Dioscorea bulbifera
https://static.inaturalist.org/photos/13729682/medium.jpg?1519560039,Dioscorea bulbifera
https://static.inaturalist.org/photos/13627949/medium.jpeg?1519114977,Dioscorea bulbifera
https://static.inaturalist.org/photos/13628947/medium.jpeg?1519128877,Dioscorea bulbifera
https://static.inaturalist.org/photos/14154226/medium.jpeg?1521065467,Dioscorea bulbifera
https://static.inaturalist.org/photos/14281225/medium.jpg?1521468742,Dioscorea bulbifera
https://static.inaturalist.org/photos/14284719/medium.jpg?1521478339,Dioscorea bulbifera
https://static.inaturalist.org/photos/14333653/medium.jpeg?1521611689,Dioscorea bulbifera
https://static.inaturalist.org/photos/14471143/medium.jpg?1522007936,Dioscorea bulbifera
https://static.inaturalist.org/photos/15790782/medium.jpg?1524119845,Dioscorea bulbifera
https://static.inaturalist.org/photos/16398829/medium.jpg?1524835563,Dioscorea bulbifera
https://static.inaturalist.org/photos/16403095/medium.jpeg?1524837683,Dioscorea bulbifera
https://static.inaturalist.org/photos/16482448/medium.jpg?1524866661,Dioscorea bulbifera
https://static.inaturalist.org/photos/16537783/medium.jpeg?1524889444,Dioscorea bulbifera
https://static.inaturalist.org/photos/16608022/medium.jpg?1524934122,Dioscorea bulbifera
https://static.inaturalist.org/photos/16867846/medium.jpg?1525036455,Dioscorea bulbifera
https://static.inaturalist.org/photos/17113571/medium.jpg?1525138327,Dioscorea bulbifera
https://static.inaturalist.org/photos/17163696/medium.jpg?1525170205,Dioscorea bulbifera
https://static.inaturalist.org/photos/17397375/medium.jpeg?1525433186,Dioscorea bulbifera
https://static.inaturalist.org/photos/17449741/medium.jpeg?1525524883,Dioscorea bulbifera
https://static.inaturalist.org/photos/17520827/medium.jpg?1525624640,Dioscorea bulbifera
https://static.inaturalist.org/photos/17553831/medium.jpeg?1525654365,Dioscorea bulbifera
https://static.inaturalist.org/photos/18028951/medium.jpeg?1526412335,Dioscorea bulbifera
https://static.inaturalist.org/photos/18051526/medium.jpg?1526439933,Dioscorea bulbifera
https://static.inaturalist.org/photos/18171039/medium.jpeg?1526652366,Dioscorea bulbifera
https://static.inaturalist.org/photos/18225141/medium.jpg?1526744450,Dioscorea bulbifera
https://static.inaturalist.org/photos/18357775/medium.jpeg?1526924562,Dioscorea bulbifera
https://static.inaturalist.org/photos/18728264/medium.jpeg?1527528614,Dioscorea bulbifera
https://static.inaturalist.org/photos/18735427/medium.jpg?1527535707,Dioscorea bulbifera
https://static.inaturalist.org/photos/18928876/medium.jpeg?1527865066,Dioscorea bulbifera
https://static.inaturalist.org/photos/19060814/medium.jpg?1528051006,Dioscorea bulbifera
https://static.inaturalist.org/photos/19138879/medium.jpg?1528154112,Dioscorea bulbifera
https://static.inaturalist.org/photos/19158138/medium.jpg?1528184914,Dioscorea bulbifera
https://static.inaturalist.org/photos/19208586/medium.jpg?1528245742,Dioscorea bulbifera
https://static.inaturalist.org/photos/19208651/medium.jpg?1528245801,Dioscorea bulbifera
https://static.inaturalist.org/photos/19208691/medium.jpg?1528245839,Dioscorea bulbifera
https://static.inaturalist.org/photos/19209148/medium.jpg?1528246212,Dioscorea bulbifera
https://static.inaturalist.org/photos/19209259/medium.jpg?1528246271,Dioscorea bulbifera
https://static.inaturalist.org/photos/19209482/medium.jpg?1528246451,Dioscorea bulbifera
https://static.inaturalist.org/photos/19261312/medium.jpg?1528308218,Dioscorea bulbifera
https://static.inaturalist.org/photos/19263504/medium.jpg?1528310131,Dioscorea bulbifera
https://static.inaturalist.org/photos/19285820/medium.jpeg?1528333916,Dioscorea bulbifera
https://static.inaturalist.org/photos/19350842/medium.jpg?1528465114,Dioscorea bulbifera
https://static.inaturalist.org/photos/19408737/medium.jpg?1528557991,Dioscorea bulbifera
https://static.inaturalist.org/photos/19416552/medium.jpeg?1528566744,Dioscorea bulbifera
https://static.inaturalist.org/photos/19466748/medium.jpg?1528637012,Dioscorea bulbifera
https://static.inaturalist.org/photos/19547588/medium.jpg?1528741935,Dioscorea bulbifera
https://static.inaturalist.org/photos/19865804/medium.jpeg?1529254801,Dioscorea bulbifera
https://static.inaturalist.org/photos/20415304/medium.jpeg?1530120230,Dioscorea bulbifera
https://static.inaturalist.org/photos/20479213/medium.jpg?1530227426,Dioscorea bulbifera
https://static.inaturalist.org/photos/20497022/medium.jpeg?1530267174,Dioscorea bulbifera
https://static.inaturalist.org/photos/20550237/medium.jpg?1530366875,Dioscorea bulbifera
https://static.inaturalist.org/photos/20604633/medium.jpg?1530443867,Dioscorea bulbifera
https://static.inaturalist.org/photos/20699269/medium.jpg?1530573528,Dioscorea bulbifera
https://static.inaturalist.org/photos/20699561/medium.jpg?1530573866,Dioscorea bulbifera
https://static.inaturalist.org/photos/20700027/medium.jpg?1530574370,Dioscorea bulbifera
https://static.inaturalist.org/photos/20829581/medium.jpg?1530799631,Dioscorea bulbifera
https://static.inaturalist.org/photos/20936021/medium.jpg?1530970822,Dioscorea bulbifera
https://static.inaturalist.org/photos/20989323/medium.jpg?1531034683,Dioscorea bulbifera
https://static.inaturalist.org/photos/21054623/medium.jpeg?1531139150,Dioscorea bulbifera
https://static.inaturalist.org/photos/21170032/medium.jpg?1531325736,Dioscorea bulbifera
https://static.inaturalist.org/photos/21233442/medium.jpeg?1531428368,Dioscorea bulbifera
https://static.inaturalist.org/photos/22129328/medium.jpeg?1532770417,Dioscorea bulbifera
https://static.inaturalist.org/photos/22129474/medium.jpeg?1532770821,Dioscorea bulbifera
https://static.inaturalist.org/photos/22134081/medium.jpeg?1532780437,Dioscorea bulbifera
https://static.inaturalist.org/photos/22176074/medium.jpeg?1532819270,Dioscorea bulbifera
https://static.inaturalist.org/photos/22527277/medium.jpg?1533330165,Dioscorea bulbifera
https://static.inaturalist.org/photos/22994609/medium.jpeg?1534084367,Dioscorea bulbifera
https://static.inaturalist.org/photos/22994693/medium.jpg?1534084461,Dioscorea bulbifera
https://static.inaturalist.org/photos/23001948/medium.jpg?1534091419,Dioscorea bulbifera
https://static.inaturalist.org/photos/23012706/medium.jpg?1534101948,Dioscorea bulbifera
https://static.inaturalist.org/photos/23070459/medium.jpeg?1534180500,Dioscorea bulbifera
https://static.inaturalist.org/photos/23402661/medium.jpeg?1534677639,Dioscorea bulbifera
https://static.inaturalist.org/photos/23496613/medium.jpg?1534801446,Dioscorea bulbifera
https://static.inaturalist.org/photos/23507618/medium.jpg?1534814252,Dioscorea bulbifera
https://static.inaturalist.org/photos/23617801/medium.jpeg?1534992768,Dioscorea bulbifera
https://static.inaturalist.org/photos/23682000/medium.jpg?1535110579,Dioscorea bulbifera
https://static.inaturalist.org/photos/23825633/medium.jpeg?1535323981,Dioscorea bulbifera
https://static.inaturalist.org/photos/24025418/medium.jpg?1535658049,Dioscorea bulbifera
https://static.inaturalist.org/photos/24064603/medium.jpeg?1535727712,Dioscorea bulbifera
https://static.inaturalist.org/photos/24152832/medium.jpg?1535851441,Dioscorea bulbifera
https://static.inaturalist.org/photos/24164489/medium.jpeg?1535870290,Dioscorea bulbifera
https://static.inaturalist.org/photos/24199886/medium.jpeg?1535921427,Dioscorea bulbifera
https://static.inaturalist.org/photos/24393456/medium.jpg?1536204313,Dioscorea bulbifera
https://static.inaturalist.org/photos/24455236/medium.jpg?1536325930,Dioscorea bulbifera
https://static.inaturalist.org/photos/24613535/medium.jpg?1536532548,Dioscorea bulbifera
https://static.inaturalist.org/photos/24716077/medium.jpg?1536692325,Dioscorea bulbifera
https://static.inaturalist.org/photos/24829436/medium.jpeg?1536866106,Dioscorea bulbifera
https://static.inaturalist.org/photos/24845898/medium.jpg?1536885513,Dioscorea bulbifera
https://static.inaturalist.org/photos/24955808/medium.jpeg?1537053841,Dioscorea bulbifera
https://static.inaturalist.org/photos/25132019/medium.jpg?1537299362,Dioscorea bulbifera
https://static.inaturalist.org/photos/25138172/medium.jpeg?1537306164,Dioscorea bulbifera
https://static.inaturalist.org/photos/25193323/medium.jpg?1537398203,Dioscorea bulbifera
https://static.inaturalist.org/photos/25238415/medium.jpg?1537472457,Dioscorea bulbifera
https://static.inaturalist.org/photos/25317733/medium.jpg?1537569548,Dioscorea bulbifera
https://static.inaturalist.org/photos/25440977/medium.jpg?1537737974,Dioscorea bulbifera
https://static.inaturalist.org/photos/25490978/medium.jpg?1537813308,Dioscorea bulbifera
https://static.inaturalist.org/photos/25531527/medium.jpeg?1537880594,Dioscorea bulbifera
https://static.inaturalist.org/photos/25617788/medium.jpg?1538005558,Dioscorea bulbifera
https://static.inaturalist.org/photos/25894304/medium.jpg?1538413841,Dioscorea bulbifera
https://static.inaturalist.org/photos/26094562/medium.jpg?1538741552,Dioscorea bulbifera
https://static.inaturalist.org/photos/26095883/medium.jpg?1538744334,Dioscorea bulbifera
https://static.inaturalist.org/photos/26104180/medium.jpg?1538755786,Dioscorea bulbifera
https://static.inaturalist.org/photos/26159666/medium.jpg?1538842546,Dioscorea bulbifera
https://static.inaturalist.org/photos/26160940/medium.jpeg?1538843653,Dioscorea bulbifera
https://static.inaturalist.org/photos/26164338/medium.jpg?1538846891,Dioscorea bulbifera
https://static.inaturalist.org/photos/26216431/medium.jpeg?1538922927,Dioscorea bulbifera
https://static.inaturalist.org/photos/26217086/medium.jpeg?1538923675,Dioscorea bulbifera
https://static.inaturalist.org/photos/26238783/medium.jpeg?1538943949,Dioscorea bulbifera
https://static.inaturalist.org/photos/26243116/medium.jpg?1538947092,Dioscorea bulbifera
https://static.inaturalist.org/photos/26247683/medium.jpg?1538950387,Dioscorea bulbifera
https://static.inaturalist.org/photos/26257581/medium.jpeg?1538959609,Dioscorea bulbifera
https://static.inaturalist.org/photos/26283720/medium.jpeg?1539008369,Dioscorea bulbifera
https://static.inaturalist.org/photos/26308786/medium.jpg?1539035167,Dioscorea bulbifera
https://static.inaturalist.org/photos/26319469/medium.jpg?1539046660,Dioscorea bulbifera
https://static.inaturalist.org/photos/26448737/medium.jpg?1539271630,Dioscorea bulbifera
https://static.inaturalist.org/photos/26495469/medium.jpg?1539348933,Dioscorea bulbifera
https://static.inaturalist.org/photos/26529351/medium.jpg?1539388505,Dioscorea bulbifera
https://static.inaturalist.org/photos/26530811/medium.jpeg?1539390429,Dioscorea bulbifera
https://static.inaturalist.org/photos/26567263/medium.jpg?1539455445,Dioscorea bulbifera
https://static.inaturalist.org/photos/26581514/medium.jpg?1539469619,Dioscorea bulbifera
https://static.inaturalist.org/photos/26583793/medium.jpeg?1539471864,Dioscorea bulbifera
https://static.inaturalist.org/photos/26706343/medium.jpeg?1539640302,Dioscorea bulbifera
https://static.inaturalist.org/photos/26712102/medium.jpeg?1539647901,Dioscorea bulbifera
https://static.inaturalist.org/photos/26753514/medium.jpeg?1539721934,Dioscorea bulbifera
https://static.inaturalist.org/photos/26772075/medium.jpg?1539746088,Dioscorea bulbifera
https://static.inaturalist.org/photos/26846527/medium.jpg?1539887107,Dioscorea bulbifera
https://static.inaturalist.org/photos/26938343/medium.jpg?1540048002,Dioscorea bulbifera
https://static.inaturalist.org/photos/26968028/medium.jpg?1540077515,Dioscorea bulbifera
https://static.inaturalist.org/photos/27001626/medium.jpg?1540139685,Dioscorea bulbifera
https://static.inaturalist.org/photos/27043374/medium.jpeg?1540179680,Dioscorea bulbifera
https://static.inaturalist.org/photos/27316240/medium.jpg?1540678134,Dioscorea bulbifera
https://static.inaturalist.org/photos/27399040/medium.jpg?1540822624,Dioscorea bulbifera
https://static.inaturalist.org/photos/27454152/medium.jpg?1540920506,Dioscorea bulbifera
https://static.inaturalist.org/photos/27413166/medium.jpg?1540842296,Dioscorea bulbifera
https://static.inaturalist.org/photos/27413126/medium.jpg?1540842229,Dioscorea bulbifera
https://static.inaturalist.org/photos/27506686/medium.jpg?1541020521,Dioscorea bulbifera
https://static.inaturalist.org/photos/27522584/medium.jpg?1541052954,Dioscorea bulbifera
https://static.inaturalist.org/photos/27752811/medium.jpg?1541477671,Dioscorea bulbifera
https://static.inaturalist.org/photos/27621427/medium.jpeg?1541271527,Dioscorea bulbifera
https://static.inaturalist.org/photos/27657262/medium.jpg?1541336264,Dioscorea bulbifera
https://static.inaturalist.org/photos/27949311/medium.jpg?1541804344,Dioscorea bulbifera
https://static.inaturalist.org/photos/27979786/medium.jpg?1541882892,Dioscorea bulbifera
https://static.inaturalist.org/photos/28213297/medium.jpg?1542481899,Dioscorea bulbifera
https://static.inaturalist.org/photos/28255303/medium.jpeg?1542566804,Dioscorea bulbifera
https://static.inaturalist.org/photos/28394045/medium.jpg?1542905680,Dioscorea bulbifera
https://static.inaturalist.org/photos/28410005/medium.jpeg?1542935724,Dioscorea bulbifera
https://static.inaturalist.org/photos/28436226/medium.jpg?1543007190,Dioscorea bulbifera
https://static.inaturalist.org/photos/28458741/medium.jpeg?1543056821,Dioscorea bulbifera
https://static.inaturalist.org/photos/28503344/medium.jpeg?1543154452,Dioscorea bulbifera
https://static.inaturalist.org/photos/28873427/medium.jpg?1544038537,Dioscorea bulbifera
https://static.inaturalist.org/photos/28918754/medium.jpeg?1544156424,Dioscorea bulbifera
https://static.inaturalist.org/photos/28975647/medium.jpg?1544311919,Dioscorea bulbifera
https://static.inaturalist.org/photos/29037992/medium.jpg?1544461371,Dioscorea bulbifera
https://static.inaturalist.org/photos/29320615/medium.jpg?1545249601,Dioscorea bulbifera
https://static.inaturalist.org/photos/29410177/medium.jpg?1545497755,Dioscorea bulbifera
https://static.inaturalist.org/photos/29660789/medium.jpg?1546121054,Dioscorea bulbifera
https://static.inaturalist.org/photos/29675119/medium.jpg?1546147100,Dioscorea bulbifera
https://static.inaturalist.org/photos/29732332/medium.jpg?1546282405,Dioscorea bulbifera
https://static.inaturalist.org/photos/29804935/medium.jpg?1546454370,Dioscorea bulbifera
https://static.inaturalist.org/photos/29817254/medium.jpg?1546477632,Dioscorea bulbifera
https://static.inaturalist.org/photos/29821225/medium.jpg?1546483963,Dioscorea bulbifera
https://static.inaturalist.org/photos/29904212/medium.jpg?1546681090,Dioscorea bulbifera
https://static.inaturalist.org/photos/29991045/medium.jpg?1546870853,Dioscorea bulbifera
https://static.inaturalist.org/photos/30250756/medium.jpg?1547502455,Dioscorea bulbifera
https://static.inaturalist.org/photos/30371754/medium.jpg?1547840716,Dioscorea bulbifera
https://static.inaturalist.org/photos/30551118/medium.jpeg?1548234915,Dioscorea bulbifera
https://static.inaturalist.org/photos/30551125/medium.jpeg?1548234939,Dioscorea bulbifera
https://static.inaturalist.org/photos/30633653/medium.jpeg?1548450464,Dioscorea bulbifera
https://static.inaturalist.org/photos/30699591/medium.jpg?1548599172,Dioscorea bulbifera
https://static.inaturalist.org/photos/30962528/medium.jpeg?1549200315,Dioscorea bulbifera
https://static.inaturalist.org/photos/30978695/medium.jpg?1549228564,Dioscorea bulbifera
https://static.inaturalist.org/photos/31005125/medium.jpg?1549290607,Dioscorea bulbifera
https://static.inaturalist.org/photos/31153634/medium.jpeg?1549561427,Dioscorea bulbifera
https://static.inaturalist.org/photos/31229169/medium.jpg?1549741603,Dioscorea bulbifera
https://static.inaturalist.org/photos/31229240/medium.jpg?1549741736,Dioscorea bulbifera
https://static.inaturalist.org/photos/31342279/medium.jpg?1549980901,Dioscorea bulbifera
https://static.inaturalist.org/photos/31419919/medium.jpg?1550172768,Dioscorea bulbifera
https://static.inaturalist.org/photos/31435101/medium.jpeg?1550206496,Dioscorea bulbifera
https://static.inaturalist.org/photos/31670812/medium.jpeg?1550700928,Dioscorea bulbifera
https://static.inaturalist.org/photos/31670984/medium.jpeg?1550701132,Dioscorea bulbifera
https://static.inaturalist.org/photos/31671325/medium.jpeg?1550701620,Dioscorea bulbifera
https://static.inaturalist.org/photos/31671446/medium.jpeg?1550701776,Dioscorea bulbifera
https://static.inaturalist.org/photos/31896135/medium.jpg?1550935661,Dioscorea bulbifera
https://static.inaturalist.org/photos/31908986/medium.jpg?1550941233,Dioscorea bulbifera
https://static.inaturalist.org/photos/31910511/medium.jpg?1550943093,Dioscorea bulbifera
https://static.inaturalist.org/photos/32054604/medium.jpg?1551206853,Dioscorea bulbifera
https://static.inaturalist.org/photos/32396224/medium.jpg?1551821937,Dioscorea bulbifera
https://static.inaturalist.org/photos/32405145/medium.jpg?1551833540,Dioscorea bulbifera
https://static.inaturalist.org/photos/32409206/medium.jpg?1551839424,Dioscorea bulbifera
https://static.inaturalist.org/photos/32410191/medium.jpg?1551840828,Dioscorea bulbifera
https://static.inaturalist.org/photos/32484585/medium.jpeg?1551987880,Dioscorea bulbifera
https://static.inaturalist.org/photos/32485012/medium.jpeg?1551988469,Dioscorea bulbifera
https://static.inaturalist.org/photos/32492619/medium.jpg?1551998293,Dioscorea bulbifera
https://static.inaturalist.org/photos/32909088/medium.jpeg?1552741644,Dioscorea bulbifera
https://static.inaturalist.org/photos/33447172/medium.jpg?1553543650,Dioscorea bulbifera
https://static.inaturalist.org/photos/33841307/medium.jpeg?1554067104,Dioscorea bulbifera
https://static.inaturalist.org/photos/33862765/medium.jpeg?1554085903,Dioscorea bulbifera
https://static.inaturalist.org/photos/33907226/medium.jpg?1554150829,Dioscorea bulbifera
https://static.inaturalist.org/photos/34113778/medium.jpeg?1554433574,Dioscorea bulbifera
https://static.inaturalist.org/photos/34952834/medium.jpg?1555428678,Dioscorea bulbifera
https://static.inaturalist.org/photos/35149046/medium.jpeg?1555633843,Dioscorea bulbifera
https://static.inaturalist.org/photos/35495876/medium.jpeg?1555961380,Dioscorea bulbifera
https://static.inaturalist.org/photos/35543569/medium.jpeg?1555999430,Dioscorea bulbifera
https://static.inaturalist.org/photos/35593287/medium.jpeg?1556053386,Dioscorea bulbifera
https://static.inaturalist.org/photos/35820518/medium.jpeg?1556264524,Dioscorea bulbifera
https://static.inaturalist.org/photos/35846263/medium.jpeg?1556283416,Dioscorea bulbifera
https://static.inaturalist.org/photos/35857693/medium.jpg?1556287230,Dioscorea bulbifera
https://static.inaturalist.org/photos/35883332/medium.jpg?1556293333,Dioscorea bulbifera
https://static.inaturalist.org/photos/35958118/medium.jpg?1556307767,Dioscorea bulbifera
https://static.inaturalist.org/photos/35975361/medium.jpg?1556310995,Dioscorea bulbifera
https://static.inaturalist.org/photos/36177490/medium.jpeg?1556370003,Dioscorea bulbifera
https://static.inaturalist.org/photos/36185141/medium.jpg?1556372123,Dioscorea bulbifera
https://static.inaturalist.org/photos/36198721/medium.jpg?1556375054,Dioscorea bulbifera
https://static.inaturalist.org/photos/36378293/medium.jpeg?1556404167,Dioscorea bulbifera
https://static.inaturalist.org/photos/36588201/medium.jpg?1556462319,Dioscorea bulbifera
https://static.inaturalist.org/photos/36645815/medium.jpeg?1556471687,Dioscorea bulbifera
https://static.inaturalist.org/photos/36751044/medium.jpeg?1556488243,Dioscorea bulbifera
https://static.inaturalist.org/photos/36858842/medium.jpeg?1556504999,Dioscorea bulbifera
https://static.inaturalist.org/photos/36938914/medium.jpeg?1556525086,Dioscorea bulbifera
https://static.inaturalist.org/photos/37001378/medium.jpeg?1556546528,Dioscorea bulbifera
https://static.inaturalist.org/photos/37017527/medium.jpeg?1556549342,Dioscorea bulbifera
https://static.inaturalist.org/photos/37097131/medium.jpg?1556562345,Dioscorea bulbifera
https://static.inaturalist.org/photos/37134846/medium.jpg?1556568356,Dioscorea bulbifera
https://static.inaturalist.org/photos/37168075/medium.jpeg?1556573586,Dioscorea bulbifera
https://static.inaturalist.org/photos/37336148/medium.jpg?1556598720,Dioscorea bulbifera
https://static.inaturalist.org/photos/37450169/medium.jpeg?1556657449,Dioscorea bulbifera
https://static.inaturalist.org/photos/37450599/medium.jpeg?1556657612,Dioscorea bulbifera
https://static.inaturalist.org/photos/37453381/medium.jpeg?1556658762,Dioscorea bulbifera
https://static.inaturalist.org/photos/37495755/medium.jpeg?1556678810,Dioscorea bulbifera
https://static.inaturalist.org/photos/37607429/medium.jpeg?1556748664,Dioscorea bulbifera
https://static.inaturalist.org/photos/37624613/medium.jpeg?1556758210,Dioscorea bulbifera
https://static.inaturalist.org/photos/37783731/medium.jpeg?1556884724,Dioscorea bulbifera
https://static.inaturalist.org/photos/37843684/medium.jpg?1556925630,Dioscorea bulbifera
https://static.inaturalist.org/photos/37893440/medium.jpeg?1556973708,Dioscorea bulbifera
https://static.inaturalist.org/photos/38022112/medium.jpg?1557066471,Dioscorea bulbifera
https://static.inaturalist.org/photos/38058969/medium.jpg?1557086298,Dioscorea bulbifera
https://static.inaturalist.org/photos/38062560/medium.jpg?1557088117,Dioscorea bulbifera
https://static.inaturalist.org/photos/38132364/medium.jpg?1557144739,Dioscorea bulbifera
https://static.inaturalist.org/photos/38138334/medium.jpeg?1557150125,Dioscorea bulbifera
https://static.inaturalist.org/photos/38410677/medium.jpg?1557408789,Dioscorea bulbifera
https://static.inaturalist.org/photos/38413790/medium.jpg?1557411716,Dioscorea bulbifera
https://static.inaturalist.org/photos/38413938/medium.jpg?1557411843,Dioscorea bulbifera
https://static.inaturalist.org/photos/38644291/medium.jpeg?1557631939,Dioscorea bulbifera
https://static.inaturalist.org/photos/38775289/medium.jpg?1557754958,Dioscorea bulbifera
https://static.inaturalist.org/photos/38946978/medium.jpeg?1557932518,Dioscorea bulbifera
https://static.inaturalist.org/photos/39139982/medium.jpg?1558127777,Dioscorea bulbifera
https://static.inaturalist.org/photos/39204602/medium.jpg?1558194426,Dioscorea bulbifera
https://static.inaturalist.org/photos/39269730/medium.jpg?1558235253,Dioscorea bulbifera
https://static.inaturalist.org/photos/39323167/medium.jpg?1558288676,Dioscorea bulbifera
https://static.inaturalist.org/photos/39347174/medium.jpg?1558303108,Dioscorea bulbifera
https://static.inaturalist.org/photos/39363924/medium.jpg?1558313536,Dioscorea bulbifera
https://static.inaturalist.org/photos/39402896/medium.jpeg?1558358491,Dioscorea bulbifera
https://static.inaturalist.org/photos/39477108/medium.jpg?1558408449,Dioscorea bulbifera
https://static.inaturalist.org/photos/39495997/medium.jpg?1558436335,Dioscorea bulbifera
https://static.inaturalist.org/photos/39527229/medium.jpeg?1558463044,Dioscorea bulbifera
https://static.inaturalist.org/photos/39620270/medium.jpg?1558545966,Dioscorea bulbifera
https://static.inaturalist.org/photos/39654692/medium.jpg?1558569900,Dioscorea bulbifera
https://static.inaturalist.org/photos/39673128/medium.jpeg?1558584376,Dioscorea bulbifera
https://static.inaturalist.org/photos/39757914/medium.jpeg?1558662922,Dioscorea bulbifera
https://static.inaturalist.org/photos/39806803/medium.jpeg?1558718685,Dioscorea bulbifera
https://static.inaturalist.org/photos/39825864/medium.jpeg?1558731815,Dioscorea bulbifera
https://static.inaturalist.org/photos/39916398/medium.jpg?1558807580,Dioscorea bulbifera
https://static.inaturalist.org/photos/39961745/medium.jpg?1558833966,Dioscorea bulbifera
https://static.inaturalist.org/photos/40042151/medium.jpeg?1558898639,Dioscorea bulbifera
https://static.inaturalist.org/photos/40243607/medium.jpg?1559059443,Dioscorea bulbifera
https://static.inaturalist.org/photos/40429392/medium.jpg?1559225537,Dioscorea bulbifera
https://static.inaturalist.org/photos/40526953/medium.jpeg?1559316810,Dioscorea bulbifera
https://static.inaturalist.org/photos/40614492/medium.jpg?1559391808,Dioscorea bulbifera
https://static.inaturalist.org/photos/40628800/medium.jpeg?1559401253,Dioscorea bulbifera
https://static.inaturalist.org/photos/40672820/medium.jpg?1559425435,Dioscorea bulbifera
https://static.inaturalist.org/photos/40680562/medium.jpg?1559429760,Dioscorea bulbifera
https://static.inaturalist.org/photos/40737155/medium.jpg?1559480445,Dioscorea bulbifera
https://static.inaturalist.org/photos/40805781/medium.jpeg?1559516640,Dioscorea bulbifera
https://static.inaturalist.org/photos/40892241/medium.jpg?1559586143,Dioscorea bulbifera
https://static.inaturalist.org/photos/40969629/medium.jpeg?1559659455,Dioscorea bulbifera
https://static.inaturalist.org/photos/41059142/medium.jpg?1559746603,Dioscorea bulbifera
https://static.inaturalist.org/photos/41327689/medium.jpeg?1560005652,Dioscorea bulbifera
https://static.inaturalist.org/photos/41348485/medium.jpeg?1560018416,Dioscorea bulbifera
https://static.inaturalist.org/photos/41436442/medium.jpeg?1560091692,Dioscorea bulbifera
https://static.inaturalist.org/photos/41569266/medium.jpg?1560189049,Dioscorea bulbifera
https://static.inaturalist.org/photos/41706617/medium.jpg?1560306987,Dioscorea bulbifera
https://static.inaturalist.org/photos/41717570/medium.jpeg?1560322386,Dioscorea bulbifera
https://static.inaturalist.org/photos/41791703/medium.jpg?1560390387,Dioscorea bulbifera
https://static.inaturalist.org/photos/41888019/medium.jpg?1560489621,Dioscorea bulbifera
https://static.inaturalist.org/photos/41915175/medium.jpg?1560528811,Dioscorea bulbifera
https://static.inaturalist.org/photos/41954711/medium.jpeg?1560558194,Dioscorea bulbifera
https://static.inaturalist.org/photos/42016939/medium.jpg?1560619281,Dioscorea bulbifera
https://static.inaturalist.org/photos/42071821/medium.jpg?1560653176,Dioscorea bulbifera
https://static.inaturalist.org/photos/42103028/medium.jpeg?1560690390,Dioscorea bulbifera
https://static.inaturalist.org/photos/42155449/medium.jpg?1560722250,Dioscorea bulbifera
https://static.inaturalist.org/photos/42323695/medium.jpg?1560875191,Dioscorea bulbifera
https://static.inaturalist.org/photos/42633118/medium.jpg?1561157571,Dioscorea bulbifera
https://static.inaturalist.org/photos/42815524/medium.jpg?1561309960,Dioscorea bulbifera
https://static.inaturalist.org/photos/42963682/medium.jpg?1561421554,Dioscorea bulbifera
https://static.inaturalist.org/photos/43002243/medium.jpg?1561466422,Dioscorea bulbifera
https://static.inaturalist.org/photos/43005078/medium.jpeg?1561468671,Dioscorea bulbifera
https://static.inaturalist.org/photos/43067138/medium.jpg?1561506738,Dioscorea bulbifera
https://static.inaturalist.org/photos/43235650/medium.jpeg?1561658488,Dioscorea bulbifera
https://static.inaturalist.org/photos/43238213/medium.jpg?1561660294,Dioscorea bulbifera
https://static.inaturalist.org/photos/43713990/medium.jpg?1562079449,Dioscorea bulbifera
https://static.inaturalist.org/photos/43751709/medium.jpeg?1562102852,Dioscorea bulbifera
https://static.inaturalist.org/photos/43991355/medium.jpeg?1562335897,Dioscorea bulbifera
https://static.inaturalist.org/photos/44223072/medium.jpg?1562517230,Dioscorea bulbifera
https://static.inaturalist.org/photos/44280105/medium.jpg?1562549117,Dioscorea bulbifera
https://static.inaturalist.org/photos/44521246/medium.jpg?1562768583,Dioscorea bulbifera
https://static.inaturalist.org/photos/44550052/medium.jpg?1562787714,Dioscorea bulbifera
https://static.inaturalist.org/photos/44595789/medium.jpg?1562827078,Dioscorea bulbifera
https://static.inaturalist.org/photos/44596922/medium.jpg?1562829626,Dioscorea bulbifera
https://static.inaturalist.org/photos/44605169/medium.jpg?1562845265,Dioscorea bulbifera
https://static.inaturalist.org/photos/44628671/medium.jpg?1562864370,Dioscorea bulbifera
https://static.inaturalist.org/photos/44742906/medium.jpg?1562963541,Dioscorea bulbifera
https://static.inaturalist.org/photos/44760112/medium.jpg?1562975056,Dioscorea bulbifera
https://static.inaturalist.org/photos/44922333/medium.jpeg?1563119919,Dioscorea bulbifera
https://static.inaturalist.org/photos/45013954/medium.jpg?1563191887,Dioscorea bulbifera
https://static.inaturalist.org/photos/45066783/medium.jpeg?1563228481,Dioscorea bulbifera
https://static.inaturalist.org/photos/45132055/medium.jpg?1563286670,Dioscorea bulbifera
https://static.inaturalist.org/photos/45176618/medium.jpeg?1563314258,Dioscorea bulbifera
https://static.inaturalist.org/photos/45276736/medium.jpeg?1563403655,Dioscorea bulbifera
https://static.inaturalist.org/photos/45301315/medium.jpeg?1563423296,Dioscorea bulbifera
https://static.inaturalist.org/photos/45460667/medium.jpeg?1563572206,Dioscorea bulbifera
https://static.inaturalist.org/photos/45477233/medium.jpeg?1563584067,Dioscorea bulbifera
https://static.inaturalist.org/photos/45514829/medium.jpg?1563630523,Dioscorea bulbifera
https://static.inaturalist.org/photos/45559807/medium.jpg?1563658173,Dioscorea bulbifera
https://static.inaturalist.org/photos/45577215/medium.jpg?1563669121,Dioscorea bulbifera
https://static.inaturalist.org/photos/45600425/medium.jpg?1563687540,Dioscorea bulbifera
https://static.inaturalist.org/photos/45633253/medium.jpg?1563722793,Dioscorea bulbifera
https://static.inaturalist.org/photos/45620817/medium.jpg?1563714816,Dioscorea bulbifera
https://static.inaturalist.org/photos/45654475/medium.jpeg?1563733607,Dioscorea bulbifera
https://static.inaturalist.org/photos/45661445/medium.jpeg?1563737017,Dioscorea bulbifera
https://static.inaturalist.org/photos/45718307/medium.jpeg?1563768203,Dioscorea bulbifera
https://static.inaturalist.org/photos/45758707/medium.jpg?1563812692,Dioscorea bulbifera
https://static.inaturalist.org/photos/45849019/medium.jpeg?1563890886,Dioscorea bulbifera
https://static.inaturalist.org/photos/45875503/medium.jpg?1563907687,Dioscorea bulbifera
https://static.inaturalist.org/photos/45905360/medium.jpg?1563926107,Dioscorea bulbifera
https://static.inaturalist.org/photos/45907904/medium.jpeg?1563928086,Dioscorea bulbifera
https://static.inaturalist.org/photos/46004218/medium.jpg?1564010580,Dioscorea bulbifera
https://static.inaturalist.org/photos/46951127/medium.jpeg?1564780998,Dioscorea bulbifera
https://static.inaturalist.org/photos/46112813/medium.jpeg?1564099177,Dioscorea bulbifera
https://static.inaturalist.org/photos/46404638/medium.jpg?1564336971,Dioscorea bulbifera
https://static.inaturalist.org/photos/46264694/medium.jpg?1564238429,Dioscorea bulbifera
https://static.inaturalist.org/photos/46279141/medium.jpg?1564247295,Dioscorea bulbifera
https://static.inaturalist.org/photos/46279160/medium.jpg?1564247310,Dioscorea bulbifera
https://static.inaturalist.org/photos/46355232/medium.jpg?1564299810,Dioscorea bulbifera
https://static.inaturalist.org/photos/46591953/medium.jpg?1564473551,Dioscorea bulbifera
https://static.inaturalist.org/photos/46648516/medium.jpeg?1564519270,Dioscorea bulbifera
https://static.inaturalist.org/photos/46654897/medium.jpeg?1564523331,Dioscorea bulbifera
https://static.inaturalist.org/photos/46736533/medium.jpg?1564596445,Dioscorea bulbifera
https://static.inaturalist.org/photos/46823580/medium.jpg?1564675004,Dioscorea bulbifera
https://static.inaturalist.org/photos/46925198/medium.jpg?1564764165,Dioscorea bulbifera
https://static.inaturalist.org/photos/47056066/medium.jpeg?1564867625,Dioscorea bulbifera
https://static.inaturalist.org/photos/47465428/medium.jpeg?1565206840,Dioscorea bulbifera
https://static.inaturalist.org/photos/47478498/medium.jpeg?1565215246,Dioscorea bulbifera
https://static.inaturalist.org/photos/47505220/medium.jpeg?1565236472,Dioscorea bulbifera
https://static.inaturalist.org/photos/47529866/medium.jpg?1565273449,Dioscorea bulbifera
https://static.inaturalist.org/photos/47562819/medium.jpeg?1565295196,Dioscorea bulbifera
https://static.inaturalist.org/photos/47666079/medium.jpg?1565389534,Dioscorea bulbifera
https://static.inaturalist.org/photos/47693334/medium.jpg?1565413991,Dioscorea bulbifera
https://static.inaturalist.org/photos/47713421/medium.jpg?1565443804,Dioscorea bulbifera
https://static.inaturalist.org/photos/47956235/medium.jpeg?1565623326,Dioscorea bulbifera
https://static.inaturalist.org/photos/48049170/medium.jpg?1565696886,Dioscorea bulbifera
https://static.inaturalist.org/photos/48079036/medium.jpg?1565719307,Dioscorea bulbifera
https://static.inaturalist.org/photos/48210465/medium.jpg?1565824546,Dioscorea bulbifera
https://static.inaturalist.org/photos/48311059/medium.jpg?1565911260,Dioscorea bulbifera
https://static.inaturalist.org/photos/48331508/medium.jpeg?1565927940,Dioscorea bulbifera
https://static.inaturalist.org/photos/48338004/medium.jpeg?1565935458,Dioscorea bulbifera
https://static.inaturalist.org/photos/48350335/medium.jpg?1565957778,Dioscorea bulbifera
https://static.inaturalist.org/photos/48446412/medium.jpg?1566045085,Dioscorea bulbifera
https://static.inaturalist.org/photos/48506163/medium.jpg?1566082625,Dioscorea bulbifera
https://static.inaturalist.org/photos/48565755/medium.jpeg?1566140111,Dioscorea bulbifera
https://static.inaturalist.org/photos/48639886/medium.jpeg?1566183730,Dioscorea bulbifera
https://static.inaturalist.org/photos/48772802/medium.jpeg?1566313252,Dioscorea bulbifera
https://static.inaturalist.org/photos/49060115/medium.jpeg?1566576822,Dioscorea bulbifera
https://static.inaturalist.org/photos/49118154/medium.jpeg?1566620714,Dioscorea bulbifera
https://static.inaturalist.org/photos/49158488/medium.jpeg?1566665691,Dioscorea bulbifera
https://static.inaturalist.org/photos/49170168/medium.jpeg?1566671321,Dioscorea bulbifera
https://static.inaturalist.org/photos/49189234/medium.jpeg?1566681114,Dioscorea bulbifera
https://static.inaturalist.org/photos/49218454/medium.jpeg?1566698016,Dioscorea bulbifera
https://static.inaturalist.org/photos/49480296/medium.jpeg?1566911053,Dioscorea bulbifera
https://static.inaturalist.org/photos/49484120/medium.jpeg?1566914146,Dioscorea bulbifera
https://static.inaturalist.org/photos/49587245/medium.jpg?1567001639,Dioscorea bulbifera
https://static.inaturalist.org/photos/49624114/medium.jpeg?1567025082,Dioscorea bulbifera
https://static.inaturalist.org/photos/49638498/medium.jpg?1567035337,Dioscorea bulbifera
https://static.inaturalist.org/photos/49875762/medium.jpg?1567250834,Dioscorea bulbifera
https://static.inaturalist.org/photos/49876778/medium.jpg?1567252096,Dioscorea bulbifera
https://static.inaturalist.org/photos/50004726/medium.jpeg?1567349086,Dioscorea bulbifera
https://static.inaturalist.org/photos/50011046/medium.jpg?1567352751,Dioscorea bulbifera
https://static.inaturalist.org/photos/50013929/medium.jpeg?1567354279,Dioscorea bulbifera
https://static.inaturalist.org/photos/50095920/medium.jpg?1567408127,Dioscorea bulbifera
https://static.inaturalist.org/photos/50178481/medium.jpeg?1567466403,Dioscorea bulbifera
https://static.inaturalist.org/photos/50270688/medium.jpeg?1567547450,Dioscorea bulbifera
https://static.inaturalist.org/photos/50456754/medium.jpg?1567720870,Dioscorea bulbifera
https://static.inaturalist.org/photos/50498263/medium.jpg?1567771089,Dioscorea bulbifera
https://static.inaturalist.org/photos/50498315/medium.jpg?1567771165,Dioscorea bulbifera
https://static.inaturalist.org/photos/50500096/medium.jpg?1567773749,Dioscorea bulbifera
https://static.inaturalist.org/photos/50500121/medium.jpg?1567773765,Dioscorea bulbifera
https://static.inaturalist.org/photos/50500943/medium.jpg?1567774580,Dioscorea bulbifera
https://static.inaturalist.org/photos/50503072/medium.jpg?1567776780,Dioscorea bulbifera
https://static.inaturalist.org/photos/50506803/medium.jpg?1567779865,Dioscorea bulbifera
https://static.inaturalist.org/photos/50507045/medium.jpg?1567780038,Dioscorea bulbifera
https://static.inaturalist.org/photos/50531987/medium.jpg?1567796983,Dioscorea bulbifera
https://static.inaturalist.org/photos/50723553/medium.jpeg?1567958165,Dioscorea bulbifera
https://static.inaturalist.org/photos/50779725/medium.jpg?1567985806,Dioscorea bulbifera
https://static.inaturalist.org/photos/50804127/medium.jpg?1568001716,Dioscorea bulbifera
https://static.inaturalist.org/photos/50821686/medium.jpg?1568031236,Dioscorea bulbifera
https://static.inaturalist.org/photos/51030542/medium.jpg?1568215355,Dioscorea bulbifera
https://static.inaturalist.org/photos/51099173/medium.jpeg?1568263545,Dioscorea bulbifera
https://static.inaturalist.org/photos/51110948/medium.jpeg?1568287680,Dioscorea bulbifera
https://static.inaturalist.org/photos/51284384/medium.jpg?1568450289,Dioscorea bulbifera
https://static.inaturalist.org/photos/51296207/medium.jpg?1568469053,Dioscorea bulbifera
https://static.inaturalist.org/photos/51350810/medium.jpg?1568498526,Dioscorea bulbifera
https://static.inaturalist.org/photos/51348335/medium.jpeg?1568497228,Dioscorea bulbifera
https://static.inaturalist.org/photos/51401149/medium.jpg?1568549875,Dioscorea bulbifera
https://static.inaturalist.org/photos/51401523/medium.jpg?1568550210,Dioscorea bulbifera
https://static.inaturalist.org/photos/51403014/medium.jpg?1568551587,Dioscorea bulbifera
https://static.inaturalist.org/photos/51412361/medium.jpeg?1568558433,Dioscorea bulbifera
https://static.inaturalist.org/photos/51413395/medium.jpg?1568559029,Dioscorea bulbifera
https://static.inaturalist.org/photos/51431378/medium.jpeg?1568568735,Dioscorea bulbifera
https://static.inaturalist.org/photos/51431638/medium.jpeg?1568568822,Dioscorea bulbifera
https://static.inaturalist.org/photos/51451460/medium.jpg?1568578704,Dioscorea bulbifera
https://static.inaturalist.org/photos/51514733/medium.jpeg?1568637445,Dioscorea bulbifera
https://static.inaturalist.org/photos/51521691/medium.jpg?1568642826,Dioscorea bulbifera
https://static.inaturalist.org/photos/51541567/medium.jpg?1568654950,Dioscorea bulbifera
https://static.inaturalist.org/photos/51549852/medium.jpg?1568659604,Dioscorea bulbifera
https://static.inaturalist.org/photos/51606056/medium.jpg?1568708902,Dioscorea bulbifera
https://static.inaturalist.org/photos/51667339/medium.jpg?1568762145,Dioscorea bulbifera
https://static.inaturalist.org/photos/51737418/medium.jpg?1568830255,Dioscorea bulbifera
https://static.inaturalist.org/photos/51821753/medium.jpeg?1568911741,Dioscorea bulbifera
https://static.inaturalist.org/photos/51855637/medium.jpeg?1568934268,Dioscorea bulbifera
https://static.inaturalist.org/photos/51870704/medium.jpeg?1568946759,Dioscorea bulbifera
https://static.inaturalist.org/photos/52186697/medium.jpg?1569204577,Dioscorea bulbifera
https://static.inaturalist.org/photos/52252567/medium.jpg?1569270032,Dioscorea bulbifera
https://static.inaturalist.org/photos/52293015/medium.jpeg?1569303152,Dioscorea bulbifera
https://static.inaturalist.org/photos/52363530/medium.jpg?1569367657,Dioscorea bulbifera
https://static.inaturalist.org/photos/52493633/medium.jpg?1569502788,Dioscorea bulbifera
https://static.inaturalist.org/photos/52493655/medium.jpg?1569502806,Dioscorea bulbifera
https://static.inaturalist.org/photos/52612787/medium.jpg?1569614784,Dioscorea bulbifera
https://static.inaturalist.org/photos/52661071/medium.jpeg?1569677005,Dioscorea bulbifera
https://static.inaturalist.org/photos/52806084/medium.jpg?1569789576,Dioscorea bulbifera
https://static.inaturalist.org/photos/52806213/medium.jpg?1569789641,Dioscorea bulbifera
https://static.inaturalist.org/photos/52894126/medium.jpeg?1569870683,Dioscorea bulbifera
https://static.inaturalist.org/photos/52946928/medium.jpg?1569927931,Dioscorea bulbifera
https://static.inaturalist.org/photos/52985303/medium.jpg?1569959738,Dioscorea bulbifera
https://static.inaturalist.org/photos/52990927/medium.jpg?1569963572,Dioscorea bulbifera
https://static.inaturalist.org/photos/53002019/medium.jpg?1569971903,Dioscorea bulbifera
https://static.inaturalist.org/photos/53022236/medium.jpeg?1569989615,Dioscorea bulbifera
https://static.inaturalist.org/photos/53303839/medium.jpg?1570301940,Dioscorea bulbifera
https://static.inaturalist.org/photos/53307573/medium.jpg?1570304276,Dioscorea bulbifera
https://static.inaturalist.org/photos/53310589/medium.jpeg?1570306142,Dioscorea bulbifera
https://static.inaturalist.org/photos/53315317/medium.jpg?1570308794,Dioscorea bulbifera
https://static.inaturalist.org/photos/53322001/medium.jpg?1570312931,Dioscorea bulbifera
https://static.inaturalist.org/photos/53357167/medium.jpeg?1570345065,Dioscorea bulbifera
https://static.inaturalist.org/photos/53458363/medium.jpeg?1570428597,Dioscorea bulbifera
https://static.inaturalist.org/photos/53490880/medium.jpg?1570465915,Dioscorea bulbifera
https://static.inaturalist.org/photos/53510389/medium.jpeg?1570478859,Dioscorea bulbifera
https://static.inaturalist.org/photos/53664541/medium.jpg?1570643142,Dioscorea bulbifera
https://static.inaturalist.org/photos/53795228/medium.jpeg?1570796407,Dioscorea bulbifera
https://static.inaturalist.org/photos/53813901/medium.jpeg?1570815406,Dioscorea bulbifera
https://static.inaturalist.org/photos/53919610/medium.jpeg?1570920270,Dioscorea bulbifera
https://static.inaturalist.org/photos/53921110/medium.jpg?1570921264,Dioscorea bulbifera
https://static.inaturalist.org/photos/53922457/medium.jpg?1570922232,Dioscorea bulbifera
https://static.inaturalist.org/photos/53952505/medium.jpeg?1570957602,Dioscorea bulbifera
https://static.inaturalist.org/photos/54102885/medium.jpeg?1571089459,Dioscorea bulbifera
https://static.inaturalist.org/photos/54146318/medium.jpg?1571145175,Dioscorea bulbifera
https://static.inaturalist.org/photos/54152733/medium.jpg?1571152362,Dioscorea bulbifera
https://static.inaturalist.org/photos/54168398/medium.jpg?1571164874,Dioscorea bulbifera
https://static.inaturalist.org/photos/54195097/medium.jpg?1571187224,Dioscorea bulbifera
https://static.inaturalist.org/photos/54235355/medium.jpeg?1571242646,Dioscorea bulbifera
https://static.inaturalist.org/photos/54293969/medium.jpg?1571317830,Dioscorea bulbifera
https://static.inaturalist.org/photos/54360075/medium.jpg?1571401711,Dioscorea bulbifera
https://static.inaturalist.org/photos/54365946/medium.jpg?1571408716,Dioscorea bulbifera
https://static.inaturalist.org/photos/54484203/medium.jpg?1571524236,Dioscorea bulbifera
https://static.inaturalist.org/photos/54517935/medium.jpeg?1571577908,Dioscorea bulbifera
https://static.inaturalist.org/photos/54525675/medium.jpeg?1571583439,Dioscorea bulbifera
https://static.inaturalist.org/photos/54526531/medium.jpeg?1571583950,Dioscorea bulbifera
https://static.inaturalist.org/photos/54531784/medium.jpeg?1571587010,Dioscorea bulbifera
https://static.inaturalist.org/photos/54531536/medium.jpg?1571586865,Dioscorea bulbifera
https://static.inaturalist.org/photos/54531547/medium.jpg?1571586870,Dioscorea bulbifera
https://static.inaturalist.org/photos/54563419/medium.jpeg?1571606221,Dioscorea bulbifera
https://static.inaturalist.org/photos/54604901/medium.jpg?1571635739,Dioscorea bulbifera
https://static.inaturalist.org/photos/54622553/medium.jpg?1571665846,Dioscorea bulbifera
https://static.inaturalist.org/photos/54664806/medium.jpeg?1571698560,Dioscorea bulbifera
https://static.inaturalist.org/photos/54840902/medium.jpg?1571888884,Dioscorea bulbifera
https://static.inaturalist.org/photos/54879045/medium.jpg?1571941818,Dioscorea bulbifera
https://static.inaturalist.org/photos/54938793/medium.jpg?1572015073,Dioscorea bulbifera
https://static.inaturalist.org/photos/54959737/medium.jpeg?1572034119,Dioscorea bulbifera
https://static.inaturalist.org/photos/55036333/medium.jpg?1572123119,Dioscorea bulbifera
https://static.inaturalist.org/photos/55036446/medium.jpg?1572123194,Dioscorea bulbifera
https://static.inaturalist.org/photos/55106250/medium.jpg?1572199597,Dioscorea bulbifera
https://static.inaturalist.org/photos/55187295/medium.jpeg?1572287633,Dioscorea bulbifera
https://static.inaturalist.org/photos/55359505/medium.jpg?1572522840,Dioscorea bulbifera
https://static.inaturalist.org/photos/55371248/medium.jpg?1572538849,Dioscorea bulbifera
https://static.inaturalist.org/photos/55453161/medium.jpeg?1572659459,Dioscorea bulbifera
https://static.inaturalist.org/photos/55473413/medium.jpg?1572699882,Dioscorea bulbifera
https://static.inaturalist.org/photos/55500576/medium.jpg?1572728297,Dioscorea bulbifera
https://static.inaturalist.org/photos/55544074/medium.jpg?1572791571,Dioscorea bulbifera
https://static.inaturalist.org/photos/55718834/medium.jpeg?1572987212,Dioscorea bulbifera
https://static.inaturalist.org/photos/55792575/medium.jpg?1573076331,Dioscorea bulbifera
https://static.inaturalist.org/photos/55942320/medium.jpg?1573272824,Dioscorea bulbifera
https://static.inaturalist.org/photos/55964144/medium.jpg?1573313389,Dioscorea bulbifera
https://static.inaturalist.org/photos/56045091/medium.jpg?1573410673,Dioscorea bulbifera
https://static.inaturalist.org/photos/56064508/medium.jpg?1573426596,Dioscorea bulbifera
https://static.inaturalist.org/photos/56071939/medium.jpg?1573434227,Dioscorea bulbifera
https://static.inaturalist.org/photos/56146689/medium.jpeg?1573528349,Dioscorea bulbifera
https://static.inaturalist.org/photos/56149787/medium.jpg?1573531780,Dioscorea bulbifera
https://static.inaturalist.org/photos/56330702/medium.jpeg?1573829393,Dioscorea bulbifera
https://static.inaturalist.org/photos/56343207/medium.jpg?1573844106,Dioscorea bulbifera
https://static.inaturalist.org/photos/56404050/medium.jpg?1573932121,Dioscorea bulbifera
https://static.inaturalist.org/photos/56455082/medium.jpg?1574004373,Dioscorea bulbifera
https://static.inaturalist.org/photos/56485285/medium.jpeg?1574029954,Dioscorea bulbifera
https://static.inaturalist.org/photos/56485307/medium.jpeg?1574029973,Dioscorea bulbifera
https://static.inaturalist.org/photos/56672800/medium.jpeg?1574293506,Dioscorea bulbifera
https://static.inaturalist.org/photos/56696938/medium.jpg?1574341014,Dioscorea bulbifera
https://static.inaturalist.org/photos/56894678/medium.jpg?1574621711,Dioscorea bulbifera
https://static.inaturalist.org/photos/56708933/medium.jpg?1574360008,Dioscorea bulbifera
https://static.inaturalist.org/photos/56712878/medium.jpg?1574364688,Dioscorea bulbifera
https://static.inaturalist.org/photos/56755236/medium.jpeg?1574435118,Dioscorea bulbifera
https://static.inaturalist.org/photos/56760450/medium.jpg?1574443067,Dioscorea bulbifera
https://static.inaturalist.org/photos/56906187/medium.jpg?1574631574,Dioscorea bulbifera
https://static.inaturalist.org/photos/56974564/medium.jpeg?1574716122,Dioscorea bulbifera
https://static.inaturalist.org/photos/57093076/medium.jpg?1574887459,Dioscorea bulbifera
https://static.inaturalist.org/photos/57132937/medium.jpeg?1574962394,Dioscorea bulbifera
https://static.inaturalist.org/photos/57242002/medium.jpg?1575145761,Dioscorea bulbifera
https://static.inaturalist.org/photos/57353057/medium.jpg?1575308970,Dioscorea bulbifera
https://static.inaturalist.org/photos/57358316/medium.jpeg?1575316035,Dioscorea bulbifera
https://static.inaturalist.org/photos/57359914/medium.jpeg?1575318012,Dioscorea bulbifera
https://static.inaturalist.org/photos/57416578/medium.jpg?1575411197,Dioscorea bulbifera
https://static.inaturalist.org/photos/57418437/medium.jpg?1575413847,Dioscorea bulbifera
https://static.inaturalist.org/photos/57421497/medium.jpeg?1575418017,Dioscorea bulbifera
https://static.inaturalist.org/photos/57421506/medium.jpeg?1575418040,Dioscorea bulbifera
https://static.inaturalist.org/photos/57485613/medium.jpg?1575525002,Dioscorea bulbifera
https://static.inaturalist.org/photos/57513626/medium.jpg?1575579014,Dioscorea bulbifera
https://static.inaturalist.org/photos/57544028/medium.jpg?1575641087,Dioscorea bulbifera
https://static.inaturalist.org/photos/57557122/medium.jpeg?1575662412,Dioscorea bulbifera
https://static.inaturalist.org/photos/57557627/medium.jpg?1575662978,Dioscorea bulbifera
https://static.inaturalist.org/photos/57558819/medium.jpeg?1575664623,Dioscorea bulbifera
https://static.inaturalist.org/photos/57559506/medium.jpeg?1575665552,Dioscorea bulbifera
https://static.inaturalist.org/photos/57561744/medium.jpg?1575668846,Dioscorea bulbifera
https://static.inaturalist.org/photos/57564714/medium.jpeg?1575672542,Dioscorea bulbifera
https://static.inaturalist.org/photos/57595510/medium.jpg?1575734159,Dioscorea bulbifera
https://static.inaturalist.org/photos/57657910/medium.jpg?1575829384,Dioscorea bulbifera
https://static.inaturalist.org/photos/57667072/medium.jpeg?1575839496,Dioscorea bulbifera
https://static.inaturalist.org/photos/57667751/medium.jpeg?1575840243,Dioscorea bulbifera
https://static.inaturalist.org/photos/57756261/medium.jpeg?1575985142,Dioscorea bulbifera
https://static.inaturalist.org/photos/57776591/medium.jpg?1576014977,Dioscorea bulbifera
https://static.inaturalist.org/photos/57959595/medium.jpeg?1576348825,Dioscorea bulbifera
https://static.inaturalist.org/photos/57980604/medium.jpg?1576376306,Dioscorea bulbifera
https://static.inaturalist.org/photos/58029548/medium.jpeg?1576454018,Dioscorea bulbifera
https://static.inaturalist.org/photos/58036219/medium.jpeg?1576462160,Dioscorea bulbifera
https://static.inaturalist.org/photos/58070762/medium.jpg?1576527501,Dioscorea bulbifera
https://static.inaturalist.org/photos/58151055/medium.jpg?1576690286,Dioscorea bulbifera
https://static.inaturalist.org/photos/58148093/medium.jpeg?1576684234,Dioscorea bulbifera
https://static.inaturalist.org/photos/58289460/medium.jpg?1576962352,Dioscorea bulbifera
https://static.inaturalist.org/photos/58442427/medium.jpg?1577218314,Dioscorea bulbifera
https://static.inaturalist.org/photos/58445403/medium.jpg?1577222126,Dioscorea bulbifera
https://static.inaturalist.org/photos/58528266/medium.jpg?1577378905,Dioscorea bulbifera
https://static.inaturalist.org/photos/58552469/medium.jpeg?1577406909,Dioscorea bulbifera
https://static.inaturalist.org/photos/58654846/medium.jpg?1577566928,Dioscorea bulbifera
https://static.inaturalist.org/photos/58977936/medium.jpg?1578059233,Dioscorea bulbifera
https://static.inaturalist.org/photos/59152868/medium.jpg?1578282917,Dioscorea bulbifera
https://static.inaturalist.org/photos/59105902/medium.jpg?1578233000,Dioscorea bulbifera
https://static.inaturalist.org/photos/59141395/medium.jpeg?1578270892,Dioscorea bulbifera
https://static.inaturalist.org/photos/59162472/medium.jpeg?1578298064,Dioscorea bulbifera
https://static.inaturalist.org/photos/59195405/medium.jpg?1578348816,Dioscorea bulbifera
https://static.inaturalist.org/photos/59608490/medium.jpeg?1579004869,Dioscorea bulbifera
https://static.inaturalist.org/photos/59618648/medium.jpeg?1579022452,Dioscorea bulbifera
https://static.inaturalist.org/photos/59679173/medium.jpeg?1579117634,Dioscorea bulbifera
https://static.inaturalist.org/photos/59785550/medium.jpg?1579272923,Dioscorea bulbifera
https://static.inaturalist.org/photos/59877249/medium.jpeg?1579405495,Dioscorea bulbifera
https://static.inaturalist.org/photos/60074382/medium.jpg?1579703025,Dioscorea bulbifera
https://static.inaturalist.org/photos/60088995/medium.jpg?1579723001,Dioscorea bulbifera
https://static.inaturalist.org/photos/60191774/medium.jpg?1579890549,Dioscorea bulbifera
https://static.inaturalist.org/photos/60203108/medium.jpg?1579904375,Dioscorea bulbifera
https://static.inaturalist.org/photos/60205967/medium.jpg?1579907636,Dioscorea bulbifera
https://static.inaturalist.org/photos/60383480/medium.jpeg?1580145630,Dioscorea bulbifera
https://static.inaturalist.org/photos/60390194/medium.jpg?1580154084,Dioscorea bulbifera
https://static.inaturalist.org/photos/60924382/medium.jpg?1580944247,Dioscorea bulbifera
https://static.inaturalist.org/photos/60951824/medium.jpeg?1580997742,Dioscorea bulbifera
https://static.inaturalist.org/photos/61541575/medium.jpg?1581825306,Dioscorea bulbifera
https://static.inaturalist.org/photos/62297130/medium.jpg?1582814820,Dioscorea bulbifera
https://static.inaturalist.org/photos/62368419/medium.jpeg?1582914340,Dioscorea bulbifera
https://static.inaturalist.org/photos/62370584/medium.jpg?1582916850,Dioscorea bulbifera
https://static.inaturalist.org/photos/62509507/medium.jpeg?1583071987,Dioscorea bulbifera
https://static.inaturalist.org/photos/62577453/medium.jpeg?1583129319,Dioscorea bulbifera
https://static.inaturalist.org/photos/62580602/medium.jpeg?1583136019,Dioscorea bulbifera
https://static.inaturalist.org/photos/62808089/medium.jpg?1583436351,Dioscorea bulbifera
https://static.inaturalist.org/photos/63033358/medium.jpg?1583695087,Dioscorea bulbifera
https://static.inaturalist.org/photos/63063032/medium.jpg?1583714412,Dioscorea bulbifera
https://static.inaturalist.org/photos/63244208/medium.jpeg?1583934774,Dioscorea bulbifera
https://static.inaturalist.org/photos/63347037/medium.jpeg?1584046656,Dioscorea bulbifera
https://static.inaturalist.org/photos/63477298/medium.jpeg?1584204323,Dioscorea bulbifera
https://static.inaturalist.org/photos/64508032/medium.jpeg?1585147186,Dioscorea bulbifera
https://static.inaturalist.org/photos/64813444/medium.jpeg?1585404595,Dioscorea bulbifera
https://static.inaturalist.org/photos/64887543/medium.jpg?1585439604,Dioscorea bulbifera
https://static.inaturalist.org/photos/64890276/medium.jpeg?1585441029,Dioscorea bulbifera
https://static.inaturalist.org/photos/64992538/medium.jpg?1585514322,Dioscorea bulbifera
https://static.inaturalist.org/photos/65021893/medium.jpg?1585528552,Dioscorea bulbifera
https://static.inaturalist.org/photos/65478921/medium.jpg?1585900266,Dioscorea bulbifera
https://static.inaturalist.org/photos/65614479/medium.jpg?1586011690,Dioscorea bulbifera
https://static.inaturalist.org/photos/65829530/medium.jpeg?1586130700,Dioscorea bulbifera
https://static.inaturalist.org/photos/66678435/medium.jpeg?1586712917,Dioscorea bulbifera
https://static.inaturalist.org/photos/67199544/medium.jpg?1587058717,Dioscorea bulbifera
https://static.inaturalist.org/photos/67641261/medium.jpeg?1587323301,Dioscorea bulbifera
https://static.inaturalist.org/photos/67905356/medium.jpeg?1587482227,Dioscorea bulbifera
https://static.inaturalist.org/photos/67906370/medium.jpg?1587482683,Dioscorea bulbifera
https://static.inaturalist.org/photos/67916272/medium.jpg?1587487410,Dioscorea bulbifera
https://static.inaturalist.org/photos/67959189/medium.jpg?1587506835,Dioscorea bulbifera
https://static.inaturalist.org/photos/68043752/medium.jpg?1587566806,Dioscorea bulbifera
https://static.inaturalist.org/photos/68131786/medium.jpeg?1587598848,Dioscorea bulbifera
https://static.inaturalist.org/photos/68222167/medium.jpg?1587658837,Dioscorea bulbifera
https://static.inaturalist.org/photos/68240042/medium.jpg?1587665875,Dioscorea bulbifera
https://static.inaturalist.org/photos/68292249/medium.jpg?1587688017,Dioscorea bulbifera
https://static.inaturalist.org/photos/68471549/medium.jpeg?1587752093,Dioscorea bulbifera
https://static.inaturalist.org/photos/68497495/medium.jpg?1587756604,Dioscorea bulbifera
https://static.inaturalist.org/photos/68538324/medium.jpeg?1587763575,Dioscorea bulbifera
https://static.inaturalist.org/photos/68545022/medium.jpeg?1587764655,Dioscorea bulbifera
https://static.inaturalist.org/photos/68553059/medium.jpg?1587766067,Dioscorea bulbifera
https://static.inaturalist.org/photos/68746127/medium.jpg?1587821266,Dioscorea bulbifera
https://static.inaturalist.org/photos/68771768/medium.jpeg?1587826041,Dioscorea bulbifera
https://static.inaturalist.org/photos/68791434/medium.jpeg?1587829172,Dioscorea bulbifera
https://static.inaturalist.org/photos/68795163/medium.jpg?1587829780,Dioscorea bulbifera
https://static.inaturalist.org/photos/68834571/medium.jpg?1587835526,Dioscorea bulbifera
https://static.inaturalist.org/photos/68920620/medium.jpeg?1587846694,Dioscorea bulbifera
https://static.inaturalist.org/photos/68944512/medium.jpg?1587849737,Dioscorea bulbifera
https://static.inaturalist.org/photos/68946016/medium.jpg?1587849944,Dioscorea bulbifera
https://static.inaturalist.org/photos/68960095/medium.jpeg?1587851871,Dioscorea bulbifera
https://static.inaturalist.org/photos/68977367/medium.jpg?1587854490,Dioscorea bulbifera
https://static.inaturalist.org/photos/69074099/medium.jpeg?1587872944,Dioscorea bulbifera
https://static.inaturalist.org/photos/69117983/medium.jpg?1587889286,Dioscorea bulbifera
https://static.inaturalist.org/photos/69234073/medium.jpg?1587916573,Dioscorea bulbifera
https://static.inaturalist.org/photos/69312645/medium.jpg?1587928092,Dioscorea bulbifera
https://static.inaturalist.org/photos/69333221/medium.jpeg?1587930927,Dioscorea bulbifera
https://static.inaturalist.org/photos/69422186/medium.jpeg?1587943785,Dioscorea bulbifera
https://static.inaturalist.org/photos/69432732/medium.jpeg?1587945381,Dioscorea bulbifera
https://static.inaturalist.org/photos/69447879/medium.jpeg?1587947908,Dioscorea bulbifera
https://static.inaturalist.org/photos/69464878/medium.jpg?1587950724,Dioscorea bulbifera
https://static.inaturalist.org/photos/69466036/medium.jpg?1587950928,Dioscorea bulbifera
https://static.inaturalist.org/photos/69477807/medium.jpg?1587953166,Dioscorea bulbifera
https://static.inaturalist.org/photos/69672853/medium.jpg?1588008682,Dioscorea bulbifera
https://static.inaturalist.org/photos/69706916/medium.jpeg?1588014366,Dioscorea bulbifera
https://static.inaturalist.org/photos/69738651/medium.jpg?1588019347,Dioscorea bulbifera
https://static.inaturalist.org/photos/69796876/medium.jpeg?1588029207,Dioscorea bulbifera
https://static.inaturalist.org/photos/69847273/medium.jpeg?1588037957,Dioscorea bulbifera
https://static.inaturalist.org/photos/69850799/medium.jpg?1588038558,Dioscorea bulbifera
https://static.inaturalist.org/photos/69864240/medium.jpg?1588040952,Dioscorea bulbifera
https://static.inaturalist.org/photos/69865055/medium.jpg?1588041112,Dioscorea bulbifera
https://static.inaturalist.org/photos/69872711/medium.jpg?1588042779,Dioscorea bulbifera
https://static.inaturalist.org/photos/69924018/medium.jpeg?1588063567,Dioscorea bulbifera
https://static.inaturalist.org/photos/69960791/medium.jpeg?1588083918,Dioscorea bulbifera
https://static.inaturalist.org/photos/70005585/medium.jpeg?1588097889,Dioscorea bulbifera
https://static.inaturalist.org/photos/70025233/medium.jpeg?1588103643,Dioscorea bulbifera
https://static.inaturalist.org/photos/70070607/medium.jpeg?1588117841,Dioscorea bulbifera
https://static.inaturalist.org/photos/70153318/medium.jpeg?1588165569,Dioscorea bulbifera
https://static.inaturalist.org/photos/70326917/medium.jpeg?1588244794,Dioscorea bulbifera
https://static.inaturalist.org/photos/70383425/medium.jpeg?1588271927,Dioscorea bulbifera
https://static.inaturalist.org/photos/70415167/medium.jpeg?1588283654,Dioscorea bulbifera
https://static.inaturalist.org/photos/70518918/medium.jpg?1588344365,Dioscorea bulbifera
https://static.inaturalist.org/photos/70568366/medium.jpeg?1588362246,Dioscorea bulbifera
https://static.inaturalist.org/photos/70596207/medium.jpg?1588372634,Dioscorea bulbifera
https://static.inaturalist.org/photos/70691975/medium.jpg?1588429494,Dioscorea bulbifera
https://static.inaturalist.org/photos/70736418/medium.jpeg?1588442683,Dioscorea bulbifera
https://static.inaturalist.org/photos/70835151/medium.jpg?1588472310,Dioscorea bulbifera
https://static.inaturalist.org/photos/70890711/medium.jpeg?1588507601,Dioscorea bulbifera
https://static.inaturalist.org/photos/70893415/medium.jpg?1588509053,Dioscorea bulbifera
https://static.inaturalist.org/photos/70979512/medium.jpg?1588532576,Dioscorea bulbifera
https://static.inaturalist.org/photos/71139724/medium.jpg?1588601506,Dioscorea bulbifera
https://static.inaturalist.org/photos/71183588/medium.jpg?1588618396,Dioscorea bulbifera
https://static.inaturalist.org/photos/71185362/medium.jpg?1588618919,Dioscorea bulbifera
https://static.inaturalist.org/photos/71222185/medium.jpeg?1588633651,Dioscorea bulbifera
https://static.inaturalist.org/photos/71371189/medium.jpg?1588714911,Dioscorea bulbifera
https://static.inaturalist.org/photos/71394128/medium.jpg?1588725164,Dioscorea bulbifera
https://static.inaturalist.org/photos/71457943/medium.jpg?1588774981,Dioscorea bulbifera
https://static.inaturalist.org/photos/71464272/medium.jpg?1588778194,Dioscorea bulbifera
https://static.inaturalist.org/photos/71467697/medium.jpg?1588779798,Dioscorea bulbifera
https://static.inaturalist.org/photos/71474692/medium.jpeg?1588783179,Dioscorea bulbifera
https://static.inaturalist.org/photos/71525700/medium.jpg?1588803691,Dioscorea bulbifera
https://static.inaturalist.org/photos/71666705/medium.jpg?1588883147,Dioscorea bulbifera
https://static.inaturalist.org/photos/71780914/medium.jpg?1588951700,Dioscorea bulbifera
https://static.inaturalist.org/photos/71819823/medium.jpeg?1588966195,Dioscorea bulbifera
https://static.inaturalist.org/photos/71832177/medium.jpeg?1588970992,Dioscorea bulbifera
https://static.inaturalist.org/photos/71960531/medium.jpeg?1589044584,Dioscorea bulbifera
https://static.inaturalist.org/photos/72007304/medium.jpg?1589059016,Dioscorea bulbifera
https://static.inaturalist.org/photos/72184515/medium.jpg?1589141876,Dioscorea bulbifera
https://static.inaturalist.org/photos/72429487/medium.jpeg?1589281897,Dioscorea bulbifera
https://static.inaturalist.org/photos/72451795/medium.jpeg?1589295704,Dioscorea bulbifera
https://static.inaturalist.org/photos/72628689/medium.jpeg?1589392305,Dioscorea bulbifera
https://static.inaturalist.org/photos/72654080/medium.jpg?1589402279,Dioscorea bulbifera
https://static.inaturalist.org/photos/72700029/medium.jpg?1589422229,Dioscorea bulbifera
https://static.inaturalist.org/photos/72758531/medium.jpg?1589468911,Dioscorea bulbifera
https://static.inaturalist.org/photos/72781234/medium.jpeg?1589478110,Dioscorea bulbifera
https://static.inaturalist.org/photos/72858423/medium.jpeg?1589509352,Dioscorea bulbifera
https://static.inaturalist.org/photos/73101108/medium.jpg?1589641187,Dioscorea bulbifera
https://static.inaturalist.org/photos/73091209/medium.jpg?1589637704,Dioscorea bulbifera
https://static.inaturalist.org/photos/73360273/medium.jpeg?1589734274,Dioscorea bulbifera
https://static.inaturalist.org/photos/73092972/medium.jpeg?1589638387,Dioscorea bulbifera
https://static.inaturalist.org/photos/73175304/medium.jpg?1589661023,Dioscorea bulbifera
https://static.inaturalist.org/photos/73211755/medium.jpeg?1589672075,Dioscorea bulbifera
https://static.inaturalist.org/photos/73328686/medium.jpg?1589726324,Dioscorea bulbifera
https://static.inaturalist.org/photos/73387140/medium.jpg?1589740884,Dioscorea bulbifera
https://static.inaturalist.org/photos/73724164/medium.jpeg?1589894280,Dioscorea bulbifera
https://static.inaturalist.org/photos/73765472/medium.jpg?1589910537,Dioscorea bulbifera
https://static.inaturalist.org/photos/73792050/medium.jpg?1589920566,Dioscorea bulbifera
https://static.inaturalist.org/photos/73807638/medium.jpg?1589926021,Dioscorea bulbifera
https://static.inaturalist.org/photos/73814122/medium.jpg?1589928295,Dioscorea bulbifera
https://static.inaturalist.org/photos/73912823/medium.jpeg?1589984154,Dioscorea bulbifera
https://static.inaturalist.org/photos/73935152/medium.jpg?1589992269,Dioscorea bulbifera
https://static.inaturalist.org/photos/74002815/medium.jpg?1590015224,Dioscorea bulbifera
https://static.inaturalist.org/photos/74105228/medium.jpeg?1590071201,Dioscorea bulbifera
https://static.inaturalist.org/photos/74277006/medium.jpg?1590152376,Dioscorea bulbifera
https://static.inaturalist.org/photos/74277082/medium.jpg?1590152432,Dioscorea bulbifera
https://static.inaturalist.org/photos/74290144/medium.jpeg?1590157955,Dioscorea bulbifera
https://static.inaturalist.org/photos/74304057/medium.jpeg?1590163150,Dioscorea bulbifera
https://static.inaturalist.org/photos/74341626/medium.jpg?1590174780,Dioscorea bulbifera
https://static.inaturalist.org/photos/74463758/medium.jpeg?1590233421,Dioscorea bulbifera
https://static.inaturalist.org/photos/74638430/medium.jpeg?1590287850,Dioscorea bulbifera
https://static.inaturalist.org/photos/74728523/medium.jpeg?1590331984,Dioscorea bulbifera
https://static.inaturalist.org/photos/74738341/medium.jpeg?1590334607,Dioscorea bulbifera
https://static.inaturalist.org/photos/74748258/medium.jpg?1590336917,Dioscorea bulbifera
https://static.inaturalist.org/photos/74779089/medium.jpg?1590344254,Dioscorea bulbifera
https://static.inaturalist.org/photos/74790656/medium.jpeg?1590346952,Dioscorea bulbifera
https://static.inaturalist.org/photos/74911025/medium.jpeg?1590384845,Dioscorea bulbifera
https://static.inaturalist.org/photos/74964985/medium.jpg?1590416887,Dioscorea bulbifera
https://static.inaturalist.org/photos/75156776/medium.jpg?1590492352,Dioscorea bulbifera
https://static.inaturalist.org/photos/75185707/medium.jpeg?1590506193,Dioscorea bulbifera
https://static.inaturalist.org/photos/75226108/medium.jpg?1590520368,Dioscorea bulbifera
https://static.inaturalist.org/photos/75226048/medium.jpg?1590520346,Dioscorea bulbifera
https://static.inaturalist.org/photos/75436037/medium.jpeg?1590617332,Dioscorea bulbifera
https://static.inaturalist.org/photos/75484312/medium.jpeg?1590638704,Dioscorea bulbifera
https://static.inaturalist.org/photos/75536638/medium.jpeg?1590676100,Dioscorea bulbifera
https://static.inaturalist.org/photos/75626022/medium.jpeg?1590708787,Dioscorea bulbifera
https://static.inaturalist.org/photos/75652340/medium.jpeg?1590720068,Dioscorea bulbifera
https://static.inaturalist.org/photos/75741610/medium.jpeg?1590771015,Dioscorea bulbifera
https://static.inaturalist.org/photos/75905097/medium.jpeg?1590851520,Dioscorea bulbifera
https://static.inaturalist.org/photos/76379652/medium.jpeg?1591035065,Dioscorea bulbifera
https://static.inaturalist.org/photos/76388336/medium.jpg?1591037938,Dioscorea bulbifera
https://static.inaturalist.org/photos/76389094/medium.jpg?1591038189,Dioscorea bulbifera
https://static.inaturalist.org/photos/76396979/medium.jpeg?1591040749,Dioscorea bulbifera
https://static.inaturalist.org/photos/76439149/medium.jpeg?1591056794,Dioscorea bulbifera
https://static.inaturalist.org/photos/76585463/medium.jpg?1591131387,Dioscorea bulbifera
https://static.inaturalist.org/photos/76633095/medium.jpeg?1591152353,Dioscorea bulbifera
https://static.inaturalist.org/photos/76825184/medium.jpeg?1591256886,Dioscorea bulbifera
https://static.inaturalist.org/photos/76965299/medium.jpg?1591324061,Dioscorea bulbifera
https://static.inaturalist.org/photos/76973699/medium.jpg?1591328105,Dioscorea bulbifera
https://static.inaturalist.org/photos/76978574/medium.jpg?1591330750,Dioscorea bulbifera
https://static.inaturalist.org/photos/77114875/medium.jpg?1591400824,Dioscorea bulbifera
https://static.inaturalist.org/photos/77218045/medium.jpeg?1591456833,Dioscorea bulbifera
https://static.inaturalist.org/photos/77219854/medium.jpg?1591457406,Dioscorea bulbifera
https://static.inaturalist.org/photos/77263655/medium.jpeg?1591470483,Dioscorea bulbifera
https://static.inaturalist.org/photos/77320616/medium.jpg?1591487796,Dioscorea bulbifera
https://static.inaturalist.org/photos/77375245/medium.jpeg?1591519197,Dioscorea bulbifera
https://static.inaturalist.org/photos/77399243/medium.jpeg?1591533130,Dioscorea bulbifera
https://static.inaturalist.org/photos/77423865/medium.jpeg?1591542267,Dioscorea bulbifera
https://static.inaturalist.org/photos/77526134/medium.jpg?1591571252,Dioscorea bulbifera
https://static.inaturalist.org/photos/77546578/medium.jpeg?1591577572,Dioscorea bulbifera
https://static.inaturalist.org/photos/77648873/medium.jpeg?1591634135,Dioscorea bulbifera
https://static.inaturalist.org/photos/77703115/medium.jpeg?1591652688,Dioscorea bulbifera
https://static.inaturalist.org/photos/77722491/medium.jpeg?1591660003,Dioscorea bulbifera
https://static.inaturalist.org/photos/77827516/medium.jpeg?1591720253,Dioscorea bulbifera
https://static.inaturalist.org/photos/77882501/medium.jpg?1591740396,Dioscorea bulbifera
https://static.inaturalist.org/photos/78131348/medium.jpg?1591881169,Dioscorea bulbifera
https://static.inaturalist.org/photos/78186542/medium.jpeg?1591903842,Dioscorea bulbifera
https://static.inaturalist.org/photos/78204195/medium.jpeg?1591910256,Dioscorea bulbifera
https://static.inaturalist.org/photos/78291530/medium.jpg?1591963506,Dioscorea bulbifera
https://static.inaturalist.org/photos/78347887/medium.jpg?1591987275,Dioscorea bulbifera
https://static.inaturalist.org/photos/78567852/medium.jpg?1592081547,Dioscorea bulbifera
https://static.inaturalist.org/photos/78480997/medium.jpg?1592057063,Dioscorea bulbifera
https://static.inaturalist.org/photos/78534051/medium.jpeg?1592072996,Dioscorea bulbifera
https://static.inaturalist.org/photos/78603228/medium.jpeg?1592092102,Dioscorea bulbifera
https://static.inaturalist.org/photos/78635116/medium.jpeg?1592103878,Dioscorea bulbifera
https://static.inaturalist.org/photos/78756709/medium.jpeg?1592158032,Dioscorea bulbifera
https://static.inaturalist.org/photos/78779019/medium.jpg?1592163599,Dioscorea bulbifera
https://static.inaturalist.org/photos/78787993/medium.jpg?1592165672,Dioscorea bulbifera
https://static.inaturalist.org/photos/78905770/medium.jpeg?1592216604,Dioscorea bulbifera
https://static.inaturalist.org/photos/78917854/medium.jpeg?1592224025,Dioscorea bulbifera
https://static.inaturalist.org/photos/79556734/medium.jpeg?1592522687,Dioscorea bulbifera
https://static.inaturalist.org/photos/78974135/medium.jpeg?1592244411,Dioscorea bulbifera
https://static.inaturalist.org/photos/79003515/medium.jpg?1592252936,Dioscorea bulbifera
https://static.inaturalist.org/photos/79003556/medium.jpg?1592252954,Dioscorea bulbifera
https://static.inaturalist.org/photos/79083103/medium.jpeg?1592289448,Dioscorea bulbifera
https://static.inaturalist.org/photos/79158644/medium.jpg?1592328813,Dioscorea bulbifera
https://static.inaturalist.org/photos/79166719/medium.jpg?1592331524,Dioscorea bulbifera
https://static.inaturalist.org/photos/79216356/medium.jpg?1592350294,Dioscorea bulbifera
https://static.inaturalist.org/photos/79216419/medium.jpeg?1592350331,Dioscorea bulbifera
https://static.inaturalist.org/photos/79293727/medium.jpg?1592400557,Dioscorea bulbifera
https://static.inaturalist.org/photos/79293844/medium.jpg?1592400623,Dioscorea bulbifera
https://static.inaturalist.org/photos/79329882/medium.jpg?1592416067,Dioscorea bulbifera
https://static.inaturalist.org/photos/79333249/medium.jpeg?1592417271,Dioscorea bulbifera
https://static.inaturalist.org/photos/79362967/medium.jpeg?1592428680,Dioscorea bulbifera
https://static.inaturalist.org/photos/79423420/medium.jpg?1592455749,Dioscorea bulbifera
https://static.inaturalist.org/photos/79646629/medium.jpeg?1592580064,Dioscorea bulbifera
https://static.inaturalist.org/photos/79648740/medium.jpg?1592580878,Dioscorea bulbifera
https://static.inaturalist.org/photos/79650449/medium.jpeg?1592581634,Dioscorea bulbifera
https://static.inaturalist.org/photos/79650928/medium.jpg?1592581805,Dioscorea bulbifera
https://static.inaturalist.org/photos/79839517/medium.jpg?1592667987,Dioscorea bulbifera
https://static.inaturalist.org/photos/79845265/medium.jpeg?1592669685,Dioscorea bulbifera
https://static.inaturalist.org/photos/79952808/medium.jpeg?1592702342,Dioscorea bulbifera
https://static.inaturalist.org/photos/80143738/medium.jpg?1592775134,Dioscorea bulbifera
https://static.inaturalist.org/photos/80217333/medium.jpg?1592803178,Dioscorea bulbifera
https://static.inaturalist.org/photos/80289736/medium.jpeg?1592842708,Dioscorea bulbifera
https://static.inaturalist.org/photos/80371210/medium.jpg?1592868067,Dioscorea bulbifera
https://static.inaturalist.org/photos/80639774/medium.jpg?1593006139,Dioscorea bulbifera
https://static.inaturalist.org/photos/80651021/medium.jpeg?1593011145,Dioscorea bulbifera
https://static.inaturalist.org/photos/80694315/medium.jpeg?1593026307,Dioscorea bulbifera
https://static.inaturalist.org/photos/80700820/medium.jpeg?1593028333,Dioscorea bulbifera
https://static.inaturalist.org/photos/81011835/medium.jpg?1593190469,Dioscorea bulbifera
https://static.inaturalist.org/photos/81012255/medium.jpg?1593190646,Dioscorea bulbifera
https://static.inaturalist.org/photos/80981824/medium.jpg?1593177697,Dioscorea bulbifera
https://static.inaturalist.org/photos/80981144/medium.jpg?1593177264,Dioscorea bulbifera
https://static.inaturalist.org/photos/80985416/medium.jpg?1593179592,Dioscorea bulbifera
https://static.inaturalist.org/photos/80985509/medium.jpg?1593179650,Dioscorea bulbifera
https://static.inaturalist.org/photos/80985571/medium.jpg?1593179686,Dioscorea bulbifera
https://static.inaturalist.org/photos/81884386/medium.jpg?1593563267,Dioscorea bulbifera
https://static.inaturalist.org/photos/81151514/medium.jpg?1593262185,Dioscorea bulbifera
https://static.inaturalist.org/photos/81169869/medium.jpg?1593269474,Dioscorea bulbifera
https://static.inaturalist.org/photos/81314464/medium.jpeg?1593317644,Dioscorea bulbifera
https://static.inaturalist.org/photos/81329554/medium.jpeg?1593328436,Dioscorea bulbifera
https://static.inaturalist.org/photos/81544454/medium.jpeg?1593406638,Dioscorea bulbifera
https://static.inaturalist.org/photos/81580318/medium.jpg?1593433968,Dioscorea bulbifera
https://static.inaturalist.org/photos/81584877/medium.jpg?1593436183,Dioscorea bulbifera
https://static.inaturalist.org/photos/81627237/medium.jpeg?1593452489,Dioscorea bulbifera
https://static.inaturalist.org/photos/81710300/medium.jpeg?1593483280,Dioscorea bulbifera
https://static.inaturalist.org/photos/81820240/medium.jpeg?1593539666,Dioscorea bulbifera
https://static.inaturalist.org/photos/82036895/medium.jpeg?1593638007,Dioscorea bulbifera
https://static.inaturalist.org/photos/82047524/medium.jpeg?1593641719,Dioscorea bulbifera
https://static.inaturalist.org/photos/82053713/medium.jpeg?1593644092,Dioscorea bulbifera
https://static.inaturalist.org/photos/82149472/medium.jpg?1593701501,Dioscorea bulbifera
https://static.inaturalist.org/photos/82154642/medium.jpeg?1593703423,Dioscorea bulbifera
https://static.inaturalist.org/photos/82163694/medium.jpg?1593706620,Dioscorea bulbifera
https://static.inaturalist.org/photos/82257391/medium.jpg?1593744895,Dioscorea bulbifera
https://static.inaturalist.org/photos/82311598/medium.jpeg?1593785301,Dioscorea bulbifera
https://static.inaturalist.org/photos/82674444/medium.jpg?1593958777,Dioscorea bulbifera
https://static.inaturalist.org/photos/82931636/medium.jpeg?1594062475,Dioscorea bulbifera
https://static.inaturalist.org/photos/83042932/medium.jpg?1594121755,Dioscorea bulbifera
https://static.inaturalist.org/photos/83109397/medium.jpg?1594147656,Dioscorea bulbifera
https://static.inaturalist.org/photos/83118744/medium.jpg?1594151120,Dioscorea bulbifera
https://static.inaturalist.org/photos/83179635/medium.jpeg?1594175735,Dioscorea bulbifera
https://static.inaturalist.org/photos/83266853/medium.jpg?1594227452,Dioscorea bulbifera
https://static.inaturalist.org/photos/83421143/medium.jpg?1594308245,Dioscorea bulbifera
https://static.inaturalist.org/photos/83422991/medium.jpeg?1594308999,Dioscorea bulbifera
https://static.inaturalist.org/photos/83629474/medium.jpg?1594408441,Dioscorea bulbifera
https://static.inaturalist.org/photos/83633870/medium.jpeg?1594409930,Dioscorea bulbifera
https://static.inaturalist.org/photos/83673196/medium.jpg?1594426630,Dioscorea bulbifera
https://static.inaturalist.org/photos/83879115/medium.jpg?1594518708,Dioscorea bulbifera
https://static.inaturalist.org/photos/83974962/medium.jpeg?1594568519,Dioscorea bulbifera
https://static.inaturalist.org/photos/83984283/medium.jpg?1594570939,Dioscorea bulbifera
https://static.inaturalist.org/photos/84296445/medium.jpeg?1594692023,Dioscorea bulbifera
https://static.inaturalist.org/photos/84462984/medium.jpg?1594777158,Dioscorea bulbifera
https://static.inaturalist.org/photos/84567255/medium.jpeg?1594837219,Dioscorea bulbifera
https://static.inaturalist.org/photos/84696416/medium.jpg?1594908931,Dioscorea bulbifera
https://static.inaturalist.org/photos/84698432/medium.jpg?1594909919,Dioscorea bulbifera
https://static.inaturalist.org/photos/84698565/medium.jpg?1594909963,Dioscorea bulbifera
https://static.inaturalist.org/photos/84761177/medium.jpg?1594932113,Dioscorea bulbifera
https://static.inaturalist.org/photos/84823354/medium.jpeg?1594961218,Dioscorea bulbifera
https://static.inaturalist.org/photos/84824387/medium.jpeg?1594961995,Dioscorea bulbifera
https://static.inaturalist.org/photos/84930375/medium.jpeg?1595016689,Dioscorea bulbifera
https://static.inaturalist.org/photos/85141952/medium.jpeg?1595109662,Dioscorea bulbifera
https://static.inaturalist.org/photos/85142155/medium.jpeg?1595109739,Dioscorea bulbifera
https://static.inaturalist.org/photos/85151286/medium.jpeg?1595113081,Dioscorea bulbifera
https://static.inaturalist.org/photos/85173810/medium.jpeg?1595122092,Dioscorea bulbifera
https://static.inaturalist.org/photos/85244330/medium.jpeg?1595164292,Dioscorea bulbifera
https://static.inaturalist.org/photos/85266354/medium.jpg?1595171610,Dioscorea bulbifera
https://static.inaturalist.org/photos/85305656/medium.jpg?1595182646,Dioscorea bulbifera
https://static.inaturalist.org/photos/85360536/medium.jpeg?1595198560,Dioscorea bulbifera
https://static.inaturalist.org/photos/85371811/medium.jpg?1595202971,Dioscorea bulbifera
https://static.inaturalist.org/photos/85507694/medium.jpeg?1595268757,Dioscorea bulbifera
https://static.inaturalist.org/photos/85628458/medium.jpeg?1595331770,Dioscorea bulbifera
https://static.inaturalist.org/photos/85824068/medium.jpg?1595428851,Dioscorea bulbifera
https://static.inaturalist.org/photos/85922229/medium.jpg?1595466921,Dioscorea bulbifera
https://static.inaturalist.org/photos/86070185/medium.jpg?1595544019,Dioscorea bulbifera
https://static.inaturalist.org/photos/86103773/medium.jpg?1595560483,Dioscorea bulbifera
https://static.inaturalist.org/photos/86212595/medium.jpeg?1595618218,Dioscorea bulbifera
https://static.inaturalist.org/photos/86338433/medium.jpg?1595684409,Dioscorea bulbifera
https://static.inaturalist.org/photos/86338582/medium.jpg?1595684464,Dioscorea bulbifera
https://static.inaturalist.org/photos/86384018/medium.jpg?1595698641,Dioscorea bulbifera
https://static.inaturalist.org/photos/86595397/medium.jpg?1595785883,Dioscorea bulbifera
https://static.inaturalist.org/photos/86581091/medium.jpg?1595782004,Dioscorea bulbifera
https://static.inaturalist.org/photos/86587298/medium.jpg?1595783765,Dioscorea bulbifera
https://static.inaturalist.org/photos/86589673/medium.jpg?1595784505,Dioscorea bulbifera
https://static.inaturalist.org/photos/86657730/medium.jpg?1595804649,Dioscorea bulbifera
https://static.inaturalist.org/photos/86943048/medium.jpeg?1595947776,Dioscorea bulbifera
https://static.inaturalist.org/photos/86976480/medium.jpeg?1595959845,Dioscorea bulbifera
https://static.inaturalist.org/photos/87024699/medium.jpg?1595977944,Dioscorea bulbifera
https://static.inaturalist.org/photos/87034923/medium.jpg?1595982113,Dioscorea bulbifera
