image_url,scientific_name
https://static.inaturalist.org/photos/137496/medium.jpg?1444526871,Atropa belladonna
https://static.inaturalist.org/photos/182688/medium.JPG?1349187692,Atropa belladonna
https://static.inaturalist.org/photos/273816/medium.jpg?1444702464,Atropa belladonna
https://static.inaturalist.org/photos/479746/medium.jpg?1377975161,Atropa belladonna
https://static.inaturalist.org/photos/568701/medium.jpg?1444319161,Atropa belladonna
https://static.inaturalist.org/photos/955252/medium.jpg?1404089692,Atropa belladonna
https://static.inaturalist.org/photos/1454639/medium.jpg?1420066268,Atropa belladonna
https://static.inaturalist.org/photos/1666725/medium.jpg?1427624694,Atropa belladonna
https://static.inaturalist.org/photos/1788307/medium.jpg?1430531424,Atropa belladonna
https://static.inaturalist.org/photos/1965654/medium.jpg?1433586404,Atropa belladonna
https://static.inaturalist.org/photos/2264187/medium.jpg?1439552310,Atropa belladonna
https://static.inaturalist.org/photos/2334700/medium.JPG?1441188852,Atropa belladonna
https://static.inaturalist.org/photos/3005174/medium.jpg?1455311258,Atropa belladonna
https://static.inaturalist.org/photos/3989422/medium.jpg?1465723533,Atropa belladonna
https://static.inaturalist.org/photos/4118361/medium.jpg?1467053809,Atropa belladonna
https://static.inaturalist.org/photos/4196098/medium.jpg?1467796081,Atropa belladonna
https://static.inaturalist.org/photos/4246990/medium.JPG?1468349804,Atropa belladonna
https://static.inaturalist.org/photos/4284478/medium.jpg?1468771700,Atropa belladonna
https://static.inaturalist.org/photos/4360502/medium.jpg?1469535274,Atropa belladonna
https://static.inaturalist.org/photos/4657426/medium.jpg?1472023463,Atropa belladonna
https://static.inaturalist.org/photos/4710172/medium.jpg?1472502636,Atropa belladonna
https://static.inaturalist.org/photos/4745523/medium.jpeg?1472822470,Atropa belladonna
https://static.inaturalist.org/photos/4885109/medium.jpg?1473890643,Atropa belladonna
https://static.inaturalist.org/photos/5010175/medium.jpeg?1474847416,Atropa belladonna
https://static.inaturalist.org/photos/5108535/medium.jpg?1475572951,Atropa belladonna
https://static.inaturalist.org/photos/5236680/medium.jpeg?1476632080,Atropa belladonna
https://static.inaturalist.org/photos/5399981/medium.jpg?1477991127,Atropa belladonna
https://static.inaturalist.org/photos/5901413/medium.jpeg?1482974408,Atropa belladonna
https://static.inaturalist.org/photos/6534594/medium.jpg?1489271958,Atropa belladonna
https://static.inaturalist.org/photos/6650468/medium.jpeg?1490039874,Atropa belladonna
https://static.inaturalist.org/photos/6921663/medium.jpg?1491591792,Atropa belladonna
https://static.inaturalist.org/photos/7967191/medium.jpg?1495495066,Atropa belladonna
https://static.inaturalist.org/photos/8388078/medium.jpeg?1497272679,Atropa belladonna
https://static.inaturalist.org/photos/8550089/medium.jpeg?1497989190,Atropa belladonna
https://static.inaturalist.org/photos/9045984/medium.jpg?1500046503,Atropa belladonna
https://static.inaturalist.org/photos/9087039/medium.jpeg?1500219675,Atropa belladonna
https://static.inaturalist.org/photos/9173035/medium.jpg?1500545078,Atropa belladonna
https://static.inaturalist.org/photos/9512950/medium.jpeg?1501810515,Atropa belladonna
https://static.inaturalist.org/photos/9592891/medium.jpg?1502094651,Atropa belladonna
https://static.inaturalist.org/photos/9598382/medium.jpg?1502124042,Atropa belladonna
https://static.inaturalist.org/photos/9715315/medium.jpg?1502572591,Atropa belladonna
https://static.inaturalist.org/photos/9730247/medium.jpg?1502630287,Atropa belladonna
https://static.inaturalist.org/photos/9781921/medium.jpeg?1502809828,Atropa belladonna
https://static.inaturalist.org/photos/9782937/medium.jpg?1502812433,Atropa belladonna
https://static.inaturalist.org/photos/9882831/medium.jpg?1503229130,Atropa belladonna
https://static.inaturalist.org/photos/11077218/medium.jpeg?1507605160,Atropa belladonna
https://static.inaturalist.org/photos/11111835/medium.jpg?1507740924,Atropa belladonna
https://static.inaturalist.org/photos/11203431/medium.jpeg?1508095351,Atropa belladonna
https://static.inaturalist.org/photos/11343929/medium.jpeg?1508665401,Atropa belladonna
https://static.inaturalist.org/photos/11343986/medium.jpeg?1508665886,Atropa belladonna
https://static.inaturalist.org/photos/11344216/medium.jpeg?1508667983,Atropa belladonna
https://static.inaturalist.org/photos/11454945/medium.jpg?1509101096,Atropa belladonna
https://static.inaturalist.org/photos/11506351/medium.jpg?1509309678,Atropa belladonna
https://static.inaturalist.org/photos/11825463/medium.jpg?1510681824,Atropa belladonna
https://static.inaturalist.org/photos/12330416/medium.jpg?1513014021,Atropa belladonna
https://static.inaturalist.org/photos/13054903/medium.jpg?1516651345,Atropa belladonna
https://static.inaturalist.org/photos/14533585/medium.jpg?1522179887,Atropa belladonna
https://static.inaturalist.org/photos/17183473/medium.jpeg?1525190649,Atropa belladonna
https://static.inaturalist.org/photos/17406340/medium.jpg?1525448579,Atropa belladonna
https://static.inaturalist.org/photos/17954592/medium.jpg?1526303147,Atropa belladonna
https://static.inaturalist.org/photos/18072269/medium.jpg?1526490177,Atropa belladonna
https://static.inaturalist.org/photos/18304870/medium.jpg?1526847717,Atropa belladonna
https://static.inaturalist.org/photos/18341524/medium.jpg?1526901135,Atropa belladonna
https://static.inaturalist.org/photos/18571347/medium.jpeg?1527277854,Atropa belladonna
https://static.inaturalist.org/photos/18745858/medium.jpeg?1527545615,Atropa belladonna
https://static.inaturalist.org/photos/18746091/medium.jpeg?1527545926,Atropa belladonna
https://static.inaturalist.org/photos/19034949/medium.jpeg?1528013328,Atropa belladonna
https://static.inaturalist.org/photos/19071721/medium.jpg?1528060350,Atropa belladonna
https://static.inaturalist.org/photos/19106482/medium.jpg?1528110297,Atropa belladonna
https://static.inaturalist.org/photos/19119134/medium.jpg?1528130344,Atropa belladonna
https://static.inaturalist.org/photos/19235137/medium.jpg?1528278444,Atropa belladonna
https://static.inaturalist.org/photos/19314457/medium.jpg?1528392991,Atropa belladonna
https://static.inaturalist.org/photos/19429100/medium.jpg?1528578082,Atropa belladonna
https://static.inaturalist.org/photos/19489034/medium.jpeg?1528658940,Atropa belladonna
https://static.inaturalist.org/photos/19533130/medium.jpg?1528724862,Atropa belladonna
https://static.inaturalist.org/photos/19793896/medium.jpg?1529161208,Atropa belladonna
https://static.inaturalist.org/photos/19798990/medium.jpg?1529166756,Atropa belladonna
https://static.inaturalist.org/photos/19850507/medium.jpeg?1529235014,Atropa belladonna
https://static.inaturalist.org/photos/19870890/medium.jpg?1529260052,Atropa belladonna
https://static.inaturalist.org/photos/19908991/medium.jpeg?1529307265,Atropa belladonna
https://static.inaturalist.org/photos/20124938/medium.jpeg?1529673703,Atropa belladonna
https://static.inaturalist.org/photos/20133554/medium.jpeg?1529684848,Atropa belladonna
https://static.inaturalist.org/photos/20322138/medium.jpg?1529959372,Atropa belladonna
https://static.inaturalist.org/photos/20400855/medium.jpg?1530087744,Atropa belladonna
https://static.inaturalist.org/photos/20781578/medium.jpg?1530721001,Atropa belladonna
https://static.inaturalist.org/photos/20822924/medium.jpg?1530784927,Atropa belladonna
https://static.inaturalist.org/photos/20892204/medium.jpg?1530895573,Atropa belladonna
https://static.inaturalist.org/photos/21014270/medium.jpg?1531075012,Atropa belladonna
https://static.inaturalist.org/photos/21226910/medium.jpeg?1531420158,Atropa belladonna
https://static.inaturalist.org/photos/21231395/medium.jpg?1531425742,Atropa belladonna
https://static.inaturalist.org/photos/21654068/medium.jpg?1532086038,Atropa belladonna
https://static.inaturalist.org/photos/21701143/medium.jpeg?1532156094,Atropa belladonna
https://static.inaturalist.org/photos/22005000/medium.jpg?1532617431,Atropa belladonna
https://static.inaturalist.org/photos/22006079/medium.jpg?1532618512,Atropa belladonna
https://static.inaturalist.org/photos/22023624/medium.jpeg?1532636828,Atropa belladonna
https://static.inaturalist.org/photos/22219556/medium.jpg?1532878342,Atropa belladonna
https://static.inaturalist.org/photos/22222983/medium.jpg?1532880971,Atropa belladonna
https://static.inaturalist.org/photos/22226139/medium.jpeg?1532883600,Atropa belladonna
https://static.inaturalist.org/photos/22248428/medium.jpeg?1532899935,Atropa belladonna
https://static.inaturalist.org/photos/22343274/medium.jpeg?1533017527,Atropa belladonna
https://static.inaturalist.org/photos/22426211/medium.jpg?1533157363,Atropa belladonna
https://static.inaturalist.org/photos/22500469/medium.jpeg?1533287450,Atropa belladonna
https://static.inaturalist.org/photos/23168947/medium.jpg?1534335844,Atropa belladonna
https://static.inaturalist.org/photos/22722938/medium.jpg?1533630387,Atropa belladonna
https://static.inaturalist.org/photos/22830137/medium.jpeg?1533814182,Atropa belladonna
https://static.inaturalist.org/photos/22830232/medium.jpeg?1533814499,Atropa belladonna
https://static.inaturalist.org/photos/22830276/medium.jpeg?1533814602,Atropa belladonna
https://static.inaturalist.org/photos/23227001/medium.jpeg?1534428365,Atropa belladonna
https://static.inaturalist.org/photos/23390839/medium.jpeg?1534650000,Atropa belladonna
https://static.inaturalist.org/photos/23392581/medium.jpeg?1534652818,Atropa belladonna
https://static.inaturalist.org/photos/23517444/medium.jpeg?1534827695,Atropa belladonna
https://static.inaturalist.org/photos/23517471/medium.jpeg?1534827753,Atropa belladonna
https://static.inaturalist.org/photos/23537103/medium.jpeg?1534869996,Atropa belladonna
https://static.inaturalist.org/photos/23688706/medium.jpg?1535122840,Atropa belladonna
https://static.inaturalist.org/photos/23803016/medium.jpg?1535301769,Atropa belladonna
https://static.inaturalist.org/photos/23972260/medium.jpg?1535568371,Atropa belladonna
https://static.inaturalist.org/photos/24053931/medium.jpg?1535706180,Atropa belladonna
https://static.inaturalist.org/photos/24522919/medium.jpeg?1536424778,Atropa belladonna
https://static.inaturalist.org/photos/24586022/medium.jpeg?1536506634,Atropa belladonna
https://static.inaturalist.org/photos/24770017/medium.jpg?1536777696,Atropa belladonna
https://static.inaturalist.org/photos/24978238/medium.jpg?1537089299,Atropa belladonna
https://static.inaturalist.org/photos/25078599/medium.jpeg?1537215153,Atropa belladonna
https://static.inaturalist.org/photos/25353832/medium.jpg?1537630967,Atropa belladonna
https://static.inaturalist.org/photos/25421209/medium.jpg?1537719360,Atropa belladonna
https://static.inaturalist.org/photos/25639484/medium.jpg?1538056315,Atropa belladonna
https://static.inaturalist.org/photos/26055334/medium.jpg?1538671990,Atropa belladonna
https://static.inaturalist.org/photos/26213986/medium.jpg?1538919395,Atropa belladonna
https://static.inaturalist.org/photos/26416230/medium.jpeg?1539207214,Atropa belladonna
https://static.inaturalist.org/photos/27112348/medium.jpg?1540313213,Atropa belladonna
https://static.inaturalist.org/photos/27256227/medium.jpeg?1540574097,Atropa belladonna
https://static.inaturalist.org/photos/33356854/medium.jpg?1553433237,Atropa belladonna
https://static.inaturalist.org/photos/27778215/medium.jpg?1541527227,Atropa belladonna
https://static.inaturalist.org/photos/27792422/medium.jpeg?1541549410,Atropa belladonna
https://static.inaturalist.org/photos/27962518/medium.jpeg?1541837053,Atropa belladonna
https://static.inaturalist.org/photos/28079051/medium.jpeg?1542116521,Atropa belladonna
https://static.inaturalist.org/photos/28318659/medium.jpg?1542704105,Atropa belladonna
https://static.inaturalist.org/photos/28597965/medium.jpg?1543352970,Atropa belladonna
https://static.inaturalist.org/photos/28828067/medium.jpeg?1543911756,Atropa belladonna
https://static.inaturalist.org/photos/29540457/medium.jpeg?1545826387,Atropa belladonna
https://static.inaturalist.org/photos/29546654/medium.jpeg?1545845033,Atropa belladonna
https://static.inaturalist.org/photos/29981437/medium.jpg?1546839345,Atropa belladonna
https://static.inaturalist.org/photos/30740857/medium.jpeg?1548675710,Atropa belladonna
https://static.inaturalist.org/photos/30795188/medium.jpg?1548806811,Atropa belladonna
https://static.inaturalist.org/photos/30810919/medium.jpg?1548845816,Atropa belladonna
https://static.inaturalist.org/photos/31338112/medium.jpg?1549963546,Atropa belladonna
https://static.inaturalist.org/photos/31410390/medium.jpeg?1550149529,Atropa belladonna
https://static.inaturalist.org/photos/31585146/medium.jpeg?1550519314,Atropa belladonna
https://static.inaturalist.org/photos/32624201/medium.jpeg?1552215868,Atropa belladonna
https://static.inaturalist.org/photos/32695105/medium.jpeg?1552327941,Atropa belladonna
https://static.inaturalist.org/photos/32975240/medium.jpeg?1552841532,Atropa belladonna
https://static.inaturalist.org/photos/33944881/medium.jpeg?1554207858,Atropa belladonna
https://static.inaturalist.org/photos/35379564/medium.jpeg?1555869166,Atropa belladonna
https://static.inaturalist.org/photos/36913195/medium.jpg?1556515548,Atropa belladonna
https://static.inaturalist.org/photos/38060370/medium.jpg?1557086999,Atropa belladonna
https://static.inaturalist.org/photos/38794923/medium.jpeg?1557772175,Atropa belladonna
https://static.inaturalist.org/photos/38853782/medium.jpg?1557835818,Atropa belladonna
https://static.inaturalist.org/photos/39245126/medium.jpeg?1558218275,Atropa belladonna
https://static.inaturalist.org/photos/39569095/medium.jpeg?1558489941,Atropa belladonna
https://static.inaturalist.org/photos/39870089/medium.jpg?1558772955,Atropa belladonna
https://static.inaturalist.org/photos/40737316/medium.jpg?1559480585,Atropa belladonna
https://static.inaturalist.org/photos/40854745/medium.jpeg?1559554312,Atropa belladonna
https://static.inaturalist.org/photos/41043567/medium.jpeg?1559729237,Atropa belladonna
https://static.inaturalist.org/photos/41130753/medium.jpg?1559811509,Atropa belladonna
https://static.inaturalist.org/photos/41137026/medium.jpg?1559822798,Atropa belladonna
https://static.inaturalist.org/photos/41315793/medium.jpeg?1559995295,Atropa belladonna
https://static.inaturalist.org/photos/41364748/medium.jpeg?1560028265,Atropa belladonna
https://static.inaturalist.org/photos/41532654/medium.jpg?1560159021,Atropa belladonna
https://static.inaturalist.org/photos/41541834/medium.jpg?1560169922,Atropa belladonna
https://static.inaturalist.org/photos/41566468/medium.jpg?1560187076,Atropa belladonna
https://static.inaturalist.org/photos/41646407/medium.jpg?1560265130,Atropa belladonna
https://static.inaturalist.org/photos/41744836/medium.jpg?1560357145,Atropa belladonna
https://static.inaturalist.org/photos/41803577/medium.jpg?1560402906,Atropa belladonna
https://static.inaturalist.org/photos/41833356/medium.png?1560444057,Atropa belladonna
https://static.inaturalist.org/photos/41871502/medium.jpeg?1560472941,Atropa belladonna
https://static.inaturalist.org/photos/41899843/medium.jpg?1560513246,Atropa belladonna
https://static.inaturalist.org/photos/41912278/medium.jpeg?1560526449,Atropa belladonna
https://static.inaturalist.org/photos/42014864/medium.jpeg?1560618178,Atropa belladonna
https://static.inaturalist.org/photos/42093366/medium.jpg?1560678869,Atropa belladonna
https://static.inaturalist.org/photos/42095727/medium.jpg?1560682488,Atropa belladonna
https://static.inaturalist.org/photos/42111574/medium.jpeg?1560696812,Atropa belladonna
https://static.inaturalist.org/photos/42113191/medium.jpeg?1560697830,Atropa belladonna
https://static.inaturalist.org/photos/42115163/medium.jpeg?1560698930,Atropa belladonna
https://static.inaturalist.org/photos/42115174/medium.jpeg?1560698939,Atropa belladonna
https://static.inaturalist.org/photos/42115199/medium.jpeg?1560698956,Atropa belladonna
https://static.inaturalist.org/photos/42202698/medium.jpeg?1560764442,Atropa belladonna
https://static.inaturalist.org/photos/42322427/medium.jpeg?1560874406,Atropa belladonna
https://static.inaturalist.org/photos/42665309/medium.jpeg?1561188900,Atropa belladonna
https://static.inaturalist.org/photos/42683738/medium.jpg?1561211971,Atropa belladonna
https://static.inaturalist.org/photos/42719973/medium.jpeg?1561233354,Atropa belladonna
https://static.inaturalist.org/photos/42777584/medium.jpg?1561277363,Atropa belladonna
https://static.inaturalist.org/photos/42896506/medium.jpg?1561374835,Atropa belladonna
https://static.inaturalist.org/photos/43000441/medium.jpg?1561464798,Atropa belladonna
https://static.inaturalist.org/photos/43045117/medium.jpg?1561493318,Atropa belladonna
https://static.inaturalist.org/photos/43090031/medium.jpg?1561525980,Atropa belladonna
https://static.inaturalist.org/photos/43091361/medium.jpeg?1561527365,Atropa belladonna
https://static.inaturalist.org/photos/43242991/medium.jpg?1561663406,Atropa belladonna
https://static.inaturalist.org/photos/43401680/medium.jpg?1561817121,Atropa belladonna
https://static.inaturalist.org/photos/43393453/medium.jpeg?1561808525,Atropa belladonna
https://static.inaturalist.org/photos/43485152/medium.jpg?1561882232,Atropa belladonna
https://static.inaturalist.org/photos/43629716/medium.jpg?1562002978,Atropa belladonna
https://static.inaturalist.org/photos/43902615/medium.jpeg?1562252064,Atropa belladonna
https://static.inaturalist.org/photos/43953804/medium.jpg?1562287003,Atropa belladonna
https://static.inaturalist.org/photos/44016077/medium.jpg?1562352666,Atropa belladonna
https://static.inaturalist.org/photos/44209477/medium.jpeg?1562509688,Atropa belladonna
https://static.inaturalist.org/photos/44218287/medium.jpg?1562514629,Atropa belladonna
https://static.inaturalist.org/photos/44241907/medium.jpeg?1562527017,Atropa belladonna
https://static.inaturalist.org/photos/44325093/medium.jpeg?1562596198,Atropa belladonna
https://static.inaturalist.org/photos/44351613/medium.jpg?1562612632,Atropa belladonna
https://static.inaturalist.org/photos/44358091/medium.jpeg?1562616605,Atropa belladonna
https://static.inaturalist.org/photos/44535610/medium.jpg?1562777975,Atropa belladonna
https://static.inaturalist.org/photos/44556629/medium.jpg?1562792506,Atropa belladonna
https://static.inaturalist.org/photos/44605336/medium.jpeg?1562845448,Atropa belladonna
https://static.inaturalist.org/photos/44626578/medium.jpeg?1562862724,Atropa belladonna
https://static.inaturalist.org/photos/44732826/medium.jpg?1562956970,Atropa belladonna
https://static.inaturalist.org/photos/44782791/medium.jpeg?1562997371,Atropa belladonna
https://static.inaturalist.org/photos/44820903/medium.jpeg?1563037195,Atropa belladonna
https://static.inaturalist.org/photos/44890756/medium.jpeg?1563089977,Atropa belladonna
https://static.inaturalist.org/photos/44934569/medium.jpeg?1563126860,Atropa belladonna
https://static.inaturalist.org/photos/45017019/medium.jpg?1563195478,Atropa belladonna
https://static.inaturalist.org/photos/45021545/medium.jpg?1563199221,Atropa belladonna
https://static.inaturalist.org/photos/45021599/medium.jpg?1563199274,Atropa belladonna
https://static.inaturalist.org/photos/45047804/medium.jpg?1563216776,Atropa belladonna
https://static.inaturalist.org/photos/45215410/medium.jpg?1563348868,Atropa belladonna
https://static.inaturalist.org/photos/45235766/medium.jpeg?1563375348,Atropa belladonna
https://static.inaturalist.org/photos/45333693/medium.jpg?1563463165,Atropa belladonna
https://static.inaturalist.org/photos/45345999/medium.jpeg?1563471138,Atropa belladonna
https://static.inaturalist.org/photos/45367492/medium.jpeg?1563483513,Atropa belladonna
https://static.inaturalist.org/photos/45370851/medium.jpeg?1563485897,Atropa belladonna
https://static.inaturalist.org/photos/45398754/medium.jpeg?1563524920,Atropa belladonna
https://static.inaturalist.org/photos/45402570/medium.jpeg?1563532347,Atropa belladonna
https://static.inaturalist.org/photos/45438605/medium.jpg?1563558184,Atropa belladonna
https://static.inaturalist.org/photos/45460555/medium.jpg?1563572117,Atropa belladonna
https://static.inaturalist.org/photos/45509848/medium.jpeg?1563626532,Atropa belladonna
https://static.inaturalist.org/photos/45532270/medium.jpeg?1563641645,Atropa belladonna
https://static.inaturalist.org/photos/45540628/medium.jpeg?1563646416,Atropa belladonna
https://static.inaturalist.org/photos/45607602/medium.jpg?1563698641,Atropa belladonna
https://static.inaturalist.org/photos/45769830/medium.jpeg?1563819158,Atropa belladonna
https://static.inaturalist.org/photos/45828394/medium.jpg?1563863110,Atropa belladonna
https://static.inaturalist.org/photos/45830620/medium.jpg?1563866845,Atropa belladonna
https://static.inaturalist.org/photos/45837175/medium.jpg?1563878252,Atropa belladonna
https://static.inaturalist.org/photos/45970485/medium.jpg?1563990911,Atropa belladonna
https://static.inaturalist.org/photos/45993211/medium.jpeg?1564003759,Atropa belladonna
https://static.inaturalist.org/photos/46153007/medium.jpeg?1564144063,Atropa belladonna
https://static.inaturalist.org/photos/46153066/medium.jpeg?1564144128,Atropa belladonna
https://static.inaturalist.org/photos/47104987/medium.jpeg?1564914249,Atropa belladonna
https://static.inaturalist.org/photos/46256384/medium.jpeg?1564232314,Atropa belladonna
https://static.inaturalist.org/photos/46387835/medium.jpeg?1564329123,Atropa belladonna
https://static.inaturalist.org/photos/46396465/medium.jpg?1564333049,Atropa belladonna
https://static.inaturalist.org/photos/46694018/medium.jpg?1564557458,Atropa belladonna
https://static.inaturalist.org/photos/46697817/medium.jpg?1564564703,Atropa belladonna
https://static.inaturalist.org/photos/46741284/medium.jpeg?1564599767,Atropa belladonna
https://static.inaturalist.org/photos/46770832/medium.jpeg?1564618987,Atropa belladonna
https://static.inaturalist.org/photos/46812763/medium.jpeg?1564667663,Atropa belladonna
https://static.inaturalist.org/photos/46839237/medium.jpeg?1564685852,Atropa belladonna
https://static.inaturalist.org/photos/46931745/medium.jpeg?1564768093,Atropa belladonna
https://static.inaturalist.org/photos/46953236/medium.jpeg?1564782458,Atropa belladonna
https://static.inaturalist.org/photos/46994925/medium.jpeg?1564827585,Atropa belladonna
https://static.inaturalist.org/photos/46997289/medium.jpeg?1564831006,Atropa belladonna
https://static.inaturalist.org/photos/47016781/medium.jpg?1564845840,Atropa belladonna
https://static.inaturalist.org/photos/47016963/medium.jpg?1564845974,Atropa belladonna
https://static.inaturalist.org/photos/47020681/medium.jpg?1564847955,Atropa belladonna
https://static.inaturalist.org/photos/47025485/medium.jpg?1564850377,Atropa belladonna
https://static.inaturalist.org/photos/47102375/medium.jpg?1564909998,Atropa belladonna
https://static.inaturalist.org/photos/47120735/medium.jpeg?1564928017,Atropa belladonna
https://static.inaturalist.org/photos/47140520/medium.jpeg?1564938385,Atropa belladonna
https://static.inaturalist.org/photos/47323199/medium.jpeg?1565078338,Atropa belladonna
https://static.inaturalist.org/photos/47469822/medium.jpg?1565209487,Atropa belladonna
https://static.inaturalist.org/photos/47521813/medium.jpg?1565265127,Atropa belladonna
https://static.inaturalist.org/photos/47618502/medium.jpeg?1565356703,Atropa belladonna
https://static.inaturalist.org/photos/47709712/medium.jpg?1565440373,Atropa belladonna
https://static.inaturalist.org/photos/47727785/medium.jpg?1565453504,Atropa belladonna
https://static.inaturalist.org/photos/47736703/medium.jpeg?1565458418,Atropa belladonna
https://static.inaturalist.org/photos/47811940/medium.jpg?1565513039,Atropa belladonna
https://static.inaturalist.org/photos/47990020/medium.jpeg?1565642528,Atropa belladonna
https://static.inaturalist.org/photos/48044681/medium.jpeg?1565691091,Atropa belladonna
https://static.inaturalist.org/photos/48079691/medium.jpg?1565719667,Atropa belladonna caucasica
https://static.inaturalist.org/photos/48082902/medium.jpg?1565721725,Atropa belladonna
https://static.inaturalist.org/photos/48154104/medium.jpg?1565789204,Atropa belladonna
https://static.inaturalist.org/photos/48167710/medium.jpeg?1565798765,Atropa belladonna
https://static.inaturalist.org/photos/48239902/medium.jpg?1565853904,Atropa belladonna
https://static.inaturalist.org/photos/48395735/medium.jpg?1565989959,Atropa belladonna
https://static.inaturalist.org/photos/48444586/medium.jpeg?1566043014,Atropa belladonna
https://static.inaturalist.org/photos/48491773/medium.jpg?1566073830,Atropa belladonna
https://static.inaturalist.org/photos/48536995/medium.jpg?1566108572,Atropa belladonna
https://static.inaturalist.org/photos/48553799/medium.jpeg?1566130961,Atropa belladonna
https://static.inaturalist.org/photos/48556974/medium.jpg?1566133963,Atropa belladonna
https://static.inaturalist.org/photos/48569488/medium.jpeg?1566142100,Atropa belladonna
https://static.inaturalist.org/photos/48601896/medium.jpg?1566160029,Atropa belladonna
https://static.inaturalist.org/photos/48657711/medium.jpg?1566207779,Atropa belladonna
https://static.inaturalist.org/photos/48757879/medium.jpg?1566300222,Atropa belladonna
https://static.inaturalist.org/photos/48848618/medium.jpeg?1566379488,Atropa belladonna
https://static.inaturalist.org/photos/49071907/medium.jpeg?1566584089,Atropa belladonna
https://static.inaturalist.org/photos/49131123/medium.jpg?1566644814,Atropa belladonna
https://static.inaturalist.org/photos/49131942/medium.jpg?1566646142,Atropa belladonna
https://static.inaturalist.org/photos/49138693/medium.jpeg?1566653193,Atropa belladonna
https://static.inaturalist.org/photos/49187873/medium.jpeg?1566680423,Atropa belladonna
https://static.inaturalist.org/photos/49190033/medium.jpeg?1566681456,Atropa belladonna
https://static.inaturalist.org/photos/49242249/medium.jpeg?1566725587,Atropa belladonna
https://static.inaturalist.org/photos/49408468/medium.jpeg?1566843177,Atropa belladonna
https://static.inaturalist.org/photos/49410335/medium.jpeg?1566844054,Atropa belladonna
https://static.inaturalist.org/photos/49491391/medium.jpeg?1566918552,Atropa belladonna
https://static.inaturalist.org/photos/49575899/medium.jpg?1566990799,Atropa belladonna
https://static.inaturalist.org/photos/49695432/medium.jpg?1567093972,Atropa belladonna
https://static.inaturalist.org/photos/49886079/medium.jpeg?1567260708,Atropa belladonna
https://static.inaturalist.org/photos/49887531/medium.jpg?1567261703,Atropa belladonna
https://static.inaturalist.org/photos/49934038/medium.jpg?1567286986,Atropa belladonna
https://static.inaturalist.org/photos/49981906/medium.jpg?1567323350,Atropa belladonna
https://static.inaturalist.org/photos/50038675/medium.jpg?1567367135,Atropa belladonna
https://static.inaturalist.org/photos/50077604/medium.jpeg?1567389570,Atropa belladonna
https://static.inaturalist.org/photos/50155857/medium.jpeg?1567455057,Atropa belladonna
https://static.inaturalist.org/photos/50225947/medium.jpeg?1567515484,Atropa belladonna
https://static.inaturalist.org/photos/50228393/medium.jpeg?1567517518,Atropa belladonna
https://static.inaturalist.org/photos/50346490/medium.jpeg?1567623003,Atropa belladonna
https://static.inaturalist.org/photos/50367174/medium.jpeg?1567637539,Atropa belladonna
https://static.inaturalist.org/photos/50398614/medium.jpeg?1567670488,Atropa belladonna
https://static.inaturalist.org/photos/50499884/medium.jpg?1567773480,Atropa belladonna
https://static.inaturalist.org/photos/50729917/medium.jpeg?1567961456,Atropa belladonna
https://static.inaturalist.org/photos/50737641/medium.jpg?1567965635,Atropa belladonna
https://static.inaturalist.org/photos/50843505/medium.jpg?1568047675,Atropa belladonna
https://static.inaturalist.org/photos/51009915/medium.jpeg?1568193531,Atropa belladonna
https://static.inaturalist.org/photos/51032482/medium.jpg?1568216404,Atropa belladonna
https://static.inaturalist.org/photos/51054162/medium.jpeg?1568229918,Atropa belladonna
https://static.inaturalist.org/photos/51094956/medium.jpg?1568258260,Atropa belladonna
https://static.inaturalist.org/photos/51205603/medium.jpg?1568379716,Atropa belladonna
https://static.inaturalist.org/photos/51224559/medium.jpg?1568394285,Atropa belladonna
https://static.inaturalist.org/photos/51231920/medium.jpeg?1568398560,Atropa belladonna
https://static.inaturalist.org/photos/51282552/medium.jpeg?1568445728,Atropa belladonna
https://static.inaturalist.org/photos/51288574/medium.jpeg?1568458109,Atropa belladonna
https://static.inaturalist.org/photos/51299083/medium.jpg?1568471060,Atropa belladonna
https://static.inaturalist.org/photos/51340639/medium.jpg?1568493338,Atropa belladonna
https://static.inaturalist.org/photos/51412413/medium.jpg?1568558468,Atropa belladonna
https://static.inaturalist.org/photos/51613919/medium.jpg?1568722340,Atropa belladonna
https://static.inaturalist.org/photos/51625141/medium.jpeg?1568732688,Atropa belladonna
https://static.inaturalist.org/photos/51633949/medium.jpeg?1568739319,Atropa belladonna
https://static.inaturalist.org/photos/51637816/medium.jpeg?1568741909,Atropa belladonna
https://static.inaturalist.org/photos/51842391/medium.jpg?1568925366,Atropa belladonna
https://static.inaturalist.org/photos/52036535/medium.jpg?1569093127,Atropa belladonna
https://static.inaturalist.org/photos/52085434/medium.jpg?1569127902,Atropa belladonna
https://static.inaturalist.org/photos/52301760/medium.jpg?1569320343,Atropa belladonna
https://static.inaturalist.org/photos/52492403/medium.jpeg?1569501881,Atropa belladonna
https://static.inaturalist.org/photos/52506323/medium.jpeg?1569512440,Atropa belladonna
https://static.inaturalist.org/photos/53114755/medium.jpeg?1570107025,Atropa belladonna
https://static.inaturalist.org/photos/53363951/medium.jpeg?1570357033,Atropa belladonna
https://static.inaturalist.org/photos/53371817/medium.jpg?1570367470,Atropa belladonna
https://static.inaturalist.org/photos/53486574/medium.jpeg?1570462922,Atropa belladonna
https://static.inaturalist.org/photos/53765175/medium.jpg?1570748124,Atropa belladonna
https://static.inaturalist.org/photos/53956000/medium.jpeg?1570963777,Atropa belladonna
https://static.inaturalist.org/photos/54045738/medium.jpg?1571038509,Atropa belladonna
https://static.inaturalist.org/photos/54056264/medium.jpg?1571054850,Atropa belladonna
https://static.inaturalist.org/photos/54536561/medium.jpg?1571589773,Atropa belladonna
https://static.inaturalist.org/photos/54713799/medium.jpeg?1571761841,Atropa belladonna
https://static.inaturalist.org/photos/54933055/medium.jpeg?1572009105,Atropa belladonna
https://static.inaturalist.org/photos/54995829/medium.jpeg?1572083648,Atropa belladonna
https://static.inaturalist.org/photos/55409237/medium.jpg?1572601973,Atropa belladonna
https://static.inaturalist.org/photos/55542162/medium.jpeg?1572789029,Atropa belladonna
https://static.inaturalist.org/photos/55819521/medium.jpg?1573108813,Atropa belladonna
https://static.inaturalist.org/photos/55856782/medium.jpg?1573163862,Atropa belladonna
https://static.inaturalist.org/photos/56399923/medium.jpeg?1573928022,Atropa belladonna
https://static.inaturalist.org/photos/56480819/medium.jpeg?1574026200,Atropa belladonna
https://static.inaturalist.org/photos/56593925/medium.jpeg?1574186689,Atropa belladonna caucasica
https://static.inaturalist.org/photos/56877630/medium.jpeg?1574603777,Atropa belladonna
https://static.inaturalist.org/photos/57136678/medium.jpeg?1574967892,Atropa belladonna
https://static.inaturalist.org/photos/57339179/medium.jpg?1575281607,Atropa belladonna
https://static.inaturalist.org/photos/57746121/medium.jpg?1575958104,Atropa belladonna
https://static.inaturalist.org/photos/58511878/medium.jpeg?1577344578,Atropa belladonna
https://static.inaturalist.org/photos/58658339/medium.jpg?1577571124,Atropa belladonna
https://static.inaturalist.org/photos/59494609/medium.jpeg?1578828764,Atropa belladonna
https://static.inaturalist.org/photos/59571771/medium.jpg?1578941536,Atropa belladonna
https://static.inaturalist.org/photos/61205110/medium.jpeg?1581344565,Atropa belladonna
https://static.inaturalist.org/photos/61381942/medium.jpeg?1581611580,Atropa belladonna
https://static.inaturalist.org/photos/61560216/medium.jpeg?1581857800,Atropa belladonna
https://static.inaturalist.org/photos/61766593/medium.jpeg?1582111097,Atropa belladonna
https://static.inaturalist.org/photos/62848080/medium.jpg?1583480850,Atropa belladonna
https://static.inaturalist.org/photos/64051598/medium.jpeg?1584744856,Atropa belladonna
https://static.inaturalist.org/photos/64307829/medium.jpeg?1584946997,Atropa belladonna
https://static.inaturalist.org/photos/64633933/medium.jpeg?1585252360,Atropa belladonna
https://static.inaturalist.org/photos/64743680/medium.jpeg?1585342650,Atropa belladonna
https://static.inaturalist.org/photos/65594728/medium.jpeg?1585994566,Atropa belladonna
https://static.inaturalist.org/photos/65864767/medium.jpeg?1586154092,Atropa belladonna
https://static.inaturalist.org/photos/65916845/medium.jpg?1586198187,Atropa belladonna
https://static.inaturalist.org/photos/66646554/medium.jpg?1586698021,Atropa belladonna
https://static.inaturalist.org/photos/66915906/medium.jpg?1586862966,Atropa belladonna
https://static.inaturalist.org/photos/67293973/medium.jpeg?1587124651,Atropa belladonna
https://static.inaturalist.org/photos/67410785/medium.jpeg?1587194984,Atropa belladonna
https://static.inaturalist.org/photos/67422405/medium.jpeg?1587207368,Atropa belladonna
https://static.inaturalist.org/photos/67604045/medium.jpg?1587309322,Atropa belladonna
https://static.inaturalist.org/photos/69926010/medium.jpeg?1588065286,Atropa belladonna
https://static.inaturalist.org/photos/70319604/medium.jpeg?1588238197,Atropa belladonna
https://static.inaturalist.org/photos/70519863/medium.jpg?1588344713,Atropa belladonna
https://static.inaturalist.org/photos/70869717/medium.jpg?1588493271,Atropa belladonna
https://static.inaturalist.org/photos/70883008/medium.jpg?1588502611,Atropa belladonna
https://static.inaturalist.org/photos/70884700/medium.jpeg?1588503649,Atropa belladonna
https://static.inaturalist.org/photos/70975552/medium.jpeg?1588531692,Atropa belladonna
https://static.inaturalist.org/photos/71026798/medium.jpeg?1588543841,Atropa belladonna
https://static.inaturalist.org/photos/71186068/medium.jpeg?1588619147,Atropa belladonna
https://static.inaturalist.org/photos/71296975/medium.jpeg?1588684720,Atropa belladonna
https://static.inaturalist.org/photos/71501442/medium.jpg?1588793716,Atropa belladonna
https://static.inaturalist.org/photos/71618875/medium.jpeg?1588865286,Atropa belladonna
https://static.inaturalist.org/photos/71923470/medium.jpeg?1589028954,Atropa belladonna
https://static.inaturalist.org/photos/72128267/medium.jpg?1589124218,Atropa belladonna
https://static.inaturalist.org/photos/72159875/medium.jpg?1589134323,Atropa belladonna
https://static.inaturalist.org/photos/72265891/medium.jpg?1589181689,Atropa belladonna
https://static.inaturalist.org/photos/72339982/medium.jpeg?1589225255,Atropa belladonna
https://static.inaturalist.org/photos/72442222/medium.jpg?1589290830,Atropa belladonna
https://static.inaturalist.org/photos/72461246/medium.jpg?1589299701,Atropa belladonna
https://static.inaturalist.org/photos/72462236/medium.jpeg?1589300052,Atropa belladonna
https://static.inaturalist.org/photos/72628412/medium.jpeg?1589392211,Atropa belladonna
https://static.inaturalist.org/photos/73148845/medium.jpeg?1589654046,Atropa belladonna
https://static.inaturalist.org/photos/73324809/medium.jpg?1589725178,Atropa belladonna
https://static.inaturalist.org/photos/73462176/medium.jpeg?1589761352,Atropa belladonna
https://static.inaturalist.org/photos/73521212/medium.jpeg?1589794779,Atropa belladonna
https://static.inaturalist.org/photos/73567766/medium.jpeg?1589817980,Atropa belladonna
https://static.inaturalist.org/photos/73781311/medium.jpg?1589916107,Atropa belladonna
https://static.inaturalist.org/photos/73794796/medium.jpeg?1589921518,Atropa belladonna
https://static.inaturalist.org/photos/73992799/medium.jpg?1590011454,Atropa belladonna
https://static.inaturalist.org/photos/74061719/medium.jpeg?1590045225,Atropa belladonna
https://static.inaturalist.org/photos/74069109/medium.jpeg?1590051166,Atropa belladonna
https://static.inaturalist.org/photos/74084026/medium.jpg?1590061935,Atropa belladonna
https://static.inaturalist.org/photos/74159664/medium.jpg?1590090724,Atropa belladonna
https://static.inaturalist.org/photos/75177469/medium.jpeg?1590503232,Atropa belladonna
https://static.inaturalist.org/photos/74262916/medium.jpg?1590143688,Atropa belladonna
https://static.inaturalist.org/photos/74566672/medium.jpeg?1590265328,Atropa belladonna
https://static.inaturalist.org/photos/74679495/medium.jpg?1590311374,Atropa belladonna
https://static.inaturalist.org/photos/75324857/medium.jpg?1590570285,Atropa belladonna
https://static.inaturalist.org/photos/74745584/medium.jpeg?1590336284,Atropa belladonna
https://static.inaturalist.org/photos/75011932/medium.jpg?1590430149,Atropa belladonna
https://static.inaturalist.org/photos/75012756/medium.jpg?1590430366,Atropa belladonna
https://static.inaturalist.org/photos/75024149/medium.jpeg?1590433311,Atropa belladonna
https://static.inaturalist.org/photos/75046421/medium.jpeg?1590439216,Atropa belladonna
https://static.inaturalist.org/photos/75066321/medium.jpg?1590444573,Atropa belladonna
https://static.inaturalist.org/photos/75159054/medium.jpeg?1590493959,Atropa belladonna
https://static.inaturalist.org/photos/75231285/medium.jpeg?1590522006,Atropa belladonna
https://static.inaturalist.org/photos/75366238/medium.jpeg?1590592965,Atropa belladonna
https://static.inaturalist.org/photos/75372228/medium.jpg?1590595070,Atropa belladonna
https://static.inaturalist.org/photos/75427005/medium.jpg?1590614361,Atropa belladonna
https://static.inaturalist.org/photos/75514423/medium.jpeg?1590663465,Atropa belladonna
https://static.inaturalist.org/photos/75519974/medium.jpeg?1590667606,Atropa belladonna
https://static.inaturalist.org/photos/75527376/medium.jpeg?1590671720,Atropa belladonna
https://static.inaturalist.org/photos/75691670/medium.jpeg?1590747022,Atropa belladonna
https://static.inaturalist.org/photos/75856500/medium.jpg?1590826514,Atropa belladonna
https://static.inaturalist.org/photos/75857841/medium.jpeg?1590827737,Atropa belladonna
https://static.inaturalist.org/photos/75864240/medium.jpg?1590833094,Atropa belladonna
https://static.inaturalist.org/photos/75869428/medium.jpg?1590836703,Atropa belladonna
https://static.inaturalist.org/photos/75880814/medium.jpeg?1590842633,Atropa belladonna
https://static.inaturalist.org/photos/75915431/medium.jpeg?1590854610,Atropa belladonna
https://static.inaturalist.org/photos/75924329/medium.jpg?1590857173,Atropa belladonna
https://static.inaturalist.org/photos/75947521/medium.jpg?1590863725,Atropa belladonna
https://static.inaturalist.org/photos/76146329/medium.jpeg?1590943912,Atropa belladonna
https://static.inaturalist.org/photos/76300671/medium.jpeg?1590999616,Atropa belladonna
https://static.inaturalist.org/photos/76301107/medium.jpeg?1590999960,Atropa belladonna
https://static.inaturalist.org/photos/76368219/medium.jpg?1591031264,Atropa belladonna
https://static.inaturalist.org/photos/76342941/medium.jpg?1591022854,Atropa belladonna
https://static.inaturalist.org/photos/76351910/medium.jpg?1591026011,Atropa belladonna
https://static.inaturalist.org/photos/76368354/medium.jpg?1591031304,Atropa belladonna
https://static.inaturalist.org/photos/76368952/medium.jpg?1591031508,Atropa belladonna
https://static.inaturalist.org/photos/76381357/medium.jpeg?1591035683,Atropa belladonna
https://static.inaturalist.org/photos/76536737/medium.jpeg?1591113290,Atropa belladonna
https://static.inaturalist.org/photos/76658082/medium.jpeg?1591172259,Atropa belladonna
https://static.inaturalist.org/photos/76671840/medium.jpg?1591184234,Atropa belladonna
https://static.inaturalist.org/photos/76715248/medium.jpeg?1591203758,Atropa belladonna
https://static.inaturalist.org/photos/77005945/medium.jpeg?1591356318,Atropa belladonna
https://static.inaturalist.org/photos/77186672/medium.jpg?1591444558,Atropa belladonna
https://static.inaturalist.org/photos/77202238/medium.jpeg?1591451513,Atropa belladonna
https://static.inaturalist.org/photos/77205310/medium.jpeg?1591452638,Atropa belladonna
https://static.inaturalist.org/photos/77208885/medium.jpg?1591453864,Atropa belladonna
https://static.inaturalist.org/photos/77292385/medium.jpg?1591478367,Atropa belladonna
https://static.inaturalist.org/photos/77376555/medium.jpg?1591520097,Atropa belladonna
https://static.inaturalist.org/photos/77398326/medium.jpg?1591532716,Atropa belladonna
https://static.inaturalist.org/photos/77400025/medium.jpeg?1591533514,Atropa belladonna
https://static.inaturalist.org/photos/77409641/medium.jpeg?1591537651,Atropa belladonna
https://static.inaturalist.org/photos/77419507/medium.jpg?1591540992,Atropa belladonna
https://static.inaturalist.org/photos/77594886/medium.jpg?1591605403,Atropa belladonna
https://static.inaturalist.org/photos/77594200/medium.jpg?1591604645,Atropa belladonna
https://static.inaturalist.org/photos/77631470/medium.jpg?1591627740,Atropa belladonna
https://static.inaturalist.org/photos/77636956/medium.jpeg?1591629653,Atropa belladonna
https://static.inaturalist.org/photos/77634280/medium.jpeg?1591628715,Atropa belladonna
https://static.inaturalist.org/photos/77661170/medium.jpeg?1591638194,Atropa belladonna
https://static.inaturalist.org/photos/77770079/medium.jpg?1591686811,Atropa belladonna
https://static.inaturalist.org/photos/77772011/medium.jpeg?1591688639,Atropa belladonna
https://static.inaturalist.org/photos/77776812/medium.jpg?1591693405,Atropa belladonna
https://static.inaturalist.org/photos/77827167/medium.jpeg?1591720116,Atropa belladonna
https://static.inaturalist.org/photos/77830048/medium.jpeg?1591721090,Atropa belladonna
https://static.inaturalist.org/photos/77852998/medium.jpeg?1591728498,Atropa belladonna
https://static.inaturalist.org/photos/78114830/medium.jpeg?1591870828,Atropa belladonna
https://static.inaturalist.org/photos/78114840/medium.jpeg?1591870839,Atropa belladonna
https://static.inaturalist.org/photos/78115619/medium.jpg?1591871503,Atropa belladonna
https://static.inaturalist.org/photos/78127576/medium.jpeg?1591879089,Atropa belladonna
https://static.inaturalist.org/photos/78170064/medium.jpeg?1591897824,Atropa belladonna
https://static.inaturalist.org/photos/78268787/medium.jpg?1591941636,Atropa belladonna
https://static.inaturalist.org/photos/78312756/medium.jpg?1591974493,Atropa belladonna
https://static.inaturalist.org/photos/78313164/medium.jpg?1591974671,Atropa belladonna
https://static.inaturalist.org/photos/78315942/medium.jpg?1591975740,Atropa belladonna
https://static.inaturalist.org/photos/78468782/medium.jpg?1592051837,Atropa belladonna
https://static.inaturalist.org/photos/78514307/medium.jpeg?1592067389,Atropa belladonna
https://static.inaturalist.org/photos/78573949/medium.jpeg?1592083262,Atropa belladonna
https://static.inaturalist.org/photos/78661567/medium.jpg?1592121210,Atropa belladonna
https://static.inaturalist.org/photos/78852830/medium.jpg?1592184943,Atropa belladonna
https://static.inaturalist.org/photos/78955985/medium.jpg?1592238898,Atropa belladonna
https://static.inaturalist.org/photos/78984237/medium.jpeg?1592247312,Atropa belladonna
https://static.inaturalist.org/photos/79084896/medium.jpeg?1592290827,Atropa belladonna
https://static.inaturalist.org/photos/79266311/medium.jpg?1592378022,Atropa belladonna
https://static.inaturalist.org/photos/79329239/medium.jpeg?1592415820,Atropa belladonna
https://static.inaturalist.org/photos/79356259/medium.jpeg?1592425900,Atropa belladonna
https://static.inaturalist.org/photos/79441324/medium.jpg?1592472595,Atropa belladonna
https://static.inaturalist.org/photos/79441808/medium.jpg?1592473017,Atropa belladonna
https://static.inaturalist.org/photos/79459021/medium.jpg?1592485285,Atropa belladonna
https://static.inaturalist.org/photos/79471180/medium.jpeg?1592490907,Atropa belladonna
https://static.inaturalist.org/photos/79532332/medium.jpeg?1592512707,Atropa belladonna
https://static.inaturalist.org/photos/79629271/medium.jpeg?1592573013,Atropa belladonna
https://static.inaturalist.org/photos/79698463/medium.jpeg?1592599213,Atropa belladonna
https://static.inaturalist.org/photos/79924941/medium.jpg?1592692216,Atropa belladonna
https://static.inaturalist.org/photos/80018552/medium.jpg?1592738690,Atropa belladonna
https://static.inaturalist.org/photos/80030226/medium.jpg?1592743847,Atropa belladonna
https://static.inaturalist.org/photos/80045007/medium.jpeg?1592749085,Atropa belladonna
https://static.inaturalist.org/photos/80045072/medium.jpeg?1592749099,Atropa belladonna
https://static.inaturalist.org/photos/80056124/medium.jpg?1592752508,Atropa belladonna
https://static.inaturalist.org/photos/80077075/medium.jpg?1592757941,Atropa belladonna
https://static.inaturalist.org/photos/80103629/medium.jpeg?1592764314,Atropa belladonna
https://static.inaturalist.org/photos/80120052/medium.jpeg?1592768581,Atropa belladonna
https://static.inaturalist.org/photos/80134257/medium.jpg?1592772323,Atropa belladonna
https://static.inaturalist.org/photos/80167319/medium.jpg?1592782937,Atropa belladonna
https://static.inaturalist.org/photos/80235611/medium.jpg?1592817144,Atropa belladonna
https://static.inaturalist.org/photos/80599588/medium.jpeg?1592976506,Atropa belladonna
https://static.inaturalist.org/photos/80635447/medium.jpg?1593004269,Atropa belladonna
https://static.inaturalist.org/photos/80668659/medium.jpg?1593017222,Atropa belladonna
https://static.inaturalist.org/photos/80679331/medium.jpg?1593020834,Atropa belladonna
https://static.inaturalist.org/photos/80785376/medium.jpeg?1593070079,Atropa belladonna
https://static.inaturalist.org/photos/80785729/medium.jpeg?1593070482,Atropa belladonna
https://static.inaturalist.org/photos/80849061/medium.jpeg?1593105671,Atropa belladonna
https://static.inaturalist.org/photos/80858942/medium.jpeg?1593109394,Atropa belladonna
https://static.inaturalist.org/photos/81028301/medium.jpg?1593196812,Atropa belladonna
https://static.inaturalist.org/photos/81143264/medium.jpeg?1593257942,Atropa belladonna
https://static.inaturalist.org/photos/81231113/medium.jpg?1593287412,Atropa belladonna
https://static.inaturalist.org/photos/81171731/medium.jpeg?1593270065,Atropa belladonna
https://static.inaturalist.org/photos/81195875/medium.jpg?1593277578,Atropa belladonna
https://static.inaturalist.org/photos/81197285/medium.jpeg?1593277995,Atropa belladonna
https://static.inaturalist.org/photos/81236210/medium.jpeg?1593289021,Atropa belladonna
https://static.inaturalist.org/photos/81331084/medium.jpg?1593329893,Atropa belladonna
https://static.inaturalist.org/photos/81345698/medium.jpeg?1593341091,Atropa belladonna
https://static.inaturalist.org/photos/81347307/medium.jpeg?1593342016,Atropa belladonna
https://static.inaturalist.org/photos/81546709/medium.jpg?1593407947,Atropa belladonna
https://static.inaturalist.org/photos/81572358/medium.jpeg?1593428535,Atropa belladonna
https://static.inaturalist.org/photos/81579655/medium.jpeg?1593433588,Atropa belladonna
https://static.inaturalist.org/photos/81758794/medium.jpg?1593516416,Atropa belladonna
https://static.inaturalist.org/photos/81770090/medium.jpg?1593522269,Atropa belladonna
https://static.inaturalist.org/photos/81774300/medium.jpeg?1593524179,Atropa belladonna
https://static.inaturalist.org/photos/81782485/medium.jpeg?1593527275,Atropa belladonna
https://static.inaturalist.org/photos/81787644/medium.jpeg?1593529076,Atropa belladonna
https://static.inaturalist.org/photos/81794584/medium.jpeg?1593531327,Atropa belladonna
https://static.inaturalist.org/photos/81803219/medium.jpeg?1593534333,Atropa belladonna
https://static.inaturalist.org/photos/81924235/medium.jpg?1593589233,Atropa belladonna
https://static.inaturalist.org/photos/81935769/medium.jpg?1593598451,Atropa belladonna
https://static.inaturalist.org/photos/81939969/medium.jpg?1593601191,Atropa belladonna
https://static.inaturalist.org/photos/81986904/medium.jpg?1593621401,Atropa belladonna
https://static.inaturalist.org/photos/82014161/medium.jpg?1593630550,Atropa belladonna
https://static.inaturalist.org/photos/82118271/medium.jpeg?1593684953,Atropa belladonna
https://static.inaturalist.org/photos/82352606/medium.jpg?1593800363,Atropa belladonna
https://static.inaturalist.org/photos/82472514/medium.jpeg?1593864660,Atropa belladonna
https://static.inaturalist.org/photos/82485798/medium.jpeg?1593870945,Atropa belladonna
https://static.inaturalist.org/photos/82532949/medium.jpeg?1593887140,Atropa belladonna
https://static.inaturalist.org/photos/82531854/medium.jpeg?1593886731,Atropa belladonna
https://static.inaturalist.org/photos/82558941/medium.jpeg?1593895747,Atropa belladonna
https://static.inaturalist.org/photos/82572606/medium.jpeg?1593900618,Atropa belladonna
https://static.inaturalist.org/photos/82574064/medium.jpeg?1593901204,Atropa belladonna
https://static.inaturalist.org/photos/82643168/medium.jpg?1593942061,Atropa belladonna
https://static.inaturalist.org/photos/82678975/medium.jpeg?1593960271,Atropa belladonna
https://static.inaturalist.org/photos/82685760/medium.jpeg?1593962193,Atropa belladonna
https://static.inaturalist.org/photos/82692643/medium.jpeg?1593964069,Atropa belladonna
https://static.inaturalist.org/photos/82717720/medium.jpg?1593971556,Atropa belladonna
https://static.inaturalist.org/photos/82851786/medium.jpeg?1594029962,Atropa belladonna
https://static.inaturalist.org/photos/82852613/medium.jpeg?1594030643,Atropa belladonna
https://static.inaturalist.org/photos/82861950/medium.jpeg?1594036545,Atropa belladonna
https://static.inaturalist.org/photos/82902553/medium.jpg?1594053104,Atropa belladonna
https://static.inaturalist.org/photos/82957042/medium.jpg?1594070648,Atropa belladonna
https://static.inaturalist.org/photos/83045986/medium.jpg?1594123702,Atropa belladonna
https://static.inaturalist.org/photos/83111819/medium.jpeg?1594148539,Atropa belladonna
https://static.inaturalist.org/photos/83112221/medium.jpeg?1594148702,Atropa belladonna
https://static.inaturalist.org/photos/83214669/medium.jpeg?1594203616,Atropa belladonna
https://static.inaturalist.org/photos/83564931/medium.jpeg?1594380304,Atropa belladonna
https://static.inaturalist.org/photos/83655016/medium.jpeg?1594418259,Atropa belladonna
https://static.inaturalist.org/photos/83743555/medium.jpeg?1594472004,Atropa belladonna
https://static.inaturalist.org/photos/83756356/medium.jpg?1594477492,Atropa belladonna
https://static.inaturalist.org/photos/83809062/medium.jpeg?1594493716,Atropa belladonna
https://static.inaturalist.org/photos/83827550/medium.jpeg?1594499197,Atropa belladonna
https://static.inaturalist.org/photos/83942351/medium.jpg?1594557848,Atropa belladonna
https://static.inaturalist.org/photos/83953054/medium.jpg?1594561936,Atropa belladonna
https://static.inaturalist.org/photos/83953358/medium.jpg?1594562044,Atropa belladonna
https://static.inaturalist.org/photos/83984185/medium.jpg?1594570914,Atropa belladonna
https://static.inaturalist.org/photos/84035193/medium.jpg?1594583463,Atropa belladonna
https://static.inaturalist.org/photos/84058105/medium.jpg?1594589679,Atropa belladonna
https://static.inaturalist.org/photos/84158807/medium.jpeg?1594640511,Atropa belladonna
https://static.inaturalist.org/photos/84259870/medium.jpeg?1594677107,Atropa belladonna
https://static.inaturalist.org/photos/84414018/medium.jpg?1594755985,Atropa belladonna
https://static.inaturalist.org/photos/84490555/medium.jpeg?1594796239,Atropa belladonna
https://static.inaturalist.org/photos/84493511/medium.jpg?1594799438,Atropa belladonna
https://static.inaturalist.org/photos/84493568/medium.jpg?1594799487,Atropa belladonna
https://static.inaturalist.org/photos/84504990/medium.jpeg?1594810526,Atropa belladonna
https://static.inaturalist.org/photos/84534208/medium.jpeg?1594825306,Atropa belladonna
https://static.inaturalist.org/photos/84573894/medium.jpg?1594839615,Atropa belladonna
https://static.inaturalist.org/photos/84582434/medium.jpg?1594843077,Atropa belladonna
https://static.inaturalist.org/photos/84583114/medium.jpg?1594843336,Atropa belladonna
https://static.inaturalist.org/photos/84592944/medium.jpg?1594847124,Atropa belladonna
https://static.inaturalist.org/photos/84655865/medium.jpeg?1594880128,Atropa belladonna
https://static.inaturalist.org/photos/84666803/medium.jpeg?1594890399,Atropa belladonna
https://static.inaturalist.org/photos/84702547/medium.jpeg?1594911447,Atropa belladonna
https://static.inaturalist.org/photos/84740804/medium.jpg?1594925089,Atropa belladonna
https://static.inaturalist.org/photos/84842670/medium.jpeg?1594978671,Atropa belladonna
https://static.inaturalist.org/photos/84850591/medium.jpeg?1594984747,Atropa belladonna
https://static.inaturalist.org/photos/84921131/medium.jpeg?1595013254,Atropa belladonna
https://static.inaturalist.org/photos/84923521/medium.jpeg?1595014147,Atropa belladonna
https://static.inaturalist.org/photos/84959457/medium.jpg?1595028165,Atropa belladonna
https://static.inaturalist.org/photos/85022730/medium.jpeg?1595067951,Atropa belladonna
https://static.inaturalist.org/photos/85040049/medium.jpeg?1595077649,Atropa belladonna
https://static.inaturalist.org/photos/85090197/medium.jpg?1595093771,Atropa belladonna
https://static.inaturalist.org/photos/85219274/medium.jpg?1595150678,Atropa belladonna
https://static.inaturalist.org/photos/85262342/medium.jpg?1595170437,Atropa belladonna
https://static.inaturalist.org/photos/85294582/medium.jpeg?1595179571,Atropa belladonna
https://static.inaturalist.org/photos/85297232/medium.jpeg?1595180282,Atropa belladonna
https://static.inaturalist.org/photos/85300267/medium.jpeg?1595181121,Atropa belladonna
https://static.inaturalist.org/photos/85435042/medium.jpg?1595238020,Atropa belladonna
https://static.inaturalist.org/photos/85458307/medium.jpeg?1595251368,Atropa belladonna
https://static.inaturalist.org/photos/85512253/medium.jpg?1595270539,Atropa belladonna
https://static.inaturalist.org/photos/85779035/medium.jpeg?1595399914,Atropa belladonna
https://static.inaturalist.org/photos/85957066/medium.jpeg?1595491487,Atropa belladonna
https://static.inaturalist.org/photos/86046615/medium.jpg?1595534334,Atropa belladonna
https://static.inaturalist.org/photos/86061602/medium.jpg?1595540302,Atropa belladonna
https://static.inaturalist.org/photos/86139356/medium.jpeg?1595589817,Atropa belladonna
https://static.inaturalist.org/photos/86142711/medium.jpg?1595591823,Atropa belladonna
https://static.inaturalist.org/photos/86155422/medium.jpeg?1595597896,Atropa belladonna
https://static.inaturalist.org/photos/86157221/medium.jpg?1595598563,Atropa belladonna
https://static.inaturalist.org/photos/86167449/medium.jpeg?1595602383,Atropa belladonna
https://static.inaturalist.org/photos/86174782/medium.jpeg?1595604959,Atropa belladonna
https://static.inaturalist.org/photos/86180040/medium.jpg?1595606884,Atropa belladonna
https://static.inaturalist.org/photos/86180052/medium.jpg?1595606887,Atropa belladonna
https://static.inaturalist.org/photos/86184583/medium.jpg?1595608541,Atropa belladonna
https://static.inaturalist.org/photos/86330565/medium.jpeg?1595681091,Atropa belladonna
https://static.inaturalist.org/photos/86531339/medium.jpg?1595765400,Atropa belladonna
