image_url,scientific_name
https://static.inaturalist.org/photos/163277/medium.JPG,Citrullus colocynthis
https://static.inaturalist.org/photos/636294/medium.jpg?1444416537,Citrullus lanatus
https://static.inaturalist.org/photos/879316/medium.jpg?1401208400,Citrullus lanatus
https://static.inaturalist.org/photos/879374/medium.jpg?1401208876,Citrullus lanatus
https://static.inaturalist.org/photos/880075/medium.jpg?1401226877,Citrullus lanatus
https://static.inaturalist.org/photos/880096/medium.jpg?1401226960,Citrullus lanatus
https://static.inaturalist.org/photos/880119/medium.jpg?1401227047,Citrullus lanatus
https://static.inaturalist.org/photos/881736/medium.jpg?1401289871,Citrullus lanatus
https://static.inaturalist.org/photos/882005/medium.jpg?1401292230,Citrullus lanatus
https://static.inaturalist.org/photos/882052/medium.jpg?1401292683,Citrullus lanatus
https://static.inaturalist.org/photos/882203/medium.jpg?1401293245,Citrullus lanatus
https://static.inaturalist.org/photos/882248/medium.jpg?1401293822,Citrullus lanatus
https://static.inaturalist.org/photos/886868/medium.jpg?1401396748,Citrullus lanatus
https://static.inaturalist.org/photos/1069896/medium.JPG?1408860129,Citrullus lanatus
https://static.inaturalist.org/photos/1122100/medium.jpg?1411061970,Citrullus lanatus
https://static.inaturalist.org/photos/1170773/medium.jpg?1412909554,Citrullus lanatus
https://static.inaturalist.org/photos/1325378/medium.JPG?1415231916,Citrullus colocynthis
https://static.inaturalist.org/photos/1347204/medium.JPG?1416051050,Citrullus colocynthis
https://static.inaturalist.org/photos/1380798/medium.jpg?1417108326,Citrullus colocynthis
https://static.inaturalist.org/photos/1503828/medium.jpg?1444258122,Citrullus lanatus
https://static.inaturalist.org/photos/1556875/medium.jpg?1424053538,Citrullus colocynthis
https://static.inaturalist.org/photos/1952764/medium.jpg?1433306759,Citrullus colocynthis
https://static.inaturalist.org/photos/220828/medium.jpg?1444845643,Citrullus colocynthis
https://static.inaturalist.org/photos/2109278/medium.JPG?1436482848,Citrullus lanatus
https://static.inaturalist.org/photos/2267763/medium.jpg?1439652119,Citrullus lanatus
https://static.inaturalist.org/photos/2593254/medium.JPG?1446336298,Citrullus colocynthis
https://static.inaturalist.org/photos/2838324/medium.jpg?1451775427,Citrullus colocynthis
https://static.inaturalist.org/photos/3032678/medium.jpg?1455823877,Citrullus colocynthis
https://static.inaturalist.org/photos/28318590/medium.jpg?1542703687,Citrullus colocynthis
https://static.inaturalist.org/photos/3595212/medium.JPG?1462541582,Citrullus colocynthis
https://static.inaturalist.org/photos/3812406/medium.JPG?1464188414,Citrullus colocynthis
https://static.inaturalist.org/photos/4109286/medium.jpg?1466967107,Citrullus lanatus
https://static.inaturalist.org/photos/4298721/medium.jpg?1468909089,Citrullus colocynthis
https://static.inaturalist.org/photos/4440641/medium.jpeg?1470313500,Citrullus lanatus
https://static.inaturalist.org/photos/4440642/medium.jpeg?1470313531,Citrullus lanatus
https://static.inaturalist.org/photos/4440643/medium.jpeg?1470313560,Citrullus lanatus
https://static.inaturalist.org/photos/4440645/medium.jpeg?1470313597,Citrullus lanatus
https://static.inaturalist.org/photos/4440646/medium.jpeg?1470313628,Citrullus lanatus
https://static.inaturalist.org/photos/4440647/medium.jpeg?1470313661,Citrullus lanatus
https://static.inaturalist.org/photos/4440648/medium.jpeg?1470313699,Citrullus lanatus
https://static.inaturalist.org/photos/4440649/medium.jpeg?1470313738,Citrullus lanatus
https://static.inaturalist.org/photos/4440652/medium.jpeg?1470313769,Citrullus lanatus
https://static.inaturalist.org/photos/4440653/medium.jpeg?1470313805,Citrullus lanatus
https://static.inaturalist.org/photos/4440654/medium.jpeg?1470313844,Citrullus lanatus
https://static.inaturalist.org/photos/4440655/medium.jpeg?1470313875,Citrullus lanatus
https://static.inaturalist.org/photos/4440656/medium.jpeg?1470313907,Citrullus lanatus
https://static.inaturalist.org/photos/4440657/medium.jpeg?1470313938,Citrullus lanatus
https://static.inaturalist.org/photos/4440658/medium.jpeg?1470313963,Citrullus lanatus
https://static.inaturalist.org/photos/4530052/medium.jpeg?1470967288,Citrullus lanatus
https://static.inaturalist.org/photos/4675324/medium.jpeg?1472203603,Citrullus lanatus
https://static.inaturalist.org/photos/4738965/medium.jpeg?1472763173,Citrullus colocynthis
https://static.inaturalist.org/photos/4808716/medium.jpg?1473285868,Citrullus colocynthis
https://static.inaturalist.org/photos/4901551/medium.jpeg?1474013939,Citrullus lanatus
https://static.inaturalist.org/photos/5027483/medium.jpg?1474981665,Citrullus colocynthis
https://static.inaturalist.org/photos/5436114/medium.jpg?1478329624,Citrullus colocynthis
https://static.inaturalist.org/photos/5704334/medium.jpg?1480953555,Citrullus colocynthis
https://static.inaturalist.org/photos/5770538/medium.jpg?1481356013,Citrullus colocynthis
https://static.inaturalist.org/photos/5795112/medium.jpeg?1481537266,Citrullus lanatus
https://static.inaturalist.org/photos/6310366/medium.jpg?1487426324,Citrullus colocynthis
https://static.inaturalist.org/photos/6310444/medium.jpg?1487430052,Citrullus colocynthis
https://static.inaturalist.org/photos/6567252/medium.jpg?1489490645,Citrullus colocynthis
https://static.inaturalist.org/photos/6567253/medium.jpg?1489490685,Citrullus colocynthis
https://static.inaturalist.org/photos/6591669/medium.jpg?1489641604,Citrullus colocynthis
https://static.inaturalist.org/photos/6629066/medium.jpeg?1489902999,Citrullus lanatus
https://static.inaturalist.org/photos/6818144/medium.jpg?1491048292,Citrullus colocynthis
https://static.inaturalist.org/photos/6818145/medium.jpg?1491048300,Citrullus colocynthis
https://static.inaturalist.org/photos/7011928/medium.jpg?1492020435,Citrullus lanatus
https://static.inaturalist.org/photos/7092977/medium.jpg?1492267877,Citrullus colocynthis
https://static.inaturalist.org/photos/7225708/medium.jpg?1492484182,Citrullus lanatus
https://static.inaturalist.org/photos/7597360/medium.jpeg?1493808245,Citrullus lanatus
https://static.inaturalist.org/photos/7611307/medium.jpg?1493872764,Citrullus lanatus
https://static.inaturalist.org/photos/7667085/medium.jpg?1494147418,Citrullus colocynthis
https://static.inaturalist.org/photos/8019731/medium.jpeg?1495739363,Citrullus colocynthis
https://static.inaturalist.org/photos/8664905/medium.jpg?1498497368,Citrullus lanatus
https://static.inaturalist.org/photos/9497620/medium.jpg?1501753590,Citrullus lanatus
https://static.inaturalist.org/photos/9520211/medium.jpg?1501841230,Citrullus lanatus
https://static.inaturalist.org/photos/10034688/medium.jpg?1503788078,Citrullus lanatus
https://static.inaturalist.org/photos/10075417/medium.jpg?1503938923,Citrullus lanatus
https://static.inaturalist.org/photos/10339296/medium.jpg?1504988191,Citrullus lanatus
https://static.inaturalist.org/photos/10393603/medium.jpg?1505171687,Citrullus lanatus
https://static.inaturalist.org/photos/10410064/medium.jpeg?1505244271,Citrullus lanatus
https://static.inaturalist.org/photos/10652089/medium.jpeg?1506109738,Citrullus lanatus
https://static.inaturalist.org/photos/10713375/medium.jpg?1506300033,Citrullus lanatus
https://static.inaturalist.org/photos/11042997/medium.jpeg?1507497492,Citrullus lanatus
https://static.inaturalist.org/photos/11527434/medium.jpg?1509383418,Citrullus lanatus
https://static.inaturalist.org/photos/11527465/medium.jpg?1509383461,Citrullus lanatus
https://static.inaturalist.org/photos/11639727/medium.jpeg?1509835622,Citrullus lanatus
https://static.inaturalist.org/photos/11688851/medium.jpg?1510017736,Citrullus lanatus
https://static.inaturalist.org/photos/11832441/medium.jpeg?1510701561,Citrullus lanatus
https://static.inaturalist.org/photos/11870660/medium.jpeg?1510898518,Citrullus lanatus
https://static.inaturalist.org/photos/11964961/medium.jpg?1511323395,Citrullus colocynthis
https://static.inaturalist.org/photos/12108632/medium.jpeg?1511969866,Citrullus lanatus
https://static.inaturalist.org/photos/12127337/medium.jpg?1512057193,Citrullus lanatus
https://static.inaturalist.org/photos/12127400/medium.jpg?1512057867,Citrullus lanatus
https://static.inaturalist.org/photos/12257329/medium.jpg?1512659552,Citrullus colocynthis
https://static.inaturalist.org/photos/12241881/medium.jpg?1512585577,Citrullus lanatus
https://static.inaturalist.org/photos/12249267/medium.jpg?1512611466,Citrullus lanatus
https://static.inaturalist.org/photos/12492554/medium.jpg?1513919625,Citrullus colocynthis
https://static.inaturalist.org/photos/12685704/medium.jpg?1514932482,Citrullus lanatus
https://static.inaturalist.org/photos/13277549/medium.jpg?1517609544,Citrullus lanatus
https://static.inaturalist.org/photos/13632535/medium.jpeg?1519145658,Citrullus colocynthis
https://static.inaturalist.org/photos/14862701/medium.jpg?1522983809,Citrullus colocynthis
https://static.inaturalist.org/photos/15025174/medium.jpg?1523355753,Citrullus colocynthis
https://static.inaturalist.org/photos/15179654/medium.jpg?1523576867,Citrullus lanatus
https://static.inaturalist.org/photos/15389282/medium.jpg?1523764984,Citrullus lanatus
https://static.inaturalist.org/photos/15768234/medium.jpg?1524099963,Citrullus lanatus
https://static.inaturalist.org/photos/16227056/medium.jpg?1524547110,Citrullus lanatus
https://static.inaturalist.org/photos/18136052/medium.jpg?1526587927,Citrullus lanatus
https://static.inaturalist.org/photos/18172250/medium.jpg?1526654541,Citrullus colocynthis
https://static.inaturalist.org/photos/18255668/medium.jpg?1526776200,Citrullus lanatus
https://static.inaturalist.org/photos/18326450/medium.jpeg?1526868764,Citrullus lanatus
https://static.inaturalist.org/photos/18326807/medium.jpeg?1526869132,Citrullus lanatus
https://static.inaturalist.org/photos/18932292/medium.jpeg?1527870113,Citrullus colocynthis
https://static.inaturalist.org/photos/19005097/medium.jpeg?1527974335,Citrullus lanatus
https://static.inaturalist.org/photos/19971720/medium.jpg?1529415592,Citrullus lanatus
https://static.inaturalist.org/photos/20064702/medium.jpeg?1529554075,Citrullus lanatus
https://static.inaturalist.org/photos/20388335/medium.jpeg?1530061983,Citrullus lanatus
https://static.inaturalist.org/photos/20622912/medium.jpeg?1530468908,Citrullus lanatus
https://static.inaturalist.org/photos/20891420/medium.jpg?1530894894,Citrullus lanatus
https://static.inaturalist.org/photos/20941337/medium.jpg?1530977365,Citrullus lanatus
https://static.inaturalist.org/photos/21084744/medium.jpg?1531178319,Citrullus lanatus
https://static.inaturalist.org/photos/21246746/medium.jpg?1531445031,Citrullus lanatus
https://static.inaturalist.org/photos/21474010/medium.jpg?1531788213,Citrullus lanatus
https://static.inaturalist.org/photos/21474022/medium.jpg?1531788236,Citrullus lanatus
https://static.inaturalist.org/photos/21547986/medium.jpeg?1531919669,Citrullus lanatus
https://static.inaturalist.org/photos/21669238/medium.jpg?1532108267,Citrullus lanatus
https://static.inaturalist.org/photos/21862443/medium.jpg?1532383916,Citrullus lanatus
https://static.inaturalist.org/photos/21996671/medium.jpg?1532598939,Citrullus lanatus
https://static.inaturalist.org/photos/22015190/medium.jpeg?1532628653,Citrullus lanatus
https://static.inaturalist.org/photos/22111210/medium.jpeg?1532742879,Citrullus lanatus
https://static.inaturalist.org/photos/22261372/medium.jpeg?1532910205,Citrullus lanatus
https://static.inaturalist.org/photos/22452040/medium.jpg?1533208254,Citrullus lanatus
https://static.inaturalist.org/photos/22482789/medium.jpeg?1533252216,Citrullus lanatus
https://static.inaturalist.org/photos/22711987/medium.jpg?1533606104,Citrullus colocynthis
https://static.inaturalist.org/photos/22877088/medium.jpeg?1533895462,Citrullus lanatus
https://static.inaturalist.org/photos/23025044/medium.jpeg?1534112505,Citrullus lanatus
https://static.inaturalist.org/photos/23048246/medium.jpg?1534136115,Citrullus lanatus
https://static.inaturalist.org/photos/23239037/medium.jpg?1534442808,Citrullus lanatus
https://static.inaturalist.org/photos/23287745/medium.jpg?1534517221,Citrullus lanatus
https://static.inaturalist.org/photos/23332878/medium.jpeg?1534576792,Citrullus lanatus
https://static.inaturalist.org/photos/23384814/medium.jpeg?1534642698,Citrullus colocynthis
https://static.inaturalist.org/photos/23651519/medium.jpeg?1535053836,Citrullus lanatus
https://static.inaturalist.org/photos/23703823/medium.jpeg?1535142197,Citrullus lanatus
https://static.inaturalist.org/photos/23751261/medium.jpg?1535222915,Citrullus lanatus
https://static.inaturalist.org/photos/23909065/medium.jpeg?1535463576,Citrullus lanatus
https://static.inaturalist.org/photos/23919814/medium.jpg?1535478537,Citrullus lanatus
https://static.inaturalist.org/photos/24075410/medium.jpg?1535739984,Citrullus lanatus
https://static.inaturalist.org/photos/24253348/medium.jpg?1535995901,Citrullus lanatus
https://static.inaturalist.org/photos/24310720/medium.jpeg?1536076390,Citrullus lanatus
https://static.inaturalist.org/photos/24394504/medium.jpg?1536206110,Citrullus colocynthis
https://static.inaturalist.org/photos/24815549/medium.jpg?1536851661,Citrullus colocynthis
https://static.inaturalist.org/photos/24838250/medium.jpeg?1536875933,Citrullus lanatus
https://static.inaturalist.org/photos/24903391/medium.jpeg?1536975485,Citrullus lanatus
https://static.inaturalist.org/photos/25060532/medium.jpg?1537195490,Citrullus lanatus
https://static.inaturalist.org/photos/25071182/medium.jpeg?1537206752,Citrullus lanatus
https://static.inaturalist.org/photos/25187812/medium.jpg?1537391946,Citrullus lanatus
https://static.inaturalist.org/photos/25192230/medium.jpeg?1537397046,Citrullus lanatus
https://static.inaturalist.org/photos/25302871/medium.jpg?1537556754,Citrullus lanatus
https://static.inaturalist.org/photos/25464672/medium.jpg?1537762461,Citrullus lanatus
https://static.inaturalist.org/photos/25470214/medium.jpg?1537780226,Citrullus lanatus
https://static.inaturalist.org/photos/25540765/medium.jpg?1537893572,Citrullus lanatus
https://static.inaturalist.org/photos/26230109/medium.jpg?1538936420,Citrullus lanatus
https://static.inaturalist.org/photos/26334377/medium.jpeg?1539077403,Citrullus colocynthis
https://static.inaturalist.org/photos/26676680/medium.jpg?1539596356,Citrullus colocynthis
https://static.inaturalist.org/photos/26691759/medium.jpg?1539622865,Citrullus lanatus
https://static.inaturalist.org/photos/27375554/medium.jpeg?1540773198,Citrullus lanatus
https://static.inaturalist.org/photos/27969908/medium.jpg?1541866431,Citrullus lanatus
https://static.inaturalist.org/photos/28094613/medium.jpeg?1542154561,Citrullus lanatus
https://static.inaturalist.org/photos/28408888/medium.jpg?1542933160,Citrullus lanatus
https://static.inaturalist.org/photos/28799120/medium.jpeg?1543850256,Citrullus colocynthis
https://static.inaturalist.org/photos/28855395/medium.jpeg?1543982103,Citrullus colocynthis
https://static.inaturalist.org/photos/28964375/medium.jpg?1544293582,Citrullus colocynthis
https://static.inaturalist.org/photos/28993580/medium.jpeg?1544351523,Citrullus colocynthis
https://static.inaturalist.org/photos/29123799/medium.jpeg?1544688520,Citrullus colocynthis
https://static.inaturalist.org/photos/29183338/medium.jpeg?1544880040,Citrullus colocynthis
https://static.inaturalist.org/photos/29296890/medium.jpeg?1545172798,Citrullus colocynthis
https://static.inaturalist.org/photos/29321462/medium.jpeg?1545251748,Citrullus lanatus
https://static.inaturalist.org/photos/29321481/medium.jpeg?1545251795,Citrullus lanatus
https://static.inaturalist.org/photos/29389314/medium.jpg?1545437496,Citrullus lanatus
https://static.inaturalist.org/photos/29762056/medium.jpeg?1546360912,Citrullus lanatus
https://static.inaturalist.org/photos/30056689/medium.jpeg?1547033026,Citrullus colocynthis
https://static.inaturalist.org/photos/30056715/medium.jpeg?1547033171,Citrullus colocynthis
https://static.inaturalist.org/photos/30156841/medium.jpeg?1547304042,Citrullus colocynthis
https://static.inaturalist.org/photos/30110482/medium.jpg?1547168657,Citrullus colocynthis
https://static.inaturalist.org/photos/30239436/medium.jpeg?1547476108,Citrullus lanatus
https://static.inaturalist.org/photos/30298894/medium.jpg?1547628795,Citrullus lanatus
https://static.inaturalist.org/photos/30299017/medium.jpg?1547629203,Citrullus lanatus
https://static.inaturalist.org/photos/30356337/medium.jpeg?1547797712,Citrullus lanatus
https://static.inaturalist.org/photos/30368333/medium.jpg?1547835145,Citrullus colocynthis
https://static.inaturalist.org/photos/30808082/medium.jpeg?1548833036,Citrullus lanatus
https://static.inaturalist.org/photos/30899119/medium.jpg?1549059296,Citrullus lanatus
https://static.inaturalist.org/photos/31132703/medium.jpeg?1549520246,Citrullus lanatus
https://static.inaturalist.org/photos/31198153/medium.jpg?1549665811,Citrullus lanatus
https://static.inaturalist.org/photos/31437653/medium.jpg?1550215365,Citrullus colocynthis
https://static.inaturalist.org/photos/31809858/medium.jpeg?1550907880,Citrullus colocynthis
https://static.inaturalist.org/photos/31882533/medium.jpg?1550932392,Citrullus lanatus
https://static.inaturalist.org/photos/31910888/medium.jpg?1550943451,Citrullus lanatus
https://static.inaturalist.org/photos/33434440/medium.jpeg?1553528921,Citrullus colocynthis
https://static.inaturalist.org/photos/33458507/medium.jpeg?1553556281,Citrullus colocynthis
https://static.inaturalist.org/photos/33561710/medium.jpeg?1553720131,Citrullus lanatus
https://static.inaturalist.org/photos/33726459/medium.jpg?1553952432,Citrullus lanatus
https://static.inaturalist.org/photos/34013479/medium.jpeg?1554305981,Citrullus colocynthis
https://static.inaturalist.org/photos/34184952/medium.jpeg?1554539395,Citrullus colocynthis
https://static.inaturalist.org/photos/34496765/medium.jpeg?1554889513,Citrullus lanatus
https://static.inaturalist.org/photos/34630419/medium.jpeg?1555044754,Citrullus lanatus
https://static.inaturalist.org/photos/34645380/medium.jpeg?1555079190,Citrullus lanatus
https://static.inaturalist.org/photos/34981430/medium.jpg?1555451531,Citrullus lanatus
https://static.inaturalist.org/photos/34983227/medium.jpeg?1555453017,Citrullus lanatus
https://static.inaturalist.org/photos/35134015/medium.jpg?1555620805,Citrullus lanatus
https://static.inaturalist.org/photos/35215670/medium.jpg?1555708197,Citrullus lanatus
https://static.inaturalist.org/photos/35697427/medium.jpeg?1556153218,Citrullus lanatus
https://static.inaturalist.org/photos/35770417/medium.jpeg?1556227501,Citrullus lanatus
https://static.inaturalist.org/photos/36046524/medium.jpg?1556325478,Citrullus lanatus
https://static.inaturalist.org/photos/36160994/medium.jpeg?1556363981,Citrullus lanatus
https://static.inaturalist.org/photos/36226633/medium.jpeg?1556379892,Citrullus lanatus
https://static.inaturalist.org/photos/36251374/medium.jpeg?1556384106,Citrullus lanatus
https://static.inaturalist.org/photos/36252122/medium.jpg?1556384218,Citrullus lanatus
https://static.inaturalist.org/photos/36284984/medium.jpg?1556389396,Citrullus lanatus
https://static.inaturalist.org/photos/36290447/medium.jpg?1556390203,Citrullus lanatus
https://static.inaturalist.org/photos/36908804/medium.jpg?1556514416,Citrullus lanatus
https://static.inaturalist.org/photos/36931912/medium.jpeg?1556521640,Citrullus lanatus
https://static.inaturalist.org/photos/37202466/medium.jpeg?1556578890,Citrullus lanatus
https://static.inaturalist.org/photos/37413699/medium.jpeg?1556641932,Citrullus colocynthis
https://static.inaturalist.org/photos/37696053/medium.jpeg?1556815512,Citrullus lanatus
https://static.inaturalist.org/photos/37788467/medium.jpeg?1556890078,Citrullus colocynthis
https://static.inaturalist.org/photos/37789908/medium.jpeg?1556891419,Citrullus colocynthis
https://static.inaturalist.org/photos/38116369/medium.jpg?1557118699,Citrullus lanatus
https://static.inaturalist.org/photos/38224178/medium.jpg?1557211383,Citrullus colocynthis
https://static.inaturalist.org/photos/40269246/medium.jpg?1559076897,Citrullus colocynthis
https://static.inaturalist.org/photos/40523332/medium.jpg?1559314162,Citrullus lanatus
https://static.inaturalist.org/photos/40606231/medium.jpg?1559384153,Citrullus lanatus
https://static.inaturalist.org/photos/40725125/medium.jpeg?1559464799,Citrullus colocynthis
https://static.inaturalist.org/photos/40899160/medium.jpg?1559590603,Citrullus lanatus
https://static.inaturalist.org/photos/41173387/medium.jpeg?1559850901,Citrullus lanatus
https://static.inaturalist.org/photos/41813588/medium.jpeg?1560424094,Citrullus colocynthis
https://static.inaturalist.org/photos/42871760/medium.jpg?1561342318,Citrullus lanatus
https://static.inaturalist.org/photos/43001352/medium.jpg?1561465654,Citrullus lanatus
https://static.inaturalist.org/photos/43046343/medium.jpeg?1561494100,Citrullus lanatus
https://static.inaturalist.org/photos/43141272/medium.jpeg?1561574932,Citrullus colocynthis
https://static.inaturalist.org/photos/43206006/medium.jpeg?1561632989,Citrullus lanatus
https://static.inaturalist.org/photos/43563533/medium.jpg?1561939400,Citrullus colocynthis
https://static.inaturalist.org/photos/43823365/medium.jpeg?1562175967,Citrullus lanatus
https://static.inaturalist.org/photos/43880268/medium.jpeg?1562220942,Citrullus colocynthis
https://static.inaturalist.org/photos/44362371/medium.jpg?1562619214,Citrullus lanatus
https://static.inaturalist.org/photos/44516355/medium.jpeg?1562764462,Citrullus colocynthis
https://static.inaturalist.org/photos/44707145/medium.jpeg?1562940027,Citrullus lanatus
https://static.inaturalist.org/photos/44799135/medium.jpeg?1563022184,Citrullus lanatus
https://static.inaturalist.org/photos/44941953/medium.jpeg?1563131237,Citrullus lanatus
https://static.inaturalist.org/photos/44948128/medium.jpg?1563134683,Citrullus lanatus
https://static.inaturalist.org/photos/45050004/medium.jpg?1563218106,Citrullus lanatus
https://static.inaturalist.org/photos/45257093/medium.jpeg?1563389304,Citrullus lanatus
https://static.inaturalist.org/photos/45358692/medium.jpeg?1563478181,Citrullus lanatus
https://static.inaturalist.org/photos/45389494/medium.jpg?1563499096,Citrullus lanatus
https://static.inaturalist.org/photos/45571994/medium.jpg?1563665994,Citrullus lanatus
https://static.inaturalist.org/photos/45768810/medium.jpg?1563818531,Citrullus lanatus
https://static.inaturalist.org/photos/45903487/medium.jpeg?1563924868,Citrullus lanatus
https://static.inaturalist.org/photos/46043552/medium.jpeg?1564046724,Citrullus lanatus
https://static.inaturalist.org/photos/46050586/medium.jpeg?1564056500,Citrullus lanatus
https://static.inaturalist.org/photos/46103194/medium.jpg?1564092714,Citrullus lanatus
https://static.inaturalist.org/photos/46167917/medium.jpg?1564155109,Citrullus lanatus
https://static.inaturalist.org/photos/46226408/medium.jpg?1564194168,Citrullus lanatus
https://static.inaturalist.org/photos/46486992/medium.jpeg?1564396469,Citrullus lanatus
https://static.inaturalist.org/photos/46600326/medium.jpeg?1564485184,Citrullus lanatus
https://static.inaturalist.org/photos/46615862/medium.jpg?1564498556,Citrullus colocynthis
https://static.inaturalist.org/photos/46844814/medium.jpg?1564689510,Citrullus lanatus
https://static.inaturalist.org/photos/47036523/medium.jpg?1564856778,Citrullus lanatus
https://static.inaturalist.org/photos/47328075/medium.jpeg?1565086631,Citrullus lanatus
https://static.inaturalist.org/photos/47480043/medium.jpg?1565216382,Citrullus lanatus
https://static.inaturalist.org/photos/47716233/medium.jpeg?1565446288,Citrullus lanatus
https://static.inaturalist.org/photos/47974863/medium.jpg?1565634181,Citrullus lanatus
https://static.inaturalist.org/photos/48110207/medium.jpg?1565739450,Citrullus lanatus
https://static.inaturalist.org/photos/48353673/medium.jpeg?1565961267,Citrullus lanatus
https://static.inaturalist.org/photos/48802052/medium.jpg?1566332994,Citrullus lanatus
https://static.inaturalist.org/photos/48841243/medium.jpg?1566365524,Citrullus lanatus
https://static.inaturalist.org/photos/48952499/medium.jpg?1566478548,Citrullus lanatus
https://static.inaturalist.org/photos/49037789/medium.jpg?1566557921,Citrullus lanatus
https://static.inaturalist.org/photos/49175659/medium.jpeg?1566674410,Citrullus lanatus
https://static.inaturalist.org/photos/49244320/medium.jpg?1566728674,Citrullus lanatus
https://static.inaturalist.org/photos/49244325/medium.jpg?1566728679,Citrullus lanatus
https://static.inaturalist.org/photos/49274016/medium.jpg?1566750244,Citrullus lanatus
https://static.inaturalist.org/photos/49823109/medium.jpg?1567195412,Citrullus lanatus
https://static.inaturalist.org/photos/50095061/medium.jpeg?1567406884,Citrullus lanatus
https://static.inaturalist.org/photos/50438632/medium.jpg?1567709569,Citrullus lanatus
https://static.inaturalist.org/photos/50491017/medium.jpeg?1567754975,Citrullus colocynthis
https://static.inaturalist.org/photos/50505519/medium.jpg?1567778911,Citrullus lanatus
https://static.inaturalist.org/photos/50571709/medium.jpeg?1567830542,Citrullus colocynthis
https://static.inaturalist.org/photos/50573139/medium.jpeg?1567832802,Citrullus colocynthis
https://static.inaturalist.org/photos/50573150/medium.jpeg?1567832825,Citrullus colocynthis
https://static.inaturalist.org/photos/50573161/medium.jpeg?1567832842,Citrullus colocynthis
https://static.inaturalist.org/photos/50686851/medium.jpeg?1567917696,Citrullus lanatus
https://static.inaturalist.org/photos/50728493/medium.jpeg?1567960717,Citrullus lanatus
https://static.inaturalist.org/photos/50883294/medium.jpg?1568072304,Citrullus lanatus
https://static.inaturalist.org/photos/50883312/medium.jpg?1568072326,Citrullus lanatus
https://static.inaturalist.org/photos/51046425/medium.jpeg?1568224818,Citrullus lanatus
https://static.inaturalist.org/photos/51199162/medium.jpeg?1568369185,Citrullus colocynthis
https://static.inaturalist.org/photos/51201593/medium.jpeg?1568374308,Citrullus colocynthis
https://static.inaturalist.org/photos/51288119/medium.jpeg?1568457467,Citrullus lanatus
https://static.inaturalist.org/photos/51401105/medium.jpeg?1568549819,Citrullus lanatus
https://static.inaturalist.org/photos/51418237/medium.jpeg?1568561762,Citrullus lanatus
https://static.inaturalist.org/photos/51580644/medium.jpg?1568678137,Citrullus lanatus
https://static.inaturalist.org/photos/51898989/medium.jpg?1568986705,Citrullus lanatus
https://static.inaturalist.org/photos/51989683/medium.jpg?1569052069,Citrullus lanatus
https://static.inaturalist.org/photos/52083186/medium.jpeg?1569125774,Citrullus lanatus
https://static.inaturalist.org/photos/52198455/medium.jpeg?1569213895,Citrullus lanatus
https://static.inaturalist.org/photos/52212710/medium.jpg?1569241304,Citrullus lanatus
https://static.inaturalist.org/photos/52220273/medium.jpeg?1569247809,Citrullus lanatus
https://static.inaturalist.org/photos/52569801/medium.jpeg?1569563651,Citrullus colocynthis
https://static.inaturalist.org/photos/52570264/medium.jpeg?1569564921,Citrullus colocynthis
https://static.inaturalist.org/photos/52570272/medium.jpeg?1569564937,Citrullus colocynthis
https://static.inaturalist.org/photos/52570275/medium.jpeg?1569564946,Citrullus colocynthis
https://static.inaturalist.org/photos/52616712/medium.jpeg?1569617929,Citrullus colocynthis
https://static.inaturalist.org/photos/52647015/medium.jpeg?1569648899,Citrullus colocynthis
https://static.inaturalist.org/photos/52647046/medium.jpeg?1569648985,Citrullus colocynthis
https://static.inaturalist.org/photos/52944254/medium.jpeg?1569921958,Citrullus lanatus
https://static.inaturalist.org/photos/53088146/medium.jpg?1570064005,Citrullus lanatus
https://static.inaturalist.org/photos/53104688/medium.jpg?1570087223,Citrullus lanatus
https://static.inaturalist.org/photos/53251950/medium.jpeg?1570246710,Citrullus lanatus
https://static.inaturalist.org/photos/53266718/medium.jpeg?1570272711,Citrullus lanatus
https://static.inaturalist.org/photos/53416918/medium.jpg?1570395821,Citrullus lanatus
https://static.inaturalist.org/photos/53467739/medium.jpg?1570445224,Citrullus lanatus
https://static.inaturalist.org/photos/53488344/medium.jpeg?1570464144,Citrullus lanatus
https://static.inaturalist.org/photos/53552302/medium.jpg?1570520786,Citrullus lanatus
https://static.inaturalist.org/photos/53618689/medium.jpeg?1570582679,Citrullus lanatus
https://static.inaturalist.org/photos/53754935/medium.jpeg?1570740439,Citrullus lanatus
https://static.inaturalist.org/photos/54352137/medium.jpeg?1571384229,Citrullus colocynthis
https://static.inaturalist.org/photos/54352277/medium.jpeg?1571384497,Citrullus colocynthis
https://static.inaturalist.org/photos/54725101/medium.jpg?1571770624,Citrullus colocynthis
https://static.inaturalist.org/photos/54792532/medium.jpeg?1571848146,Citrullus lanatus
https://static.inaturalist.org/photos/54847973/medium.jpg?1571903802,Citrullus lanatus
https://static.inaturalist.org/photos/54946109/medium.jpg?1572021877,Citrullus colocynthis
https://static.inaturalist.org/photos/55074825/medium.jpg?1572168370,Citrullus colocynthis
https://static.inaturalist.org/photos/55087071/medium.jpg?1572184003,Citrullus lanatus
https://static.inaturalist.org/photos/55089870/medium.jpg?1572186832,Citrullus lanatus
https://static.inaturalist.org/photos/55305462/medium.jpg?1572446426,Citrullus lanatus
https://static.inaturalist.org/photos/55404707/medium.jpeg?1572588317,Citrullus colocynthis
https://static.inaturalist.org/photos/55404713/medium.jpeg?1572588336,Citrullus colocynthis
https://static.inaturalist.org/photos/55404746/medium.jpeg?1572588435,Citrullus colocynthis
https://static.inaturalist.org/photos/55404811/medium.jpeg?1572588691,Citrullus colocynthis
https://static.inaturalist.org/photos/55404824/medium.jpeg?1572588735,Citrullus colocynthis
https://static.inaturalist.org/photos/55483110/medium.jpeg?1572712102,Citrullus lanatus
https://static.inaturalist.org/photos/55546066/medium.jpeg?1572793928,Citrullus colocynthis
https://static.inaturalist.org/photos/55688495/medium.jpeg?1572954016,Citrullus colocynthis
https://static.inaturalist.org/photos/55695406/medium.jpeg?1572964501,Citrullus colocynthis
https://static.inaturalist.org/photos/56342102/medium.jpg?1573842810,Citrullus lanatus
https://static.inaturalist.org/photos/56541314/medium.jpg?1574105861,Citrullus lanatus
https://static.inaturalist.org/photos/56680763/medium.jpeg?1574304672,Citrullus lanatus
https://static.inaturalist.org/photos/56866646/medium.jpg?1574582930,Citrullus lanatus
https://static.inaturalist.org/photos/57047038/medium.jpeg?1574813059,Citrullus lanatus
https://static.inaturalist.org/photos/57082219/medium.jpg?1574874576,Citrullus colocynthis
https://static.inaturalist.org/photos/57116716/medium.jpeg?1574927418,Citrullus colocynthis
https://static.inaturalist.org/photos/57116866/medium.jpeg?1574927640,Citrullus colocynthis
https://static.inaturalist.org/photos/57356989/medium.jpg?1575314373,Citrullus lanatus
https://static.inaturalist.org/photos/57581050/medium.jpeg?1575699732,Citrullus colocynthis
https://static.inaturalist.org/photos/57729063/medium.jpeg?1575931626,Citrullus lanatus
https://static.inaturalist.org/photos/57976349/medium.jpeg?1576371329,Citrullus lanatus
https://static.inaturalist.org/photos/58239984/medium.jpeg?1576869564,Citrullus lanatus
https://static.inaturalist.org/photos/58332732/medium.jpeg?1577037445,Citrullus colocynthis
https://static.inaturalist.org/photos/58434222/medium.jpg?1577206148,Citrullus colocynthis
https://static.inaturalist.org/photos/58521511/medium.jpeg?1577368642,Citrullus colocynthis
https://static.inaturalist.org/photos/58608565/medium.jpg?1577495892,Citrullus lanatus
https://static.inaturalist.org/photos/58945431/medium.jpg?1578004590,Citrullus colocynthis
https://static.inaturalist.org/photos/58985495/medium.jpg?1578067738,Citrullus colocynthis
https://static.inaturalist.org/photos/59176359/medium.jpeg?1578326309,Citrullus lanatus
https://static.inaturalist.org/photos/59297047/medium.jpeg?1578517234,Citrullus colocynthis
https://static.inaturalist.org/photos/59699169/medium.jpg?1579138652,Citrullus colocynthis
https://static.inaturalist.org/photos/60178608/medium.jpg?1579870996,Citrullus colocynthis
https://static.inaturalist.org/photos/60538638/medium.jpg?1580396462,Citrullus colocynthis
https://static.inaturalist.org/photos/61377452/medium.jpg?1581605962,Citrullus lanatus
https://static.inaturalist.org/photos/62381544/medium.jpg?1582928322,Citrullus lanatus
https://static.inaturalist.org/photos/63646857/medium.jpeg?1584356892,Citrullus colocynthis
https://static.inaturalist.org/photos/63663691/medium.jpeg?1584375913,Citrullus colocynthis
https://static.inaturalist.org/photos/63990890/medium.jpeg?1584690476,Citrullus lanatus
https://static.inaturalist.org/photos/64686583/medium.jpeg?1585293967,Citrullus colocynthis
https://static.inaturalist.org/photos/64903720/medium.jpeg?1585449139,Citrullus lanatus
https://static.inaturalist.org/photos/65002233/medium.jpeg?1585518583,Citrullus colocynthis
https://static.inaturalist.org/photos/65029449/medium.jpg?1585533093,Citrullus lanatus
https://static.inaturalist.org/photos/65051106/medium.jpeg?1585551957,Citrullus colocynthis
https://static.inaturalist.org/photos/65182419/medium.jpeg?1585668045,Citrullus lanatus
https://static.inaturalist.org/photos/65286701/medium.jpg?1585755690,Citrullus lanatus
https://static.inaturalist.org/photos/67027353/medium.jpg?1586934713,Citrullus colocynthis
https://static.inaturalist.org/photos/67040493/medium.jpg?1586953012,Citrullus colocynthis
https://static.inaturalist.org/photos/67158590/medium.jpg?1587027186,Citrullus lanatus
https://static.inaturalist.org/photos/67362705/medium.jpeg?1587162200,Citrullus colocynthis
https://static.inaturalist.org/photos/67823788/medium.jpg?1587421130,Citrullus lanatus
https://static.inaturalist.org/photos/67937341/medium.jpeg?1587496971,Citrullus lanatus
https://static.inaturalist.org/photos/68374491/medium.jpg?1587732547,Citrullus lanatus
https://static.inaturalist.org/photos/68447073/medium.jpeg?1587747642,Citrullus lanatus
https://static.inaturalist.org/photos/68466363/medium.jpeg?1587751063,Citrullus lanatus
https://static.inaturalist.org/photos/71828695/medium.jpg?1588969650,Citrullus lanatus
https://static.inaturalist.org/photos/68666276/medium.jpeg?1587791773,Citrullus lanatus
https://static.inaturalist.org/photos/68696651/medium.jpg?1587805566,Citrullus lanatus
https://static.inaturalist.org/photos/68960251/medium.jpg?1587851893,Citrullus lanatus
https://static.inaturalist.org/photos/68967647/medium.jpeg?1587852970,Citrullus lanatus
https://static.inaturalist.org/photos/69115651/medium.jpeg?1587888153,Citrullus lanatus
https://static.inaturalist.org/photos/69161471/medium.jpeg?1587903270,Citrullus lanatus
https://static.inaturalist.org/photos/69300629/medium.jpg?1587926314,Citrullus lanatus
https://static.inaturalist.org/photos/69322292/medium.jpeg?1587929432,Citrullus lanatus
https://static.inaturalist.org/photos/69350422/medium.jpg?1587933381,Citrullus lanatus
https://static.inaturalist.org/photos/69383783/medium.jpeg?1587937933,Citrullus lanatus
https://static.inaturalist.org/photos/69422019/medium.jpg?1587943760,Citrullus lanatus
https://static.inaturalist.org/photos/69420396/medium.jpeg?1587943530,Citrullus lanatus
https://static.inaturalist.org/photos/69566814/medium.jpg?1587984235,Citrullus lanatus
https://static.inaturalist.org/photos/69653046/medium.jpeg?1588005210,Citrullus lanatus
https://static.inaturalist.org/photos/69797605/medium.jpeg?1588029339,Citrullus lanatus
https://static.inaturalist.org/photos/69826223/medium.jpeg?1588034248,Citrullus lanatus
https://static.inaturalist.org/photos/69880773/medium.jpg?1588044708,Citrullus lanatus
https://static.inaturalist.org/photos/69976413/medium.jpeg?1588088932,Citrullus lanatus
https://static.inaturalist.org/photos/70119111/medium.jpg?1588139063,Citrullus lanatus
https://static.inaturalist.org/photos/70122995/medium.jpeg?1588141498,Citrullus colocynthis
https://static.inaturalist.org/photos/70158878/medium.jpeg?1588168302,Citrullus lanatus
https://static.inaturalist.org/photos/70322614/medium.jpeg?1588240819,Citrullus lanatus
https://static.inaturalist.org/photos/70588081/medium.jpg?1588369436,Citrullus lanatus
https://static.inaturalist.org/photos/71286003/medium.jpeg?1588677569,Citrullus lanatus
https://static.inaturalist.org/photos/71544851/medium.jpeg?1588812020,Citrullus lanatus
https://static.inaturalist.org/photos/71788425/medium.jpeg?1588954298,Citrullus lanatus
https://static.inaturalist.org/photos/72076554/medium.jpg?1589089905,Citrullus lanatus
https://static.inaturalist.org/photos/72328827/medium.jpeg?1589221002,Citrullus lanatus
https://static.inaturalist.org/photos/72492664/medium.jpeg?1589311972,Citrullus lanatus
https://static.inaturalist.org/photos/72886782/medium.jpg?1589533671,Citrullus lanatus
https://static.inaturalist.org/photos/74383336/medium.jpg?1590188728,Citrullus lanatus
https://static.inaturalist.org/photos/74664818/medium.jpg?1590300957,Citrullus lanatus
https://static.inaturalist.org/photos/75721665/medium.jpeg?1590763857,Citrullus lanatus
https://static.inaturalist.org/photos/75855210/medium.jpg?1590825585,Citrullus lanatus
https://static.inaturalist.org/photos/76072665/medium.jpg?1590913953,Citrullus lanatus
https://static.inaturalist.org/photos/76745189/medium.jpeg?1591214521,Citrullus lanatus
https://static.inaturalist.org/photos/76953080/medium.jpg?1591318740,Citrullus lanatus
https://static.inaturalist.org/photos/77083319/medium.jpeg?1591388464,Citrullus colocynthis
https://static.inaturalist.org/photos/77209494/medium.jpg?1591454040,Citrullus lanatus
https://static.inaturalist.org/photos/78804706/medium.jpeg?1592169846,Citrullus lanatus
https://static.inaturalist.org/photos/79266617/medium.jpg?1592378304,Citrullus colocynthis
https://static.inaturalist.org/photos/79538962/medium.jpeg?1592515233,Citrullus lanatus
https://static.inaturalist.org/photos/79636818/medium.jpg?1592576418,Citrullus lanatus
https://static.inaturalist.org/photos/80441785/medium.jpeg?1592909989,Citrullus lanatus
https://static.inaturalist.org/photos/80551271/medium.jpeg?1592953280,Citrullus lanatus
https://static.inaturalist.org/photos/80608343/medium.jpg?1592984922,Citrullus colocynthis
https://static.inaturalist.org/photos/80988566/medium.jpeg?1593181256,Citrullus lanatus
https://static.inaturalist.org/photos/82035221/medium.jpg?1593637505,Citrullus lanatus
https://static.inaturalist.org/photos/82098115/medium.jpeg?1593665505,Citrullus colocynthis
https://static.inaturalist.org/photos/82221139/medium.jpeg?1593728259,Citrullus lanatus
https://static.inaturalist.org/photos/82357563/medium.jpg?1593802257,Citrullus lanatus
https://static.inaturalist.org/photos/82735396/medium.jpeg?1593976812,Citrullus lanatus
https://static.inaturalist.org/photos/82962353/medium.jpeg?1594072654,Citrullus lanatus
https://static.inaturalist.org/photos/83036562/medium.jpg?1594116825,Citrullus lanatus
https://static.inaturalist.org/photos/83210287/medium.jpeg?1594199270,Citrullus colocynthis
https://static.inaturalist.org/photos/83418764/medium.jpg?1594307207,Citrullus lanatus
https://static.inaturalist.org/photos/83524046/medium.jpeg?1594347728,Citrullus lanatus
https://static.inaturalist.org/photos/83557733/medium.jpeg?1594374600,Citrullus lanatus
https://static.inaturalist.org/photos/83671650/medium.jpg?1594425802,Citrullus lanatus
https://static.inaturalist.org/photos/83744120/medium.jpeg?1594472280,Citrullus lanatus
https://static.inaturalist.org/photos/83755163/medium.jpg?1594477095,Citrullus lanatus
https://static.inaturalist.org/photos/83763316/medium.jpeg?1594479681,Citrullus lanatus
https://static.inaturalist.org/photos/83925552/medium.jpeg?1594548884,Citrullus lanatus
https://static.inaturalist.org/photos/84005059/medium.jpg?1594576096,Citrullus lanatus
https://static.inaturalist.org/photos/84053916/medium.jpeg?1594588502,Citrullus lanatus
https://static.inaturalist.org/photos/84100259/medium.jpeg?1594603345,Citrullus lanatus
https://static.inaturalist.org/photos/85019499/medium.jpg?1595065638,Citrullus lanatus
https://static.inaturalist.org/photos/85054530/medium.jpeg?1595082916,Citrullus lanatus
https://static.inaturalist.org/photos/85234747/medium.jpeg?1595159929,Citrullus lanatus
https://static.inaturalist.org/photos/85236499/medium.jpeg?1595160875,Citrullus lanatus
https://static.inaturalist.org/photos/85505648/medium.jpg?1595268123,Citrullus lanatus
https://static.inaturalist.org/photos/86193837/medium.jpg?1595611832,Citrullus lanatus
