image_url,scientific_name
https://static.inaturalist.org/photos/284112/medium.jpg?1364625533,Dioscorea communis
https://static.inaturalist.org/photos/471617/medium.JPG?1377456665,Dioscorea communis
https://static.inaturalist.org/photos/788015/medium.JPG?1397593632,Dioscorea communis
https://static.inaturalist.org/photos/1570915/medium.jpg?1424601020,Dioscorea communis
https://static.inaturalist.org/photos/1570917/medium.jpg?1424601198,Dioscorea communis
https://static.inaturalist.org/photos/1758708/medium.jpg?1429916710,Dioscorea communis
https://static.inaturalist.org/photos/1846886/medium.jpg?1431682763,Dioscorea communis
https://static.inaturalist.org/photos/1888369/medium.jpg?1432293802,Dioscorea communis
https://static.inaturalist.org/photos/1896957/medium.jpg?1432398738,Dioscorea communis
https://static.inaturalist.org/photos/2149441/medium.jpg?1437235857,Dioscorea communis
https://static.inaturalist.org/photos/2305369/medium.jpg?1440496092,Dioscorea communis
https://static.inaturalist.org/photos/2607799/medium.jpg?1446647038,Dioscorea communis
https://static.inaturalist.org/photos/2639982/medium.jpg?1447258634,Dioscorea communis
https://static.inaturalist.org/photos/2918406/medium.jpeg?1453590294,Dioscorea communis
https://static.inaturalist.org/photos/3061636/medium.jpeg?1456402651,Dioscorea communis
https://static.inaturalist.org/photos/3104421/medium.jpeg?1457204880,Dioscorea communis
https://static.inaturalist.org/photos/3303512/medium.jpg?1459963782,Dioscorea communis
https://static.inaturalist.org/photos/3318808/medium.jpg?1460149952,Dioscorea communis
https://static.inaturalist.org/photos/3383732/medium.jpg?1460839487,Dioscorea communis
https://static.inaturalist.org/photos/3420771/medium.jpeg?1461100142,Dioscorea communis
https://static.inaturalist.org/photos/3480800/medium.JPG?1461537304,Dioscorea communis
https://static.inaturalist.org/photos/3480807/medium.JPG?1461537350,Dioscorea communis
https://static.inaturalist.org/photos/3519180/medium.jpg?1461942412,Dioscorea communis
https://static.inaturalist.org/photos/4124874/medium.jpg?1467128842,Dioscorea communis
https://static.inaturalist.org/photos/4141921/medium.jpg?1467278114,Dioscorea communis
https://static.inaturalist.org/photos/4228464/medium.jpeg?1468162672,Dioscorea communis
https://static.inaturalist.org/photos/4421482/medium.jpg?1470134029,Dioscorea communis
https://static.inaturalist.org/photos/4676017/medium.jpg?1472216452,Dioscorea communis
https://static.inaturalist.org/photos/4824084/medium.jpg?1473395356,Dioscorea communis
https://static.inaturalist.org/photos/4830373/medium.jpeg?1473458520,Dioscorea communis
https://static.inaturalist.org/photos/4980173/medium.jpg?1474641407,Dioscorea communis
https://static.inaturalist.org/photos/5355876/medium.jpg?1477600528,Dioscorea communis
https://static.inaturalist.org/photos/5803944/medium.jpeg?1481623954,Dioscorea communis
https://static.inaturalist.org/photos/6465804/medium.jpeg?1488742024,Dioscorea communis
https://static.inaturalist.org/photos/6629838/medium.jpeg?1489919060,Dioscorea communis
https://static.inaturalist.org/photos/6775246/medium.jpeg?1490779448,Dioscorea communis
https://static.inaturalist.org/photos/6887251/medium.jpeg?1491375503,Dioscorea communis
https://static.inaturalist.org/photos/7048846/medium.jpeg?1492187411,Dioscorea communis
https://static.inaturalist.org/photos/7156303/medium.jpg?1492373582,Dioscorea communis
https://static.inaturalist.org/photos/7319037/medium.jpeg?1492714154,Dioscorea communis
https://static.inaturalist.org/photos/7388576/medium.jpeg?1492963956,Dioscorea communis
https://static.inaturalist.org/photos/7408705/medium.jpeg?1493030363,Dioscorea communis
https://static.inaturalist.org/photos/7431482/medium.jpg?1493109488,Dioscorea communis
https://static.inaturalist.org/photos/7545638/medium.jpeg?1493589925,Dioscorea communis
https://static.inaturalist.org/photos/7754578/medium.jpeg?1494597842,Dioscorea communis
https://static.inaturalist.org/photos/7907180/medium.jpg?1495275106,Dioscorea communis
https://static.inaturalist.org/photos/7918757/medium.jpeg?1495314138,Dioscorea communis
https://static.inaturalist.org/photos/7931116/medium.jpg?1495360387,Dioscorea communis
https://static.inaturalist.org/photos/7954349/medium.jpg?1495450821,Dioscorea communis
https://static.inaturalist.org/photos/7965976/medium.jpg?1495491284,Dioscorea communis
https://static.inaturalist.org/photos/8701014/medium.jpeg?1498639183,Dioscorea communis
https://static.inaturalist.org/photos/9105433/medium.jpeg?1500289100,Dioscorea communis
https://static.inaturalist.org/photos/9105897/medium.jpeg?1500293319,Dioscorea communis
https://static.inaturalist.org/photos/9213935/medium.jpg?1500711166,Dioscorea communis
https://static.inaturalist.org/photos/9619821/medium.jpg?1502204599,Dioscorea communis
https://static.inaturalist.org/photos/9866874/medium.jpeg?1503169346,Dioscorea communis
https://static.inaturalist.org/photos/10114501/medium.jpg?1504083225,Dioscorea communis
https://static.inaturalist.org/photos/10310090/medium.jpeg?1504880188,Dioscorea communis
https://static.inaturalist.org/photos/10403088/medium.jpg?1505214519,Dioscorea communis
https://static.inaturalist.org/photos/10576750/medium.jpeg?1505832296,Dioscorea communis
https://static.inaturalist.org/photos/10618480/medium.jpg?1505975542,Dioscorea communis
https://static.inaturalist.org/photos/10916168/medium.jpeg?1507009397,Dioscorea communis
https://static.inaturalist.org/photos/12581615/medium.jpg?1514472285,Dioscorea communis
https://static.inaturalist.org/photos/12760663/medium.jpeg?1515313554,Dioscorea communis
https://static.inaturalist.org/photos/13213950/medium.jpeg?1517334043,Dioscorea communis
https://static.inaturalist.org/photos/14153282/medium.jpeg?1521062459,Dioscorea communis
https://static.inaturalist.org/photos/14779186/medium.jpg?1522791261,Dioscorea communis
https://static.inaturalist.org/photos/14780019/medium.jpg?1522792470,Dioscorea communis
https://static.inaturalist.org/photos/14798687/medium.jpeg?1522841454,Dioscorea communis
https://static.inaturalist.org/photos/15030347/medium.jpeg?1523371866,Dioscorea communis
https://static.inaturalist.org/photos/15719270/medium.jpeg?1524065002,Dioscorea communis
https://static.inaturalist.org/photos/16017645/medium.jpg?1524324562,Dioscorea communis
https://static.inaturalist.org/photos/16288492/medium.jpg?1524672979,Dioscorea communis
https://static.inaturalist.org/photos/16813149/medium.jpg?1525019169,Dioscorea communis
https://static.inaturalist.org/photos/17177905/medium.jpg?1525186705,Dioscorea communis
https://static.inaturalist.org/photos/17474320/medium.jpeg?1525552300,Dioscorea communis
https://static.inaturalist.org/photos/17512321/medium.jpg?1525614141,Dioscorea communis
https://static.inaturalist.org/photos/17536699/medium.jpg?1525638558,Dioscorea communis
https://static.inaturalist.org/photos/17574085/medium.jpg?1525691849,Dioscorea communis
https://static.inaturalist.org/photos/17674776/medium.jpg?1525842935,Dioscorea communis
https://static.inaturalist.org/photos/17685642/medium.jpeg?1525876106,Dioscorea communis
https://static.inaturalist.org/photos/17731363/medium.jpg?1525953620,Dioscorea communis
https://static.inaturalist.org/photos/17837187/medium.jpeg?1526134524,Dioscorea communis
https://static.inaturalist.org/photos/17962559/medium.jpeg?1526313769,Dioscorea communis
https://static.inaturalist.org/photos/18057500/medium.jpg?1526455018,Dioscorea communis
https://static.inaturalist.org/photos/18132203/medium.jpeg?1526583640,Dioscorea communis
https://static.inaturalist.org/photos/18140706/medium.jpg?1526592410,Dioscorea communis
https://static.inaturalist.org/photos/18471048/medium.jpg?1527108107,Dioscorea communis
https://static.inaturalist.org/photos/18523682/medium.jpg?1527194875,Dioscorea communis
https://static.inaturalist.org/photos/18595555/medium.jpg?1527320236,Dioscorea communis
https://static.inaturalist.org/photos/18651440/medium.jpeg?1527410675,Dioscorea communis
https://static.inaturalist.org/photos/18684056/medium.jpeg?1527458123,Dioscorea communis
https://static.inaturalist.org/photos/18745424/medium.jpeg?1527545144,Dioscorea communis
https://static.inaturalist.org/photos/18746410/medium.jpeg?1527546179,Dioscorea communis
https://static.inaturalist.org/photos/18882319/medium.jpeg?1527782872,Dioscorea communis
https://static.inaturalist.org/photos/19004378/medium.jpeg?1527973740,Dioscorea communis
https://static.inaturalist.org/photos/19037615/medium.jpg?1528021557,Dioscorea communis
https://static.inaturalist.org/photos/19560870/medium.jpg?1528755589,Dioscorea communis
https://static.inaturalist.org/photos/19611682/medium.jpg?1528838014,Dioscorea communis
https://static.inaturalist.org/photos/19705861/medium.jpg?1529002452,Dioscorea communis
https://static.inaturalist.org/photos/19766708/medium.jpeg?1529103790,Dioscorea communis
https://static.inaturalist.org/photos/19803233/medium.jpeg?1529171734,Dioscorea communis
https://static.inaturalist.org/photos/19851200/medium.jpeg?1529237081,Dioscorea communis
https://static.inaturalist.org/photos/19966529/medium.jpeg?1529399834,Dioscorea communis
https://static.inaturalist.org/photos/19988718/medium.jpg?1529438385,Dioscorea communis
https://static.inaturalist.org/photos/19992013/medium.jpg?1529442745,Dioscorea communis
https://static.inaturalist.org/photos/20069666/medium.jpg?1529569864,Dioscorea communis
https://static.inaturalist.org/photos/20122924/medium.jpeg?1529670256,Dioscorea communis
https://static.inaturalist.org/photos/20505532/medium.jpg?1530286374,Dioscorea communis
https://static.inaturalist.org/photos/20509824/medium.jpg?1530292908,Dioscorea communis
https://static.inaturalist.org/photos/20571443/medium.jpeg?1530390295,Dioscorea communis
https://static.inaturalist.org/photos/20573906/medium.jpeg?1530392868,Dioscorea communis
https://static.inaturalist.org/photos/20662788/medium.jpg?1530520988,Dioscorea communis
https://static.inaturalist.org/photos/20688536/medium.jpeg?1530560187,Dioscorea communis
https://static.inaturalist.org/photos/20685316/medium.jpg?1530556862,Dioscorea communis
https://static.inaturalist.org/photos/20716775/medium.jpg?1530603194,Dioscorea communis
https://static.inaturalist.org/photos/21004121/medium.jpeg?1531064132,Dioscorea communis
https://static.inaturalist.org/photos/21190320/medium.jpg?1531350594,Dioscorea communis
https://static.inaturalist.org/photos/21488613/medium.jpg?1531818013,Dioscorea communis
https://static.inaturalist.org/photos/21561558/medium.jpg?1531935749,Dioscorea communis
https://static.inaturalist.org/photos/21736275/medium.jpeg?1532210425,Dioscorea communis
https://static.inaturalist.org/photos/21954850/medium.jpeg?1532535210,Dioscorea communis
https://static.inaturalist.org/photos/21955494/medium.jpeg?1532535919,Dioscorea communis
https://static.inaturalist.org/photos/22048082/medium.jpeg?1532663525,Dioscorea communis
https://static.inaturalist.org/photos/22051033/medium.jpeg?1532667784,Dioscorea communis
https://static.inaturalist.org/photos/22052175/medium.jpeg?1532669863,Dioscorea communis
https://static.inaturalist.org/photos/22058302/medium.jpeg?1532683486,Dioscorea communis
https://static.inaturalist.org/photos/22059224/medium.jpeg?1532685658,Dioscorea communis
https://static.inaturalist.org/photos/22060456/medium.jpeg?1532688143,Dioscorea communis
https://static.inaturalist.org/photos/22063084/medium.jpeg?1532693572,Dioscorea communis
https://static.inaturalist.org/photos/22069008/medium.jpeg?1532701991,Dioscorea communis
https://static.inaturalist.org/photos/22069742/medium.jpeg?1532702776,Dioscorea communis
https://static.inaturalist.org/photos/22079214/medium.jpeg?1532711695,Dioscorea communis
https://static.inaturalist.org/photos/22080129/medium.jpeg?1532712638,Dioscorea communis
https://static.inaturalist.org/photos/22135281/medium.jpeg?1532782243,Dioscorea communis
https://static.inaturalist.org/photos/22136104/medium.jpeg?1532783294,Dioscorea communis
https://static.inaturalist.org/photos/22138587/medium.jpeg?1532786464,Dioscorea communis
https://static.inaturalist.org/photos/22203189/medium.jpeg?1532854414,Dioscorea communis
https://static.inaturalist.org/photos/22203235/medium.jpeg?1532854567,Dioscorea communis
https://static.inaturalist.org/photos/22204146/medium.jpeg?1532856297,Dioscorea communis
https://static.inaturalist.org/photos/22210646/medium.jpg?1532868903,Dioscorea communis
https://static.inaturalist.org/photos/22217090/medium.jpeg?1532876409,Dioscorea communis
https://static.inaturalist.org/photos/22223602/medium.jpeg?1532881445,Dioscorea communis
https://static.inaturalist.org/photos/22247756/medium.jpeg?1532899485,Dioscorea communis
https://static.inaturalist.org/photos/22287468/medium.jpeg?1532945844,Dioscorea communis
https://static.inaturalist.org/photos/22297558/medium.jpeg?1532963051,Dioscorea communis
https://static.inaturalist.org/photos/22306540/medium.jpeg?1532972115,Dioscorea communis
https://static.inaturalist.org/photos/22416957/medium.jpeg?1533146567,Dioscorea communis
https://static.inaturalist.org/photos/22464423/medium.jpg?1533230630,Dioscorea communis
https://static.inaturalist.org/photos/22471278/medium.jpeg?1533238902,Dioscorea communis
https://static.inaturalist.org/photos/22474448/medium.jpeg?1533242395,Dioscorea communis
https://static.inaturalist.org/photos/22791207/medium.jpeg?1533749226,Dioscorea communis
https://static.inaturalist.org/photos/22792277/medium.jpeg?1533750355,Dioscorea communis
https://static.inaturalist.org/photos/22797050/medium.jpeg?1533755991,Dioscorea communis
https://static.inaturalist.org/photos/25362788/medium.jpeg?1537639131,Dioscorea communis
https://static.inaturalist.org/photos/25187535/medium.jpeg?1537391611,Dioscorea communis
https://static.inaturalist.org/photos/22884770/medium.jpg?1533912210,Dioscorea communis
https://static.inaturalist.org/photos/22933870/medium.jpg?1533995847,Dioscorea communis
https://static.inaturalist.org/photos/22987325/medium.jpeg?1534071153,Dioscorea communis
https://static.inaturalist.org/photos/23119132/medium.jpeg?1534257411,Dioscorea communis
https://static.inaturalist.org/photos/23229187/medium.jpeg?1534431399,Dioscorea communis
https://static.inaturalist.org/photos/24057672/medium.jpg?1535717896,Dioscorea communis
https://static.inaturalist.org/photos/23285418/medium.jpeg?1534514265,Dioscorea communis
https://static.inaturalist.org/photos/23297259/medium.jpeg?1534527185,Dioscorea communis
https://static.inaturalist.org/photos/23321588/medium.jpeg?1534555445,Dioscorea communis
https://static.inaturalist.org/photos/23321795/medium.jpeg?1534555666,Dioscorea communis
https://static.inaturalist.org/photos/23326990/medium.jpeg?1534563320,Dioscorea communis
https://static.inaturalist.org/photos/23327290/medium.jpeg?1534563920,Dioscorea communis
https://static.inaturalist.org/photos/23329827/medium.jpeg?1534569224,Dioscorea communis
https://static.inaturalist.org/photos/23340413/medium.jpeg?1534596202,Dioscorea communis
https://static.inaturalist.org/photos/23342454/medium.jpeg?1534599830,Dioscorea communis
https://static.inaturalist.org/photos/23348588/medium.jpeg?1534606655,Dioscorea communis
https://static.inaturalist.org/photos/23361364/medium.jpeg?1534618758,Dioscorea communis
https://static.inaturalist.org/photos/23377690/medium.jpeg?1534634414,Dioscorea communis
https://static.inaturalist.org/photos/23377839/medium.jpeg?1534634582,Dioscorea communis
https://static.inaturalist.org/photos/23378122/medium.jpeg?1534634901,Dioscorea communis
https://static.inaturalist.org/photos/23390946/medium.jpeg?1534650245,Dioscorea communis
https://static.inaturalist.org/photos/23409615/medium.jpg?1534689773,Dioscorea communis
https://static.inaturalist.org/photos/23464593/medium.jpeg?1534755170,Dioscorea communis
https://static.inaturalist.org/photos/23483560/medium.jpeg?1534785674,Dioscorea communis
https://static.inaturalist.org/photos/24030562/medium.jpg?1535664392,Dioscorea communis
https://static.inaturalist.org/photos/24174423/medium.jpg?1535895381,Dioscorea communis
https://static.inaturalist.org/photos/24175018/medium.jpg?1535896311,Dioscorea communis
https://static.inaturalist.org/photos/24461934/medium.jpg?1536335253,Dioscorea communis
https://static.inaturalist.org/photos/24462567/medium.jpg?1536335848,Dioscorea communis
https://static.inaturalist.org/photos/24574445/medium.jpeg?1536481573,Dioscorea communis
https://static.inaturalist.org/photos/24586610/medium.jpg?1536507164,Dioscorea communis
https://static.inaturalist.org/photos/24654423/medium.jpeg?1536598015,Dioscorea communis
https://static.inaturalist.org/photos/25017753/medium.jpg?1537133428,Dioscorea communis
https://static.inaturalist.org/photos/25194292/medium.jpg?1537399314,Dioscorea communis
https://static.inaturalist.org/photos/25231350/medium.jpg?1537464484,Dioscorea communis
https://static.inaturalist.org/photos/25595089/medium.jpg?1537981653,Dioscorea communis
https://static.inaturalist.org/photos/25603491/medium.jpg?1537990504,Dioscorea communis
https://static.inaturalist.org/photos/25635962/medium.jpg?1538049291,Dioscorea communis
https://static.inaturalist.org/photos/25831837/medium.jpeg?1538328253,Dioscorea communis
https://static.inaturalist.org/photos/25853398/medium.jpg?1538346115,Dioscorea communis
https://static.inaturalist.org/photos/26094088/medium.jpg?1538739833,Dioscorea communis
https://static.inaturalist.org/photos/27003764/medium.jpg?1540142161,Dioscorea communis
https://static.inaturalist.org/photos/27166849/medium.jpg?1540409472,Dioscorea communis
https://static.inaturalist.org/photos/27231617/medium.jpeg?1540513529,Dioscorea communis
https://static.inaturalist.org/photos/27397411/medium.jpg?1540819063,Dioscorea communis
https://static.inaturalist.org/photos/27495049/medium.jpeg?1541001974,Dioscorea communis
https://static.inaturalist.org/photos/27615197/medium.jpg?1541264688,Dioscorea communis
https://static.inaturalist.org/photos/27616384/medium.jpg?1541265912,Dioscorea communis
https://static.inaturalist.org/photos/28169817/medium.jpg?1542373571,Dioscorea communis
https://static.inaturalist.org/photos/28268706/medium.jpg?1542586406,Dioscorea communis
https://static.inaturalist.org/photos/28267788/medium.jpeg?1542584998,Dioscorea communis
https://static.inaturalist.org/photos/28321700/medium.jpeg?1542718957,Dioscorea communis
https://static.inaturalist.org/photos/29078418/medium.jpg?1544560284,Dioscorea communis
https://static.inaturalist.org/photos/29078646/medium.jpg?1544560793,Dioscorea communis
https://static.inaturalist.org/photos/29155404/medium.jpeg?1544794023,Dioscorea communis
https://static.inaturalist.org/photos/29228584/medium.jpeg?1544988602,Dioscorea communis
https://static.inaturalist.org/photos/29341742/medium.jpg?1545303759,Dioscorea communis
https://static.inaturalist.org/photos/29455610/medium.jpg?1545598088,Dioscorea communis
https://static.inaturalist.org/photos/29520693/medium.jpeg?1545771043,Dioscorea communis
https://static.inaturalist.org/photos/29762591/medium.jpeg?1546362320,Dioscorea communis
https://static.inaturalist.org/photos/30060345/medium.jpeg?1547045506,Dioscorea communis
https://static.inaturalist.org/photos/30553665/medium.jpeg?1548247794,Dioscorea communis
https://static.inaturalist.org/photos/30619720/medium.jpg?1548407946,Dioscorea communis
https://static.inaturalist.org/photos/30775210/medium.jpeg?1548759584,Dioscorea communis
https://static.inaturalist.org/photos/31009524/medium.jpg?1549301438,Dioscorea communis
https://static.inaturalist.org/photos/31035240/medium.jpeg?1549348045,Dioscorea communis
https://static.inaturalist.org/photos/31050009/medium.jpg?1549389556,Dioscorea communis
https://static.inaturalist.org/photos/31051400/medium.jpg?1549392321,Dioscorea communis
https://static.inaturalist.org/photos/31901028/medium.jpeg?1550936945,Dioscorea communis
https://static.inaturalist.org/photos/31926874/medium.jpg?1550962415,Dioscorea communis
https://static.inaturalist.org/photos/32084558/medium.jpeg?1551271694,Dioscorea communis
https://static.inaturalist.org/photos/32236057/medium.jpeg?1551566231,Dioscorea communis
https://static.inaturalist.org/photos/32378484/medium.jpeg?1551791118,Dioscorea communis
https://static.inaturalist.org/photos/32380237/medium.jpeg?1551795614,Dioscorea communis
https://static.inaturalist.org/photos/32493802/medium.jpeg?1551999734,Dioscorea communis
https://static.inaturalist.org/photos/32935443/medium.jpeg?1552774543,Dioscorea communis
https://static.inaturalist.org/photos/33009198/medium.jpeg?1552872244,Dioscorea communis
https://static.inaturalist.org/photos/33076322/medium.jpeg?1552984721,Dioscorea communis
https://static.inaturalist.org/photos/33203812/medium.jpeg?1553198350,Dioscorea communis
https://static.inaturalist.org/photos/33210778/medium.jpg?1553206447,Dioscorea communis
https://static.inaturalist.org/photos/33389439/medium.jpg?1553464119,Dioscorea communis
https://static.inaturalist.org/photos/33434573/medium.jpg?1553529044,Dioscorea communis
https://static.inaturalist.org/photos/33516986/medium.jpeg?1553646739,Dioscorea communis
https://static.inaturalist.org/photos/33625307/medium.jpeg?1553811102,Dioscorea communis
https://static.inaturalist.org/photos/33874798/medium.jpg?1554098610,Dioscorea communis
https://static.inaturalist.org/photos/34009156/medium.jpg?1554300125,Dioscorea communis
https://static.inaturalist.org/photos/34080900/medium.jpeg?1554400497,Dioscorea communis
https://static.inaturalist.org/photos/34081054/medium.jpeg?1554400677,Dioscorea communis
https://static.inaturalist.org/photos/34125358/medium.jpg?1554455484,Dioscorea communis
https://static.inaturalist.org/photos/34194507/medium.jpeg?1554559943,Dioscorea communis
https://static.inaturalist.org/photos/34219562/medium.jpg?1554579875,Dioscorea communis
https://static.inaturalist.org/photos/34229896/medium.jpeg?1554587660,Dioscorea communis
https://static.inaturalist.org/photos/34462206/medium.jpg?1554844671,Dioscorea communis
https://static.inaturalist.org/photos/34520971/medium.jpg?1554919757,Dioscorea communis
https://static.inaturalist.org/photos/34570791/medium.jpeg?1554986252,Dioscorea communis
https://static.inaturalist.org/photos/34635350/medium.jpg?1555057097,Dioscorea communis
https://static.inaturalist.org/photos/34777703/medium.jpeg?1555220546,Dioscorea communis
https://static.inaturalist.org/photos/34822827/medium.jpeg?1555272091,Dioscorea communis
https://static.inaturalist.org/photos/34878796/medium.jpeg?1555338247,Dioscorea communis
https://static.inaturalist.org/photos/34951488/medium.jpg?1555427482,Dioscorea communis
https://static.inaturalist.org/photos/34965877/medium.jpeg?1555439723,Dioscorea communis
https://static.inaturalist.org/photos/34968732/medium.jpg?1555441928,Dioscorea communis
https://static.inaturalist.org/photos/35052152/medium.jpeg?1555531934,Dioscorea communis
https://static.inaturalist.org/photos/35259393/medium.jpeg?1555764893,Dioscorea communis
https://static.inaturalist.org/photos/35352947/medium.jpeg?1555849273,Dioscorea communis
https://static.inaturalist.org/photos/35364537/medium.jpeg?1555859721,Dioscorea communis
https://static.inaturalist.org/photos/35387210/medium.jpeg?1555873410,Dioscorea communis
https://static.inaturalist.org/photos/35407998/medium.jpeg?1555884107,Dioscorea communis
https://static.inaturalist.org/photos/35478114/medium.jpg?1555950166,Dioscorea communis
https://static.inaturalist.org/photos/35596637/medium.jpg?1556055895,Dioscorea communis
https://static.inaturalist.org/photos/35726158/medium.jpeg?1556191800,Dioscorea communis
https://static.inaturalist.org/photos/35754281/medium.jpeg?1556216475,Dioscorea communis
https://static.inaturalist.org/photos/35753372/medium.jpeg?1556215755,Dioscorea communis
https://static.inaturalist.org/photos/35765289/medium.jpeg?1556224107,Dioscorea communis
https://static.inaturalist.org/photos/35824173/medium.jpeg?1556267772,Dioscorea communis
https://static.inaturalist.org/photos/35937864/medium.jpeg?1556303855,Dioscorea communis
https://static.inaturalist.org/photos/36157930/medium.jpg?1556362346,Dioscorea communis
https://static.inaturalist.org/photos/36233878/medium.jpeg?1556381186,Dioscorea communis
https://static.inaturalist.org/photos/36247880/medium.jpeg?1556383571,Dioscorea communis
https://static.inaturalist.org/photos/36323148/medium.jpeg?1556395367,Dioscorea communis
https://static.inaturalist.org/photos/36354267/medium.jpeg?1556400273,Dioscorea communis
https://static.inaturalist.org/photos/36575918/medium.jpeg?1556459910,Dioscorea communis
https://static.inaturalist.org/photos/36661638/medium.jpeg?1556474131,Dioscorea communis
https://static.inaturalist.org/photos/36708407/medium.jpg?1556481756,Dioscorea communis
https://static.inaturalist.org/photos/36944949/medium.jpg?1556528084,Dioscorea communis
https://static.inaturalist.org/photos/37021932/medium.jpeg?1556550127,Dioscorea communis
https://static.inaturalist.org/photos/37025893/medium.jpeg?1556550864,Dioscorea communis
https://static.inaturalist.org/photos/37026498/medium.jpeg?1556550981,Dioscorea communis
https://static.inaturalist.org/photos/37520086/medium.jpeg?1556696502,Dioscorea communis
https://static.inaturalist.org/photos/37524274/medium.jpeg?1556701700,Dioscorea communis
https://static.inaturalist.org/photos/37594778/medium.jpg?1556742100,Dioscorea communis
https://static.inaturalist.org/photos/37895204/medium.jpeg?1556975245,Dioscorea communis
https://static.inaturalist.org/photos/38012794/medium.jpg?1557057628,Dioscorea communis
https://static.inaturalist.org/photos/38018390/medium.jpg?1557063369,Dioscorea communis
https://static.inaturalist.org/photos/38034190/medium.jpeg?1557073654,Dioscorea communis
https://static.inaturalist.org/photos/38161996/medium.jpeg?1557165807,Dioscorea communis
https://static.inaturalist.org/photos/38167476/medium.jpeg?1557169031,Dioscorea communis
https://static.inaturalist.org/photos/38234040/medium.jpeg?1557231378,Dioscorea communis
https://static.inaturalist.org/photos/38317210/medium.jpg?1557311595,Dioscorea communis
https://static.inaturalist.org/photos/38428957/medium.jpeg?1557424573,Dioscorea communis
https://static.inaturalist.org/photos/38475080/medium.jpg?1557467142,Dioscorea communis
https://static.inaturalist.org/photos/38583241/medium.jpeg?1557591813,Dioscorea communis
https://static.inaturalist.org/photos/38610787/medium.jpg?1557609532,Dioscorea communis
https://static.inaturalist.org/photos/38689985/medium.jpeg?1557680415,Dioscorea communis
https://static.inaturalist.org/photos/38701892/medium.jpg?1557687055,Dioscorea communis
https://static.inaturalist.org/photos/38730373/medium.jpg?1557702937,Dioscorea communis
https://static.inaturalist.org/photos/38791045/medium.jpg?1557769040,Dioscorea communis
https://static.inaturalist.org/photos/38796095/medium.jpg?1557773053,Dioscorea communis
https://static.inaturalist.org/photos/38858337/medium.jpeg?1557841098,Dioscorea communis
https://static.inaturalist.org/photos/38934884/medium.jpeg?1557917354,Dioscorea communis
https://static.inaturalist.org/photos/39109618/medium.jpg?1558103710,Dioscorea communis
https://static.inaturalist.org/photos/39117875/medium.jpg?1558110677,Dioscorea communis
https://static.inaturalist.org/photos/39152169/medium.jpg?1558137303,Dioscorea communis
https://static.inaturalist.org/photos/39293304/medium.jpeg?1558266628,Dioscorea communis
https://static.inaturalist.org/photos/39329665/medium.jpg?1558292977,Dioscorea communis
https://static.inaturalist.org/photos/39395049/medium.jpeg?1558350404,Dioscorea communis
https://static.inaturalist.org/photos/39502143/medium.jpg?1558445160,Dioscorea communis
https://static.inaturalist.org/photos/39536416/medium.jpg?1558468505,Dioscorea communis
https://static.inaturalist.org/photos/39540324/medium.jpg?1558471050,Dioscorea communis
https://static.inaturalist.org/photos/39541813/medium.jpeg?1558472074,Dioscorea communis
https://static.inaturalist.org/photos/39715192/medium.jpeg?1558634243,Dioscorea communis
https://static.inaturalist.org/photos/39723165/medium.jpg?1558639001,Dioscorea communis
https://static.inaturalist.org/photos/39794204/medium.jpg?1558708874,Dioscorea communis
https://static.inaturalist.org/photos/39816786/medium.jpeg?1558725673,Dioscorea communis
https://static.inaturalist.org/photos/39823767/medium.jpg?1558730391,Dioscorea communis
https://static.inaturalist.org/photos/39871455/medium.jpg?1558775029,Dioscorea communis
https://static.inaturalist.org/photos/39872398/medium.jpeg?1558776549,Dioscorea communis
https://static.inaturalist.org/photos/39878941/medium.jpeg?1558785096,Dioscorea communis
https://static.inaturalist.org/photos/39900320/medium.jpeg?1558799403,Dioscorea communis
https://static.inaturalist.org/photos/40024806/medium.jpeg?1558889223,Dioscorea communis
https://static.inaturalist.org/photos/40114398/medium.jpg?1558954234,Dioscorea communis
https://static.inaturalist.org/photos/40247671/medium.jpg?1559062428,Dioscorea communis
https://static.inaturalist.org/photos/40270190/medium.jpeg?1559077489,Dioscorea communis
https://static.inaturalist.org/photos/40308607/medium.jpeg?1559112315,Dioscorea communis
https://static.inaturalist.org/photos/40325768/medium.jpg?1559134189,Dioscorea communis
https://static.inaturalist.org/photos/40325793/medium.jpg?1559134217,Dioscorea communis
https://static.inaturalist.org/photos/40325827/medium.jpg?1559134246,Dioscorea communis
https://static.inaturalist.org/photos/40417364/medium.jpg?1559209446,Dioscorea communis
https://static.inaturalist.org/photos/40421991/medium.jpeg?1559217622,Dioscorea communis
https://static.inaturalist.org/photos/40528281/medium.jpg?1559317692,Dioscorea communis
https://static.inaturalist.org/photos/40529301/medium.jpg?1559318286,Dioscorea communis
https://static.inaturalist.org/photos/40634699/medium.jpeg?1559404265,Dioscorea communis
https://static.inaturalist.org/photos/40651780/medium.jpeg?1559413724,Dioscorea communis
https://static.inaturalist.org/photos/40664404/medium.jpeg?1559420535,Dioscorea communis
https://static.inaturalist.org/photos/40673662/medium.jpeg?1559425871,Dioscorea communis
https://static.inaturalist.org/photos/40750252/medium.jpg?1559489390,Dioscorea communis
https://static.inaturalist.org/photos/40765110/medium.jpg?1559497020,Dioscorea communis
https://static.inaturalist.org/photos/40861973/medium.jpeg?1559564731,Dioscorea communis
https://static.inaturalist.org/photos/40880177/medium.jpeg?1559578598,Dioscorea communis
https://static.inaturalist.org/photos/40956290/medium.jpg?1559642816,Dioscorea communis
https://static.inaturalist.org/photos/41038967/medium.jpg?1559718438,Dioscorea communis
https://static.inaturalist.org/photos/41134237/medium.jpg?1559818706,Dioscorea communis
https://static.inaturalist.org/photos/41135210/medium.jpeg?1559820205,Dioscorea communis
https://static.inaturalist.org/photos/41141550/medium.jpg?1559827868,Dioscorea communis
https://static.inaturalist.org/photos/41418873/medium.jpg?1560075573,Dioscorea communis
https://static.inaturalist.org/photos/41464046/medium.jpeg?1560106968,Dioscorea communis
https://static.inaturalist.org/photos/41626765/medium.jpeg?1560238860,Dioscorea communis
https://static.inaturalist.org/photos/41753314/medium.jpg?1560363044,Dioscorea communis
https://static.inaturalist.org/photos/41844583/medium.jpg?1560452516,Dioscorea communis
https://static.inaturalist.org/photos/41856277/medium.jpg?1560461035,Dioscorea communis
https://static.inaturalist.org/photos/41904955/medium.jpg?1560520197,Dioscorea communis
https://static.inaturalist.org/photos/41999562/medium.jpeg?1560608914,Dioscorea communis
https://static.inaturalist.org/photos/42001266/medium.jpg?1560609956,Dioscorea communis
https://static.inaturalist.org/photos/42091068/medium.jpeg?1560675392,Dioscorea communis
https://static.inaturalist.org/photos/42109147/medium.jpeg?1560695225,Dioscorea communis
https://static.inaturalist.org/photos/42144788/medium.jpg?1560716355,Dioscorea communis
https://static.inaturalist.org/photos/42229789/medium.jpeg?1560789944,Dioscorea communis
https://static.inaturalist.org/photos/42301873/medium.jpeg?1560855426,Dioscorea communis
https://static.inaturalist.org/photos/42312447/medium.jpeg?1560867219,Dioscorea communis
https://static.inaturalist.org/photos/42392383/medium.jpeg?1560935198,Dioscorea communis
https://static.inaturalist.org/photos/42520578/medium.jpeg?1561053750,Dioscorea communis
https://static.inaturalist.org/photos/42579615/medium.jpeg?1561111350,Dioscorea communis
https://static.inaturalist.org/photos/42780795/medium.jpeg?1561283661,Dioscorea communis
https://static.inaturalist.org/photos/42937651/medium.jpeg?1561405416,Dioscorea communis
https://static.inaturalist.org/photos/42945065/medium.jpeg?1561409929,Dioscorea communis
https://static.inaturalist.org/photos/43337423/medium.jpeg?1561750592,Dioscorea communis
https://static.inaturalist.org/photos/43201255/medium.jpeg?1561621928,Dioscorea communis
https://static.inaturalist.org/photos/43206817/medium.jpg?1561634437,Dioscorea communis
https://static.inaturalist.org/photos/43247391/medium.jpeg?1561666132,Dioscorea communis
https://static.inaturalist.org/photos/43415078/medium.jpeg?1561825519,Dioscorea communis
https://static.inaturalist.org/photos/43414038/medium.jpg?1561824896,Dioscorea communis
https://static.inaturalist.org/photos/43493049/medium.jpg?1561894122,Dioscorea communis
https://static.inaturalist.org/photos/43552660/medium.jpg?1561932578,Dioscorea communis
https://static.inaturalist.org/photos/43714725/medium.jpeg?1562079929,Dioscorea communis
https://static.inaturalist.org/photos/43714824/medium.jpg?1562079997,Dioscorea communis
https://static.inaturalist.org/photos/44192446/medium.jpeg?1562494318,Dioscorea communis
https://static.inaturalist.org/photos/44247733/medium.jpg?1562529927,Dioscorea communis
https://static.inaturalist.org/photos/44392046/medium.jpeg?1562639320,Dioscorea communis
https://static.inaturalist.org/photos/44426107/medium.jpeg?1562681741,Dioscorea communis
https://static.inaturalist.org/photos/44513708/medium.jpeg?1562761894,Dioscorea communis
https://static.inaturalist.org/photos/44791482/medium.jpeg?1563012996,Dioscorea communis
https://static.inaturalist.org/photos/44902052/medium.jpg?1563105789,Dioscorea communis
https://static.inaturalist.org/photos/45022712/medium.jpeg?1563200210,Dioscorea communis
https://static.inaturalist.org/photos/45123699/medium.jpg?1563279971,Dioscorea communis
https://static.inaturalist.org/photos/45131798/medium.jpeg?1563286468,Dioscorea communis
https://static.inaturalist.org/photos/45398318/medium.jpeg?1563523837,Dioscorea communis
https://static.inaturalist.org/photos/45442624/medium.jpeg?1563560725,Dioscorea communis
https://static.inaturalist.org/photos/45616254/medium.jpeg?1563710870,Dioscorea communis
https://static.inaturalist.org/photos/45735034/medium.jpeg?1563792013,Dioscorea communis
https://static.inaturalist.org/photos/45748430/medium.jpeg?1563805820,Dioscorea communis
https://static.inaturalist.org/photos/45875555/medium.jpeg?1563907719,Dioscorea communis
https://static.inaturalist.org/photos/45978859/medium.jpeg?1563995682,Dioscorea communis
https://static.inaturalist.org/photos/46038878/medium.jpeg?1564037516,Dioscorea communis
https://static.inaturalist.org/photos/46039084/medium.jpeg?1564037817,Dioscorea communis
https://static.inaturalist.org/photos/46189346/medium.jpeg?1564169046,Dioscorea communis
https://static.inaturalist.org/photos/46286493/medium.jpeg?1564251476,Dioscorea communis
https://static.inaturalist.org/photos/46321603/medium.jpeg?1564271662,Dioscorea communis
https://static.inaturalist.org/photos/46367906/medium.jpg?1564317091,Dioscorea communis
https://static.inaturalist.org/photos/46397096/medium.jpeg?1564333369,Dioscorea communis
https://static.inaturalist.org/photos/46587127/medium.jpg?1564464999,Dioscorea communis
https://static.inaturalist.org/photos/46607148/medium.jpeg?1564492171,Dioscorea communis
https://static.inaturalist.org/photos/46808294/medium.jpeg?1564664005,Dioscorea communis
https://static.inaturalist.org/photos/46943174/medium.jpeg?1564775382,Dioscorea communis
https://static.inaturalist.org/photos/46994232/medium.jpg?1564826595,Dioscorea communis
https://static.inaturalist.org/photos/47103438/medium.jpg?1564911859,Dioscorea communis
https://static.inaturalist.org/photos/47125179/medium.jpg?1564930663,Dioscorea communis
https://static.inaturalist.org/photos/47428518/medium.jpeg?1565180440,Dioscorea communis
https://static.inaturalist.org/photos/47468189/medium.jpeg?1565208618,Dioscorea communis
https://static.inaturalist.org/photos/47518610/medium.jpg?1565260742,Dioscorea communis
https://static.inaturalist.org/photos/47665044/medium.jpeg?1565388747,Dioscorea communis
https://static.inaturalist.org/photos/47704459/medium.jpg?1565434153,Dioscorea communis
https://static.inaturalist.org/photos/47705499/medium.jpeg?1565435877,Dioscorea communis
https://static.inaturalist.org/photos/47971741/medium.jpg?1565632414,Dioscorea communis
https://static.inaturalist.org/photos/47987735/medium.jpeg?1565641383,Dioscorea communis
https://static.inaturalist.org/photos/48143793/medium.jpg?1565776468,Dioscorea communis
https://static.inaturalist.org/photos/48159854/medium.jpg?1565793560,Dioscorea communis
https://static.inaturalist.org/photos/48191402/medium.jpg?1565812873,Dioscorea communis
https://static.inaturalist.org/photos/48544974/medium.jpeg?1566120316,Dioscorea communis
https://static.inaturalist.org/photos/48256563/medium.jpg?1565875458,Dioscorea communis
https://static.inaturalist.org/photos/48323056/medium.jpg?1565920111,Dioscorea communis
https://static.inaturalist.org/photos/48355702/medium.jpeg?1565962970,Dioscorea communis
https://static.inaturalist.org/photos/48471959/medium.jpg?1566062288,Dioscorea communis
https://static.inaturalist.org/photos/48537369/medium.jpg?1566108975,Dioscorea communis
https://static.inaturalist.org/photos/48554067/medium.jpeg?1566131257,Dioscorea communis
https://static.inaturalist.org/photos/48557049/medium.jpeg?1566134047,Dioscorea communis
https://static.inaturalist.org/photos/48591620/medium.jpg?1566154483,Dioscorea communis
https://static.inaturalist.org/photos/48601425/medium.jpeg?1566159743,Dioscorea communis
https://static.inaturalist.org/photos/48600382/medium.jpeg?1566159173,Dioscorea communis
https://static.inaturalist.org/photos/48791828/medium.jpeg?1566326142,Dioscorea communis
https://static.inaturalist.org/photos/48853254/medium.jpeg?1566386719,Dioscorea communis
https://static.inaturalist.org/photos/48933917/medium.jpg?1566449941,Dioscorea communis
https://static.inaturalist.org/photos/49246432/medium.jpg?1566731998,Dioscorea communis
https://static.inaturalist.org/photos/49297499/medium.jpg?1566761381,Dioscorea communis
https://static.inaturalist.org/photos/49367767/medium.jpeg?1566812859,Dioscorea communis
https://static.inaturalist.org/photos/49384254/medium.jpg?1566829757,Dioscorea communis
https://static.inaturalist.org/photos/49414189/medium.jpeg?1566846356,Dioscorea communis
https://static.inaturalist.org/photos/49470939/medium.jpeg?1566899729,Dioscorea communis
https://static.inaturalist.org/photos/49606942/medium.jpg?1567014594,Dioscorea communis
https://static.inaturalist.org/photos/49608517/medium.jpeg?1567015556,Dioscorea communis
https://static.inaturalist.org/photos/49779286/medium.jpeg?1567166630,Dioscorea communis
https://static.inaturalist.org/photos/49869173/medium.jpg?1567238303,Dioscorea communis
https://static.inaturalist.org/photos/49893734/medium.jpg?1567265338,Dioscorea communis
https://static.inaturalist.org/photos/49925404/medium.jpeg?1567282566,Dioscorea communis
https://static.inaturalist.org/photos/49924665/medium.jpg?1567282257,Dioscorea communis
https://static.inaturalist.org/photos/49983480/medium.jpeg?1567326139,Dioscorea communis
https://static.inaturalist.org/photos/50015823/medium.jpeg?1567355228,Dioscorea communis
https://static.inaturalist.org/photos/50111232/medium.jpg?1567430294,Dioscorea communis
https://static.inaturalist.org/photos/50223857/medium.jpg?1567513340,Dioscorea communis
https://static.inaturalist.org/photos/50224192/medium.jpg?1567513656,Dioscorea communis
https://static.inaturalist.org/photos/50224272/medium.jpeg?1567513722,Dioscorea communis
https://static.inaturalist.org/photos/50240375/medium.jpg?1567527605,Dioscorea communis
https://static.inaturalist.org/photos/50341403/medium.jpg?1567619775,Dioscorea communis
https://static.inaturalist.org/photos/50345355/medium.jpg?1567622377,Dioscorea communis
https://static.inaturalist.org/photos/50406491/medium.jpg?1567686667,Dioscorea communis
https://static.inaturalist.org/photos/50522684/medium.jpg?1567790930,Dioscorea communis
https://static.inaturalist.org/photos/50615773/medium.jpeg?1567877610,Dioscorea communis
https://static.inaturalist.org/photos/50625458/medium.jpeg?1567882328,Dioscorea communis
https://static.inaturalist.org/photos/50712954/medium.jpg?1567952314,Dioscorea communis
https://static.inaturalist.org/photos/50736690/medium.jpeg?1567965135,Dioscorea communis
https://static.inaturalist.org/photos/50818542/medium.jpeg?1568026272,Dioscorea communis
https://static.inaturalist.org/photos/51230404/medium.jpg?1568397593,Dioscorea communis
https://static.inaturalist.org/photos/51291252/medium.jpeg?1568462241,Dioscorea communis
https://static.inaturalist.org/photos/51449042/medium.jpg?1568577458,Dioscorea communis
https://static.inaturalist.org/photos/51615686/medium.jpg?1568724442,Dioscorea communis
https://static.inaturalist.org/photos/51803443/medium.jpeg?1568897848,Dioscorea communis
https://static.inaturalist.org/photos/51839771/medium.jpeg?1568923712,Dioscorea communis
https://static.inaturalist.org/photos/51923064/medium.jpg?1568999730,Dioscorea communis
https://static.inaturalist.org/photos/52016536/medium.jpeg?1569081628,Dioscorea communis
https://static.inaturalist.org/photos/52019039/medium.jpeg?1569083230,Dioscorea communis
https://static.inaturalist.org/photos/52096874/medium.jpeg?1569147531,Dioscorea communis
https://static.inaturalist.org/photos/52306611/medium.jpeg?1569326985,Dioscorea communis
https://static.inaturalist.org/photos/52392293/medium.jpg?1569398254,Dioscorea communis
https://static.inaturalist.org/photos/52423083/medium.jpg?1569431691,Dioscorea communis
https://static.inaturalist.org/photos/52515330/medium.jpg?1569518155,Dioscorea communis
https://static.inaturalist.org/photos/52572291/medium.jpg?1569571390,Dioscorea communis
https://static.inaturalist.org/photos/70953684/medium.jpg?1588526485,Dioscorea communis
https://static.inaturalist.org/photos/52674634/medium.jpg?1569686426,Dioscorea communis
https://static.inaturalist.org/photos/52758423/medium.jpeg?1569757801,Dioscorea communis
https://static.inaturalist.org/photos/52776800/medium.jpg?1569772266,Dioscorea communis
https://static.inaturalist.org/photos/52857162/medium.jpg?1569836436,Dioscorea communis
https://static.inaturalist.org/photos/52857171/medium.jpg?1569836474,Dioscorea communis
https://static.inaturalist.org/photos/52944652/medium.jpeg?1569922919,Dioscorea communis
https://static.inaturalist.org/photos/52946312/medium.jpg?1569926220,Dioscorea communis
https://static.inaturalist.org/photos/52987724/medium.jpg?1569961448,Dioscorea communis
https://static.inaturalist.org/photos/53126459/medium.jpg?1570117408,Dioscorea communis
https://static.inaturalist.org/photos/53302260/medium.jpeg?1570300990,Dioscorea communis
https://static.inaturalist.org/photos/53402136/medium.jpg?1570386589,Dioscorea communis
https://static.inaturalist.org/photos/53510230/medium.jpeg?1570478743,Dioscorea communis
https://static.inaturalist.org/photos/53691007/medium.jpg?1570664274,Dioscorea communis
https://static.inaturalist.org/photos/53717252/medium.jpeg?1570704902,Dioscorea communis
https://static.inaturalist.org/photos/53788614/medium.jpg?1570780461,Dioscorea communis
https://static.inaturalist.org/photos/53790280/medium.jpg?1570785667,Dioscorea communis
https://static.inaturalist.org/photos/53912224/medium.jpg?1570915604,Dioscorea communis
https://static.inaturalist.org/photos/53964669/medium.jpeg?1570973591,Dioscorea communis
https://static.inaturalist.org/photos/53969293/medium.jpeg?1570977156,Dioscorea communis
https://static.inaturalist.org/photos/53971271/medium.jpeg?1570978625,Dioscorea communis
https://static.inaturalist.org/photos/53971784/medium.jpeg?1570979066,Dioscorea communis
https://static.inaturalist.org/photos/54136072/medium.jpeg?1571127776,Dioscorea communis
https://static.inaturalist.org/photos/54141752/medium.jpg?1571139813,Dioscorea communis
https://static.inaturalist.org/photos/54297866/medium.jpeg?1571322833,Dioscorea communis
https://static.inaturalist.org/photos/54315246/medium.jpg?1571338415,Dioscorea communis
https://static.inaturalist.org/photos/54354118/medium.jpg?1571388911,Dioscorea communis
https://static.inaturalist.org/photos/54355058/medium.jpg?1571391294,Dioscorea communis
https://static.inaturalist.org/photos/54355063/medium.jpeg?1571391307,Dioscorea communis
https://static.inaturalist.org/photos/54434080/medium.jpg?1571490350,Dioscorea communis
https://static.inaturalist.org/photos/54614792/medium.jpeg?1571655771,Dioscorea communis
https://static.inaturalist.org/photos/54619617/medium.jpeg?1571662767,Dioscorea communis
https://static.inaturalist.org/photos/54620055/medium.jpg?1571663358,Dioscorea communis
https://static.inaturalist.org/photos/54705594/medium.jpg?1571754808,Dioscorea communis
https://static.inaturalist.org/photos/54779342/medium.jpg?1571836128,Dioscorea communis
https://static.inaturalist.org/photos/54856377/medium.jpg?1571920523,Dioscorea communis
https://static.inaturalist.org/photos/54932856/medium.jpeg?1572008745,Dioscorea communis
https://static.inaturalist.org/photos/54932959/medium.jpeg?1572008929,Dioscorea communis
https://static.inaturalist.org/photos/54994624/medium.jpeg?1572080950,Dioscorea communis
https://static.inaturalist.org/photos/55001152/medium.jpg?1572093632,Dioscorea communis
https://static.inaturalist.org/photos/55615787/medium.jpg?1572858797,Dioscorea communis
https://static.inaturalist.org/photos/55240852/medium.jpeg?1572360177,Dioscorea communis
https://static.inaturalist.org/photos/55531757/medium.jpeg?1572769671,Dioscorea communis
https://static.inaturalist.org/photos/55645049/medium.jpeg?1572896340,Dioscorea communis
https://static.inaturalist.org/photos/55691850/medium.jpg?1572959746,Dioscorea communis
https://static.inaturalist.org/photos/55790062/medium.jpg?1573073988,Dioscorea communis
https://static.inaturalist.org/photos/55994060/medium.jpeg?1573341399,Dioscorea communis
https://static.inaturalist.org/photos/56112021/medium.jpg?1573495737,Dioscorea communis
https://static.inaturalist.org/photos/56160612/medium.jpg?1573560482,Dioscorea communis
https://static.inaturalist.org/photos/56191006/medium.jpeg?1573597959,Dioscorea communis
https://static.inaturalist.org/photos/56269328/medium.jpeg?1573731547,Dioscorea communis
https://static.inaturalist.org/photos/56479682/medium.jpg?1574025396,Dioscorea communis
https://static.inaturalist.org/photos/56533583/medium.jpg?1574098525,Dioscorea communis
https://static.inaturalist.org/photos/56764433/medium.jpg?1574448193,Dioscorea communis
https://static.inaturalist.org/photos/56812353/medium.jpeg?1574523803,Dioscorea communis
https://static.inaturalist.org/photos/57017005/medium.jpeg?1574781444,Dioscorea communis
https://static.inaturalist.org/photos/57169702/medium.jpg?1575034522,Dioscorea communis
https://static.inaturalist.org/photos/57216676/medium.jpg?1575106514,Dioscorea communis
https://static.inaturalist.org/photos/57217625/medium.jpg?1575109518,Dioscorea communis
https://static.inaturalist.org/photos/57451098/medium.jpg?1575476795,Dioscorea communis
https://static.inaturalist.org/photos/57718140/medium.jpg?1575916994,Dioscorea communis
https://static.inaturalist.org/photos/57731248/medium.jpeg?1575934678,Dioscorea communis
https://static.inaturalist.org/photos/58272176/medium.jpeg?1576937205,Dioscorea communis
https://static.inaturalist.org/photos/58530455/medium.jpeg?1577381674,Dioscorea communis
https://static.inaturalist.org/photos/58602018/medium.jpg?1577485917,Dioscorea communis
https://static.inaturalist.org/photos/58747215/medium.jpeg?1577697665,Dioscorea communis
https://static.inaturalist.org/photos/58755045/medium.jpeg?1577715809,Dioscorea communis
https://static.inaturalist.org/photos/59121727/medium.jpeg?1578252113,Dioscorea communis
https://static.inaturalist.org/photos/59324850/medium.jpg?1578567419,Dioscorea communis
https://static.inaturalist.org/photos/59324853/medium.jpg?1578567422,Dioscorea communis
https://static.inaturalist.org/photos/59324855/medium.jpg?1578567426,Dioscorea communis
https://static.inaturalist.org/photos/59324857/medium.jpg?1578567429,Dioscorea communis
https://static.inaturalist.org/photos/59324914/medium.jpg?1578567549,Dioscorea communis
https://static.inaturalist.org/photos/59324916/medium.jpg?1578567552,Dioscorea communis
https://static.inaturalist.org/photos/59324917/medium.jpg?1578567555,Dioscorea communis
https://static.inaturalist.org/photos/59324921/medium.jpg?1578567559,Dioscorea communis
https://static.inaturalist.org/photos/59325061/medium.jpg?1578567832,Dioscorea communis
https://static.inaturalist.org/photos/59325063/medium.jpg?1578567836,Dioscorea communis
https://static.inaturalist.org/photos/59325064/medium.jpg?1578567840,Dioscorea communis
https://static.inaturalist.org/photos/59325065/medium.jpg?1578567843,Dioscorea communis
https://static.inaturalist.org/photos/59325070/medium.jpg?1578567847,Dioscorea communis
https://static.inaturalist.org/photos/59325122/medium.jpg?1578567938,Dioscorea communis
https://static.inaturalist.org/photos/59325124/medium.jpg?1578567942,Dioscorea communis
https://static.inaturalist.org/photos/59325128/medium.jpg?1578567946,Dioscorea communis
https://static.inaturalist.org/photos/59325132/medium.jpg?1578567949,Dioscorea communis
https://static.inaturalist.org/photos/59325135/medium.jpg?1578567952,Dioscorea communis
https://static.inaturalist.org/photos/59745275/medium.jpg?1579203096,Dioscorea communis
https://static.inaturalist.org/photos/60197485/medium.jpg?1579896344,Dioscorea communis
https://static.inaturalist.org/photos/60295969/medium.jpg?1580031515,Dioscorea communis
https://static.inaturalist.org/photos/60729965/medium.jpg?1580676185,Dioscorea communis
https://static.inaturalist.org/photos/61057002/medium.jpg?1581163804,Dioscorea communis
https://static.inaturalist.org/photos/61642984/medium.jpg?1581952599,Dioscorea communis
https://static.inaturalist.org/photos/62039023/medium.jpeg?1582485616,Dioscorea communis
https://static.inaturalist.org/photos/62124911/medium.jpg?1582579923,Dioscorea communis
https://static.inaturalist.org/photos/62239613/medium.jpeg?1582737176,Dioscorea communis
https://static.inaturalist.org/photos/62301252/medium.jpeg?1582820175,Dioscorea communis
https://static.inaturalist.org/photos/62516559/medium.jpg?1583079502,Dioscorea communis
https://static.inaturalist.org/photos/62592910/medium.jpg?1583160215,Dioscorea communis
https://static.inaturalist.org/photos/62738356/medium.jpg?1583347019,Dioscorea communis
https://static.inaturalist.org/photos/62848021/medium.jpg?1583480740,Dioscorea communis
https://static.inaturalist.org/photos/63111288/medium.jpeg?1583773706,Dioscorea communis
https://static.inaturalist.org/photos/63121803/medium.jpeg?1583782236,Dioscorea communis
https://static.inaturalist.org/photos/63233779/medium.jpeg?1583910183,Dioscorea communis
https://static.inaturalist.org/photos/63473522/medium.jpg?1584201847,Dioscorea communis
https://static.inaturalist.org/photos/63543873/medium.jpeg?1584257889,Dioscorea communis
https://static.inaturalist.org/photos/63570708/medium.jpg?1584290047,Dioscorea communis
https://static.inaturalist.org/photos/63579873/medium.jpg?1584296574,Dioscorea communis
https://static.inaturalist.org/photos/63733869/medium.jpeg?1584449164,Dioscorea communis
https://static.inaturalist.org/photos/63806170/medium.jpeg?1584512846,Dioscorea communis
https://static.inaturalist.org/photos/63852220/medium.jpg?1584562439,Dioscorea communis
https://static.inaturalist.org/photos/63853818/medium.jpg?1584563449,Dioscorea communis
https://static.inaturalist.org/photos/63918493/medium.jpg?1584632307,Dioscorea communis
https://static.inaturalist.org/photos/63924112/medium.jpeg?1584636309,Dioscorea communis
https://static.inaturalist.org/photos/63928028/medium.jpeg?1584639124,Dioscorea communis
https://static.inaturalist.org/photos/63919535/medium.jpg?1584633138,Dioscorea communis
https://static.inaturalist.org/photos/63995150/medium.jpeg?1584698423,Dioscorea communis
https://static.inaturalist.org/photos/64038302/medium.jpg?1584736993,Dioscorea communis
https://static.inaturalist.org/photos/64231182/medium.jpeg?1584895723,Dioscorea communis
https://static.inaturalist.org/photos/64336884/medium.jpeg?1584984123,Dioscorea communis
https://static.inaturalist.org/photos/64836084/medium.jpg?1585416019,Dioscorea communis
https://static.inaturalist.org/photos/64931593/medium.jpg?1585480139,Dioscorea communis
https://static.inaturalist.org/photos/64947263/medium.jpeg?1585492514,Dioscorea communis
https://static.inaturalist.org/photos/64980127/medium.jpg?1585508712,Dioscorea communis
https://static.inaturalist.org/photos/65300460/medium.jpg?1585764782,Dioscorea communis
https://static.inaturalist.org/photos/65498534/medium.jpg?1585924438,Dioscorea communis
https://static.inaturalist.org/photos/65591888/medium.jpeg?1585991176,Dioscorea communis
https://static.inaturalist.org/photos/65627578/medium.jpeg?1586018878,Dioscorea communis
https://static.inaturalist.org/photos/65722354/medium.jpeg?1586076692,Dioscorea communis
https://static.inaturalist.org/photos/65763240/medium.jpg?1586104881,Dioscorea communis
https://static.inaturalist.org/photos/66025836/medium.jpg?1586280106,Dioscorea communis
https://static.inaturalist.org/photos/66040516/medium.jpeg?1586287511,Dioscorea communis
https://static.inaturalist.org/photos/66150637/medium.jpeg?1586365905,Dioscorea communis
https://static.inaturalist.org/photos/66336444/medium.jpeg?1586502494,Dioscorea communis
https://static.inaturalist.org/photos/66349729/medium.jpeg?1586517438,Dioscorea communis
https://static.inaturalist.org/photos/66354000/medium.jpeg?1586521266,Dioscorea communis
https://static.inaturalist.org/photos/66357510/medium.jpg?1586523783,Dioscorea communis
https://static.inaturalist.org/photos/66550938/medium.jpg?1586636612,Dioscorea communis
https://static.inaturalist.org/photos/67151646/medium.jpg?1587018019,Dioscorea communis
https://static.inaturalist.org/photos/66785568/medium.jpg?1586772698,Dioscorea communis
https://static.inaturalist.org/photos/66930655/medium.jpeg?1586875173,Dioscorea communis
https://static.inaturalist.org/photos/66961160/medium.jpg?1586891534,Dioscorea communis
https://static.inaturalist.org/photos/66966236/medium.jpeg?1586893806,Dioscorea communis
https://static.inaturalist.org/photos/66978672/medium.jpeg?1586899927,Dioscorea communis
https://static.inaturalist.org/photos/67178134/medium.jpg?1587046826,Dioscorea communis
https://static.inaturalist.org/photos/67415635/medium.jpeg?1587200828,Dioscorea communis
https://static.inaturalist.org/photos/67417582/medium.jpeg?1587202594,Dioscorea communis
https://static.inaturalist.org/photos/67438023/medium.jpeg?1587218378,Dioscorea communis
https://static.inaturalist.org/photos/67438764/medium.jpeg?1587218752,Dioscorea communis
https://static.inaturalist.org/photos/67452466/medium.jpeg?1587224919,Dioscorea communis
https://static.inaturalist.org/photos/67453869/medium.jpg?1587225588,Dioscorea communis
https://static.inaturalist.org/photos/67462238/medium.jpeg?1587229312,Dioscorea communis
https://static.inaturalist.org/photos/67603110/medium.jpg?1587308960,Dioscorea communis
https://static.inaturalist.org/photos/67611258/medium.jpeg?1587312236,Dioscorea communis
https://static.inaturalist.org/photos/67611451/medium.jpg?1587312324,Dioscorea communis
https://static.inaturalist.org/photos/67621006/medium.jpeg?1587316122,Dioscorea communis
https://static.inaturalist.org/photos/67750181/medium.jpg?1587387712,Dioscorea communis
https://static.inaturalist.org/photos/67813573/medium.jpeg?1587416819,Dioscorea communis
https://static.inaturalist.org/photos/67815083/medium.jpg?1587417440,Dioscorea communis
https://static.inaturalist.org/photos/67932009/medium.jpg?1587494619,Dioscorea communis
https://static.inaturalist.org/photos/67959269/medium.jpeg?1587506873,Dioscorea communis
https://static.inaturalist.org/photos/68037433/medium.jpeg?1587563556,Dioscorea communis
https://static.inaturalist.org/photos/68093823/medium.jpg?1587584940,Dioscorea communis
https://static.inaturalist.org/photos/68250342/medium.jpg?1587669839,Dioscorea communis
https://static.inaturalist.org/photos/68267679/medium.jpeg?1587677458,Dioscorea communis
https://static.inaturalist.org/photos/68341277/medium.jpeg?1587715477,Dioscorea communis
https://static.inaturalist.org/photos/68538005/medium.jpg?1587763515,Dioscorea communis
https://static.inaturalist.org/photos/68695893/medium.jpg?1587805275,Dioscorea communis
https://static.inaturalist.org/photos/69672176/medium.jpg?1588008554,Dioscorea communis
https://static.inaturalist.org/photos/68745838/medium.jpeg?1587821209,Dioscorea communis
https://static.inaturalist.org/photos/68768984/medium.jpg?1587825553,Dioscorea communis
https://static.inaturalist.org/photos/68985298/medium.jpeg?1587855755,Dioscorea communis
https://static.inaturalist.org/photos/69157266/medium.jpg?1587902152,Dioscorea communis
https://static.inaturalist.org/photos/69171618/medium.jpg?1587905668,Dioscorea communis
https://static.inaturalist.org/photos/69225721/medium.jpeg?1587915348,Dioscorea communis
https://static.inaturalist.org/photos/70320349/medium.jpg?1588238849,Dioscorea communis
https://static.inaturalist.org/photos/69279477/medium.jpeg?1587923250,Dioscorea communis
https://static.inaturalist.org/photos/69302915/medium.jpg?1587926670,Dioscorea communis
https://static.inaturalist.org/photos/69321659/medium.jpeg?1587929339,Dioscorea communis
https://static.inaturalist.org/photos/69577950/medium.jpeg?1587988709,Dioscorea communis
https://static.inaturalist.org/photos/69708965/medium.jpg?1588014675,Dioscorea communis
https://static.inaturalist.org/photos/69748101/medium.jpeg?1588020842,Dioscorea communis
https://static.inaturalist.org/photos/69749663/medium.jpeg?1588021084,Dioscorea communis
https://static.inaturalist.org/photos/69790239/medium.jpg?1588028060,Dioscorea communis
https://static.inaturalist.org/photos/69931835/medium.jpeg?1588069299,Dioscorea communis
https://static.inaturalist.org/photos/70153294/medium.jpeg?1588165554,Dioscorea communis
https://static.inaturalist.org/photos/70185808/medium.jpeg?1588178541,Dioscorea communis
https://static.inaturalist.org/photos/70319993/medium.jpg?1588238568,Dioscorea communis
https://static.inaturalist.org/photos/70376593/medium.jpeg?1588268976,Dioscorea communis
https://static.inaturalist.org/photos/70491551/medium.jpeg?1588327692,Dioscorea communis
https://static.inaturalist.org/photos/70507785/medium.jpg?1588339289,Dioscorea communis
https://static.inaturalist.org/photos/70515678/medium.jpeg?1588342947,Dioscorea communis
https://static.inaturalist.org/photos/70716752/medium.jpeg?1588437196,Dioscorea communis
https://static.inaturalist.org/photos/70917706/medium.jpeg?1588517394,Dioscorea communis
https://static.inaturalist.org/photos/70928787/medium.jpeg?1588520427,Dioscorea communis
https://static.inaturalist.org/photos/70945112/medium.jpg?1588524325,Dioscorea communis
https://static.inaturalist.org/photos/70946436/medium.jpeg?1588524687,Dioscorea communis
https://static.inaturalist.org/photos/71131699/medium.jpeg?1588597532,Dioscorea communis
https://static.inaturalist.org/photos/71191849/medium.jpeg?1588621212,Dioscorea communis
https://static.inaturalist.org/photos/71358591/medium.jpg?1588709916,Dioscorea communis
https://static.inaturalist.org/photos/71391916/medium.jpeg?1588724000,Dioscorea communis
https://static.inaturalist.org/photos/71489060/medium.jpg?1588789044,Dioscorea communis
https://static.inaturalist.org/photos/71532812/medium.jpeg?1588806726,Dioscorea communis
https://static.inaturalist.org/photos/71581134/medium.jpg?1588838200,Dioscorea communis
https://static.inaturalist.org/photos/71594436/medium.jpeg?1588850674,Dioscorea communis
https://static.inaturalist.org/photos/71611492/medium.jpg?1588861713,Dioscorea communis
https://static.inaturalist.org/photos/71620760/medium.jpg?1588866070,Dioscorea communis
https://static.inaturalist.org/photos/71634074/medium.jpg?1588871501,Dioscorea communis
https://static.inaturalist.org/photos/71760928/medium.jpeg?1588942707,Dioscorea communis
https://static.inaturalist.org/photos/71766311/medium.jpeg?1588945675,Dioscorea communis
https://static.inaturalist.org/photos/71779923/medium.jpeg?1588951344,Dioscorea communis
https://static.inaturalist.org/photos/71788293/medium.jpeg?1588954245,Dioscorea communis
https://static.inaturalist.org/photos/71818619/medium.jpeg?1588965735,Dioscorea communis
https://static.inaturalist.org/photos/71907174/medium.jpeg?1589016964,Dioscorea communis
https://static.inaturalist.org/photos/71966789/medium.jpg?1589046543,Dioscorea communis
https://static.inaturalist.org/photos/71981256/medium.jpg?1589050994,Dioscorea communis
https://static.inaturalist.org/photos/71995375/medium.jpeg?1589055211,Dioscorea communis
https://static.inaturalist.org/photos/72000210/medium.jpeg?1589056657,Dioscorea communis
https://static.inaturalist.org/photos/72006571/medium.jpeg?1589058777,Dioscorea communis
https://static.inaturalist.org/photos/72007408/medium.jpeg?1589059046,Dioscorea communis
https://static.inaturalist.org/photos/72087546/medium.jpeg?1589100323,Dioscorea communis
https://static.inaturalist.org/photos/72122269/medium.jpeg?1589121927,Dioscorea communis
https://static.inaturalist.org/photos/72132622/medium.jpg?1589125712,Dioscorea communis
https://static.inaturalist.org/photos/72129999/medium.jpeg?1589124810,Dioscorea communis
https://static.inaturalist.org/photos/72280272/medium.jpg?1589196729,Dioscorea communis
https://static.inaturalist.org/photos/72305720/medium.jpg?1589211421,Dioscorea communis
https://static.inaturalist.org/photos/72329837/medium.jpeg?1589221355,Dioscorea communis
https://static.inaturalist.org/photos/72334737/medium.jpg?1589223388,Dioscorea communis
https://static.inaturalist.org/photos/72436992/medium.jpeg?1589287588,Dioscorea communis
https://static.inaturalist.org/photos/72464269/medium.jpg?1589300922,Dioscorea communis
https://static.inaturalist.org/photos/72494799/medium.jpeg?1589312836,Dioscorea communis
https://static.inaturalist.org/photos/72512794/medium.jpg?1589319339,Dioscorea communis
https://static.inaturalist.org/photos/72598866/medium.jpeg?1589379097,Dioscorea communis
https://static.inaturalist.org/photos/72617272/medium.jpg?1589387916,Dioscorea communis
https://static.inaturalist.org/photos/72636224/medium.jpg?1589395299,Dioscorea communis
https://static.inaturalist.org/photos/72638541/medium.jpg?1589396236,Dioscorea communis
https://static.inaturalist.org/photos/72753888/medium.jpeg?1589466735,Dioscorea communis
https://static.inaturalist.org/photos/72926332/medium.jpg?1589558501,Dioscorea communis
https://static.inaturalist.org/photos/72927377/medium.jpg?1589558886,Dioscorea communis
https://static.inaturalist.org/photos/72932001/medium.jpeg?1589560647,Dioscorea communis
https://static.inaturalist.org/photos/72994175/medium.jpg?1589583065,Dioscorea communis
https://static.inaturalist.org/photos/73084738/medium.jpg?1589634927,Dioscorea communis
https://static.inaturalist.org/photos/73285739/medium.jpeg?1589708373,Dioscorea communis
https://static.inaturalist.org/photos/73290170/medium.jpeg?1589710630,Dioscorea communis
https://static.inaturalist.org/photos/73333669/medium.jpeg?1589727677,Dioscorea communis
https://static.inaturalist.org/photos/73337897/medium.jpeg?1589728725,Dioscorea communis
https://static.inaturalist.org/photos/73331345/medium.jpeg?1589727057,Dioscorea communis
https://static.inaturalist.org/photos/73346650/medium.jpeg?1589730951,Dioscorea communis
https://static.inaturalist.org/photos/73380216/medium.jpeg?1589739207,Dioscorea communis
https://static.inaturalist.org/photos/73382570/medium.jpg?1589739790,Dioscorea communis
https://static.inaturalist.org/photos/73521460/medium.jpeg?1589795031,Dioscorea communis
https://static.inaturalist.org/photos/73527798/medium.jpeg?1589800024,Dioscorea communis
https://static.inaturalist.org/photos/73551699/medium.jpeg?1589812299,Dioscorea communis
https://static.inaturalist.org/photos/73572742/medium.jpeg?1589819587,Dioscorea communis
https://static.inaturalist.org/photos/73578937/medium.jpg?1589821633,Dioscorea communis
https://static.inaturalist.org/photos/73604587/medium.jpeg?1589829869,Dioscorea communis
https://static.inaturalist.org/photos/73609102/medium.jpeg?1589831418,Dioscorea communis
https://static.inaturalist.org/photos/73617737/medium.jpeg?1589834299,Dioscorea communis
https://static.inaturalist.org/photos/73723270/medium.jpg?1589893801,Dioscorea communis
https://static.inaturalist.org/photos/73896413/medium.jpeg?1589976093,Dioscorea communis
https://static.inaturalist.org/photos/73937050/medium.jpeg?1589992882,Dioscorea communis
https://static.inaturalist.org/photos/73943639/medium.jpeg?1589994976,Dioscorea communis
https://static.inaturalist.org/photos/74080391/medium.jpg?1590059708,Dioscorea communis
https://static.inaturalist.org/photos/74080550/medium.jpg?1590059823,Dioscorea communis
https://static.inaturalist.org/photos/74142862/medium.jpeg?1590084426,Dioscorea communis
https://static.inaturalist.org/photos/74177035/medium.jpeg?1590096741,Dioscorea communis
https://static.inaturalist.org/photos/74255851/medium.jpg?1590137757,Dioscorea communis
https://static.inaturalist.org/photos/74256190/medium.jpg?1590138021,Dioscorea communis
https://static.inaturalist.org/photos/74297027/medium.jpeg?1590160523,Dioscorea communis
https://static.inaturalist.org/photos/74485377/medium.jpeg?1590242667,Dioscorea communis
https://static.inaturalist.org/photos/74537561/medium.jpeg?1590258061,Dioscorea communis
https://static.inaturalist.org/photos/74682823/medium.jpg?1590313507,Dioscorea communis
https://static.inaturalist.org/photos/74705462/medium.jpg?1590324980,Dioscorea communis
https://static.inaturalist.org/photos/74713622/medium.jpeg?1590327802,Dioscorea communis
https://static.inaturalist.org/photos/74726056/medium.jpeg?1590331366,Dioscorea communis
https://static.inaturalist.org/photos/74734936/medium.jpeg?1590333692,Dioscorea communis
https://static.inaturalist.org/photos/74743288/medium.jpeg?1590335754,Dioscorea communis
https://static.inaturalist.org/photos/74829595/medium.jpeg?1590356296,Dioscorea communis
https://static.inaturalist.org/photos/74845784/medium.jpg?1590360655,Dioscorea communis
https://static.inaturalist.org/photos/74846845/medium.jpeg?1590360940,Dioscorea communis
https://static.inaturalist.org/photos/74902783/medium.jpg?1590380336,Dioscorea communis
https://static.inaturalist.org/photos/74938105/medium.jpeg?1590404498,Dioscorea communis
https://static.inaturalist.org/photos/74990201/medium.jpeg?1590424483,Dioscorea communis
https://static.inaturalist.org/photos/74994778/medium.jpg?1590425754,Dioscorea communis
https://static.inaturalist.org/photos/75147268/medium.jpeg?1590484577,Dioscorea communis
https://static.inaturalist.org/photos/75187099/medium.jpeg?1590506700,Dioscorea communis
https://static.inaturalist.org/photos/75213480/medium.jpeg?1590516067,Dioscorea communis
https://static.inaturalist.org/photos/75216742/medium.jpg?1590517257,Dioscorea communis
https://static.inaturalist.org/photos/75374461/medium.jpeg?1590595868,Dioscorea communis
https://static.inaturalist.org/photos/75384650/medium.jpg?1590599200,Dioscorea communis
https://static.inaturalist.org/photos/75414890/medium.jpeg?1590610071,Dioscorea communis
https://static.inaturalist.org/photos/75498684/medium.jpeg?1590649497,Dioscorea communis
https://static.inaturalist.org/photos/75520867/medium.jpeg?1590668100,Dioscorea communis
https://static.inaturalist.org/photos/75597556/medium.jpeg?1590698505,Dioscorea communis
https://static.inaturalist.org/photos/75863579/medium.jpg?1590832599,Dioscorea communis
https://static.inaturalist.org/photos/75900461/medium.jpg?1590850001,Dioscorea communis
https://static.inaturalist.org/photos/76007232/medium.jpeg?1590881057,Dioscorea communis
https://static.inaturalist.org/photos/76070144/medium.jpeg?1590912157,Dioscorea communis
https://static.inaturalist.org/photos/76166762/medium.jpeg?1590949137,Dioscorea communis
https://static.inaturalist.org/photos/76188011/medium.jpg?1590954295,Dioscorea communis
https://static.inaturalist.org/photos/76314713/medium.jpeg?1591010327,Dioscorea communis
https://static.inaturalist.org/photos/76408549/medium.jpeg?1591044586,Dioscorea communis
https://static.inaturalist.org/photos/76494387/medium.jpg?1591090906,Dioscorea communis
https://static.inaturalist.org/photos/76592326/medium.jpg?1591134085,Dioscorea communis
https://static.inaturalist.org/photos/76691766/medium.jpeg?1591194443,Dioscorea communis
https://static.inaturalist.org/photos/76700283/medium.jpeg?1591197983,Dioscorea communis
https://static.inaturalist.org/photos/76698471/medium.jpeg?1591197291,Dioscorea communis
https://static.inaturalist.org/photos/76705655/medium.jpg?1591200162,Dioscorea communis
https://static.inaturalist.org/photos/76950510/medium.jpeg?1591317509,Dioscorea communis
https://static.inaturalist.org/photos/77004366/medium.jpeg?1591355022,Dioscorea communis
https://static.inaturalist.org/photos/77031547/medium.jpeg?1591369158,Dioscorea communis
https://static.inaturalist.org/photos/77043094/medium.jpeg?1591373638,Dioscorea communis
https://static.inaturalist.org/photos/77077703/medium.jpeg?1591386322,Dioscorea communis
https://static.inaturalist.org/photos/77208271/medium.jpeg?1591453651,Dioscorea communis
https://static.inaturalist.org/photos/77239692/medium.jpg?1591463398,Dioscorea communis
https://static.inaturalist.org/photos/77266165/medium.jpeg?1591471198,Dioscorea communis
https://static.inaturalist.org/photos/77409214/medium.jpeg?1591537487,Dioscorea communis
https://static.inaturalist.org/photos/77463946/medium.jpeg?1591553276,Dioscorea communis
https://static.inaturalist.org/photos/77603463/medium.jpeg?1591612535,Dioscorea communis
https://static.inaturalist.org/photos/77715383/medium.jpeg?1591657483,Dioscorea communis
https://static.inaturalist.org/photos/77777610/medium.jpg?1591694333,Dioscorea communis
https://static.inaturalist.org/photos/77779538/medium.jpg?1591696540,Dioscorea communis
https://static.inaturalist.org/photos/77783106/medium.jpg?1591699623,Dioscorea communis
https://static.inaturalist.org/photos/77968584/medium.jpeg?1591796175,Dioscorea communis
https://static.inaturalist.org/photos/77972631/medium.jpeg?1591798567,Dioscorea communis
https://static.inaturalist.org/photos/77983740/medium.jpeg?1591803365,Dioscorea communis
https://static.inaturalist.org/photos/77995178/medium.jpg?1591807492,Dioscorea communis
https://static.inaturalist.org/photos/78032282/medium.jpg?1591820721,Dioscorea communis
https://static.inaturalist.org/photos/78350741/medium.jpg?1591988260,Dioscorea communis
https://static.inaturalist.org/photos/78443145/medium.jpg?1592033936,Dioscorea communis
https://static.inaturalist.org/photos/78530223/medium.jpeg?1592072007,Dioscorea communis
https://static.inaturalist.org/photos/78540883/medium.jpg?1592074694,Dioscorea communis
https://static.inaturalist.org/photos/78546242/medium.jpg?1592076068,Dioscorea communis
https://static.inaturalist.org/photos/78639458/medium.jpg?1592105863,Dioscorea communis
https://static.inaturalist.org/photos/78664665/medium.jpg?1592123774,Dioscorea communis
https://static.inaturalist.org/photos/78674375/medium.jpg?1592130190,Dioscorea communis
https://static.inaturalist.org/photos/78686350/medium.jpeg?1592136692,Dioscorea communis
https://static.inaturalist.org/photos/78699430/medium.jpeg?1592142087,Dioscorea communis
https://static.inaturalist.org/photos/78745335/medium.jpeg?1592155151,Dioscorea communis
https://static.inaturalist.org/photos/78745815/medium.jpeg?1592155269,Dioscorea communis
https://static.inaturalist.org/photos/78800064/medium.jpeg?1592168628,Dioscorea communis
https://static.inaturalist.org/photos/78939845/medium.jpeg?1592233411,Dioscorea communis
https://static.inaturalist.org/photos/78977458/medium.jpeg?1592245462,Dioscorea communis
https://static.inaturalist.org/photos/79127490/medium.jpeg?1592317791,Dioscorea communis
https://static.inaturalist.org/photos/79193959/medium.jpeg?1592340939,Dioscorea communis
https://static.inaturalist.org/photos/79339927/medium.jpg?1592419892,Dioscorea communis
https://static.inaturalist.org/photos/79352259/medium.jpeg?1592424327,Dioscorea communis
https://static.inaturalist.org/photos/79359326/medium.jpeg?1592427180,Dioscorea communis
https://static.inaturalist.org/photos/79486907/medium.jpg?1592497000,Dioscorea communis
https://static.inaturalist.org/photos/79614797/medium.jpeg?1592563545,Dioscorea communis
https://static.inaturalist.org/photos/79615614/medium.jpg?1592564267,Dioscorea communis
https://static.inaturalist.org/photos/79637403/medium.jpeg?1592576651,Dioscorea communis
https://static.inaturalist.org/photos/79689215/medium.jpeg?1592595794,Dioscorea communis
https://static.inaturalist.org/photos/79848176/medium.jpeg?1592670477,Dioscorea communis
https://static.inaturalist.org/photos/79878906/medium.jpg?1592679009,Dioscorea communis
https://static.inaturalist.org/photos/79884801/medium.jpg?1592680614,Dioscorea communis
https://static.inaturalist.org/photos/80108975/medium.jpg?1592765763,Dioscorea communis
https://static.inaturalist.org/photos/80453030/medium.jpeg?1592916539,Dioscorea communis
https://static.inaturalist.org/photos/80455527/medium.jpg?1592917698,Dioscorea communis
https://static.inaturalist.org/photos/80456192/medium.jpg?1592917986,Dioscorea communis
https://static.inaturalist.org/photos/80467730/medium.jpeg?1592922948,Dioscorea communis
https://static.inaturalist.org/photos/80499614/medium.jpg?1592934386,Dioscorea communis
https://static.inaturalist.org/photos/80509382/medium.jpg?1592937769,Dioscorea communis
https://static.inaturalist.org/photos/80668469/medium.jpg?1593017144,Dioscorea communis
https://static.inaturalist.org/photos/80783792/medium.jpg?1593068280,Dioscorea communis
https://static.inaturalist.org/photos/80785465/medium.jpeg?1593070163,Dioscorea communis
https://static.inaturalist.org/photos/80792966/medium.jpg?1593077525,Dioscorea communis
https://static.inaturalist.org/photos/80887723/medium.jpg?1593120380,Dioscorea communis
https://static.inaturalist.org/photos/80905064/medium.jpg?1593127483,Dioscorea communis
https://static.inaturalist.org/photos/80909173/medium.jpg?1593129233,Dioscorea communis
https://static.inaturalist.org/photos/81031284/medium.jpg?1593197890,Dioscorea communis
https://static.inaturalist.org/photos/81118696/medium.jpeg?1593236979,Dioscorea communis
https://static.inaturalist.org/photos/81188648/medium.jpeg?1593275358,Dioscorea communis
https://static.inaturalist.org/photos/81371531/medium.jpg?1593353041,Dioscorea communis
https://static.inaturalist.org/photos/81374609/medium.jpg?1593354024,Dioscorea communis
https://static.inaturalist.org/photos/81386940/medium.jpg?1593357927,Dioscorea communis
https://static.inaturalist.org/photos/81387321/medium.jpeg?1593358015,Dioscorea communis
https://static.inaturalist.org/photos/81421619/medium.jpg?1593367186,Dioscorea communis
https://static.inaturalist.org/photos/81426870/medium.jpg?1593368577,Dioscorea communis
https://static.inaturalist.org/photos/81636488/medium.jpg?1593455250,Dioscorea communis
https://static.inaturalist.org/photos/81658945/medium.jpeg?1593462779,Dioscorea communis
https://static.inaturalist.org/photos/81664711/medium.jpeg?1593464871,Dioscorea communis
https://static.inaturalist.org/photos/81742167/medium.jpg?1593503727,Dioscorea communis
https://static.inaturalist.org/photos/81745846/medium.jpg?1593507274,Dioscorea communis
https://static.inaturalist.org/photos/81770064/medium.jpeg?1593522260,Dioscorea communis
https://static.inaturalist.org/photos/81782400/medium.jpeg?1593527253,Dioscorea communis
https://static.inaturalist.org/photos/81787444/medium.jpeg?1593529018,Dioscorea communis
https://static.inaturalist.org/photos/81852915/medium.jpeg?1593550478,Dioscorea communis
https://static.inaturalist.org/photos/82005332/medium.jpeg?1593627590,Dioscorea communis
https://static.inaturalist.org/photos/82135615/medium.jpg?1593695609,Dioscorea communis
https://static.inaturalist.org/photos/82550766/medium.jpeg?1593893017,Dioscorea communis
https://static.inaturalist.org/photos/83236973/medium.jpg?1594216443,Dioscorea communis
https://static.inaturalist.org/photos/83452868/medium.jpeg?1594319829,Dioscorea communis
https://static.inaturalist.org/photos/83555201/medium.jpg?1594372238,Dioscorea communis
https://static.inaturalist.org/photos/84048751/medium.jpeg?1594587062,Dioscorea communis
https://static.inaturalist.org/photos/84164314/medium.jpg?1594643417,Dioscorea communis
https://static.inaturalist.org/photos/84326352/medium.jpg?1594715333,Dioscorea communis
https://static.inaturalist.org/photos/84780968/medium.jpg?1594939846,Dioscorea communis
https://static.inaturalist.org/photos/84852430/medium.jpeg?1594985857,Dioscorea communis
https://static.inaturalist.org/photos/85123832/medium.jpeg?1595103773,Dioscorea communis
https://static.inaturalist.org/photos/85414771/medium.jpg?1595221334,Dioscorea communis
https://static.inaturalist.org/photos/85446875/medium.jpg?1595245646,Dioscorea communis
https://static.inaturalist.org/photos/85783570/medium.jpeg?1595404176,Dioscorea communis
https://static.inaturalist.org/photos/85848640/medium.jpeg?1595437788,Dioscorea communis
https://static.inaturalist.org/photos/86044718/medium.jpeg?1595533631,Dioscorea communis
https://static.inaturalist.org/photos/86047730/medium.jpeg?1595534722,Dioscorea communis
https://static.inaturalist.org/photos/86201120/medium.jpg?1595614301,Dioscorea communis
https://static.inaturalist.org/photos/86214902/medium.jpeg?1595619072,Dioscorea communis
https://static.inaturalist.org/photos/86417380/medium.jpeg?1595708165,Dioscorea communis
https://static.inaturalist.org/photos/86504670/medium.jpeg?1595746403,Dioscorea communis
https://static.inaturalist.org/photos/86533569/medium.jpeg?1595766343,Dioscorea communis
https://static.inaturalist.org/photos/86577329/medium.jpg?1595780827,Dioscorea communis
https://static.inaturalist.org/photos/86609356/medium.jpeg?1595789820,Dioscorea communis
