image_url,scientific_name
https://static.inaturalist.org/photos/5932635/medium.jpg?1483317400,Euphorbia ingens
https://static.inaturalist.org/photos/8402571/medium.jpeg?1497314548,Euphorbia ingens
https://static.inaturalist.org/photos/9453353/medium.jpeg?1501574351,Euphorbia ingens
https://static.inaturalist.org/photos/9620106/medium.jpg?1502205439,Euphorbia ingens
https://static.inaturalist.org/photos/9731785/medium.jpg?1502635505,Euphorbia ingens
https://static.inaturalist.org/photos/10407854/medium.jpg?1505237259,Euphorbia ingens
https://static.inaturalist.org/photos/10694522/medium.jpg?1506258838,Euphorbia ingens
https://static.inaturalist.org/photos/11095624/medium.jpg?1507671155,Euphorbia ingens
https://static.inaturalist.org/photos/12003290/medium.jpeg?1511503904,Euphorbia ingens
https://static.inaturalist.org/photos/12003402/medium.jpeg?1511504795,Euphorbia ingens
https://static.inaturalist.org/photos/12023821/medium.jpeg?1511602435,Euphorbia ingens
https://static.inaturalist.org/photos/12692289/medium.jpg?1514954680,Euphorbia ingens
https://static.inaturalist.org/photos/12711365/medium.jpeg?1515075813,Euphorbia ingens
https://static.inaturalist.org/photos/13474512/medium.jpeg?1518469332,Euphorbia ingens
https://static.inaturalist.org/photos/14553297/medium.jpg?1522236903,Euphorbia ingens
https://static.inaturalist.org/photos/15125436/medium.jpg?1523523506,Euphorbia ingens
https://static.inaturalist.org/photos/15141725/medium.jpg?1523544737,Euphorbia ingens
https://static.inaturalist.org/photos/15141730/medium.jpg?1523544744,Euphorbia ingens
https://static.inaturalist.org/photos/15141829/medium.jpg?1523544823,Euphorbia ingens
https://static.inaturalist.org/photos/15142053/medium.jpg?1523545013,Euphorbia ingens
https://static.inaturalist.org/photos/15174058/medium.jpg?1523572370,Euphorbia ingens
https://static.inaturalist.org/photos/15187556/medium.jpg?1523583499,Euphorbia ingens
https://static.inaturalist.org/photos/15190584/medium.jpg?1523586346,Euphorbia ingens
https://static.inaturalist.org/photos/15221699/medium.jpg?1523623002,Euphorbia ingens
https://static.inaturalist.org/photos/15258775/medium.jpg?1523652087,Euphorbia ingens
https://static.inaturalist.org/photos/15308781/medium.jpg?1523700750,Euphorbia ingens
https://static.inaturalist.org/photos/15430213/medium.jpg?1523804280,Euphorbia ingens
https://static.inaturalist.org/photos/15529299/medium.jpg?1523896937,Euphorbia ingens
https://static.inaturalist.org/photos/15563636/medium.jpg?1523924394,Euphorbia ingens
https://static.inaturalist.org/photos/15572182/medium.jpg?1523931164,Euphorbia ingens
https://static.inaturalist.org/photos/15593110/medium.jpg?1523951294,Euphorbia ingens
https://static.inaturalist.org/photos/15673168/medium.jpg?1524021325,Euphorbia ingens
https://static.inaturalist.org/photos/15693152/medium.jpg?1524038266,Euphorbia ingens
https://static.inaturalist.org/photos/15754385/medium.jpg?1524089391,Euphorbia ingens
https://static.inaturalist.org/photos/15779039/medium.jpg?1524108702,Euphorbia ingens
https://static.inaturalist.org/photos/15804930/medium.jpg?1524142810,Euphorbia ingens
https://static.inaturalist.org/photos/15810249/medium.jpg?1524147891,Euphorbia ingens
https://static.inaturalist.org/photos/19176991/medium.jpg?1528218631,Euphorbia ingens
https://static.inaturalist.org/photos/15922545/medium.jpg?1524246806,Euphorbia ingens
https://static.inaturalist.org/photos/15928637/medium.jpg?1524250680,Euphorbia ingens
https://static.inaturalist.org/photos/15936615/medium.jpg?1524256398,Euphorbia ingens
https://static.inaturalist.org/photos/15936625/medium.jpg?1524256406,Euphorbia ingens
https://static.inaturalist.org/photos/16003981/medium.jpg?1524312484,Euphorbia ingens
https://static.inaturalist.org/photos/16008596/medium.jpg?1524317148,Euphorbia ingens
https://static.inaturalist.org/photos/16008605/medium.jpg?1524317156,Euphorbia ingens
https://static.inaturalist.org/photos/16008617/medium.jpg?1524317167,Euphorbia ingens
https://static.inaturalist.org/photos/16008768/medium.jpg?1524317308,Euphorbia ingens
https://static.inaturalist.org/photos/16013293/medium.jpg?1524321209,Euphorbia ingens
https://static.inaturalist.org/photos/16031299/medium.jpg?1524333764,Euphorbia ingens
https://static.inaturalist.org/photos/16067096/medium.jpg?1524357026,Euphorbia ingens
https://static.inaturalist.org/photos/16103348/medium.jpg?1524392454,Euphorbia ingens
https://static.inaturalist.org/photos/16107817/medium.jpg?1524399578,Euphorbia ingens
https://static.inaturalist.org/photos/16133657/medium.jpg?1524423235,Euphorbia ingens
https://static.inaturalist.org/photos/17085396/medium.jpg?1525129230,Euphorbia ingens
https://static.inaturalist.org/photos/17663282/medium.jpeg?1525825510,Euphorbia ingens
https://static.inaturalist.org/photos/17831224/medium.jpg?1526120847,Euphorbia ingens
https://static.inaturalist.org/photos/17964809/medium.jpeg?1526316240,Euphorbia ingens
https://static.inaturalist.org/photos/19037738/medium.jpeg?1528021854,Euphorbia ingens
https://static.inaturalist.org/photos/20643464/medium.jpg?1530490788,Euphorbia ingens
https://static.inaturalist.org/photos/20680223/medium.jpeg?1530551784,Euphorbia ingens
https://static.inaturalist.org/photos/20900819/medium.jpeg?1530905388,Euphorbia ingens
https://static.inaturalist.org/photos/21914455/medium.jpeg?1532464997,Euphorbia ingens
https://static.inaturalist.org/photos/22352557/medium.jpg?1533045589,Euphorbia ingens
https://static.inaturalist.org/photos/22830016/medium.jpeg?1533813808,Euphorbia ingens
https://static.inaturalist.org/photos/22989958/medium.jpg?1534077535,Euphorbia ingens
https://static.inaturalist.org/photos/23396069/medium.jpeg?1534659543,Euphorbia ingens
https://static.inaturalist.org/photos/23801181/medium.jpeg?1535299813,Euphorbia ingens
https://static.inaturalist.org/photos/24777893/medium.jpeg?1536786074,Euphorbia ingens
https://static.inaturalist.org/photos/24782032/medium.jpeg?1536789964,Euphorbia ingens
https://static.inaturalist.org/photos/24831397/medium.jpeg?1536868106,Euphorbia ingens
https://static.inaturalist.org/photos/24832192/medium.jpeg?1536869087,Euphorbia ingens
https://static.inaturalist.org/photos/25082720/medium.jpeg?1537219885,Euphorbia ingens
https://static.inaturalist.org/photos/25579980/medium.jpg?1537959780,Euphorbia ingens
https://static.inaturalist.org/photos/26149329/medium.jpeg?1538832923,Euphorbia ingens
https://static.inaturalist.org/photos/26150061/medium.jpeg?1538833993,Euphorbia ingens
https://static.inaturalist.org/photos/26303922/medium.jpeg?1539030739,Euphorbia ingens
https://static.inaturalist.org/photos/26304208/medium.jpeg?1539030997,Euphorbia ingens
https://static.inaturalist.org/photos/26389868/medium.jpeg?1539173662,Euphorbia ingens
https://static.inaturalist.org/photos/26769748/medium.jpeg?1539743325,Euphorbia ingens
https://static.inaturalist.org/photos/27522877/medium.jpg?1541054310,Euphorbia ingens
https://static.inaturalist.org/photos/28862249/medium.jpeg?1544009294,Euphorbia ingens
https://static.inaturalist.org/photos/29098922/medium.jpeg?1544624951,Euphorbia ingens
https://static.inaturalist.org/photos/29104630/medium.jpeg?1544639475,Euphorbia ingens
https://static.inaturalist.org/photos/29339416/medium.jpg?1545292655,Euphorbia ingens
https://static.inaturalist.org/photos/29368709/medium.jpeg?1545383539,Euphorbia ingens
https://static.inaturalist.org/photos/29542294/medium.jpg?1545833522,Euphorbia ingens
https://static.inaturalist.org/photos/29791646/medium.jpg?1546411438,Euphorbia ingens
https://static.inaturalist.org/photos/30120994/medium.jpg?1547197015,Euphorbia ingens
https://static.inaturalist.org/photos/31136729/medium.jpeg?1549526920,Euphorbia ingens
https://static.inaturalist.org/photos/31139763/medium.jpeg?1549532607,Euphorbia ingens
https://static.inaturalist.org/photos/31337604/medium.jpg?1549960652,Euphorbia ingens
https://static.inaturalist.org/photos/32363878/medium.jpg?1551757227,Euphorbia ingens
https://static.inaturalist.org/photos/36123379/medium.jpeg?1556342900,Euphorbia ingens
https://static.inaturalist.org/photos/36146870/medium.jpg?1556355586,Euphorbia ingens
https://static.inaturalist.org/photos/36217221/medium.jpeg?1556378215,Euphorbia ingens
https://static.inaturalist.org/photos/36784906/medium.jpeg?1556493135,Euphorbia ingens
https://static.inaturalist.org/photos/39488736/medium.jpeg?1558420621,Euphorbia ingens
https://static.inaturalist.org/photos/41935180/medium.jpeg?1560543080,Euphorbia ingens
https://static.inaturalist.org/photos/41446124/medium.jpg?1560097537,Euphorbia ingens
https://static.inaturalist.org/photos/42211380/medium.jpg?1560776142,Euphorbia ingens
https://static.inaturalist.org/photos/43608335/medium.jpeg?1561987577,Euphorbia ingens
https://static.inaturalist.org/photos/43609684/medium.jpeg?1561988911,Euphorbia ingens
https://static.inaturalist.org/photos/43609802/medium.jpeg?1561989050,Euphorbia ingens
https://static.inaturalist.org/photos/44411292/medium.jpg?1562664074,Euphorbia ingens
https://static.inaturalist.org/photos/44718465/medium.jpg?1562947810,Euphorbia ingens
https://static.inaturalist.org/photos/45215406/medium.jpeg?1563348848,Euphorbia ingens
https://static.inaturalist.org/photos/45512733/medium.jpg?1563629019,Euphorbia ingens
https://static.inaturalist.org/photos/47250175/medium.jpg?1565021881,Euphorbia ingens
https://static.inaturalist.org/photos/48245839/medium.jpg?1565864206,Euphorbia ingens
https://static.inaturalist.org/photos/49471891/medium.jpg?1566901151,Euphorbia ingens
https://static.inaturalist.org/photos/50026691/medium.jpg?1567360664,Euphorbia ingens
https://static.inaturalist.org/photos/50097074/medium.jpg?1567410389,Euphorbia ingens
https://static.inaturalist.org/photos/50128683/medium.jpeg?1567441471,Euphorbia ingens
https://static.inaturalist.org/photos/50937622/medium.jpeg?1568132851,Euphorbia ingens
https://static.inaturalist.org/photos/51818079/medium.jpeg?1568909064,Euphorbia ingens
https://static.inaturalist.org/photos/51833647/medium.jpeg?1568919747,Euphorbia ingens
https://static.inaturalist.org/photos/52640771/medium.jpg?1569640073,Euphorbia ingens
https://static.inaturalist.org/photos/52694419/medium.jpg?1569698066,Euphorbia ingens
https://static.inaturalist.org/photos/53025165/medium.jpg?1569994902,Euphorbia ingens
https://static.inaturalist.org/photos/53797176/medium.jpg?1570799102,Euphorbia ingens
https://static.inaturalist.org/photos/54170997/medium.jpg?1571166686,Euphorbia ingens
https://static.inaturalist.org/photos/55459157/medium.jpg?1572669459,Euphorbia ingens
https://static.inaturalist.org/photos/55766273/medium.jpeg?1573049472,Euphorbia ingens
https://static.inaturalist.org/photos/55920002/medium.jpg?1573247947,Euphorbia ingens
https://static.inaturalist.org/photos/56634965/medium.jpg?1574242006,Euphorbia ingens
https://static.inaturalist.org/photos/56636133/medium.jpg?1574246044,Euphorbia ingens
https://static.inaturalist.org/photos/56637674/medium.jpg?1574249976,Euphorbia ingens
https://static.inaturalist.org/photos/56756580/medium.jpeg?1574437562,Euphorbia ingens
https://static.inaturalist.org/photos/57061210/medium.jpeg?1574832573,Euphorbia ingens
https://static.inaturalist.org/photos/57890232/medium.jpeg?1576212957,Euphorbia ingens
https://static.inaturalist.org/photos/58698339/medium.jpg?1577633808,Euphorbia ingens
https://static.inaturalist.org/photos/59373933/medium.jpg?1578651702,Euphorbia ingens
https://static.inaturalist.org/photos/59487861/medium.jpeg?1578816175,Euphorbia ingens
https://static.inaturalist.org/photos/59714057/medium.jpg?1579157337,Euphorbia ingens
https://static.inaturalist.org/photos/59822771/medium.jpg?1579328610,Euphorbia ingens
https://static.inaturalist.org/photos/61467543/medium.jpg?1581731981,Euphorbia ingens
https://static.inaturalist.org/photos/62551369/medium.jpg?1583106461,Euphorbia ingens
https://static.inaturalist.org/photos/63463828/medium.jpeg?1584193187,Euphorbia ingens
https://static.inaturalist.org/photos/63508695/medium.jpeg?1584224361,Euphorbia ingens
https://static.inaturalist.org/photos/63558572/medium.jpg?1584280787,Euphorbia ingens
https://static.inaturalist.org/photos/64209046/medium.jpeg?1584878567,Euphorbia ingens
https://static.inaturalist.org/photos/64225125/medium.jpeg?1584892275,Euphorbia ingens
https://static.inaturalist.org/photos/64738812/medium.jpeg?1585339870,Euphorbia ingens
https://static.inaturalist.org/photos/64972867/medium.jpeg?1585505026,Euphorbia ingens
https://static.inaturalist.org/photos/64990074/medium.jpeg?1585513138,Euphorbia ingens
https://static.inaturalist.org/photos/65119386/medium.jpeg?1585604922,Euphorbia ingens
https://static.inaturalist.org/photos/65315875/medium.jpeg?1585773729,Euphorbia ingens
https://static.inaturalist.org/photos/65373440/medium.jpeg?1585823195,Euphorbia ingens
https://static.inaturalist.org/photos/65373511/medium.jpeg?1585823288,Euphorbia ingens
https://static.inaturalist.org/photos/65377872/medium.jpeg?1585829874,Euphorbia ingens
https://static.inaturalist.org/photos/65813308/medium.jpeg?1586123642,Euphorbia ingens
https://static.inaturalist.org/photos/65816943/medium.jpeg?1586125094,Euphorbia ingens
https://static.inaturalist.org/photos/66016829/medium.jpeg?1586275655,Euphorbia ingens
https://static.inaturalist.org/photos/66738892/medium.jpeg?1586736252,Euphorbia ingens
https://static.inaturalist.org/photos/67210134/medium.jpeg?1587063586,Euphorbia ingens
https://static.inaturalist.org/photos/67210722/medium.jpeg?1587063869,Euphorbia ingens
https://static.inaturalist.org/photos/68365510/medium.jpeg?1587728936,Euphorbia ingens
https://static.inaturalist.org/photos/68365666/medium.jpeg?1587728998,Euphorbia ingens
https://static.inaturalist.org/photos/68366249/medium.jpg?1587729257,Euphorbia ingens
https://static.inaturalist.org/photos/68384582/medium.jpg?1587735435,Euphorbia ingens
https://static.inaturalist.org/photos/68691154/medium.jpeg?1587803364,Euphorbia ingens
https://static.inaturalist.org/photos/69548011/medium.jpg?1587975683,Euphorbia ingens
https://static.inaturalist.org/photos/69553731/medium.jpg?1587978397,Euphorbia ingens
https://static.inaturalist.org/photos/69615312/medium.jpeg?1587998365,Euphorbia ingens
https://static.inaturalist.org/photos/69616835/medium.jpg?1587998648,Euphorbia ingens
https://static.inaturalist.org/photos/69630870/medium.jpg?1588001288,Euphorbia ingens
https://static.inaturalist.org/photos/69698342/medium.jpg?1588012944,Euphorbia ingens
https://static.inaturalist.org/photos/69954365/medium.jpeg?1588081471,Euphorbia ingens
https://static.inaturalist.org/photos/69995197/medium.jpg?1588094743,Euphorbia ingens
https://static.inaturalist.org/photos/70664497/medium.jpg?1588413148,Euphorbia ingens
https://static.inaturalist.org/photos/70685630/medium.jpg?1588427169,Euphorbia ingens
https://static.inaturalist.org/photos/71270481/medium.jpg?1588662406,Euphorbia ingens
https://static.inaturalist.org/photos/71343704/medium.jpeg?1588704247,Euphorbia ingens
https://static.inaturalist.org/photos/72550960/medium.jpeg?1589337269,Euphorbia ingens
https://static.inaturalist.org/photos/74208674/medium.jpg?1590108661,Euphorbia ingens
https://static.inaturalist.org/photos/77393024/medium.jpeg?1591529981,Euphorbia ingens
https://static.inaturalist.org/photos/77470016/medium.jpeg?1591554855,Euphorbia ingens
https://static.inaturalist.org/photos/80642778/medium.jpg?1593007536,Euphorbia ingens
https://static.inaturalist.org/photos/81385571/medium.jpg?1593357591,Euphorbia ingens
https://static.inaturalist.org/photos/82848276/medium.jpeg?1594026999,Euphorbia ingens
https://static.inaturalist.org/photos/84050399/medium.jpeg?1594587544,Euphorbia ingens
https://static.inaturalist.org/photos/84181246/medium.jpeg?1594650482,Euphorbia ingens
https://static.inaturalist.org/photos/84181266/medium.jpeg?1594650490,Euphorbia ingens
https://static.inaturalist.org/photos/85192030/medium.jpeg?1595130662,Euphorbia ingens
https://static.inaturalist.org/photos/85847431/medium.jpeg?1595437305,Euphorbia ingens
https://static.inaturalist.org/photos/86252508/medium.jpg?1595633303,Euphorbia ingens
https://static.inaturalist.org/photos/86576704/medium.jpg?1595780617,Euphorbia ingens
