image_url,scientific_name
https://static.inaturalist.org/photos/88932/medium.jpg?1444466365,Anacardium occidentale
https://static.inaturalist.org/photos/148889/medium.JPG,Anacardium occidentale
https://static.inaturalist.org/photos/256748/medium.jpg?1444665278,Anacardium occidentale
https://static.inaturalist.org/photos/407491/medium.JPG?1373470190,Anacardium occidentale
https://static.inaturalist.org/photos/654503/medium.jpg?1390923561,Anacardium occidentale
https://static.inaturalist.org/photos/858189/medium.jpg?1400344548,Anacardium occidentale
https://static.inaturalist.org/photos/913174/medium.JPG?1402328476,Anacardium occidentale
https://static.inaturalist.org/photos/1283744/medium.jpg?1413607550,Anacardium occidentale
https://static.inaturalist.org/photos/1926092/medium.jpg?1432805628,Anacardium occidentale
https://static.inaturalist.org/photos/1975459/medium.JPG?1433774691,Anacardium occidentale
https://static.inaturalist.org/photos/2544465/medium.jpg?1445238789,Anacardium occidentale
https://static.inaturalist.org/photos/2681964/medium.jpeg?1448112698,Anacardium occidentale
https://static.inaturalist.org/photos/2682200/medium.jpeg?1448117063,Anacardium occidentale
https://static.inaturalist.org/photos/3075890/medium.jpg?1456687107,Anacardium occidentale
https://static.inaturalist.org/photos/3502495/medium.JPG?1461757867,Anacardium occidentale
https://static.inaturalist.org/photos/3706126/medium.JPG?1463539743,Anacardium occidentale
https://static.inaturalist.org/photos/3780792/medium.jpg?1463935881,Anacardium occidentale
https://static.inaturalist.org/photos/3963889/medium.png?1465512852,Anacardium occidentale
https://static.inaturalist.org/photos/4357205/medium.jpeg?1469490627,Anacardium occidentale
https://static.inaturalist.org/photos/4483324/medium.jpeg?1470650740,Anacardium occidentale
https://static.inaturalist.org/photos/4598525/medium.jpg?1471528444,Anacardium occidentale
https://static.inaturalist.org/photos/4689648/medium.jpg?1472335988,Anacardium occidentale
https://static.inaturalist.org/photos/4928935/medium.jpg?1474228766,Anacardium occidentale
https://static.inaturalist.org/photos/4938470/medium.jpeg?1474296653,Anacardium occidentale
https://static.inaturalist.org/photos/4947149/medium.jpg?1474366028,Anacardium occidentale
https://static.inaturalist.org/photos/4983389/medium.jpg?1474660801,Anacardium occidentale
https://static.inaturalist.org/photos/5535548/medium.jpeg?1479312755,Anacardium occidentale
https://static.inaturalist.org/photos/5787533/medium.jpeg?1481480309,Anacardium occidentale
https://static.inaturalist.org/photos/5870084/medium.jpeg?1482531802,Anacardium occidentale
https://static.inaturalist.org/photos/6022462/medium.jpg?1484349893,Anacardium occidentale
https://static.inaturalist.org/photos/6033104/medium.jpeg?1484450753,Anacardium occidentale
https://static.inaturalist.org/photos/6195228/medium.jpeg?1486250189,Anacardium occidentale
https://static.inaturalist.org/photos/6280858/medium.jpg?1487092031,Anacardium occidentale
https://static.inaturalist.org/photos/6501307/medium.jpeg?1489022587,Anacardium occidentale
https://static.inaturalist.org/photos/6501634/medium.jpg?1489024069,Anacardium occidentale
https://static.inaturalist.org/photos/6692802/medium.jpeg?1490321977,Anacardium occidentale
https://static.inaturalist.org/photos/6843915/medium.jpeg?1491167184,Anacardium occidentale
https://static.inaturalist.org/photos/7069004/medium.jpg?1492214498,Anacardium occidentale
https://static.inaturalist.org/photos/7325343/medium.jpg?1492727383,Anacardium occidentale
https://static.inaturalist.org/photos/7325352/medium.jpg?1492727424,Anacardium occidentale
https://static.inaturalist.org/photos/7459813/medium.jpeg?1493229622,Anacardium occidentale
https://static.inaturalist.org/photos/7498039/medium.jpeg?1493395365,Anacardium occidentale
https://static.inaturalist.org/photos/7624531/medium.jpeg?1493944553,Anacardium occidentale
https://static.inaturalist.org/photos/7683276/medium.jpeg?1494207346,Anacardium occidentale
https://static.inaturalist.org/photos/7815411/medium.jpeg?1494860396,Anacardium occidentale
https://static.inaturalist.org/photos/7849921/medium.jpg?1494996054,Anacardium occidentale
https://static.inaturalist.org/photos/7914834/medium.jpeg?1495306892,Anacardium occidentale
https://static.inaturalist.org/photos/10211371/medium.jpeg?1504492417,Anacardium occidentale
https://static.inaturalist.org/photos/10622756/medium.jpeg?1506004761,Anacardium occidentale
https://static.inaturalist.org/photos/10630459/medium.jpg?1506027922,Anacardium occidentale
https://static.inaturalist.org/photos/11039623/medium.jpeg?1507490706,Anacardium occidentale
https://static.inaturalist.org/photos/11039656/medium.jpeg?1507490766,Anacardium occidentale
https://static.inaturalist.org/photos/11724617/medium.jpg?1510196470,Anacardium occidentale
https://static.inaturalist.org/photos/11733125/medium.jpeg?1510251159,Anacardium occidentale
https://static.inaturalist.org/photos/11733145/medium.jpeg?1510251217,Anacardium occidentale
https://static.inaturalist.org/photos/11743853/medium.jpg?1510292985,Anacardium occidentale
https://www.inaturalist.org/assets/copyright-infringement-medium.png,Anacardium occidentale
https://static.inaturalist.org/photos/11884424/medium.jpg?1510970744,Anacardium occidentale
https://static.inaturalist.org/photos/11967221/medium.jpg?1511333975,Anacardium occidentale
https://static.inaturalist.org/photos/12050277/medium.jpeg?1511724697,Anacardium occidentale
https://static.inaturalist.org/photos/12412196/medium.jpeg?1513466808,Anacardium occidentale
https://static.inaturalist.org/photos/12580240/medium.jpg?1514459275,Anacardium occidentale
https://static.inaturalist.org/photos/13077575/medium.jpeg?1516737490,Anacardium occidentale
https://static.inaturalist.org/photos/13434219/medium.jpg?1518303288,Anacardium occidentale
https://static.inaturalist.org/photos/13439646/medium.jpeg?1518321309,Anacardium occidentale
https://static.inaturalist.org/photos/13439937/medium.jpeg?1518322209,Anacardium occidentale
https://static.inaturalist.org/photos/13625418/medium.jpg?1519100976,Anacardium occidentale
https://static.inaturalist.org/photos/13789717/medium.jpg?1519781017,Anacardium occidentale
https://static.inaturalist.org/photos/13928433/medium.jpeg?1520290943,Anacardium occidentale
https://static.inaturalist.org/photos/13966254/medium.jpeg?1520445168,Anacardium occidentale
https://static.inaturalist.org/photos/13981588/medium.jpeg?1520499432,Anacardium occidentale
https://static.inaturalist.org/photos/14023956/medium.jpg?1520654534,Anacardium occidentale
https://static.inaturalist.org/photos/14106819/medium.jpeg?1520897305,Anacardium occidentale
https://static.inaturalist.org/photos/14134025/medium.jpeg?1520986212,Anacardium occidentale
https://static.inaturalist.org/photos/14191066/medium.jpeg?1521189538,Anacardium occidentale
https://static.inaturalist.org/photos/14226736/medium.jpeg?1521315091,Anacardium occidentale
https://static.inaturalist.org/photos/14344466/medium.jpeg?1521658576,Anacardium occidentale
https://static.inaturalist.org/photos/14387557/medium.png?1521775099,Anacardium occidentale
https://static.inaturalist.org/photos/14521820/medium.jpeg?1522146890,Anacardium occidentale
https://static.inaturalist.org/photos/14652055/medium.jpg?1522510179,Anacardium occidentale
https://static.inaturalist.org/photos/15354984/medium.jpg?1523738513,Anacardium occidentale
https://static.inaturalist.org/photos/15449503/medium.jpg?1523818315,Anacardium occidentale
https://static.inaturalist.org/photos/15660864/medium.jpg?1524011698,Anacardium occidentale
https://static.inaturalist.org/photos/16129158/medium.jpg?1524419785,Anacardium occidentale
https://static.inaturalist.org/photos/16145967/medium.jpg?1524432561,Anacardium occidentale
https://static.inaturalist.org/photos/16187248/medium.jpeg?1524491858,Anacardium occidentale
https://static.inaturalist.org/photos/16555431/medium.jpg?1524907648,Anacardium occidentale
https://static.inaturalist.org/photos/16819586/medium.jpg?1525021190,Anacardium occidentale
https://static.inaturalist.org/photos/16970647/medium.jpg?1525072767,Anacardium occidentale
https://static.inaturalist.org/photos/16970761/medium.jpg?1525072864,Anacardium occidentale
https://static.inaturalist.org/photos/16972003/medium.jpg?1525074013,Anacardium occidentale
https://static.inaturalist.org/photos/16972089/medium.jpg?1525074082,Anacardium occidentale
https://static.inaturalist.org/photos/17029053/medium.jpeg?1525108876,Anacardium occidentale
https://static.inaturalist.org/photos/17111298/medium.jpeg?1525137690,Anacardium occidentale
https://static.inaturalist.org/photos/17145147/medium.jpeg?1525149069,Anacardium occidentale
https://static.inaturalist.org/photos/17408777/medium.jpeg?1525451882,Anacardium occidentale
https://static.inaturalist.org/photos/18011795/medium.jpg?1526394988,Anacardium occidentale
https://static.inaturalist.org/photos/18011946/medium.jpg?1526395179,Anacardium occidentale
https://static.inaturalist.org/photos/18062708/medium.jpeg?1526475208,Anacardium occidentale
https://static.inaturalist.org/photos/18359782/medium.jpg?1526927386,Anacardium occidentale
https://static.inaturalist.org/photos/18387030/medium.jpg?1526961678,Anacardium occidentale
https://static.inaturalist.org/photos/18420150/medium.jpg?1527021945,Anacardium occidentale
https://static.inaturalist.org/photos/18545219/medium.jpg?1527227628,Anacardium occidentale
https://static.inaturalist.org/photos/18953843/medium.jpeg?1527898216,Anacardium occidentale
https://static.inaturalist.org/photos/20052669/medium.jpeg?1529539637,Anacardium occidentale
https://static.inaturalist.org/photos/20186102/medium.jpeg?1529769930,Anacardium occidentale
https://static.inaturalist.org/photos/20217895/medium.jpeg?1529803989,Anacardium occidentale
https://static.inaturalist.org/photos/20373600/medium.jpg?1530043705,Anacardium occidentale
https://static.inaturalist.org/photos/20387925/medium.jpg?1530061587,Anacardium occidentale
https://static.inaturalist.org/photos/20678244/medium.jpg?1530549490,Anacardium occidentale
https://static.inaturalist.org/photos/20929398/medium.jpeg?1530950609,Anacardium occidentale
https://static.inaturalist.org/photos/21196627/medium.jpg?1531359179,Anacardium occidentale
https://static.inaturalist.org/photos/21508896/medium.jpeg?1531851868,Anacardium occidentale
https://static.inaturalist.org/photos/21736478/medium.jpeg?1532210696,Anacardium occidentale
https://static.inaturalist.org/photos/21992132/medium.jpeg?1532582113,Anacardium occidentale
https://static.inaturalist.org/photos/22243250/medium.jpeg?1532896444,Anacardium occidentale
https://static.inaturalist.org/photos/22360402/medium.jpg?1533055727,Anacardium occidentale
https://static.inaturalist.org/photos/22541311/medium.jpg?1533347505,Anacardium occidentale
https://static.inaturalist.org/photos/22727358/medium.jpeg?1533645542,Anacardium occidentale
https://static.inaturalist.org/photos/22729333/medium.jpeg?1533649055,Anacardium occidentale
https://static.inaturalist.org/photos/22803728/medium.jpeg?1533762910,Anacardium occidentale
https://static.inaturalist.org/photos/23061644/medium.jpeg?1534171138,Anacardium occidentale
https://static.inaturalist.org/photos/23129532/medium.jpeg?1534269104,Anacardium occidentale
https://static.inaturalist.org/photos/23661404/medium.jpg?1535065691,Anacardium occidentale
https://static.inaturalist.org/photos/24401039/medium.jpeg?1536227936,Anacardium occidentale
https://static.inaturalist.org/photos/24448485/medium.jpeg?1536305532,Anacardium occidentale
https://static.inaturalist.org/photos/24503937/medium.jpg?1536391892,Anacardium occidentale
https://static.inaturalist.org/photos/25307937/medium.jpeg?1537560982,Anacardium occidentale
https://static.inaturalist.org/photos/25051839/medium.jpeg?1537179740,Anacardium occidentale
https://static.inaturalist.org/photos/25324650/medium.jpeg?1537576698,Anacardium occidentale
https://static.inaturalist.org/photos/25617118/medium.jpeg?1538004803,Anacardium occidentale
https://static.inaturalist.org/photos/25924442/medium.jpeg?1538445988,Anacardium occidentale
https://static.inaturalist.org/photos/26040473/medium.jpeg?1538643957,Anacardium occidentale
https://static.inaturalist.org/photos/26149442/medium.jpeg?1538833065,Anacardium occidentale
https://static.inaturalist.org/photos/26230554/medium.jpg?1538936851,Anacardium occidentale
https://static.inaturalist.org/photos/26301856/medium.jpg?1539028572,Anacardium occidentale
https://static.inaturalist.org/photos/26438736/medium.jpeg?1539250139,Anacardium occidentale
https://static.inaturalist.org/photos/26438762/medium.jpeg?1539250238,Anacardium occidentale
https://static.inaturalist.org/photos/26575990/medium.jpg?1539464273,Anacardium occidentale
https://static.inaturalist.org/photos/26696051/medium.jpeg?1539628157,Anacardium occidentale
https://static.inaturalist.org/photos/27440640/medium.jpg?1540891450,Anacardium occidentale
https://static.inaturalist.org/photos/27746783/medium.jpg?1541469881,Anacardium occidentale
https://static.inaturalist.org/photos/27772957/medium.jpg?1541517652,Anacardium occidentale
https://static.inaturalist.org/photos/27934883/medium.jpeg?1541777708,Anacardium occidentale
https://static.inaturalist.org/photos/27995044/medium.jpeg?1541907907,Anacardium occidentale
https://static.inaturalist.org/photos/28091143/medium.jpeg?1542146192,Anacardium occidentale
https://static.inaturalist.org/photos/28137942/medium.jpeg?1542287389,Anacardium occidentale
https://static.inaturalist.org/photos/28219045/medium.jpg?1542489794,Anacardium occidentale
https://static.inaturalist.org/photos/28594982/medium.jpeg?1543347747,Anacardium occidentale
https://static.inaturalist.org/photos/28618429/medium.jpeg?1543401097,Anacardium occidentale
https://static.inaturalist.org/photos/28703764/medium.jpeg?1543625671,Anacardium occidentale
https://static.inaturalist.org/photos/28832176/medium.jpg?1543931991,Anacardium occidentale
https://static.inaturalist.org/photos/28837396/medium.jpg?1543943639,Anacardium occidentale
https://static.inaturalist.org/photos/28903976/medium.jpg?1544119829,Anacardium occidentale
https://static.inaturalist.org/photos/28906531/medium.jpeg?1544125987,Anacardium occidentale
https://static.inaturalist.org/photos/29142999/medium.jpeg?1544747957,Anacardium occidentale
https://static.inaturalist.org/photos/29152105/medium.jpg?1544775568,Anacardium occidentale
https://static.inaturalist.org/photos/29152107/medium.jpg?1544775582,Anacardium occidentale
https://static.inaturalist.org/photos/29418840/medium.jpeg?1545514080,Anacardium occidentale
https://static.inaturalist.org/photos/29511447/medium.jpg?1545748264,Anacardium occidentale
https://static.inaturalist.org/photos/29603317/medium.jpg?1545974609,Anacardium occidentale
https://static.inaturalist.org/photos/29682842/medium.jpg?1546173927,Anacardium occidentale
https://static.inaturalist.org/photos/29948506/medium.jpg?1546782150,Anacardium occidentale
https://static.inaturalist.org/photos/30048260/medium.jpeg?1547004233,Anacardium occidentale
https://static.inaturalist.org/photos/30087662/medium.jpg?1547103992,Anacardium occidentale
https://static.inaturalist.org/photos/30157280/medium.jpg?1547305428,Anacardium occidentale
https://static.inaturalist.org/photos/30276412/medium.jpg?1547572483,Anacardium occidentale
https://static.inaturalist.org/photos/30415495/medium.jpg?1547939780,Anacardium occidentale
https://static.inaturalist.org/photos/30613066/medium.jpg?1548388108,Anacardium occidentale
https://static.inaturalist.org/photos/30777910/medium.jpeg?1548770528,Anacardium occidentale
https://static.inaturalist.org/photos/30917767/medium.jpeg?1549105183,Anacardium occidentale
https://static.inaturalist.org/photos/30966607/medium.jpg?1549210068,Anacardium occidentale
https://static.inaturalist.org/photos/31146659/medium.jpg?1549547714,Anacardium occidentale
https://static.inaturalist.org/photos/31445360/medium.jpeg?1550243164,Anacardium occidentale
https://static.inaturalist.org/photos/31476537/medium.jpeg?1550310297,Anacardium occidentale
https://static.inaturalist.org/photos/31686625/medium.jpeg?1550732806,Anacardium occidentale
https://static.inaturalist.org/photos/31757865/medium.jpg?1550885566,Anacardium occidentale
https://static.inaturalist.org/photos/31954657/medium.jpeg?1551011232,Anacardium occidentale
https://static.inaturalist.org/photos/32062286/medium.jpeg?1551220155,Anacardium occidentale
https://static.inaturalist.org/photos/32065135/medium.jpeg?1551224427,Anacardium occidentale
https://static.inaturalist.org/photos/32215959/medium.jpg?1551543785,Anacardium occidentale
https://static.inaturalist.org/photos/32276584/medium.jpeg?1551631843,Anacardium occidentale
https://static.inaturalist.org/photos/32364051/medium.jpg?1551757508,Anacardium occidentale
https://static.inaturalist.org/photos/32367016/medium.jpg?1551762533,Anacardium occidentale
https://static.inaturalist.org/photos/32425185/medium.jpeg?1551876405,Anacardium occidentale
https://static.inaturalist.org/photos/32438399/medium.jpeg?1551900679,Anacardium occidentale
https://static.inaturalist.org/photos/32566843/medium.jpg?1552123628,Anacardium occidentale
https://static.inaturalist.org/photos/32646743/medium.jpeg?1552249560,Anacardium occidentale
https://static.inaturalist.org/photos/32714798/medium.jpg?1552354557,Anacardium occidentale
https://static.inaturalist.org/photos/32778733/medium.jpg?1552493739,Anacardium occidentale
https://static.inaturalist.org/photos/32779755/medium.jpg?1552495086,Anacardium occidentale
https://static.inaturalist.org/photos/32959174/medium.jpeg?1552809740,Anacardium occidentale
https://static.inaturalist.org/photos/33142209/medium.jpeg?1553099350,Anacardium occidentale
https://static.inaturalist.org/photos/33720454/medium.jpeg?1553937855,Anacardium occidentale
https://static.inaturalist.org/photos/33253811/medium.jpg?1553281762,Anacardium occidentale
https://static.inaturalist.org/photos/33287551/medium.jpg?1553339446,Anacardium occidentale
https://static.inaturalist.org/photos/33389070/medium.jpeg?1553463781,Anacardium occidentale
https://static.inaturalist.org/photos/33543112/medium.jpg?1553696555,Anacardium occidentale
https://static.inaturalist.org/photos/33580945/medium.jpeg?1553741577,Anacardium occidentale
https://static.inaturalist.org/photos/33593087/medium.jpeg?1553763724,Anacardium occidentale
https://static.inaturalist.org/photos/33612688/medium.jpeg?1553796376,Anacardium occidentale
https://static.inaturalist.org/photos/33876786/medium.jpg?1554101611,Anacardium occidentale
https://static.inaturalist.org/photos/33948684/medium.jpg?1554214747,Anacardium occidentale
https://static.inaturalist.org/photos/33982132/medium.jpg?1554251272,Anacardium occidentale
https://static.inaturalist.org/photos/34135853/medium.jpeg?1554477823,Anacardium occidentale
https://static.inaturalist.org/photos/34187655/medium.jpg?1554548399,Anacardium occidentale
https://static.inaturalist.org/photos/34301427/medium.jpeg?1554665809,Anacardium occidentale
https://static.inaturalist.org/photos/34301598/medium.jpeg?1554665906,Anacardium occidentale
https://static.inaturalist.org/photos/34347690/medium.jpg?1554702951,Anacardium occidentale
https://static.inaturalist.org/photos/34491778/medium.jpg?1554876427,Anacardium occidentale
https://static.inaturalist.org/photos/34674789/medium.jpeg?1555108537,Anacardium occidentale
https://static.inaturalist.org/photos/34699965/medium.jpeg?1555144778,Anacardium occidentale
https://static.inaturalist.org/photos/35010920/medium.jpeg?1555482234,Anacardium occidentale
https://static.inaturalist.org/photos/35119389/medium.jpeg?1555608738,Anacardium occidentale
https://static.inaturalist.org/photos/35138188/medium.jpg?1555624356,Anacardium occidentale
https://static.inaturalist.org/photos/35245464/medium.jpeg?1555736888,Anacardium occidentale
https://static.inaturalist.org/photos/35548774/medium.jpeg?1556010112,Anacardium occidentale
https://static.inaturalist.org/photos/35692897/medium.jpg?1556149406,Anacardium occidentale
https://static.inaturalist.org/photos/35745391/medium.jpg?1556209590,Anacardium occidentale
https://static.inaturalist.org/photos/35857705/medium.jpeg?1556287231,Anacardium occidentale
https://static.inaturalist.org/photos/35921530/medium.jpeg?1556300544,Anacardium occidentale
https://static.inaturalist.org/photos/36143161/medium.jpg?1556353246,Anacardium occidentale
https://static.inaturalist.org/photos/36182718/medium.jpeg?1556371496,Anacardium occidentale
https://static.inaturalist.org/photos/36261932/medium.jpeg?1556385917,Anacardium occidentale
https://static.inaturalist.org/photos/36263671/medium.jpg?1556386180,Anacardium occidentale
https://static.inaturalist.org/photos/36414747/medium.jpg?1556410784,Anacardium occidentale
https://static.inaturalist.org/photos/36595342/medium.jpeg?1556463607,Anacardium occidentale
https://static.inaturalist.org/photos/36599551/medium.jpg?1556464396,Anacardium occidentale
https://static.inaturalist.org/photos/36631587/medium.jpg?1556469562,Anacardium occidentale
https://static.inaturalist.org/photos/36631985/medium.jpeg?1556469624,Anacardium occidentale
https://static.inaturalist.org/photos/36656789/medium.jpeg?1556473396,Anacardium occidentale
https://static.inaturalist.org/photos/36658206/medium.jpg?1556473620,Anacardium occidentale
https://static.inaturalist.org/photos/36788543/medium.jpg?1556493636,Anacardium occidentale
https://static.inaturalist.org/photos/36840683/medium.jpeg?1556501902,Anacardium occidentale
https://static.inaturalist.org/photos/36988799/medium.jpg?1556544213,Anacardium occidentale
https://static.inaturalist.org/photos/36998696/medium.jpg?1556546005,Anacardium occidentale
https://static.inaturalist.org/photos/37074631/medium.jpeg?1556558653,Anacardium occidentale
https://static.inaturalist.org/photos/37095592/medium.jpeg?1556562108,Anacardium occidentale
https://static.inaturalist.org/photos/37288756/medium.jpg?1556591089,Anacardium occidentale
https://static.inaturalist.org/photos/37405576/medium.jpeg?1556638731,Anacardium occidentale
https://static.inaturalist.org/photos/37452539/medium.jpeg?1556658425,Anacardium occidentale
https://static.inaturalist.org/photos/37481089/medium.jpeg?1556671355,Anacardium occidentale
https://static.inaturalist.org/photos/37635616/medium.jpeg?1556764483,Anacardium occidentale
https://static.inaturalist.org/photos/37689556/medium.jpg?1556811527,Anacardium occidentale
https://static.inaturalist.org/photos/37810119/medium.jpeg?1556905259,Anacardium occidentale
https://static.inaturalist.org/photos/37959450/medium.jpg?1557011189,Anacardium occidentale
https://static.inaturalist.org/photos/38005002/medium.jpg?1557047046,Anacardium occidentale
https://static.inaturalist.org/photos/38025376/medium.jpg?1557068515,Anacardium occidentale
https://static.inaturalist.org/photos/38064361/medium.jpeg?1557089056,Anacardium occidentale
https://static.inaturalist.org/photos/38199632/medium.jpg?1557188915,Anacardium occidentale
https://static.inaturalist.org/photos/38293865/medium.jpeg?1557276820,Anacardium occidentale
https://static.inaturalist.org/photos/38332781/medium.jpeg?1557328679,Anacardium occidentale
https://static.inaturalist.org/photos/38407767/medium.jpeg?1557406337,Anacardium occidentale
https://static.inaturalist.org/photos/38501550/medium.jpg?1557505502,Anacardium occidentale
https://static.inaturalist.org/photos/38587878/medium.jpeg?1557594662,Anacardium occidentale
https://static.inaturalist.org/photos/38614385/medium.jpeg?1557611798,Anacardium occidentale
https://static.inaturalist.org/photos/38722833/medium.jpg?1557698809,Anacardium occidentale
https://static.inaturalist.org/photos/38744024/medium.jpeg?1557711863,Anacardium occidentale
https://static.inaturalist.org/photos/38784544/medium.jpeg?1557763626,Anacardium occidentale
https://static.inaturalist.org/photos/38847326/medium.jpeg?1557819235,Anacardium occidentale
https://static.inaturalist.org/photos/38951370/medium.jpeg?1557936422,Anacardium occidentale
https://static.inaturalist.org/photos/38995034/medium.jpg?1557967954,Anacardium occidentale
https://static.inaturalist.org/photos/39118767/medium.jpeg?1558111375,Anacardium occidentale
https://static.inaturalist.org/photos/39130509/medium.jpg?1558120541,Anacardium occidentale
https://static.inaturalist.org/photos/39229679/medium.jpg?1558209269,Anacardium occidentale
https://static.inaturalist.org/photos/39309158/medium.jpeg?1558279899,Anacardium occidentale
https://static.inaturalist.org/photos/39676707/medium.jpeg?1558589010,Anacardium occidentale
https://static.inaturalist.org/photos/40003632/medium.jpeg?1558876447,Anacardium occidentale
https://static.inaturalist.org/photos/40623238/medium.jpeg?1559398129,Anacardium occidentale
https://static.inaturalist.org/photos/40704491/medium.jpeg?1559443511,Anacardium occidentale
https://static.inaturalist.org/photos/41010518/medium.jpeg?1559691304,Anacardium occidentale
https://static.inaturalist.org/photos/41070593/medium.jpeg?1559755612,Anacardium occidentale
https://static.inaturalist.org/photos/41280424/medium.jpg?1559951035,Anacardium occidentale
https://static.inaturalist.org/photos/41358055/medium.jpeg?1560023944,Anacardium occidentale
https://static.inaturalist.org/photos/41553585/medium.jpg?1560178873,Anacardium occidentale
https://static.inaturalist.org/photos/41651902/medium.jpeg?1560269260,Anacardium occidentale
https://static.inaturalist.org/photos/41915494/medium.jpeg?1560529035,Anacardium occidentale
https://static.inaturalist.org/photos/42005698/medium.jpg?1560612836,Anacardium occidentale
https://static.inaturalist.org/photos/42300444/medium.jpg?1560852766,Anacardium occidentale
https://static.inaturalist.org/photos/42479335/medium.jpeg?1561012399,Anacardium occidentale
https://static.inaturalist.org/photos/42489763/medium.jpeg?1561029325,Anacardium occidentale
https://static.inaturalist.org/photos/42598487/medium.jpg?1561132174,Anacardium occidentale
https://static.inaturalist.org/photos/42863440/medium.jpeg?1561337126,Anacardium occidentale
https://static.inaturalist.org/photos/42944419/medium.jpg?1561409415,Anacardium occidentale
https://static.inaturalist.org/photos/43003684/medium.jpeg?1561467614,Anacardium occidentale
https://static.inaturalist.org/photos/43207661/medium.jpeg?1561635611,Anacardium occidentale
https://static.inaturalist.org/photos/43229515/medium.jpeg?1561653749,Anacardium occidentale
https://static.inaturalist.org/photos/43247551/medium.jpeg?1561666252,Anacardium occidentale
https://static.inaturalist.org/photos/43389579/medium.jpeg?1561803156,Anacardium occidentale
https://static.inaturalist.org/photos/43805005/medium.jpeg?1562161394,Anacardium occidentale
https://static.inaturalist.org/photos/43817126/medium.jpeg?1562171216,Anacardium occidentale
https://static.inaturalist.org/photos/43820976/medium.jpeg?1562174062,Anacardium occidentale
https://static.inaturalist.org/photos/43979526/medium.jpg?1562320234,Anacardium occidentale
https://static.inaturalist.org/photos/44804130/medium.jpeg?1563026607,Anacardium occidentale
https://static.inaturalist.org/photos/44831626/medium.jpeg?1563043738,Anacardium occidentale
https://static.inaturalist.org/photos/44853379/medium.jpeg?1563057150,Anacardium occidentale
https://static.inaturalist.org/photos/44890714/medium.jpeg?1563089900,Anacardium occidentale
https://static.inaturalist.org/photos/45065089/medium.jpg?1563227350,Anacardium occidentale
https://static.inaturalist.org/photos/45194341/medium.jpeg?1563325868,Anacardium occidentale
https://static.inaturalist.org/photos/45639088/medium.jpeg?1563725993,Anacardium occidentale
https://static.inaturalist.org/photos/45965378/medium.jpeg?1563987650,Anacardium occidentale
https://static.inaturalist.org/photos/45965411/medium.jpeg?1563987670,Anacardium occidentale
https://static.inaturalist.org/photos/46604508/medium.jpeg?1564489694,Anacardium occidentale
https://static.inaturalist.org/photos/46133351/medium.jpeg?1564113838,Anacardium occidentale
https://static.inaturalist.org/photos/46134014/medium.jpeg?1564114290,Anacardium occidentale
https://static.inaturalist.org/photos/46369847/medium.jpeg?1564318899,Anacardium occidentale
https://static.inaturalist.org/photos/46584524/medium.jpeg?1564461738,Anacardium occidentale
https://static.inaturalist.org/photos/46856174/medium.jpeg?1564696258,Anacardium occidentale
https://static.inaturalist.org/photos/46920433/medium.jpeg?1564761179,Anacardium occidentale
https://static.inaturalist.org/photos/47002355/medium.jpeg?1564836424,Anacardium occidentale
https://static.inaturalist.org/photos/47163171/medium.jpeg?1564949408,Anacardium occidentale
https://static.inaturalist.org/photos/47334949/medium.jpeg?1565095666,Anacardium occidentale
https://static.inaturalist.org/photos/47335029/medium.jpeg?1565095755,Anacardium occidentale
https://static.inaturalist.org/photos/47609451/medium.jpg?1565344101,Anacardium occidentale
https://static.inaturalist.org/photos/47712275/medium.jpeg?1565442911,Anacardium occidentale
https://static.inaturalist.org/photos/48051844/medium.jpeg?1565699711,Anacardium occidentale
https://static.inaturalist.org/photos/48062323/medium.jpg?1565708208,Anacardium occidentale
https://static.inaturalist.org/photos/48142688/medium.jpeg?1565773940,Anacardium occidentale
https://static.inaturalist.org/photos/48228016/medium.jpeg?1565838771,Anacardium occidentale
https://static.inaturalist.org/photos/48726465/medium.jpeg?1566262987,Anacardium occidentale
https://static.inaturalist.org/photos/48737345/medium.jpeg?1566270426,Anacardium occidentale
https://static.inaturalist.org/photos/48791074/medium.jpeg?1566325597,Anacardium occidentale
https://static.inaturalist.org/photos/48791586/medium.jpeg?1566325970,Anacardium occidentale
https://static.inaturalist.org/photos/48791567/medium.jpeg?1566325959,Anacardium occidentale
https://static.inaturalist.org/photos/48915170/medium.jpeg?1566432621,Anacardium occidentale
https://static.inaturalist.org/photos/48930360/medium.jpeg?1566445387,Anacardium occidentale
https://static.inaturalist.org/photos/49030862/medium.jpeg?1566545528,Anacardium occidentale
https://static.inaturalist.org/photos/49124668/medium.jpg?1566634122,Anacardium occidentale
https://static.inaturalist.org/photos/49513507/medium.jpeg?1566930974,Anacardium occidentale
https://static.inaturalist.org/photos/49567245/medium.jpeg?1566972804,Anacardium occidentale
https://static.inaturalist.org/photos/50015651/medium.jpeg?1567355137,Anacardium occidentale
https://static.inaturalist.org/photos/50609749/medium.jpeg?1567874357,Anacardium occidentale
https://static.inaturalist.org/photos/50695467/medium.jpeg?1567933310,Anacardium occidentale
https://static.inaturalist.org/photos/50752044/medium.jpg?1567972509,Anacardium occidentale
https://static.inaturalist.org/photos/50768397/medium.jpg?1567980125,Anacardium occidentale
https://static.inaturalist.org/photos/50790977/medium.jpeg?1567992356,Anacardium occidentale
https://static.inaturalist.org/photos/51615279/medium.jpeg?1568723972,Anacardium occidentale
https://static.inaturalist.org/photos/51634374/medium.jpg?1568739625,Anacardium occidentale
https://static.inaturalist.org/photos/51765580/medium.jpeg?1568847983,Anacardium occidentale
https://static.inaturalist.org/photos/52034496/medium.jpg?1569092078,Anacardium occidentale
https://static.inaturalist.org/photos/52034566/medium.jpg?1569092116,Anacardium occidentale
https://static.inaturalist.org/photos/52449638/medium.jpg?1569448471,Anacardium occidentale
https://static.inaturalist.org/photos/52677304/medium.jpg?1569687982,Anacardium occidentale
https://static.inaturalist.org/photos/52709391/medium.jpeg?1569706437,Anacardium occidentale
https://static.inaturalist.org/photos/52882927/medium.jpg?1569863404,Anacardium occidentale
https://static.inaturalist.org/photos/53315659/medium.jpg?1570308966,Anacardium occidentale
https://static.inaturalist.org/photos/53348640/medium.jpg?1570333585,Anacardium occidentale
https://static.inaturalist.org/photos/53379091/medium.jpeg?1570373032,Anacardium occidentale
https://static.inaturalist.org/photos/53459581/medium.jpeg?1570430696,Anacardium occidentale
https://static.inaturalist.org/photos/53533720/medium.jpg?1570497817,Anacardium occidentale
https://static.inaturalist.org/photos/53548221/medium.jpeg?1570514033,Anacardium occidentale
https://static.inaturalist.org/photos/53608114/medium.jpg?1570573278,Anacardium occidentale
https://static.inaturalist.org/photos/53732584/medium.jpg?1570721984,Anacardium occidentale
https://static.inaturalist.org/photos/53737361/medium.jpeg?1570726073,Anacardium occidentale
https://static.inaturalist.org/photos/54213413/medium.jpeg?1571212685,Anacardium occidentale
https://static.inaturalist.org/photos/54214004/medium.jpeg?1571213156,Anacardium occidentale
https://static.inaturalist.org/photos/54214067/medium.jpg?1571213215,Anacardium occidentale
https://static.inaturalist.org/photos/54299982/medium.jpg?1571325137,Anacardium occidentale
https://static.inaturalist.org/photos/54586339/medium.jpeg?1571620142,Anacardium occidentale
https://static.inaturalist.org/photos/54961690/medium.jpg?1572035992,Anacardium occidentale
https://static.inaturalist.org/photos/55286763/medium.jpeg?1572407443,Anacardium occidentale
https://static.inaturalist.org/photos/55537420/medium.jpeg?1572782620,Anacardium occidentale
https://static.inaturalist.org/photos/55603407/medium.jpg?1572842011,Anacardium occidentale
https://static.inaturalist.org/photos/55671417/medium.jpg?1572921856,Anacardium occidentale
https://static.inaturalist.org/photos/55760827/medium.jpeg?1573039772,Anacardium occidentale
https://static.inaturalist.org/photos/55797341/medium.jpeg?1573080877,Anacardium occidentale
https://static.inaturalist.org/photos/55884741/medium.jpg?1573197327,Anacardium occidentale
https://static.inaturalist.org/photos/56179151/medium.jpg?1573584941,Anacardium occidentale
https://static.inaturalist.org/photos/56287094/medium.jpeg?1573758073,Anacardium occidentale
https://static.inaturalist.org/photos/56366973/medium.jpg?1573873234,Anacardium occidentale
https://static.inaturalist.org/photos/57074119/medium.jpeg?1574862945,Anacardium occidentale
https://static.inaturalist.org/photos/57411653/medium.jpeg?1575405469,Anacardium occidentale
https://static.inaturalist.org/photos/57542256/medium.jpg?1575636530,Anacardium occidentale
https://static.inaturalist.org/photos/57542450/medium.jpg?1575637060,Anacardium occidentale
https://static.inaturalist.org/photos/57607544/medium.jpg?1575749642,Anacardium occidentale
https://static.inaturalist.org/photos/57730158/medium.jpg?1575933074,Anacardium occidentale
https://static.inaturalist.org/photos/57730365/medium.jpg?1575933307,Anacardium occidentale
https://static.inaturalist.org/photos/57786110/medium.jpeg?1576028997,Anacardium occidentale
https://static.inaturalist.org/photos/57806478/medium.jpeg?1576075364,Anacardium occidentale
https://static.inaturalist.org/photos/57918421/medium.jpg?1576270033,Anacardium occidentale
https://static.inaturalist.org/photos/58021948/medium.jpg?1576445983,Anacardium occidentale
https://static.inaturalist.org/photos/58240370/medium.jpeg?1576870300,Anacardium occidentale
https://static.inaturalist.org/photos/58282963/medium.jpeg?1576953065,Anacardium occidentale
https://static.inaturalist.org/photos/58329432/medium.jpeg?1577033017,Anacardium occidentale
https://static.inaturalist.org/photos/58387107/medium.jpg?1577126883,Anacardium occidentale
https://static.inaturalist.org/photos/58507892/medium.jpg?1577335676,Anacardium occidentale
https://static.inaturalist.org/photos/58565005/medium.jpeg?1577422863,Anacardium occidentale
https://static.inaturalist.org/photos/58569041/medium.jpg?1577431637,Anacardium occidentale
https://static.inaturalist.org/photos/58705646/medium.jpeg?1577642369,Anacardium occidentale
https://static.inaturalist.org/photos/59196941/medium.jpg?1578350429,Anacardium occidentale
https://static.inaturalist.org/photos/59618984/medium.jpg?1579022907,Anacardium occidentale
https://static.inaturalist.org/photos/59930109/medium.jpeg?1579479162,Anacardium occidentale
https://static.inaturalist.org/photos/60068424/medium.jpeg?1579690633,Anacardium occidentale
https://static.inaturalist.org/photos/67302952/medium.jpg?1587131879,Anacardium occidentale
https://static.inaturalist.org/photos/60235759/medium.jpg?1579963810,Anacardium occidentale
https://static.inaturalist.org/photos/60274308/medium.jpg?1580001455,Anacardium occidentale
https://static.inaturalist.org/photos/60951435/medium.jpeg?1580996897,Anacardium occidentale
https://static.inaturalist.org/photos/61137413/medium.jpg?1581260618,Anacardium occidentale
https://static.inaturalist.org/photos/61268753/medium.jpeg?1581440422,Anacardium occidentale
https://static.inaturalist.org/photos/61697307/medium.jpeg?1582000496,Anacardium occidentale
https://static.inaturalist.org/photos/61924879/medium.jpeg?1582332771,Anacardium occidentale
https://static.inaturalist.org/photos/61940197/medium.jpeg?1582357554,Anacardium occidentale
https://static.inaturalist.org/photos/62175063/medium.jpeg?1582647877,Anacardium occidentale
https://static.inaturalist.org/photos/62383295/medium.jpeg?1582930189,Anacardium occidentale
https://static.inaturalist.org/photos/62475086/medium.jpeg?1583031448,Anacardium occidentale
https://static.inaturalist.org/photos/63179566/medium.jpg?1583853494,Anacardium occidentale
https://static.inaturalist.org/photos/62700435/medium.jpg?1583288205,Anacardium occidentale
https://static.inaturalist.org/photos/63133960/medium.jpeg?1583791560,Anacardium occidentale
https://static.inaturalist.org/photos/63167954/medium.jpeg?1583832974,Anacardium occidentale
https://static.inaturalist.org/photos/63244105/medium.jpeg?1583934681,Anacardium occidentale
https://static.inaturalist.org/photos/63411568/medium.jpeg?1584128944,Anacardium occidentale
https://static.inaturalist.org/photos/63463042/medium.jpg?1584192400,Anacardium occidentale
https://static.inaturalist.org/photos/63463258/medium.jpg?1584192642,Anacardium occidentale
https://static.inaturalist.org/photos/63586838/medium.jpg?1584300900,Anacardium occidentale
https://static.inaturalist.org/photos/63905158/medium.jpg?1584617326,Anacardium occidentale
https://static.inaturalist.org/photos/64494555/medium.jpeg?1585129149,Anacardium occidentale
https://static.inaturalist.org/photos/65144304/medium.jpg?1585621090,Anacardium occidentale
https://static.inaturalist.org/photos/65299836/medium.jpeg?1585764365,Anacardium occidentale
https://static.inaturalist.org/photos/65375059/medium.jpeg?1585825942,Anacardium occidentale
https://static.inaturalist.org/photos/65412688/medium.jpeg?1585853089,Anacardium occidentale
https://static.inaturalist.org/photos/65422382/medium.jpeg?1585858345,Anacardium occidentale
https://static.inaturalist.org/photos/66240112/medium.jpeg?1586428169,Anacardium occidentale
https://static.inaturalist.org/photos/66428589/medium.jpeg?1586559300,Anacardium occidentale
https://static.inaturalist.org/photos/66725392/medium.jpeg?1586730420,Anacardium occidentale
https://static.inaturalist.org/photos/66735274/medium.jpg?1586734788,Anacardium occidentale
https://static.inaturalist.org/photos/66815128/medium.jpeg?1586793051,Anacardium occidentale
https://static.inaturalist.org/photos/67480913/medium.jpg?1587236642,Anacardium occidentale
https://static.inaturalist.org/photos/67512910/medium.jpeg?1587249093,Anacardium occidentale
https://static.inaturalist.org/photos/67526508/medium.jpeg?1587254562,Anacardium occidentale
https://static.inaturalist.org/photos/67560627/medium.jpg?1587275551,Anacardium occidentale
https://static.inaturalist.org/photos/67619748/medium.jpeg?1587315711,Anacardium occidentale
https://static.inaturalist.org/photos/67740424/medium.jpeg?1587378541,Anacardium occidentale
https://static.inaturalist.org/photos/67755170/medium.jpg?1587390870,Anacardium occidentale
https://static.inaturalist.org/photos/67764209/medium.jpeg?1587395536,Anacardium occidentale
https://static.inaturalist.org/photos/67803335/medium.jpg?1587412100,Anacardium occidentale
https://static.inaturalist.org/photos/67811023/medium.jpg?1587415577,Anacardium occidentale
https://static.inaturalist.org/photos/67833018/medium.jpeg?1587425077,Anacardium occidentale
https://static.inaturalist.org/photos/67835145/medium.jpeg?1587426098,Anacardium occidentale
https://static.inaturalist.org/photos/67894019/medium.jpeg?1587476031,Anacardium occidentale
https://static.inaturalist.org/photos/67978162/medium.jpeg?1587515044,Anacardium occidentale
https://static.inaturalist.org/photos/67988796/medium.jpg?1587520634,Anacardium occidentale
https://static.inaturalist.org/photos/68007158/medium.jpeg?1587533283,Anacardium occidentale
https://static.inaturalist.org/photos/68370099/medium.jpg?1587730826,Anacardium occidentale
https://static.inaturalist.org/photos/68428843/medium.jpeg?1587744373,Anacardium occidentale
https://static.inaturalist.org/photos/68436492/medium.jpeg?1587745722,Anacardium occidentale
https://static.inaturalist.org/photos/68436459/medium.jpeg?1587745719,Anacardium occidentale
https://static.inaturalist.org/photos/68471371/medium.jpeg?1587752065,Anacardium occidentale
https://static.inaturalist.org/photos/68477356/medium.jpeg?1587753053,Anacardium occidentale
https://static.inaturalist.org/photos/68482612/medium.jpeg?1587753947,Anacardium occidentale
https://static.inaturalist.org/photos/68540900/medium.jpeg?1587764008,Anacardium occidentale
https://static.inaturalist.org/photos/68541746/medium.jpeg?1587764152,Anacardium occidentale
https://static.inaturalist.org/photos/68555711/medium.jpeg?1587766547,Anacardium occidentale
https://static.inaturalist.org/photos/68563935/medium.jpeg?1587767994,Anacardium occidentale
https://static.inaturalist.org/photos/68589032/medium.jpg?1587772550,Anacardium occidentale
https://static.inaturalist.org/photos/68785356/medium.jpg?1587828196,Anacardium occidentale
https://static.inaturalist.org/photos/68800247/medium.jpeg?1587830506,Anacardium occidentale
https://static.inaturalist.org/photos/68828235/medium.jpg?1587834624,Anacardium occidentale
https://static.inaturalist.org/photos/68869458/medium.jpeg?1587840094,Anacardium occidentale
https://static.inaturalist.org/photos/68884802/medium.jpg?1587842047,Anacardium occidentale
https://static.inaturalist.org/photos/68910864/medium.jpg?1587845477,Anacardium occidentale
https://static.inaturalist.org/photos/68959019/medium.jpeg?1587851720,Anacardium occidentale
https://static.inaturalist.org/photos/68958809/medium.jpeg?1587851691,Anacardium occidentale
https://static.inaturalist.org/photos/68962687/medium.jpeg?1587852230,Anacardium occidentale
https://static.inaturalist.org/photos/68963577/medium.jpeg?1587852353,Anacardium occidentale
https://static.inaturalist.org/photos/68971594/medium.jpeg?1587853563,Anacardium occidentale
https://static.inaturalist.org/photos/69039169/medium.jpg?1587865639,Anacardium occidentale
https://static.inaturalist.org/photos/69047572/medium.jpeg?1587867259,Anacardium occidentale
https://static.inaturalist.org/photos/69058655/medium.jpeg?1587869469,Anacardium occidentale
https://static.inaturalist.org/photos/69057742/medium.jpeg?1587869280,Anacardium occidentale
https://static.inaturalist.org/photos/69077957/medium.jpg?1587873903,Anacardium occidentale
https://static.inaturalist.org/photos/69097377/medium.jpeg?1587879640,Anacardium occidentale
https://static.inaturalist.org/photos/69141254/medium.jpeg?1587897345,Anacardium occidentale
https://static.inaturalist.org/photos/69141534/medium.jpeg?1587897422,Anacardium occidentale
https://static.inaturalist.org/photos/69141830/medium.jpeg?1587897516,Anacardium occidentale
https://static.inaturalist.org/photos/69180346/medium.jpg?1587907479,Anacardium occidentale
https://static.inaturalist.org/photos/69196629/medium.jpeg?1587910757,Anacardium occidentale
https://static.inaturalist.org/photos/69198836/medium.jpg?1587911128,Anacardium occidentale
https://static.inaturalist.org/photos/69224714/medium.jpeg?1587915205,Anacardium occidentale
https://static.inaturalist.org/photos/69234326/medium.jpeg?1587916610,Anacardium occidentale
https://static.inaturalist.org/photos/69240916/medium.jpeg?1587917607,Anacardium occidentale
https://static.inaturalist.org/photos/69239591/medium.jpeg?1587917401,Anacardium occidentale
https://static.inaturalist.org/photos/69269229/medium.jpeg?1587921829,Anacardium occidentale
https://static.inaturalist.org/photos/69277041/medium.jpg?1587922924,Anacardium occidentale
https://static.inaturalist.org/photos/69280824/medium.jpg?1587923432,Anacardium occidentale
https://static.inaturalist.org/photos/69315545/medium.jpeg?1587928490,Anacardium occidentale
https://static.inaturalist.org/photos/69316222/medium.jpg?1587928586,Anacardium occidentale
https://static.inaturalist.org/photos/69337345/medium.jpeg?1587931553,Anacardium occidentale
https://static.inaturalist.org/photos/69354833/medium.jpeg?1587933991,Anacardium occidentale
https://static.inaturalist.org/photos/69375927/medium.jpeg?1587936920,Anacardium occidentale
https://static.inaturalist.org/photos/69412045/medium.jpeg?1587942220,Anacardium occidentale
https://static.inaturalist.org/photos/69417875/medium.jpeg?1587943120,Anacardium occidentale
https://static.inaturalist.org/photos/69480422/medium.jpeg?1587953688,Anacardium occidentale
https://static.inaturalist.org/photos/69521867/medium.jpeg?1587963653,Anacardium occidentale
https://static.inaturalist.org/photos/69525656/medium.jpeg?1587964884,Anacardium occidentale
https://static.inaturalist.org/photos/69561925/medium.jpg?1587982009,Anacardium occidentale
https://static.inaturalist.org/photos/69592206/medium.jpg?1587993214,Anacardium occidentale
https://static.inaturalist.org/photos/69612216/medium.jpg?1587997805,Anacardium occidentale
https://static.inaturalist.org/photos/69646161/medium.jpeg?1588004019,Anacardium occidentale
https://static.inaturalist.org/photos/69649738/medium.jpeg?1588004658,Anacardium occidentale
https://static.inaturalist.org/photos/69739632/medium.jpg?1588019503,Anacardium occidentale
https://static.inaturalist.org/photos/69736277/medium.jpeg?1588018979,Anacardium occidentale
https://static.inaturalist.org/photos/69808679/medium.jpeg?1588031214,Anacardium occidentale
https://static.inaturalist.org/photos/69851539/medium.jpeg?1588038691,Anacardium occidentale
https://static.inaturalist.org/photos/69880439/medium.jpeg?1588044626,Anacardium occidentale
https://static.inaturalist.org/photos/69893434/medium.jpg?1588047991,Anacardium occidentale
https://static.inaturalist.org/photos/69912799/medium.jpg?1588055872,Anacardium occidentale
https://static.inaturalist.org/photos/69946541/medium.jpeg?1588078199,Anacardium occidentale
https://static.inaturalist.org/photos/70057750/medium.jpg?1588113743,Anacardium occidentale
https://static.inaturalist.org/photos/70082726/medium.jpg?1588121824,Anacardium occidentale
https://static.inaturalist.org/photos/70149512/medium.jpg?1588163546,Anacardium occidentale
https://static.inaturalist.org/photos/70283559/medium.jpeg?1588213090,Anacardium occidentale
https://static.inaturalist.org/photos/70335181/medium.jpeg?1588251243,Anacardium occidentale
https://static.inaturalist.org/photos/70558527/medium.jpeg?1588358896,Anacardium occidentale
https://static.inaturalist.org/photos/70625699/medium.jpg?1588384940,Anacardium occidentale
https://static.inaturalist.org/photos/71153199/medium.jpeg?1588607015,Anacardium occidentale
https://static.inaturalist.org/photos/71360121/medium.jpeg?1588710591,Anacardium occidentale
https://static.inaturalist.org/photos/71789282/medium.jpeg?1588954597,Anacardium occidentale
https://static.inaturalist.org/photos/71846767/medium.jpg?1588976890,Anacardium occidentale
https://static.inaturalist.org/photos/71986568/medium.jpeg?1589052505,Anacardium occidentale
https://static.inaturalist.org/photos/75672342/medium.jpeg?1590731274,Anacardium occidentale
https://static.inaturalist.org/photos/73509527/medium.jpeg?1589784244,Anacardium occidentale
https://static.inaturalist.org/photos/73715378/medium.jpg?1589889233,Anacardium occidentale
https://static.inaturalist.org/photos/73885871/medium.jpg?1589968894,Anacardium occidentale
https://static.inaturalist.org/photos/74046497/medium.jpg?1590033313,Anacardium occidentale
https://static.inaturalist.org/photos/74341113/medium.jpeg?1590174626,Anacardium occidentale
https://static.inaturalist.org/photos/74398559/medium.jpeg?1590194693,Anacardium occidentale
https://static.inaturalist.org/photos/74591204/medium.jpg?1590272582,Anacardium occidentale
https://static.inaturalist.org/photos/74954765/medium.jpeg?1590413146,Anacardium occidentale
https://static.inaturalist.org/photos/75194356/medium.jpeg?1590509320,Anacardium occidentale
https://static.inaturalist.org/photos/76317659/medium.jpeg?1591012086,Anacardium occidentale
https://static.inaturalist.org/photos/76366804/medium.jpg?1591030870,Anacardium occidentale
https://static.inaturalist.org/photos/76798208/medium.jpeg?1591236842,Anacardium occidentale
https://static.inaturalist.org/photos/76839319/medium.jpg?1591270610,Anacardium occidentale
https://static.inaturalist.org/photos/76918277/medium.jpg?1591304628,Anacardium occidentale
https://static.inaturalist.org/photos/77027227/medium.jpeg?1591367427,Anacardium occidentale
https://static.inaturalist.org/photos/77028903/medium.jpeg?1591368121,Anacardium occidentale
https://static.inaturalist.org/photos/77113022/medium.jpeg?1591400095,Anacardium occidentale
https://static.inaturalist.org/photos/77142427/medium.jpg?1591412570,Anacardium occidentale
https://static.inaturalist.org/photos/77148515/medium.jpeg?1591415427,Anacardium occidentale
https://static.inaturalist.org/photos/77254904/medium.png?1591467944,Anacardium occidentale
https://static.inaturalist.org/photos/77509367/medium.jpg?1591565813,Anacardium occidentale
https://static.inaturalist.org/photos/77536784/medium.jpeg?1591574459,Anacardium occidentale
https://static.inaturalist.org/photos/78134885/medium.jpeg?1591883140,Anacardium occidentale
https://static.inaturalist.org/photos/78638237/medium.jpeg?1592105346,Anacardium occidentale
https://static.inaturalist.org/photos/78968060/medium.jpeg?1592242646,Anacardium occidentale
https://static.inaturalist.org/photos/79150553/medium.jpeg?1592325887,Anacardium occidentale
https://static.inaturalist.org/photos/79153898/medium.jpeg?1592327152,Anacardium occidentale
https://static.inaturalist.org/photos/79657831/medium.jpeg?1592584454,Anacardium occidentale
https://static.inaturalist.org/photos/80832833/medium.jpeg?1593099662,Anacardium occidentale
https://static.inaturalist.org/photos/81171321/medium.jpeg?1593269925,Anacardium occidentale
https://static.inaturalist.org/photos/81250359/medium.jpg?1593293065,Anacardium occidentale
https://static.inaturalist.org/photos/81369457/medium.jpg?1593352282,Anacardium occidentale
https://static.inaturalist.org/photos/81454844/medium.jpg?1593375589,Anacardium occidentale
https://static.inaturalist.org/photos/81474437/medium.jpeg?1593380658,Anacardium occidentale
https://static.inaturalist.org/photos/82165288/medium.jpeg?1593707143,Anacardium occidentale
https://static.inaturalist.org/photos/82992796/medium.jpeg?1594085297,Anacardium occidentale
https://static.inaturalist.org/photos/83287908/medium.jpeg?1594234826,Anacardium occidentale
https://static.inaturalist.org/photos/83307434/medium.jpeg?1594242309,Anacardium occidentale
https://static.inaturalist.org/photos/83345013/medium.jpeg?1594259487,Anacardium occidentale
https://static.inaturalist.org/photos/83418246/medium.jpg?1594306946,Anacardium occidentale
https://static.inaturalist.org/photos/83886622/medium.jpeg?1594521779,Anacardium occidentale
https://static.inaturalist.org/photos/84520858/medium.jpeg?1594819714,Anacardium occidentale
https://static.inaturalist.org/photos/84672698/medium.jpeg?1594895728,Anacardium occidentale
https://static.inaturalist.org/photos/85370322/medium.jpeg?1595202339,Anacardium occidentale
https://static.inaturalist.org/photos/85537669/medium.jpeg?1595279724,Anacardium occidentale
https://static.inaturalist.org/photos/86362529/medium.jpeg?1595692464,Anacardium occidentale
https://static.inaturalist.org/photos/86405941/medium.jpeg?1595704672,Anacardium occidentale
