image_url,scientific_name
https://static.inaturalist.org/photos/34571/medium.jpg?1444321757,Cucurbita palmata
https://static.inaturalist.org/photos/226438/medium.JPG?1356968011,Cucurbita palmata
https://static.inaturalist.org/photos/320717/medium.jpg?1367965815,Cucurbita palmata
https://static.inaturalist.org/photos/390431/medium.jpg?1444672646,Cucurbita palmata
https://static.inaturalist.org/photos/395262/medium.jpg?1444792795,Cucurbita palmata
https://static.inaturalist.org/photos/502294/medium.JPG?1379462149,Cucurbita palmata
https://static.inaturalist.org/photos/683294/medium.jpg?1444452496,Cucurbita palmata
https://static.inaturalist.org/photos/719418/medium.jpg?1444485687,Cucurbita palmata
https://static.inaturalist.org/photos/722304/medium.jpg?1444487431,Cucurbita palmata
https://static.inaturalist.org/photos/818096/medium.jpg?1444747628,Cucurbita palmata
https://static.inaturalist.org/photos/1015905/medium.JPG?1406579673,Cucurbita palmata
https://static.inaturalist.org/photos/1015939/medium.JPG?1407954930,Cucurbita palmata
https://static.inaturalist.org/photos/1165509/medium.JPG?1412738906,Cucurbita palmata
https://static.inaturalist.org/photos/1174463/medium.jpg?1413059852,Cucurbita palmata
https://static.inaturalist.org/photos/1312211/medium.JPG?1414629026,Cucurbita palmata
https://static.inaturalist.org/photos/1473034/medium.JPG?1420775594,Cucurbita palmata
https://static.inaturalist.org/photos/1587681/medium.jpg?1499384411,Cucurbita palmata
https://static.inaturalist.org/photos/1596751/medium.jpg?1444337051,Cucurbita palmata
https://static.inaturalist.org/photos/1674027/medium.jpg?1444426111,Cucurbita palmata
https://static.inaturalist.org/photos/1763558/medium.JPG?1430014594,Cucurbita palmata
https://static.inaturalist.org/photos/1829087/medium.jpg?1431301818,Cucurbita palmata
https://static.inaturalist.org/photos/1980229/medium.jpg?1433863174,Cucurbita palmata
https://static.inaturalist.org/photos/2074777/medium.JPG?1435769735,Cucurbita palmata
https://static.inaturalist.org/photos/2391243/medium.jpg?1444578326,Cucurbita palmata
https://static.inaturalist.org/photos/2472091/medium.jpg?1443922365,Cucurbita palmata
https://static.inaturalist.org/photos/2522588/medium.jpg?1444789558,Cucurbita palmata
https://static.inaturalist.org/photos/2604606/medium.jpg?1446577402,Cucurbita palmata
https://static.inaturalist.org/photos/2649810/medium.jpg?1447465089,Cucurbita palmata
https://static.inaturalist.org/photos/2652690/medium.jpg?1447535962,Cucurbita palmata
https://static.inaturalist.org/photos/2694852/medium.jpg?1448344600,Cucurbita palmata
https://static.inaturalist.org/photos/2756965/medium.jpg?1449681195,Cucurbita palmata
https://static.inaturalist.org/photos/2794465/medium.JPG?1450613773,Cucurbita palmata
https://static.inaturalist.org/photos/2904530/medium.JPG?1453265583,Cucurbita palmata
https://static.inaturalist.org/photos/2924729/medium.JPG?1453695049,Cucurbita palmata
https://static.inaturalist.org/photos/2924953/medium.JPG?1453700646,Cucurbita palmata
https://static.inaturalist.org/photos/3019111/medium.jpg?1455567397,Cucurbita palmata
https://static.inaturalist.org/photos/3248610/medium.jpg?1459277160,Cucurbita palmata
https://static.inaturalist.org/photos/3307827/medium.jpeg?1459999941,Cucurbita palmata
https://static.inaturalist.org/photos/3358506/medium.JPG?1460597243,Cucurbita palmata
https://static.inaturalist.org/photos/3524138/medium.jpg?1461981494,Cucurbita palmata
https://static.inaturalist.org/photos/3558501/medium.jpg?1462239659,Cucurbita palmata
https://static.inaturalist.org/photos/8152186/medium.jpeg?1496279333,Cucurbita palmata
https://static.inaturalist.org/photos/3816395/medium.jpeg?1464218272,Cucurbita palmata
https://static.inaturalist.org/photos/3816575/medium.jpeg?1464220052,Cucurbita palmata
https://static.inaturalist.org/photos/3869685/medium.jpg?1464732631,Cucurbita palmata
https://static.inaturalist.org/photos/4738211/medium.jpeg?1472758004,Cucurbita palmata
https://static.inaturalist.org/photos/4877671/medium.jpg?1473821508,Cucurbita palmata
https://static.inaturalist.org/photos/4889681/medium.jpeg?1473914921,Cucurbita palmata
https://static.inaturalist.org/photos/4889807/medium.jpeg?1473915299,Cucurbita palmata
https://static.inaturalist.org/photos/5026165/medium.jpeg?1474956245,Cucurbita palmata
https://static.inaturalist.org/photos/5032442/medium.jpeg?1475008105,Cucurbita palmata
https://static.inaturalist.org/photos/5046159/medium.jpeg?1475097037,Cucurbita palmata
https://static.inaturalist.org/photos/5087152/medium.jpg?1475429327,Cucurbita palmata
https://static.inaturalist.org/photos/5254085/medium.jpeg?1476739962,Cucurbita palmata
https://static.inaturalist.org/photos/5362854/medium.jpg?1477680328,Cucurbita palmata
https://static.inaturalist.org/photos/5654133/medium.jpeg?1480547956,Cucurbita palmata
https://static.inaturalist.org/photos/5709088/medium.jpg?1480990042,Cucurbita palmata
https://static.inaturalist.org/photos/5973135/medium.jpeg?1483805134,Cucurbita palmata
https://static.inaturalist.org/photos/6001638/medium.jpeg?1484091478,Cucurbita palmata
https://static.inaturalist.org/photos/6182652/medium.jpeg?1486093311,Cucurbita palmata
https://static.inaturalist.org/photos/6272905/medium.jpg?1487009503,Cucurbita palmata
https://static.inaturalist.org/photos/6312170/medium.jpeg?1487447547,Cucurbita palmata
https://static.inaturalist.org/photos/6640424/medium.jpg?1489973364,Cucurbita palmata
https://static.inaturalist.org/photos/6681819/medium.jpeg?1490242502,Cucurbita palmata
https://static.inaturalist.org/photos/7268257/medium.jpg?1492567201,Cucurbita palmata
https://static.inaturalist.org/photos/7382714/medium.jpg?1492922991,Cucurbita palmata
https://static.inaturalist.org/photos/7402828/medium.jpg?1493000755,Cucurbita palmata
https://static.inaturalist.org/photos/7800260/medium.jpg?1494794229,Cucurbita palmata
https://static.inaturalist.org/photos/7936544/medium.jpeg?1495387189,Cucurbita palmata
https://static.inaturalist.org/photos/8339934/medium.jpg?1497103215,Cucurbita palmata
https://static.inaturalist.org/photos/8380037/medium.jpg?1497233186,Cucurbita palmata
https://static.inaturalist.org/photos/8796909/medium.jpg?1499040868,Cucurbita palmata
https://static.inaturalist.org/photos/8797149/medium.jpg?1499041432,Cucurbita palmata
https://static.inaturalist.org/photos/8797253/medium.jpg?1499041711,Cucurbita palmata
https://static.inaturalist.org/photos/8867133/medium.jpeg?1499312393,Cucurbita palmata
https://static.inaturalist.org/photos/9101334/medium.jpg?1500260143,Cucurbita palmata
https://static.inaturalist.org/photos/9967399/medium.jpg?1503530002,Cucurbita palmata
https://static.inaturalist.org/photos/9991296/medium.jpeg?1503619982,Cucurbita palmata
https://static.inaturalist.org/photos/10149309/medium.jpg?1504236481,Cucurbita palmata
https://static.inaturalist.org/photos/10225427/medium.jpg?1504551881,Cucurbita palmata
https://static.inaturalist.org/photos/10303684/medium.jpeg?1504834309,Cucurbita palmata
https://static.inaturalist.org/photos/10389065/medium.jpg?1505159927,Cucurbita palmata
https://static.inaturalist.org/photos/10392678/medium.jpg?1505169358,Cucurbita palmata
https://static.inaturalist.org/photos/10394869/medium.jpeg?1505174435,Cucurbita palmata
https://static.inaturalist.org/photos/10734713/medium.jpg?1506376111,Cucurbita palmata
https://static.inaturalist.org/photos/10738791/medium.jpg?1506385763,Cucurbita palmata
https://static.inaturalist.org/photos/10739202/medium.jpeg?1506386749,Cucurbita palmata
https://static.inaturalist.org/photos/10968169/medium.jpeg?1507218422,Cucurbita palmata
https://static.inaturalist.org/photos/10994463/medium.jpg?1507327346,Cucurbita palmata
https://static.inaturalist.org/photos/11022096/medium.jpg?1507420909,Cucurbita palmata
https://static.inaturalist.org/photos/11047099/medium.jpg?1507506238,Cucurbita palmata
https://static.inaturalist.org/photos/11047438/medium.jpg?1507506854,Cucurbita palmata
https://static.inaturalist.org/photos/11048920/medium.jpg?1507509668,Cucurbita palmata
https://static.inaturalist.org/photos/11049098/medium.jpg?1507510164,Cucurbita palmata
https://static.inaturalist.org/photos/11049212/medium.jpg?1507510459,Cucurbita palmata
https://static.inaturalist.org/photos/11054083/medium.jpg?1507523393,Cucurbita palmata
https://static.inaturalist.org/photos/11249819/medium.jpg?1508272271,Cucurbita palmata
https://static.inaturalist.org/photos/11255864/medium.jpg?1508289050,Cucurbita palmata
https://static.inaturalist.org/photos/11359505/medium.jpg?1508712017,Cucurbita palmata
https://static.inaturalist.org/photos/11375187/medium.jpg?1508778022,Cucurbita palmata
https://static.inaturalist.org/photos/11379503/medium.jpg?1508790201,Cucurbita palmata
https://static.inaturalist.org/photos/11494655/medium.jpeg?1509262463,Cucurbita palmata
https://static.inaturalist.org/photos/11518060/medium.jpeg?1509338367,Cucurbita palmata
https://static.inaturalist.org/photos/11551551/medium.jpg?1509469965,Cucurbita palmata
https://static.inaturalist.org/photos/11903225/medium.jpg?1511055035,Cucurbita palmata
https://static.inaturalist.org/photos/11904001/medium.jpg?1511057331,Cucurbita palmata
https://static.inaturalist.org/photos/11946205/medium.jpg?1511239833,Cucurbita palmata
https://static.inaturalist.org/photos/12003216/medium.jpg?1511503639,Cucurbita palmata
https://static.inaturalist.org/photos/12007950/medium.jpg?1511542103,Cucurbita palmata
https://static.inaturalist.org/photos/12137449/medium.jpg?1512099952,Cucurbita palmata
https://static.inaturalist.org/photos/12175538/medium.jpg?1512276906,Cucurbita palmata
https://static.inaturalist.org/photos/12175559/medium.jpg?1512276987,Cucurbita palmata
https://static.inaturalist.org/photos/12209964/medium.jpeg?1512423593,Cucurbita palmata
https://static.inaturalist.org/photos/12227681/medium.jpg?1512513475,Cucurbita palmata
https://static.inaturalist.org/photos/12248331/medium.jpeg?1512607595,Cucurbita palmata
https://static.inaturalist.org/photos/12332514/medium.jpeg?1513022247,Cucurbita palmata
https://static.inaturalist.org/photos/12415258/medium.jpg?1513480865,Cucurbita palmata
https://static.inaturalist.org/photos/12525892/medium.jpg?1514138103,Cucurbita palmata
https://static.inaturalist.org/photos/12572143/medium.jpg?1514419181,Cucurbita palmata
https://static.inaturalist.org/photos/12585971/medium.jpeg?1514488655,Cucurbita palmata
https://static.inaturalist.org/photos/12606486/medium.jpg?1514585525,Cucurbita palmata
https://static.inaturalist.org/photos/12752730/medium.jpg?1515283517,Cucurbita palmata
https://static.inaturalist.org/photos/12796637/medium.jpg?1515469823,Cucurbita palmata
https://static.inaturalist.org/photos/12828418/medium.jpeg?1515649450,Cucurbita palmata
https://static.inaturalist.org/photos/13020144/medium.jpg?1516499764,Cucurbita palmata
https://static.inaturalist.org/photos/13023561/medium.jpeg?1516510509,Cucurbita palmata
https://static.inaturalist.org/photos/13038631/medium.jpg?1516575393,Cucurbita palmata
https://static.inaturalist.org/photos/13051022/medium.jpg?1516635557,Cucurbita palmata
https://static.inaturalist.org/photos/13051023/medium.jpg?1516635583,Cucurbita palmata
https://static.inaturalist.org/photos/13051044/medium.jpg?1516635757,Cucurbita palmata
https://static.inaturalist.org/photos/13051334/medium.jpeg?1516637195,Cucurbita palmata
https://static.inaturalist.org/photos/13086475/medium.jpeg?1516757760,Cucurbita palmata
https://static.inaturalist.org/photos/13088077/medium.jpg?1516760927,Cucurbita palmata
https://static.inaturalist.org/photos/13088128/medium.jpg?1516760997,Cucurbita palmata
https://static.inaturalist.org/photos/13086462/medium.jpg?1516757727,Cucurbita palmata
https://static.inaturalist.org/photos/13086459/medium.jpg?1516757719,Cucurbita palmata
https://static.inaturalist.org/photos/13086506/medium.jpg?1516757811,Cucurbita palmata
https://static.inaturalist.org/photos/13123240/medium.jpg?1516931224,Cucurbita palmata
https://static.inaturalist.org/photos/13127250/medium.jpg?1516948334,Cucurbita palmata
https://static.inaturalist.org/photos/13127466/medium.jpg?1516949198,Cucurbita palmata
https://static.inaturalist.org/photos/13160289/medium.jpg?1517104030,Cucurbita palmata
https://static.inaturalist.org/photos/13179803/medium.jpg?1517182857,Cucurbita palmata
https://static.inaturalist.org/photos/13247127/medium.jpg?1517455605,Cucurbita palmata
https://static.inaturalist.org/photos/13268912/medium.jpg?1517565057,Cucurbita palmata
https://static.inaturalist.org/photos/13270865/medium.jpg?1517583754,Cucurbita palmata
https://static.inaturalist.org/photos/13314117/medium.jpg?1517771756,Cucurbita palmata
https://static.inaturalist.org/photos/13416190/medium.jpg?1518225630,Cucurbita palmata
https://static.inaturalist.org/photos/13502719/medium.jpg?1518616383,Cucurbita palmata
https://static.inaturalist.org/photos/13530863/medium.jpg?1518739707,Cucurbita palmata
https://static.inaturalist.org/photos/13723990/medium.jpg?1519527588,Cucurbita palmata
https://static.inaturalist.org/photos/13741838/medium.jpg?1519600433,Cucurbita palmata
https://static.inaturalist.org/photos/13756181/medium.jpg?1519657425,Cucurbita palmata
https://static.inaturalist.org/photos/13756182/medium.jpg?1519657430,Cucurbita palmata
https://static.inaturalist.org/photos/13768458/medium.jpg?1519694457,Cucurbita palmata
https://static.inaturalist.org/photos/13768781/medium.jpg?1519695779,Cucurbita palmata
https://static.inaturalist.org/photos/13907366/medium.jpeg?1520217169,Cucurbita palmata
https://static.inaturalist.org/photos/14018963/medium.jpg?1520638275,Cucurbita palmata
https://static.inaturalist.org/photos/14085653/medium.jpg?1520825390,Cucurbita palmata
https://static.inaturalist.org/photos/14085645/medium.jpg?1520825363,Cucurbita palmata
https://static.inaturalist.org/photos/14096235/medium.jpeg?1520869430,Cucurbita palmata
https://static.inaturalist.org/photos/14438076/medium.jpg?1521926177,Cucurbita palmata
https://static.inaturalist.org/photos/14544727/medium.jpg?1522203941,Cucurbita palmata
https://static.inaturalist.org/photos/14579191/medium.jpeg?1522298489,Cucurbita palmata
https://static.inaturalist.org/photos/14618720/medium.jpg?1522425713,Cucurbita palmata
https://static.inaturalist.org/photos/14710555/medium.jpg?1522631748,Cucurbita palmata
https://static.inaturalist.org/photos/14737018/medium.jpg?1522697028,Cucurbita palmata
https://static.inaturalist.org/photos/14925353/medium.jpg?1523139868,Cucurbita palmata
https://static.inaturalist.org/photos/14969312/medium.jpg?1523230262,Cucurbita palmata
https://static.inaturalist.org/photos/14971485/medium.jpg?1523232828,Cucurbita palmata
https://static.inaturalist.org/photos/15382217/medium.jpg?1523759550,Cucurbita palmata
https://static.inaturalist.org/photos/15646996/medium.jpg?1524000425,Cucurbita palmata
https://static.inaturalist.org/photos/15696029/medium.jpg?1524041289,Cucurbita palmata
https://static.inaturalist.org/photos/15773970/medium.jpg?1524104302,Cucurbita palmata
https://static.inaturalist.org/photos/16138389/medium.jpg?1524426907,Cucurbita palmata
https://static.inaturalist.org/photos/16235050/medium.jpg?1524577556,Cucurbita palmata
https://static.inaturalist.org/photos/16236194/medium.jpg?1524579799,Cucurbita palmata
https://static.inaturalist.org/photos/16311387/medium.jpg?1524700634,Cucurbita palmata
https://static.inaturalist.org/photos/16448303/medium.jpg?1524853570,Cucurbita palmata
https://static.inaturalist.org/photos/16649954/medium.jpg?1524943967,Cucurbita palmata
https://static.inaturalist.org/photos/17695786/medium.jpeg?1525890060,Cucurbita palmata
https://static.inaturalist.org/photos/17696638/medium.jpeg?1525890779,Cucurbita palmata
https://static.inaturalist.org/photos/17697617/medium.jpeg?1525891950,Cucurbita palmata
https://static.inaturalist.org/photos/17714759/medium.jpeg?1525913411,Cucurbita palmata
https://static.inaturalist.org/photos/17744564/medium.jpg?1525973850,Cucurbita palmata
https://static.inaturalist.org/photos/17756875/medium.jpeg?1525987994,Cucurbita palmata
https://static.inaturalist.org/photos/17792722/medium.jpg?1526057586,Cucurbita palmata
https://static.inaturalist.org/photos/17929303/medium.jpg?1526256105,Cucurbita palmata
https://static.inaturalist.org/photos/18183231/medium.jpg?1526667442,Cucurbita palmata
https://static.inaturalist.org/photos/18268327/medium.jpg?1526793703,Cucurbita palmata
https://static.inaturalist.org/photos/18348893/medium.jpeg?1526914034,Cucurbita palmata
https://static.inaturalist.org/photos/18415615/medium.jpg?1527017255,Cucurbita palmata
https://static.inaturalist.org/photos/18516629/medium.jpeg?1527186128,Cucurbita palmata
https://static.inaturalist.org/photos/18572694/medium.jpeg?1527279545,Cucurbita palmata
https://static.inaturalist.org/photos/18680571/medium.jpg?1527454205,Cucurbita palmata
https://static.inaturalist.org/photos/18789058/medium.jpg?1527619580,Cucurbita palmata
https://static.inaturalist.org/photos/18884027/medium.jpg?1527785735,Cucurbita palmata
https://static.inaturalist.org/photos/19593464/medium.jpg?1528817042,Cucurbita palmata
https://static.inaturalist.org/photos/19648380/medium.jpg?1528905832,Cucurbita palmata
https://static.inaturalist.org/photos/19781291/medium.jpeg?1529126546,Cucurbita palmata
https://static.inaturalist.org/photos/19794874/medium.jpeg?1529162203,Cucurbita palmata
https://static.inaturalist.org/photos/19868111/medium.jpeg?1529257021,Cucurbita palmata
https://static.inaturalist.org/photos/20396981/medium.jpg?1530074720,Cucurbita palmata
https://static.inaturalist.org/photos/20379489/medium.jpg?1530050815,Cucurbita palmata
https://static.inaturalist.org/photos/20382919/medium.jpeg?1530054999,Cucurbita palmata
https://static.inaturalist.org/photos/20693687/medium.jpg?1530566053,Cucurbita palmata
https://static.inaturalist.org/photos/21421094/medium.jpeg?1531704774,Cucurbita palmata
https://static.inaturalist.org/photos/21614278/medium.jpg?1532017752,Cucurbita palmata
https://static.inaturalist.org/photos/22393948/medium.jpg?1533099244,Cucurbita palmata
https://static.inaturalist.org/photos/22972628/medium.jpg?1534038788,Cucurbita palmata
https://static.inaturalist.org/photos/23237426/medium.jpg?1534440531,Cucurbita palmata
https://static.inaturalist.org/photos/23253660/medium.jpg?1534458936,Cucurbita palmata
https://static.inaturalist.org/photos/23862143/medium.jpeg?1535384026,Cucurbita palmata
https://static.inaturalist.org/photos/23967652/medium.jpeg?1535562282,Cucurbita palmata
https://static.inaturalist.org/photos/23968293/medium.jpeg?1535562904,Cucurbita palmata
https://static.inaturalist.org/photos/23978466/medium.jpeg?1535575425,Cucurbita palmata
https://static.inaturalist.org/photos/23981936/medium.jpg?1535579868,Cucurbita palmata
https://static.inaturalist.org/photos/24213227/medium.jpeg?1535934482,Cucurbita palmata
https://static.inaturalist.org/photos/24213789/medium.jpeg?1535935081,Cucurbita palmata
https://static.inaturalist.org/photos/24471549/medium.jpg?1536345337,Cucurbita palmata
https://static.inaturalist.org/photos/24737955/medium.jpg?1536717419,Cucurbita palmata
https://static.inaturalist.org/photos/25300584/medium.jpg?1537555124,Cucurbita palmata
https://static.inaturalist.org/photos/25970685/medium.jpg?1538526749,Cucurbita palmata
https://static.inaturalist.org/photos/26108541/medium.jpg?1538761110,Cucurbita palmata
https://static.inaturalist.org/photos/26166679/medium.jpeg?1538849092,Cucurbita palmata
https://static.inaturalist.org/photos/26331633/medium.jpeg?1539067952,Cucurbita palmata
https://static.inaturalist.org/photos/26378252/medium.jpeg?1539141073,Cucurbita palmata
https://static.inaturalist.org/photos/26395735/medium.jpg?1539183355,Cucurbita palmata
https://static.inaturalist.org/photos/26435798/medium.jpg?1539237318,Cucurbita palmata
https://static.inaturalist.org/photos/27020488/medium.jpg?1540158324,Cucurbita palmata
https://static.inaturalist.org/photos/27170418/medium.jpg?1540414142,Cucurbita palmata
https://static.inaturalist.org/photos/27489817/medium.jpeg?1540992510,Cucurbita palmata
https://static.inaturalist.org/photos/27584535/medium.jpg?1541197251,Cucurbita palmata
https://static.inaturalist.org/photos/27622302/medium.jpg?1541272460,Cucurbita palmata
https://static.inaturalist.org/photos/27846650/medium.jpeg?1541631440,Cucurbita palmata
https://static.inaturalist.org/photos/27945302/medium.jpg?1541797996,Cucurbita palmata
https://static.inaturalist.org/photos/28018680/medium.jpg?1541968206,Cucurbita palmata
https://static.inaturalist.org/photos/28033579/medium.jpeg?1541991765,Cucurbita palmata
https://static.inaturalist.org/photos/28058608/medium.jpg?1542058219,Cucurbita palmata
https://static.inaturalist.org/photos/28072726/medium.jpg?1542087540,Cucurbita palmata
https://static.inaturalist.org/photos/28091341/medium.jpeg?1542146814,Cucurbita palmata
https://static.inaturalist.org/photos/28094262/medium.jpg?1542153604,Cucurbita palmata
https://static.inaturalist.org/photos/28096689/medium.jpg?1542159705,Cucurbita palmata
https://static.inaturalist.org/photos/28097276/medium.jpeg?1542160757,Cucurbita palmata
https://static.inaturalist.org/photos/28226849/medium.jpg?1542501462,Cucurbita palmata
https://static.inaturalist.org/photos/28274985/medium.jpg?1542596509,Cucurbita palmata
https://static.inaturalist.org/photos/28344551/medium.jpg?1542767909,Cucurbita palmata
https://static.inaturalist.org/photos/28375549/medium.jpeg?1542847585,Cucurbita palmata
https://static.inaturalist.org/photos/28532594/medium.jpg?1543197244,Cucurbita palmata
https://static.inaturalist.org/photos/28532613/medium.jpg?1543197267,Cucurbita palmata
https://static.inaturalist.org/photos/28614961/medium.jpeg?1543385543,Cucurbita palmata
https://static.inaturalist.org/photos/28635602/medium.jpeg?1543443458,Cucurbita palmata
https://static.inaturalist.org/photos/28733313/medium.jpg?1543700760,Cucurbita palmata
https://static.inaturalist.org/photos/28851997/medium.jpg?1543974868,Cucurbita palmata
https://static.inaturalist.org/photos/28858070/medium.jpg?1543990079,Cucurbita palmata
https://static.inaturalist.org/photos/28858190/medium.jpg?1543990566,Cucurbita palmata
https://static.inaturalist.org/photos/28912969/medium.jpg?1544142178,Cucurbita palmata
https://static.inaturalist.org/photos/29047056/medium.jpeg?1544476281,Cucurbita palmata
https://static.inaturalist.org/photos/29273665/medium.jpg?1545100414,Cucurbita palmata
https://static.inaturalist.org/photos/29290177/medium.jpg?1545158858,Cucurbita palmata
https://static.inaturalist.org/photos/29462505/medium.jpg?1545610194,Cucurbita palmata
https://static.inaturalist.org/photos/29519095/medium.jpg?1545767951,Cucurbita palmata
https://static.inaturalist.org/photos/29612707/medium.jpg?1546009679,Cucurbita palmata
https://static.inaturalist.org/photos/29732330/medium.jpg?1546282397,Cucurbita palmata
https://static.inaturalist.org/photos/29742554/medium.jpg?1546300200,Cucurbita palmata
https://static.inaturalist.org/photos/29777974/medium.jpg?1546386732,Cucurbita palmata
https://static.inaturalist.org/photos/30631216/medium.jpeg?1548445239,Cucurbita palmata
https://static.inaturalist.org/photos/30738616/medium.jpeg?1548665026,Cucurbita palmata
https://static.inaturalist.org/photos/30837501/medium.jpeg?1548905981,Cucurbita palmata
https://static.inaturalist.org/photos/31073869/medium.jpg?1549426452,Cucurbita palmata
https://static.inaturalist.org/photos/32615568/medium.jpg?1552193384,Cucurbita palmata
https://static.inaturalist.org/photos/33003332/medium.jpg?1552866797,Cucurbita palmata
https://static.inaturalist.org/photos/33528337/medium.jpg?1553659246,Cucurbita palmata
https://static.inaturalist.org/photos/33839403/medium.jpg?1554065502,Cucurbita palmata
https://static.inaturalist.org/photos/34697960/medium.jpeg?1555139269,Cucurbita palmata
https://static.inaturalist.org/photos/34765790/medium.jpg?1555206307,Cucurbita palmata
https://static.inaturalist.org/photos/35382589/medium.jpeg?1555870851,Cucurbita palmata
https://static.inaturalist.org/photos/35539211/medium.jpg?1555993711,Cucurbita palmata
https://static.inaturalist.org/photos/35614469/medium.jpg?1556068198,Cucurbita palmata
https://static.inaturalist.org/photos/35637863/medium.jpg?1556096944,Cucurbita palmata
https://static.inaturalist.org/photos/36270290/medium.jpg?1556387198,Cucurbita palmata
https://static.inaturalist.org/photos/36350858/medium.jpg?1556399747,Cucurbita palmata
https://static.inaturalist.org/photos/36626813/medium.jpg?1556468848,Cucurbita palmata
https://static.inaturalist.org/photos/36634501/medium.jpg?1556469995,Cucurbita palmata
https://static.inaturalist.org/photos/36635033/medium.jpg?1556470070,Cucurbita palmata
https://static.inaturalist.org/photos/37299499/medium.jpg?1556592765,Cucurbita palmata
https://static.inaturalist.org/photos/37341431/medium.jpeg?1556599649,Cucurbita palmata
https://static.inaturalist.org/photos/37348811/medium.jpg?1556601466,Cucurbita palmata
https://static.inaturalist.org/photos/37485797/medium.jpeg?1556673832,Cucurbita palmata
https://static.inaturalist.org/photos/37604874/medium.jpeg?1556747380,Cucurbita palmata
https://static.inaturalist.org/photos/37982411/medium.jpeg?1557023775,Cucurbita palmata
https://static.inaturalist.org/photos/38281433/medium.jpg?1557267256,Cucurbita palmata
https://static.inaturalist.org/photos/38365429/medium.jpg?1557353655,Cucurbita palmata
https://static.inaturalist.org/photos/38365961/medium.jpg?1557354056,Cucurbita palmata
https://static.inaturalist.org/photos/38422552/medium.jpg?1557419294,Cucurbita palmata
https://static.inaturalist.org/photos/38428751/medium.jpg?1557424356,Cucurbita palmata
https://static.inaturalist.org/photos/38433229/medium.jpg?1557428253,Cucurbita palmata
https://static.inaturalist.org/photos/38724777/medium.jpg?1557699894,Cucurbita palmata
https://static.inaturalist.org/photos/38925842/medium.jpeg?1557897667,Cucurbita palmata
https://static.inaturalist.org/photos/39274409/medium.jpg?1558239304,Cucurbita palmata
https://static.inaturalist.org/photos/39343207/medium.jpg?1558300865,Cucurbita palmata
https://static.inaturalist.org/photos/39350759/medium.jpeg?1558305193,Cucurbita palmata
https://static.inaturalist.org/photos/39446906/medium.jpg?1558387234,Cucurbita palmata
https://static.inaturalist.org/photos/39457367/medium.jpeg?1558394828,Cucurbita palmata
https://static.inaturalist.org/photos/39560333/medium.jpg?1558483974,Cucurbita palmata
https://static.inaturalist.org/photos/39576006/medium.jpg?1558495755,Cucurbita palmata
https://static.inaturalist.org/photos/39754689/medium.jpg?1558660712,Cucurbita palmata
https://static.inaturalist.org/photos/39824425/medium.jpg?1558730786,Cucurbita palmata
https://static.inaturalist.org/photos/39924531/medium.jpg?1558812377,Cucurbita palmata
https://static.inaturalist.org/photos/39984652/medium.jpeg?1558852129,Cucurbita palmata
https://static.inaturalist.org/photos/40026912/medium.jpg?1558890459,Cucurbita palmata
https://static.inaturalist.org/photos/40140706/medium.jpg?1558974558,Cucurbita palmata
https://static.inaturalist.org/photos/40473579/medium.jpg?1559258919,Cucurbita palmata
https://static.inaturalist.org/photos/40474761/medium.jpg?1559259786,Cucurbita palmata
https://static.inaturalist.org/photos/40657870/medium.jpg?1559416866,Cucurbita palmata
https://static.inaturalist.org/photos/40847180/medium.jpg?1559543621,Cucurbita palmata
https://static.inaturalist.org/photos/40852661/medium.jpg?1559550883,Cucurbita palmata
https://static.inaturalist.org/photos/41038797/medium.jpg?1559717950,Cucurbita palmata
https://static.inaturalist.org/photos/41114470/medium.jpg?1559789061,Cucurbita palmata
https://static.inaturalist.org/photos/41562991/medium.jpg?1560185089,Cucurbita palmata
https://static.inaturalist.org/photos/41954384/medium.jpg?1560557947,Cucurbita palmata
https://static.inaturalist.org/photos/42272654/medium.jpeg?1560819541,Cucurbita palmata
https://static.inaturalist.org/photos/42312799/medium.jpg?1560867610,Cucurbita palmata
https://static.inaturalist.org/photos/42317006/medium.jpg?1560871011,Cucurbita palmata
https://static.inaturalist.org/photos/42379405/medium.jpg?1560915360,Cucurbita palmata
https://static.inaturalist.org/photos/42595614/medium.jpg?1561130075,Cucurbita palmata
https://static.inaturalist.org/photos/42811017/medium.jpg?1561307387,Cucurbita palmata
https://static.inaturalist.org/photos/43099947/medium.jpg?1561540526,Cucurbita palmata
https://static.inaturalist.org/photos/43241450/medium.jpg?1561662339,Cucurbita palmata
https://static.inaturalist.org/photos/43283413/medium.jpg?1561694406,Cucurbita palmata
https://static.inaturalist.org/photos/43283467/medium.jpg?1561694493,Cucurbita palmata
https://static.inaturalist.org/photos/43348073/medium.jpeg?1561757529,Cucurbita palmata
https://static.inaturalist.org/photos/43412287/medium.jpg?1561823959,Cucurbita palmata
https://static.inaturalist.org/photos/43462501/medium.jpg?1561857646,Cucurbita palmata
https://static.inaturalist.org/photos/43520236/medium.jpg?1561914310,Cucurbita palmata
https://static.inaturalist.org/photos/43647220/medium.jpeg?1562014845,Cucurbita palmata
https://static.inaturalist.org/photos/44157664/medium.jpg?1562460237,Cucurbita palmata
https://static.inaturalist.org/photos/44493991/medium.jpg?1562730588,Cucurbita palmata
https://static.inaturalist.org/photos/44526557/medium.jpg?1562772212,Cucurbita palmata
https://static.inaturalist.org/photos/44751317/medium.jpg?1562969074,Cucurbita palmata
https://static.inaturalist.org/photos/45146940/medium.jpeg?1563295761,Cucurbita palmata
https://static.inaturalist.org/photos/45566035/medium.jpeg?1563662206,Cucurbita palmata
https://static.inaturalist.org/photos/45979453/medium.jpg?1563996046,Cucurbita palmata
https://static.inaturalist.org/photos/46403571/medium.jpg?1564336430,Cucurbita palmata
https://static.inaturalist.org/photos/46554377/medium.jpg?1564439961,Cucurbita palmata
https://static.inaturalist.org/photos/46834092/medium.jpeg?1564682073,Cucurbita palmata
https://static.inaturalist.org/photos/47259021/medium.jpg?1565027480,Cucurbita palmata
https://static.inaturalist.org/photos/48293313/medium.jpg?1565899550,Cucurbita palmata
https://static.inaturalist.org/photos/48399377/medium.jpg?1565992646,Cucurbita palmata
https://static.inaturalist.org/photos/48411311/medium.jpeg?1566000777,Cucurbita palmata
https://static.inaturalist.org/photos/48578772/medium.jpg?1566147082,Cucurbita palmata
https://static.inaturalist.org/photos/48638815/medium.jpg?1566182970,Cucurbita palmata
https://static.inaturalist.org/photos/48659205/medium.jpg?1566210135,Cucurbita palmata
https://static.inaturalist.org/photos/48834102/medium.jpeg?1566358130,Cucurbita palmata
https://static.inaturalist.org/photos/48995635/medium.jpg?1566509442,Cucurbita palmata
https://static.inaturalist.org/photos/49956578/medium.jpeg?1567300019,Cucurbita palmata
https://static.inaturalist.org/photos/49987190/medium.jpg?1567332484,Cucurbita palmata
https://static.inaturalist.org/photos/50075412/medium.jpg?1567388199,Cucurbita palmata
https://static.inaturalist.org/photos/50780674/medium.jpeg?1567986260,Cucurbita palmata
https://static.inaturalist.org/photos/50937657/medium.jpg?1568132874,Cucurbita palmata
https://static.inaturalist.org/photos/50985593/medium.jpg?1568162789,Cucurbita palmata
https://static.inaturalist.org/photos/51089583/medium.jpg?1568253207,Cucurbita palmata
https://static.inaturalist.org/photos/51723777/medium.jpeg?1568821360,Cucurbita palmata
https://static.inaturalist.org/photos/51746110/medium.jpeg?1568835496,Cucurbita palmata
https://static.inaturalist.org/photos/51815852/medium.jpeg?1568907710,Cucurbita palmata
https://static.inaturalist.org/photos/52232397/medium.jpg?1569257132,Cucurbita palmata
https://static.inaturalist.org/photos/52291004/medium.jpg?1569300313,Cucurbita palmata
https://static.inaturalist.org/photos/52369905/medium.jpg?1569371946,Cucurbita palmata
https://static.inaturalist.org/photos/52536030/medium.jpeg?1569531095,Cucurbita palmata
https://static.inaturalist.org/photos/52619083/medium.jpg?1569620016,Cucurbita palmata
https://static.inaturalist.org/photos/52627348/medium.jpeg?1569627158,Cucurbita palmata
https://static.inaturalist.org/photos/52849085/medium.jpeg?1569818247,Cucurbita palmata
https://static.inaturalist.org/photos/52891740/medium.jpg?1569869332,Cucurbita palmata
https://static.inaturalist.org/photos/52893320/medium.jpg?1569870172,Cucurbita palmata
https://static.inaturalist.org/photos/53332970/medium.jpg?1570320273,Cucurbita palmata
https://static.inaturalist.org/photos/53894547/medium.jpg?1570904326,Cucurbita palmata
https://static.inaturalist.org/photos/53910774/medium.jpg?1570914697,Cucurbita palmata
https://static.inaturalist.org/photos/53922250/medium.jpg?1570922078,Cucurbita palmata
https://static.inaturalist.org/photos/54331891/medium.jpg?1571353896,Cucurbita palmata
https://static.inaturalist.org/photos/54331906/medium.jpg?1571353926,Cucurbita palmata
https://static.inaturalist.org/photos/54680749/medium.jpg?1571713135,Cucurbita palmata
https://static.inaturalist.org/photos/54764291/medium.jpeg?1571807634,Cucurbita palmata
https://static.inaturalist.org/photos/54825086/medium.jpeg?1571873232,Cucurbita palmata
https://static.inaturalist.org/photos/55274525/medium.jpg?1572393203,Cucurbita palmata
https://static.inaturalist.org/photos/55276118/medium.jpg?1572395026,Cucurbita palmata
https://static.inaturalist.org/photos/55505879/medium.jpeg?1572733123,Cucurbita palmata
https://static.inaturalist.org/photos/55728716/medium.jpg?1572996679,Cucurbita palmata
https://static.inaturalist.org/photos/55742988/medium.jpeg?1573011400,Cucurbita palmata
https://static.inaturalist.org/photos/55811318/medium.jpg?1573096734,Cucurbita palmata
https://static.inaturalist.org/photos/56046891/medium.jpg?1573412029,Cucurbita palmata
https://static.inaturalist.org/photos/56172061/medium.jpeg?1573577159,Cucurbita palmata
https://static.inaturalist.org/photos/56372267/medium.jpeg?1573880830,Cucurbita palmata
https://static.inaturalist.org/photos/57043883/medium.jpeg?1574809009,Cucurbita palmata
https://static.inaturalist.org/photos/57104151/medium.jpeg?1574902409,Cucurbita palmata
https://static.inaturalist.org/photos/57249877/medium.jpg?1575153159,Cucurbita palmata
https://static.inaturalist.org/photos/57609703/medium.jpg?1575751866,Cucurbita palmata
https://static.inaturalist.org/photos/57882068/medium.jpeg?1576199531,Cucurbita palmata
https://static.inaturalist.org/photos/57951817/medium.jpg?1576336215,Cucurbita palmata
https://static.inaturalist.org/photos/57963797/medium.jpg?1576354376,Cucurbita palmata
https://static.inaturalist.org/photos/58059079/medium.jpg?1576510720,Cucurbita palmata
https://static.inaturalist.org/photos/58103722/medium.jpg?1576593477,Cucurbita palmata
https://static.inaturalist.org/photos/58388738/medium.jpg?1577129113,Cucurbita palmata
https://static.inaturalist.org/photos/61614044/medium.jpg?1581907507,Cucurbita palmata
https://static.inaturalist.org/photos/58502357/medium.jpg?1577326545,Cucurbita palmata
https://static.inaturalist.org/photos/58823452/medium.jpg?1577819075,Cucurbita palmata
https://static.inaturalist.org/photos/59772448/medium.jpeg?1579238905,Cucurbita palmata
https://static.inaturalist.org/photos/60198800/medium.jpeg?1579897884,Cucurbita palmata
https://static.inaturalist.org/photos/60901898/medium.jpg?1580916752,Cucurbita palmata
https://static.inaturalist.org/photos/62272785/medium.jpg?1582770233,Cucurbita palmata
https://static.inaturalist.org/photos/62683565/medium.jpg?1583270332,Cucurbita palmata
https://static.inaturalist.org/photos/62728999/medium.jpeg?1583336123,Cucurbita palmata
https://static.inaturalist.org/photos/63065870/medium.jpeg?1583716255,Cucurbita palmata
https://static.inaturalist.org/photos/63108876/medium.jpg?1583771349,Cucurbita palmata
https://static.inaturalist.org/photos/63155919/medium.jpeg?1583811402,Cucurbita palmata
https://static.inaturalist.org/photos/63158428/medium.jpg?1583814245,Cucurbita palmata
https://static.inaturalist.org/photos/63450379/medium.jpg?1584169625,Cucurbita palmata
https://static.inaturalist.org/photos/63586988/medium.jpg?1584300984,Cucurbita palmata
https://static.inaturalist.org/photos/63875592/medium.jpg?1584576883,Cucurbita palmata
https://static.inaturalist.org/photos/64082324/medium.jpg?1584768399,Cucurbita palmata
https://static.inaturalist.org/photos/64151124/medium.jpg?1584827954,Cucurbita palmata
https://static.inaturalist.org/photos/64358778/medium.jpeg?1584999355,Cucurbita palmata
https://static.inaturalist.org/photos/64674952/medium.jpeg?1585278837,Cucurbita palmata
https://static.inaturalist.org/photos/64675469/medium.jpg?1585279313,Cucurbita palmata
https://static.inaturalist.org/photos/64678638/medium.jpeg?1585282542,Cucurbita palmata
https://static.inaturalist.org/photos/65175754/medium.jpg?1585663220,Cucurbita palmata
https://static.inaturalist.org/photos/65823561/medium.jpg?1586128130,Cucurbita palmata
https://static.inaturalist.org/photos/65848528/medium.jpeg?1586140662,Cucurbita palmata
https://static.inaturalist.org/photos/66325650/medium.jpeg?1586480928,Cucurbita palmata
https://static.inaturalist.org/photos/66332587/medium.jpg?1586498093,Cucurbita palmata
https://static.inaturalist.org/photos/66332727/medium.jpg?1586498290,Cucurbita palmata
https://static.inaturalist.org/photos/66735697/medium.jpg?1586734923,Cucurbita palmata
https://static.inaturalist.org/photos/66742328/medium.jpg?1586738019,Cucurbita palmata
https://static.inaturalist.org/photos/66743628/medium.jpg?1586738604,Cucurbita palmata
https://static.inaturalist.org/photos/67014422/medium.jpeg?1586920760,Cucurbita palmata
https://static.inaturalist.org/photos/67026497/medium.jpeg?1586933241,Cucurbita palmata
https://static.inaturalist.org/photos/67367378/medium.jpeg?1587164698,Cucurbita palmata
https://static.inaturalist.org/photos/68616978/medium.jpg?1587778596,Cucurbita palmata
https://static.inaturalist.org/photos/68657700/medium.jpg?1587788583,Cucurbita palmata
https://static.inaturalist.org/photos/68851354/medium.jpg?1587837698,Cucurbita palmata
https://static.inaturalist.org/photos/69104285/medium.jpg?1587883029,Cucurbita palmata
https://static.inaturalist.org/photos/69236247/medium.jpg?1587916882,Cucurbita palmata
https://static.inaturalist.org/photos/69850977/medium.jpg?1588038584,Cucurbita palmata
https://static.inaturalist.org/photos/70736950/medium.jpg?1588442809,Cucurbita palmata
https://static.inaturalist.org/photos/70812066/medium.jpg?1588463684,Cucurbita palmata
https://static.inaturalist.org/photos/70950393/medium.jpeg?1588525707,Cucurbita palmata
https://static.inaturalist.org/photos/70952745/medium.jpeg?1588526291,Cucurbita palmata
https://static.inaturalist.org/photos/71138999/medium.jpg?1588601188,Cucurbita palmata
https://static.inaturalist.org/photos/71379391/medium.jpeg?1588718508,Cucurbita palmata
https://static.inaturalist.org/photos/71606150/medium.jpg?1588858845,Cucurbita palmata
https://static.inaturalist.org/photos/71664442/medium.jpg?1588882266,Cucurbita palmata
https://static.inaturalist.org/photos/71930491/medium.jpg?1589032398,Cucurbita palmata
https://static.inaturalist.org/photos/72483317/medium.jpg?1589308357,Cucurbita palmata
https://static.inaturalist.org/photos/72594311/medium.jpg?1589376379,Cucurbita palmata
https://static.inaturalist.org/photos/72620223/medium.jpg?1589389028,Cucurbita palmata
https://static.inaturalist.org/photos/72915748/medium.jpg?1589554059,Cucurbita palmata
https://static.inaturalist.org/photos/73116424/medium.jpg?1589645654,Cucurbita palmata
https://static.inaturalist.org/photos/73238979/medium.jpeg?1589681771,Cucurbita palmata
https://static.inaturalist.org/photos/73371569/medium.jpeg?1589737060,Cucurbita palmata
https://static.inaturalist.org/photos/73568555/medium.jpg?1589818224,Cucurbita palmata
https://static.inaturalist.org/photos/74788015/medium.jpg?1590346327,Cucurbita palmata
https://static.inaturalist.org/photos/75060700/medium.jpg?1590442910,Cucurbita palmata
https://static.inaturalist.org/photos/75752674/medium.jpeg?1590774910,Cucurbita palmata
https://static.inaturalist.org/photos/75945342/medium.jpeg?1590863107,Cucurbita palmata
https://static.inaturalist.org/photos/75969600/medium.jpeg?1590869775,Cucurbita palmata
https://static.inaturalist.org/photos/76527922/medium.jpeg?1591109979,Cucurbita palmata
https://static.inaturalist.org/photos/76705554/medium.jpeg?1591200126,Cucurbita palmata
https://static.inaturalist.org/photos/76743920/medium.jpg?1591214000,Cucurbita palmata
https://static.inaturalist.org/photos/77255621/medium.png?1591468166,Cucurbita palmata
https://static.inaturalist.org/photos/77840682/medium.jpg?1591724631,Cucurbita palmata
https://static.inaturalist.org/photos/78092876/medium.jpeg?1591849905,Cucurbita palmata
https://static.inaturalist.org/photos/78093109/medium.jpeg?1591850128,Cucurbita palmata
https://static.inaturalist.org/photos/78204128/medium.jpg?1591910226,Cucurbita palmata
https://static.inaturalist.org/photos/78600371/medium.jpg?1592091134,Cucurbita palmata
https://static.inaturalist.org/photos/78837185/medium.jpeg?1592179440,Cucurbita palmata
https://static.inaturalist.org/photos/79344997/medium.jpeg?1592421794,Cucurbita palmata
https://static.inaturalist.org/photos/80053569/medium.jpg?1592751736,Cucurbita palmata
https://static.inaturalist.org/photos/80881730/medium.jpg?1593118180,Cucurbita palmata
https://static.inaturalist.org/photos/80894349/medium.jpg?1593122891,Cucurbita palmata
https://static.inaturalist.org/photos/81261182/medium.jpeg?1593296553,Cucurbita palmata
https://static.inaturalist.org/photos/81457444/medium.jpg?1593376207,Cucurbita palmata
https://static.inaturalist.org/photos/81540288/medium.jpg?1593404302,Cucurbita palmata
https://static.inaturalist.org/photos/81619015/medium.jpeg?1593449624,Cucurbita palmata
https://static.inaturalist.org/photos/81897516/medium.jpg?1593569293,Cucurbita palmata
https://static.inaturalist.org/photos/82430305/medium.jpg?1593832153,Cucurbita palmata
https://static.inaturalist.org/photos/82009014/medium.jpg?1593628766,Cucurbita palmata
https://static.inaturalist.org/photos/82834389/medium.jpg?1594014308,Cucurbita palmata
https://static.inaturalist.org/photos/83185984/medium.jpg?1594178873,Cucurbita palmata
https://static.inaturalist.org/photos/84323611/medium.jpeg?1594712440,Cucurbita palmata
https://static.inaturalist.org/photos/84536896/medium.jpg?1594826355,Cucurbita palmata
https://static.inaturalist.org/photos/85038878/medium.jpeg?1595077143,Cucurbita palmata
https://static.inaturalist.org/photos/85909684/medium.jpg?1595461429,Cucurbita palmata
https://static.inaturalist.org/photos/85946984/medium.jpeg?1595480529,Cucurbita palmata
https://static.inaturalist.org/photos/86084440/medium.jpeg?1595550395,Cucurbita palmata
