image_url,scientific_name
https://static.inaturalist.org/photos/43174/medium.jpg?1444769761,Toxicoscordion venenosum
https://static.inaturalist.org/photos/115827/medium.JPG,Toxicoscordion venenosum
https://static.inaturalist.org/photos/116067/medium.jpg,Toxicoscordion venenosum
https://static.inaturalist.org/photos/118130/medium.jpg,Toxicoscordion venenosum
https://static.inaturalist.org/photos/121167/medium.JPG,Toxicoscordion venenosum
https://static.inaturalist.org/photos/122987/medium.JPG,Toxicoscordion venenosum
https://static.inaturalist.org/photos/125354/medium.JPG,Toxicoscordion venenosum
https://static.inaturalist.org/photos/129177/medium.jpg,Toxicoscordion venenosum
https://static.inaturalist.org/photos/173783/medium.jpg?1444571679,Toxicoscordion venenosum
https://static.inaturalist.org/photos/174597/medium.jpg?1444572991,Toxicoscordion venenosum
https://static.inaturalist.org/photos/225394/medium.jpg?1444479053,Toxicoscordion venenosum venenosum
https://sphotos-b.xx.fbcdn.net/hphotos-prn1/24633_10151361929422007_1819844598_n.jpg,Toxicoscordion venenosum
https://static.inaturalist.org/photos/329163/medium.jpg?1444599496,Toxicoscordion venenosum venenosum
https://static.inaturalist.org/photos/332186/medium.jpg?1368620279,Toxicoscordion venenosum
https://static.inaturalist.org/photos/346418/medium.jpg?1369694401,Toxicoscordion venenosum
https://static.inaturalist.org/photos/371473/medium.jpg?1371248771,Toxicoscordion venenosum
https://static.inaturalist.org/photos/372415/medium.jpg?1371327440,Toxicoscordion venenosum
https://static.inaturalist.org/photos/486800/medium.jpg?1378420135,Toxicoscordion venenosum
https://static.inaturalist.org/photos/772790/medium.jpg?1444523368,Toxicoscordion venenosum
https://static.inaturalist.org/photos/793949/medium.jpg?1397875511,Toxicoscordion venenosum
https://static.inaturalist.org/photos/794030/medium.jpg?1397875960,Toxicoscordion venenosum
https://static.inaturalist.org/photos/803308/medium.JPG?1398200589,Toxicoscordion venenosum
https://static.inaturalist.org/photos/813520/medium.jpg?1444493178,Toxicoscordion venenosum
https://static.inaturalist.org/photos/829154/medium.jpg?1399222503,Toxicoscordion venenosum
https://static.inaturalist.org/photos/829569/medium.jpg?1399230873,Toxicoscordion venenosum
https://static.inaturalist.org/photos/830308/medium.jpg?1399239659,Toxicoscordion venenosum
https://static.inaturalist.org/photos/878099/medium.JPG?1401146305,Toxicoscordion venenosum
https://static.inaturalist.org/photos/889346/medium.JPG?1401501611,Toxicoscordion venenosum
https://static.inaturalist.org/photos/950266/medium.JPG?1403855824,Toxicoscordion venenosum
https://static.inaturalist.org/photos/1022845/medium.jpg?1406858119,Toxicoscordion venenosum
https://static.inaturalist.org/photos/1024866/medium.jpg?1406952623,Toxicoscordion venenosum venenosum
https://static.inaturalist.org/photos/1693565/medium.jpg?1428274735,Toxicoscordion venenosum
https://static.inaturalist.org/photos/1762243/medium.JPG?1429997431,Toxicoscordion venenosum
https://static.inaturalist.org/photos/1808000/medium.jpg?1430867073,Toxicoscordion venenosum
https://static.inaturalist.org/photos/1825046/medium.jpg?1431235208,Toxicoscordion venenosum
https://static.inaturalist.org/photos/1838563/medium.jpg?1431489991,Toxicoscordion venenosum
https://static.inaturalist.org/photos/1917463/medium.jpg?1432650340,Toxicoscordion venenosum
https://static.inaturalist.org/photos/1959285/medium.jpg?1433460435,Toxicoscordion venenosum
https://static.inaturalist.org/photos/1966335/medium.jpg?1444439980,Toxicoscordion venenosum
https://static.inaturalist.org/photos/2141703/medium.jpg?1444704754,Toxicoscordion venenosum
https://static.inaturalist.org/photos/2771134/medium.jpg?1450026785,Toxicoscordion venenosum venenosum
https://static.inaturalist.org/photos/2856613/medium.JPG?1452219490,Toxicoscordion venenosum
https://static.inaturalist.org/photos/2862375/medium.JPG?1452374576,Toxicoscordion venenosum
https://static.inaturalist.org/photos/2873635/medium.JPG?1452595987,Toxicoscordion venenosum
https://static.inaturalist.org/photos/3102053/medium.JPG?1457146773,Toxicoscordion venenosum
https://static.inaturalist.org/photos/3281526/medium.jpg?1459713561,Toxicoscordion venenosum
https://static.inaturalist.org/photos/3442784/medium.jpg?1461257972,Toxicoscordion venenosum
https://static.inaturalist.org/photos/3457031/medium.JPG?1461352078,Toxicoscordion venenosum
https://static.inaturalist.org/photos/3516632/medium.jpg?1461904157,Toxicoscordion venenosum
https://static.inaturalist.org/photos/3611220/medium.JPG?1462668196,Toxicoscordion venenosum
https://static.inaturalist.org/photos/3635509/medium.jpg?1462917092,Toxicoscordion venenosum
https://static.inaturalist.org/photos/3636259/medium.jpg?1462921012,Toxicoscordion venenosum
https://static.inaturalist.org/photos/3803483/medium.jpg?1464105730,Toxicoscordion venenosum
https://static.inaturalist.org/photos/3821248/medium.jpg?1464273642,Toxicoscordion venenosum
https://static.inaturalist.org/photos/3841636/medium.jpeg?1464469545,Toxicoscordion venenosum
https://static.inaturalist.org/photos/3845530/medium.jpg?1464497333,Toxicoscordion venenosum
https://static.inaturalist.org/photos/3859120/medium.jpg?1464641257,Toxicoscordion venenosum
https://static.inaturalist.org/photos/4002464/medium.jpg?1465834151,Toxicoscordion venenosum
https://static.inaturalist.org/photos/4232745/medium.jpg?1468189638,Toxicoscordion venenosum
https://static.inaturalist.org/photos/4497401/medium.jpg?1470731987,Toxicoscordion venenosum
https://static.inaturalist.org/photos/4695595/medium.jpg?1472394148,Toxicoscordion venenosum
https://static.inaturalist.org/photos/6530464/medium.jpeg?1489250479,Toxicoscordion venenosum
https://static.inaturalist.org/photos/6547399/medium.jpg?1489356488,Toxicoscordion venenosum
https://static.inaturalist.org/photos/6550461/medium.jpg?1489368233,Toxicoscordion venenosum
https://static.inaturalist.org/photos/6739571/medium.jpeg?1490580768,Toxicoscordion venenosum
https://static.inaturalist.org/photos/6956740/medium.jpeg?1491761069,Toxicoscordion venenosum
https://static.inaturalist.org/photos/7142071/medium.jpeg?1492349537,Toxicoscordion venenosum
https://static.inaturalist.org/photos/7270853/medium.jpg?1492569588,Toxicoscordion venenosum
https://static.inaturalist.org/photos/7362089/medium.jpg?1492855079,Toxicoscordion venenosum
https://static.inaturalist.org/photos/7387084/medium.jpg?1492959508,Toxicoscordion venenosum
https://static.inaturalist.org/photos/7408493/medium.jpeg?1493028878,Toxicoscordion venenosum
https://static.inaturalist.org/photos/7577595/medium.jpeg?1493700078,Toxicoscordion venenosum
https://static.inaturalist.org/photos/7616303/medium.jpg?1493915095,Toxicoscordion venenosum
https://static.inaturalist.org/photos/7728815/medium.jpg?1494448968,Toxicoscordion venenosum
https://static.inaturalist.org/photos/7763022/medium.jpg?1494629144,Toxicoscordion venenosum
https://static.inaturalist.org/photos/7776819/medium.jpg?1494700771,Toxicoscordion venenosum
https://static.inaturalist.org/photos/7776828/medium.jpg?1494700819,Toxicoscordion venenosum
https://static.inaturalist.org/photos/7811032/medium.jpeg?1494826335,Toxicoscordion venenosum
https://static.inaturalist.org/photos/7827970/medium.jpg?1494898165,Toxicoscordion venenosum
https://static.inaturalist.org/photos/7875023/medium.jpg?1495130041,Toxicoscordion venenosum
https://static.inaturalist.org/photos/7904185/medium.jpeg?1495249761,Toxicoscordion venenosum
https://static.inaturalist.org/photos/7906052/medium.jpeg?1495259798,Toxicoscordion venenosum
https://static.inaturalist.org/photos/7913212/medium.jpg?1495302785,Toxicoscordion venenosum
https://static.inaturalist.org/photos/7913443/medium.jpeg?1495303377,Toxicoscordion venenosum
https://static.inaturalist.org/photos/7920188/medium.jpeg?1495316987,Toxicoscordion venenosum
https://static.inaturalist.org/photos/7923548/medium.jpg?1495325428,Toxicoscordion venenosum
https://static.inaturalist.org/photos/7928768/medium.jpg?1495342674,Toxicoscordion venenosum
https://static.inaturalist.org/photos/7941425/medium.jpeg?1495400215,Toxicoscordion venenosum
https://static.inaturalist.org/photos/7959911/medium.jpeg?1495473948,Toxicoscordion venenosum
https://static.inaturalist.org/photos/7966162/medium.jpg?1495491946,Toxicoscordion venenosum
https://static.inaturalist.org/photos/7968322/medium.jpeg?1495497245,Toxicoscordion venenosum
https://static.inaturalist.org/photos/8046591/medium.jpeg?1495853167,Toxicoscordion venenosum
https://static.inaturalist.org/photos/8011573/medium.jpg?1495685142,Toxicoscordion venenosum
https://static.inaturalist.org/photos/8012008/medium.jpeg?1495686684,Toxicoscordion venenosum
https://static.inaturalist.org/photos/8027584/medium.jpg?1495764766,Toxicoscordion venenosum
https://static.inaturalist.org/photos/8047837/medium.jpeg?1495857607,Toxicoscordion venenosum
https://static.inaturalist.org/photos/8160043/medium.jpeg?1496331353,Toxicoscordion venenosum
https://static.inaturalist.org/photos/8169157/medium.jpeg?1496366497,Toxicoscordion venenosum
https://static.inaturalist.org/photos/8180752/medium.jpg?1496429762,Toxicoscordion venenosum
https://static.inaturalist.org/photos/8185743/medium.jpeg?1496448877,Toxicoscordion venenosum
https://static.inaturalist.org/photos/8187449/medium.jpeg?1496454485,Toxicoscordion venenosum
https://static.inaturalist.org/photos/8196555/medium.jpg?1496507493,Toxicoscordion venenosum
https://static.inaturalist.org/photos/8208896/medium.jpeg?1496542180,Toxicoscordion venenosum
https://static.inaturalist.org/photos/8212924/medium.jpg?1496560682,Toxicoscordion venenosum
https://static.inaturalist.org/photos/8224978/medium.jpeg?1496614751,Toxicoscordion venenosum
https://static.inaturalist.org/photos/8227316/medium.jpg?1496621018,Toxicoscordion venenosum
https://static.inaturalist.org/photos/8233424/medium.jpg?1496636312,Toxicoscordion venenosum
https://static.inaturalist.org/photos/8248662/medium.jpg?1496699495,Toxicoscordion venenosum
https://static.inaturalist.org/photos/8261711/medium.jpg?1496762586,Toxicoscordion venenosum
https://static.inaturalist.org/photos/8308872/medium.png?1496960724,Toxicoscordion venenosum
https://static.inaturalist.org/photos/8310364/medium.jpg?1496966628,Toxicoscordion venenosum
https://static.inaturalist.org/photos/8317281/medium.jpg?1496994374,Toxicoscordion venenosum
https://static.inaturalist.org/photos/8326863/medium.jpg?1497040457,Toxicoscordion venenosum
https://static.inaturalist.org/photos/8336534/medium.jpeg?1497071400,Toxicoscordion venenosum
https://static.inaturalist.org/photos/8337064/medium.jpeg?1497075308,Toxicoscordion venenosum
https://static.inaturalist.org/photos/8343814/medium.jpeg?1497115980,Toxicoscordion venenosum
https://static.inaturalist.org/photos/8344088/medium.jpeg?1497116677,Toxicoscordion venenosum
https://static.inaturalist.org/photos/8359768/medium.jpeg?1497154919,Toxicoscordion venenosum
https://static.inaturalist.org/photos/8407777/medium.jpeg?1497330974,Toxicoscordion venenosum
https://static.inaturalist.org/photos/8422705/medium.jpg?1497403595,Toxicoscordion venenosum
https://static.inaturalist.org/photos/8453168/medium.jpg?1497556670,Toxicoscordion venenosum
https://static.inaturalist.org/photos/8480088/medium.jpg?1497674724,Toxicoscordion venenosum
https://static.inaturalist.org/photos/8528360/medium.jpg?1497898781,Toxicoscordion venenosum
https://static.inaturalist.org/photos/8537845/medium.jpg?1497929265,Toxicoscordion venenosum
https://static.inaturalist.org/photos/8548356/medium.jpeg?1497982966,Toxicoscordion venenosum
https://static.inaturalist.org/photos/8570050/medium.jpeg?1498081967,Toxicoscordion venenosum
https://static.inaturalist.org/photos/8576604/medium.png?1498107119,Toxicoscordion venenosum
https://static.inaturalist.org/photos/8616806/medium.jpg?1498323643,Toxicoscordion venenosum
https://static.inaturalist.org/photos/8652435/medium.jpg?1498440072,Toxicoscordion venenosum
https://static.inaturalist.org/photos/8802104/medium.jpg?1499054212,Toxicoscordion venenosum
https://static.inaturalist.org/photos/8820188/medium.jpg?1499127262,Toxicoscordion venenosum
https://static.inaturalist.org/photos/8820423/medium.jpg?1499128075,Toxicoscordion venenosum
https://static.inaturalist.org/photos/9524009/medium.jpeg?1501865039,Toxicoscordion venenosum
https://static.inaturalist.org/photos/9752122/medium.jpg?1502685078,Toxicoscordion venenosum
https://static.inaturalist.org/photos/12046195/medium.jpeg?1511711028,Toxicoscordion venenosum
https://static.inaturalist.org/photos/12214563/medium.jpeg?1512441029,Toxicoscordion venenosum
https://static.inaturalist.org/photos/12251801/medium.jpg?1512619449,Toxicoscordion venenosum
https://static.inaturalist.org/photos/12266004/medium.jpg?1512692217,Toxicoscordion venenosum
https://static.inaturalist.org/photos/12574135/medium.jpeg?1514427712,Toxicoscordion venenosum
https://static.inaturalist.org/photos/12842418/medium.jpeg?1515721851,Toxicoscordion venenosum
https://static.inaturalist.org/photos/13512241/medium.jpg?1518657472,Toxicoscordion venenosum
https://static.inaturalist.org/photos/13704105/medium.jpeg?1519444329,Toxicoscordion venenosum
https://static.inaturalist.org/photos/14345659/medium.jpg?1521660983,Toxicoscordion venenosum
https://static.inaturalist.org/photos/15015221/medium.jpeg?1523324250,Toxicoscordion venenosum
https://static.inaturalist.org/photos/15561410/medium.jpeg?1523922548,Toxicoscordion venenosum
https://static.inaturalist.org/photos/16034891/medium.jpg?1524336105,Toxicoscordion venenosum
https://static.inaturalist.org/photos/16034939/medium.jpeg?1524336139,Toxicoscordion venenosum
https://static.inaturalist.org/photos/16035152/medium.jpg?1524336262,Toxicoscordion venenosum
https://static.inaturalist.org/photos/16047617/medium.jpg?1524343903,Toxicoscordion venenosum
https://static.inaturalist.org/photos/16092188/medium.jpg?1524377415,Toxicoscordion venenosum
https://static.inaturalist.org/photos/16110443/medium.jpg?1524403070,Toxicoscordion venenosum
https://static.inaturalist.org/photos/16163266/medium.jpeg?1524446543,Toxicoscordion venenosum
https://static.inaturalist.org/photos/16261413/medium.jpg?1524612492,Toxicoscordion venenosum venenosum
https://static.inaturalist.org/photos/16368063/medium.jpg?1524794109,Toxicoscordion venenosum
https://static.inaturalist.org/photos/16521304/medium.jpg?1524882218,Toxicoscordion venenosum
https://static.inaturalist.org/photos/16444359/medium.jpg?1524852385,Toxicoscordion venenosum
https://static.inaturalist.org/photos/16449304/medium.jpg?1524853843,Toxicoscordion venenosum
https://static.inaturalist.org/photos/16545045/medium.jpeg?1524894054,Toxicoscordion venenosum
https://static.inaturalist.org/photos/16975735/medium.jpg?1525077321,Toxicoscordion venenosum
https://static.inaturalist.org/photos/17041365/medium.jpg?1525113466,Toxicoscordion venenosum
https://static.inaturalist.org/photos/17136253/medium.jpg?1525145643,Toxicoscordion venenosum
https://static.inaturalist.org/photos/17159391/medium.jpeg?1525160632,Toxicoscordion venenosum
https://static.inaturalist.org/photos/17322990/medium.jpeg?1525323680,Toxicoscordion venenosum
https://static.inaturalist.org/photos/17323016/medium.jpeg?1525323707,Toxicoscordion venenosum
https://static.inaturalist.org/photos/17429975/medium.jpg?1525479335,Toxicoscordion venenosum
https://static.inaturalist.org/photos/17484810/medium.jpg?1525563038,Toxicoscordion venenosum venenosum
https://static.inaturalist.org/photos/17499602/medium.jpg?1525581406,Toxicoscordion venenosum
https://static.inaturalist.org/photos/17529729/medium.jpg?1525632906,Toxicoscordion venenosum
https://static.inaturalist.org/photos/17610605/medium.jpeg?1525737753,Toxicoscordion venenosum
https://static.inaturalist.org/photos/17674985/medium.jpeg?1525843352,Toxicoscordion venenosum
https://static.inaturalist.org/photos/17773537/medium.jpg?1526010232,Toxicoscordion venenosum
https://static.inaturalist.org/photos/17828276/medium.jpeg?1526110426,Toxicoscordion venenosum
https://static.inaturalist.org/photos/17874927/medium.jpg?1526174345,Toxicoscordion venenosum
https://static.inaturalist.org/photos/17885292/medium.jpeg?1526189390,Toxicoscordion venenosum
https://static.inaturalist.org/photos/17886657/medium.jpeg?1526192590,Toxicoscordion venenosum
https://static.inaturalist.org/photos/18054170/medium.jpeg?1526444515,Toxicoscordion venenosum
https://static.inaturalist.org/photos/18179587/medium.jpg?1526663884,Toxicoscordion venenosum
https://static.inaturalist.org/photos/18202895/medium.jpg?1526695222,Toxicoscordion venenosum
https://static.inaturalist.org/photos/18233019/medium.jpg?1526752394,Toxicoscordion venenosum
https://static.inaturalist.org/photos/18234390/medium.jpeg?1526754109,Toxicoscordion venenosum
https://static.inaturalist.org/photos/18291492/medium.jpg?1526834863,Toxicoscordion venenosum
https://static.inaturalist.org/photos/18318551/medium.jpg?1526860822,Toxicoscordion venenosum
https://static.inaturalist.org/photos/18375765/medium.jpeg?1526946455,Toxicoscordion venenosum
https://static.inaturalist.org/photos/18388438/medium.jpeg?1526964340,Toxicoscordion venenosum
https://static.inaturalist.org/photos/18390387/medium.jpeg?1526969516,Toxicoscordion venenosum
https://static.inaturalist.org/photos/18420584/medium.jpg?1527022321,Toxicoscordion venenosum
https://static.inaturalist.org/photos/18429184/medium.jpeg?1527032133,Toxicoscordion venenosum
https://static.inaturalist.org/photos/18479923/medium.jpg?1527119518,Toxicoscordion venenosum
https://static.inaturalist.org/photos/18488998/medium.jpeg?1527131237,Toxicoscordion venenosum
https://static.inaturalist.org/photos/18515113/medium.jpeg?1527184031,Toxicoscordion venenosum
https://static.inaturalist.org/photos/18581744/medium.jpg?1527292982,Toxicoscordion venenosum
https://static.inaturalist.org/photos/18589966/medium.jpg?1527305469,Toxicoscordion venenosum
https://static.inaturalist.org/photos/18610055/medium.jpg?1527351969,Toxicoscordion venenosum
https://static.inaturalist.org/photos/18622863/medium.jpg?1527365624,Toxicoscordion venenosum
https://static.inaturalist.org/photos/18622885/medium.jpg?1527365652,Toxicoscordion venenosum
https://static.inaturalist.org/photos/18622949/medium.jpg?1527365707,Toxicoscordion venenosum
https://static.inaturalist.org/photos/18647691/medium.jpg?1527399214,Toxicoscordion venenosum
https://static.inaturalist.org/photos/18696205/medium.jpg?1527471426,Toxicoscordion venenosum
https://static.inaturalist.org/photos/18701612/medium.jpg?1527477167,Toxicoscordion venenosum
https://static.inaturalist.org/photos/18704447/medium.jpeg?1527481341,Toxicoscordion venenosum
https://static.inaturalist.org/photos/18762194/medium.jpg?1527564334,Toxicoscordion venenosum
https://static.inaturalist.org/photos/18762199/medium.jpg?1527564343,Toxicoscordion venenosum
https://static.inaturalist.org/photos/18763513/medium.jpg?1527566144,Toxicoscordion venenosum
https://static.inaturalist.org/photos/18763957/medium.jpg?1527566906,Toxicoscordion venenosum
https://static.inaturalist.org/photos/18766520/medium.png?1527571996,Toxicoscordion venenosum
https://static.inaturalist.org/photos/18846313/medium.jpeg?1527713657,Toxicoscordion venenosum
https://static.inaturalist.org/photos/18865623/medium.jpeg?1527739479,Toxicoscordion venenosum
https://static.inaturalist.org/photos/18894611/medium.jpg?1527798410,Toxicoscordion venenosum
https://static.inaturalist.org/photos/18901091/medium.jpg?1527806812,Toxicoscordion venenosum
https://static.inaturalist.org/photos/18902570/medium.jpg?1527808508,Toxicoscordion venenosum
https://static.inaturalist.org/photos/18903545/medium.jpg?1527809790,Toxicoscordion venenosum
https://static.inaturalist.org/photos/18907348/medium.jpg?1527814702,Toxicoscordion venenosum
https://static.inaturalist.org/photos/18949019/medium.jpeg?1527891992,Toxicoscordion venenosum
https://static.inaturalist.org/photos/18954036/medium.jpg?1527898443,Toxicoscordion venenosum
https://static.inaturalist.org/photos/18962193/medium.jpeg?1527909575,Toxicoscordion venenosum
https://static.inaturalist.org/photos/18966064/medium.jpg?1527919212,Toxicoscordion venenosum
https://static.inaturalist.org/photos/19030947/medium.jpeg?1528003377,Toxicoscordion venenosum
https://static.inaturalist.org/photos/19125851/medium.jpg?1528138833,Toxicoscordion venenosum
https://static.inaturalist.org/photos/19127222/medium.jpeg?1528140498,Toxicoscordion venenosum
https://static.inaturalist.org/photos/19182075/medium.jpg?1528223810,Toxicoscordion venenosum
https://static.inaturalist.org/photos/19209559/medium.jpeg?1528246512,Toxicoscordion venenosum
https://static.inaturalist.org/photos/19314709/medium.jpg?1528393175,Toxicoscordion venenosum
https://static.inaturalist.org/photos/19276045/medium.jpeg?1528321799,Toxicoscordion venenosum
https://static.inaturalist.org/photos/19283543/medium.jpeg?1528331361,Toxicoscordion venenosum
https://static.inaturalist.org/photos/19285723/medium.jpeg?1528333829,Toxicoscordion venenosum
https://static.inaturalist.org/photos/19287414/medium.jpg?1528335841,Toxicoscordion venenosum
https://static.inaturalist.org/photos/19291218/medium.jpeg?1528340522,Toxicoscordion venenosum venenosum
https://static.inaturalist.org/photos/19306798/medium.jpg?1528383004,Toxicoscordion venenosum
https://static.inaturalist.org/photos/19340788/medium.jpg?1528426330,Toxicoscordion venenosum
https://static.inaturalist.org/photos/19385663/medium.jpeg?1528508935,Toxicoscordion venenosum
https://static.inaturalist.org/photos/19393447/medium.jpeg?1528521064,Toxicoscordion venenosum
https://static.inaturalist.org/photos/19402792/medium.jpg?1528550249,Toxicoscordion venenosum
https://static.inaturalist.org/photos/19411350/medium.jpg?1528560976,Toxicoscordion venenosum
https://static.inaturalist.org/photos/19422164/medium.jpg?1528572070,Toxicoscordion venenosum
https://static.inaturalist.org/photos/19437930/medium.jpg?1528586207,Toxicoscordion venenosum
https://static.inaturalist.org/photos/19469325/medium.jpg?1528640787,Toxicoscordion venenosum
https://static.inaturalist.org/photos/19470560/medium.jpeg?1528641969,Toxicoscordion venenosum
https://static.inaturalist.org/photos/19482329/medium.jpg?1528652406,Toxicoscordion venenosum
https://static.inaturalist.org/photos/19478958/medium.jpg?1528649595,Toxicoscordion venenosum
https://static.inaturalist.org/photos/19506887/medium.jpg?1528675523,Toxicoscordion venenosum
https://static.inaturalist.org/photos/19514313/medium.jpg?1528683293,Toxicoscordion venenosum
https://static.inaturalist.org/photos/19661923/medium.jpg?1528923303,Toxicoscordion venenosum
https://static.inaturalist.org/photos/19664534/medium.jpg?1528926869,Toxicoscordion venenosum
https://static.inaturalist.org/photos/19664694/medium.jpg?1528927100,Toxicoscordion venenosum
https://static.inaturalist.org/photos/19712010/medium.jpeg?1529010382,Toxicoscordion venenosum
https://static.inaturalist.org/photos/19731482/medium.jpg?1529039863,Toxicoscordion venenosum
https://static.inaturalist.org/photos/19766940/medium.jpg?1529104020,Toxicoscordion venenosum
https://static.inaturalist.org/photos/19822492/medium.jpg?1529189276,Toxicoscordion venenosum
https://static.inaturalist.org/photos/19842156/medium.jpg?1529210420,Toxicoscordion venenosum
https://static.inaturalist.org/photos/19882203/medium.jpeg?1529270576,Toxicoscordion venenosum
https://static.inaturalist.org/photos/19924550/medium.jpg?1529338806,Toxicoscordion venenosum
https://static.inaturalist.org/photos/19947422/medium.jpg?1529366323,Toxicoscordion venenosum venenosum
https://static.inaturalist.org/photos/19947503/medium.jpg?1529366425,Toxicoscordion venenosum venenosum
https://static.inaturalist.org/photos/19949901/medium.jpg?1529368964,Toxicoscordion venenosum venenosum
https://static.inaturalist.org/photos/20289919/medium.jpg?1529899719,Toxicoscordion venenosum
https://static.inaturalist.org/photos/20300216/medium.jpeg?1529930586,Toxicoscordion venenosum
https://static.inaturalist.org/photos/20340157/medium.jpeg?1529982291,Toxicoscordion venenosum
https://static.inaturalist.org/photos/20446656/medium.jpg?1530165841,Toxicoscordion venenosum
https://static.inaturalist.org/photos/20882968/medium.jpeg?1530883174,Toxicoscordion venenosum
https://static.inaturalist.org/photos/21096108/medium.jpeg?1531192400,Toxicoscordion venenosum
https://static.inaturalist.org/photos/21298579/medium.jpeg?1531533342,Toxicoscordion venenosum
https://static.inaturalist.org/photos/22102577/medium.jpg?1532734337,Toxicoscordion venenosum
https://static.inaturalist.org/photos/22187385/medium.jpg?1532829857,Toxicoscordion venenosum
https://static.inaturalist.org/photos/22619724/medium.jpeg?1533479788,Toxicoscordion venenosum
https://static.inaturalist.org/photos/23405441/medium.jpeg?1534684451,Toxicoscordion venenosum
https://static.inaturalist.org/photos/25698069/medium.jpg?1538145559,Toxicoscordion venenosum
https://static.inaturalist.org/photos/25698222/medium.jpg?1538145721,Toxicoscordion venenosum
https://static.inaturalist.org/photos/25698271/medium.jpg?1538145772,Toxicoscordion venenosum
https://static.inaturalist.org/photos/25760783/medium.jpeg?1538239694,Toxicoscordion venenosum
https://static.inaturalist.org/photos/26668098/medium.jpg?1539576412,Toxicoscordion venenosum
https://static.inaturalist.org/photos/27218991/medium.jpg?1540496943,Toxicoscordion venenosum
https://static.inaturalist.org/photos/27510977/medium.jpeg?1541027639,Toxicoscordion venenosum
https://static.inaturalist.org/photos/29012636/medium.jpg?1544393176,Toxicoscordion venenosum
https://static.inaturalist.org/photos/29748032/medium.jpg?1546311370,Toxicoscordion venenosum
https://static.inaturalist.org/photos/29823181/medium.jpeg?1546487638,Toxicoscordion venenosum
https://static.inaturalist.org/photos/29906082/medium.jpg?1546688071,Toxicoscordion venenosum
https://static.inaturalist.org/photos/30401252/medium.jpg?1547915586,Toxicoscordion venenosum
https://static.inaturalist.org/photos/30532297/medium.jpeg?1548191673,Toxicoscordion venenosum
https://static.inaturalist.org/photos/30770090/medium.jpeg?1548739045,Toxicoscordion venenosum
https://static.inaturalist.org/photos/30951430/medium.jpg?1549165762,Toxicoscordion venenosum
https://static.inaturalist.org/photos/31370032/medium.jpeg?1550039381,Toxicoscordion venenosum
https://static.inaturalist.org/photos/31995162/medium.jpeg?1551075507,Toxicoscordion venenosum
https://static.inaturalist.org/photos/32046034/medium.jpeg?1551190938,Toxicoscordion venenosum
https://static.inaturalist.org/photos/32562851/medium.jpg?1552110099,Toxicoscordion venenosum
https://static.inaturalist.org/photos/33178493/medium.jpg?1553148114,Toxicoscordion venenosum
https://static.inaturalist.org/photos/33346943/medium.jpeg?1553406745,Toxicoscordion venenosum
https://static.inaturalist.org/photos/34515023/medium.jpg?1554915025,Toxicoscordion venenosum
https://static.inaturalist.org/photos/34832909/medium.jpeg?1555278727,Toxicoscordion venenosum
https://static.inaturalist.org/photos/35337016/medium.jpeg?1555823146,Toxicoscordion venenosum
https://static.inaturalist.org/photos/35362956/medium.jpg?1555858431,Toxicoscordion venenosum
https://static.inaturalist.org/photos/35439307/medium.jpg?1555903620,Toxicoscordion venenosum
https://static.inaturalist.org/photos/35440705/medium.jpg?1555904950,Toxicoscordion venenosum
https://static.inaturalist.org/photos/35442768/medium.jpg?1555906734,Toxicoscordion venenosum
https://static.inaturalist.org/photos/35531206/medium.jpg?1555987148,Toxicoscordion venenosum
https://static.inaturalist.org/photos/35533245/medium.jpg?1555988673,Toxicoscordion venenosum
https://static.inaturalist.org/photos/35575027/medium.jpg?1556040443,Toxicoscordion venenosum
https://static.inaturalist.org/photos/35633147/medium.jpeg?1556087810,Toxicoscordion venenosum
https://static.inaturalist.org/photos/35649578/medium.jpeg?1556114548,Toxicoscordion venenosum
https://static.inaturalist.org/photos/36408126/medium.jpeg?1556409557,Toxicoscordion venenosum
https://static.inaturalist.org/photos/36468293/medium.jpg?1556420640,Toxicoscordion venenosum
https://static.inaturalist.org/photos/36834536/medium.jpg?1556500826,Toxicoscordion venenosum
https://static.inaturalist.org/photos/37014738/medium.jpeg?1556548889,Toxicoscordion venenosum
https://static.inaturalist.org/photos/37084891/medium.jpg?1556560446,Toxicoscordion venenosum
https://static.inaturalist.org/photos/37512345/medium.jpeg?1556687997,Toxicoscordion venenosum
https://static.inaturalist.org/photos/37517194/medium.jpg?1556692570,Toxicoscordion venenosum
https://static.inaturalist.org/photos/37612980/medium.jpg?1556751414,Toxicoscordion venenosum
https://static.inaturalist.org/photos/37622182/medium.jpg?1556756726,Toxicoscordion venenosum
https://static.inaturalist.org/photos/37840602/medium.jpeg?1556923216,Toxicoscordion venenosum
https://static.inaturalist.org/photos/37848788/medium.jpg?1556929079,Toxicoscordion venenosum
https://static.inaturalist.org/photos/37846644/medium.jpeg?1556927738,Toxicoscordion venenosum
https://static.inaturalist.org/photos/37864448/medium.jpeg?1556938437,Toxicoscordion venenosum
https://static.inaturalist.org/photos/37880215/medium.jpeg?1556953501,Toxicoscordion venenosum
https://static.inaturalist.org/photos/37953162/medium.jpg?1557007889,Toxicoscordion venenosum
https://static.inaturalist.org/photos/38084718/medium.jpeg?1557099013,Toxicoscordion venenosum
https://static.inaturalist.org/photos/38111927/medium.jpeg?1557115149,Toxicoscordion venenosum
https://static.inaturalist.org/photos/38117002/medium.jpeg?1557119367,Toxicoscordion venenosum
https://static.inaturalist.org/photos/38171031/medium.jpeg?1557171191,Toxicoscordion venenosum
https://static.inaturalist.org/photos/38175204/medium.jpg?1557174015,Toxicoscordion venenosum
https://static.inaturalist.org/photos/38175932/medium.jpg?1557174436,Toxicoscordion venenosum
https://static.inaturalist.org/photos/38199585/medium.jpg?1557188879,Toxicoscordion venenosum
https://static.inaturalist.org/photos/38271910/medium.jpeg?1557260381,Toxicoscordion venenosum
https://static.inaturalist.org/photos/38291521/medium.jpg?1557275314,Toxicoscordion venenosum
https://static.inaturalist.org/photos/38306266/medium.jpg?1557288101,Toxicoscordion venenosum
https://static.inaturalist.org/photos/38336844/medium.jpg?1557331495,Toxicoscordion venenosum
https://static.inaturalist.org/photos/38337445/medium.jpg?1557331854,Toxicoscordion venenosum
https://static.inaturalist.org/photos/38438077/medium.jpeg?1557431759,Toxicoscordion venenosum
https://static.inaturalist.org/photos/38472316/medium.jpg?1557462933,Toxicoscordion venenosum
https://static.inaturalist.org/photos/38473460/medium.jpg?1557464347,Toxicoscordion venenosum
https://static.inaturalist.org/photos/38474847/medium.jpg?1557466659,Toxicoscordion venenosum
https://static.inaturalist.org/photos/38528034/medium.jpg?1557532646,Toxicoscordion venenosum
https://static.inaturalist.org/photos/38545854/medium.jpeg?1557548337,Toxicoscordion venenosum
https://static.inaturalist.org/photos/38575364/medium.jpg?1557586951,Toxicoscordion venenosum
https://static.inaturalist.org/photos/38586097/medium.jpg?1557593477,Toxicoscordion venenosum
https://static.inaturalist.org/photos/38601996/medium.jpg?1557603771,Toxicoscordion venenosum
https://static.inaturalist.org/photos/38624088/medium.jpeg?1557617633,Toxicoscordion venenosum
https://static.inaturalist.org/photos/38624213/medium.jpeg?1557617719,Toxicoscordion venenosum
https://static.inaturalist.org/photos/38643870/medium.jpeg?1557631621,Toxicoscordion venenosum
https://static.inaturalist.org/photos/38643981/medium.jpeg?1557631682,Toxicoscordion venenosum
https://static.inaturalist.org/photos/38680016/medium.jpeg?1557674628,Toxicoscordion venenosum
https://static.inaturalist.org/photos/38694127/medium.jpg?1557682627,Toxicoscordion venenosum
https://static.inaturalist.org/photos/38696304/medium.jpg?1557683765,Toxicoscordion venenosum
https://static.inaturalist.org/photos/38713510/medium.jpg?1557693995,Toxicoscordion venenosum
https://static.inaturalist.org/photos/38715471/medium.jpg?1557695071,Toxicoscordion venenosum
https://static.inaturalist.org/photos/38723631/medium.jpg?1557699230,Toxicoscordion venenosum
https://static.inaturalist.org/photos/38738495/medium.jpg?1557708161,Toxicoscordion venenosum
https://static.inaturalist.org/photos/38817416/medium.jpg?1557789863,Toxicoscordion venenosum
https://static.inaturalist.org/photos/38837142/medium.jpeg?1557805610,Toxicoscordion venenosum
https://static.inaturalist.org/photos/38892747/medium.jpeg?1557867861,Toxicoscordion venenosum
https://static.inaturalist.org/photos/38899130/medium.jpg?1557872209,Toxicoscordion venenosum
https://static.inaturalist.org/photos/38907784/medium.jpg?1557879188,Toxicoscordion venenosum
https://static.inaturalist.org/photos/38912003/medium.jpeg?1557883127,Toxicoscordion venenosum
https://static.inaturalist.org/photos/38913453/medium.jpeg?1557884281,Toxicoscordion venenosum
https://static.inaturalist.org/photos/38916045/medium.jpg?1557886486,Toxicoscordion venenosum
https://static.inaturalist.org/photos/38992414/medium.jpg?1557965752,Toxicoscordion venenosum
https://static.inaturalist.org/photos/39008345/medium.jpg?1557979974,Toxicoscordion venenosum
https://static.inaturalist.org/photos/39008358/medium.jpg?1557979983,Toxicoscordion venenosum
https://static.inaturalist.org/photos/39040752/medium.jpg?1558025583,Toxicoscordion venenosum
https://static.inaturalist.org/photos/39040760/medium.jpg?1558025594,Toxicoscordion venenosum
https://static.inaturalist.org/photos/39058100/medium.jpg?1558038140,Toxicoscordion venenosum
https://static.inaturalist.org/photos/39060023/medium.jpeg?1558039476,Toxicoscordion venenosum
https://static.inaturalist.org/photos/39081268/medium.jpeg?1558057935,Toxicoscordion venenosum
https://static.inaturalist.org/photos/39084608/medium.jpg?1558061179,Toxicoscordion venenosum
https://static.inaturalist.org/photos/39085135/medium.jpg?1558061631,Toxicoscordion venenosum
https://static.inaturalist.org/photos/39092496/medium.jpg?1558074784,Toxicoscordion venenosum
https://static.inaturalist.org/photos/39121418/medium.jpeg?1558113353,Toxicoscordion venenosum
https://static.inaturalist.org/photos/39146179/medium.jpg?1558132833,Toxicoscordion venenosum
https://static.inaturalist.org/photos/39152113/medium.jpg?1558137237,Toxicoscordion venenosum
https://static.inaturalist.org/photos/39152468/medium.jpeg?1558137643,Toxicoscordion venenosum
https://static.inaturalist.org/photos/39155788/medium.jpg?1558140658,Toxicoscordion venenosum
https://static.inaturalist.org/photos/39174676/medium.jpeg?1558159287,Toxicoscordion venenosum
https://static.inaturalist.org/photos/39198585/medium.jpg?1558190641,Toxicoscordion venenosum
https://static.inaturalist.org/photos/39211804/medium.jpeg?1558199012,Toxicoscordion venenosum
https://static.inaturalist.org/photos/39216408/medium.jpeg?1558201504,Toxicoscordion venenosum
https://static.inaturalist.org/photos/39217144/medium.jpg?1558201946,Toxicoscordion venenosum
https://static.inaturalist.org/photos/39217367/medium.jpg?1558202076,Toxicoscordion venenosum
https://static.inaturalist.org/photos/39217558/medium.jpeg?1558202216,Toxicoscordion venenosum
https://static.inaturalist.org/photos/39241549/medium.jpeg?1558216122,Toxicoscordion venenosum
https://static.inaturalist.org/photos/39254659/medium.jpeg?1558224753,Toxicoscordion venenosum
https://static.inaturalist.org/photos/39270853/medium.jpg?1558236124,Toxicoscordion venenosum
https://static.inaturalist.org/photos/39277414/medium.jpg?1558242405,Toxicoscordion venenosum
https://static.inaturalist.org/photos/39285102/medium.jpeg?1558254793,Toxicoscordion venenosum
https://static.inaturalist.org/photos/39331742/medium.jpg?1558294194,Toxicoscordion venenosum
https://static.inaturalist.org/photos/39414849/medium.jpg?1558367550,Toxicoscordion venenosum
https://static.inaturalist.org/photos/39425143/medium.jpeg?1558374661,Toxicoscordion venenosum
https://static.inaturalist.org/photos/39434057/medium.jpeg?1558379975,Toxicoscordion venenosum
https://static.inaturalist.org/photos/39470685/medium.jpg?1558403709,Toxicoscordion venenosum
https://static.inaturalist.org/photos/39477475/medium.jpg?1558408765,Toxicoscordion venenosum
https://static.inaturalist.org/photos/39476538/medium.jpeg?1558408029,Toxicoscordion venenosum
https://static.inaturalist.org/photos/39482864/medium.jpg?1558413080,Toxicoscordion venenosum
https://static.inaturalist.org/photos/39484488/medium.jpeg?1558414788,Toxicoscordion venenosum
https://static.inaturalist.org/photos/39519649/medium.jpeg?1558457626,Toxicoscordion venenosum
https://static.inaturalist.org/photos/39521159/medium.jpeg?1558458544,Toxicoscordion venenosum
https://static.inaturalist.org/photos/39532033/medium.jpeg?1558465859,Toxicoscordion venenosum
https://static.inaturalist.org/photos/39536973/medium.jpg?1558468851,Toxicoscordion venenosum
https://static.inaturalist.org/photos/39566713/medium.jpg?1558488145,Toxicoscordion venenosum
https://static.inaturalist.org/photos/39575835/medium.jpeg?1558495562,Toxicoscordion venenosum
https://static.inaturalist.org/photos/39580078/medium.jpg?1558499600,Toxicoscordion venenosum
https://static.inaturalist.org/photos/39582280/medium.jpg?1558502256,Toxicoscordion venenosum
https://static.inaturalist.org/photos/39584706/medium.jpeg?1558505842,Toxicoscordion venenosum
https://static.inaturalist.org/photos/39641060/medium.jpg?1558560197,Toxicoscordion venenosum
https://static.inaturalist.org/photos/39641296/medium.jpg?1558560329,Toxicoscordion venenosum
https://static.inaturalist.org/photos/39659529/medium.jpg?1558573514,Toxicoscordion venenosum
https://static.inaturalist.org/photos/39659450/medium.jpg?1558573452,Toxicoscordion venenosum
https://static.inaturalist.org/photos/39672218/medium.jpg?1558583703,Toxicoscordion venenosum
https://static.inaturalist.org/photos/39719760/medium.jpeg?1558636852,Toxicoscordion venenosum
https://static.inaturalist.org/photos/39720006/medium.jpeg?1558637004,Toxicoscordion venenosum
https://static.inaturalist.org/photos/39720096/medium.jpeg?1558637071,Toxicoscordion venenosum
https://static.inaturalist.org/photos/39727587/medium.jpeg?1558641867,Toxicoscordion venenosum
https://static.inaturalist.org/photos/39731460/medium.jpg?1558644731,Toxicoscordion venenosum
https://static.inaturalist.org/photos/39731487/medium.jpg?1558644752,Toxicoscordion venenosum
https://static.inaturalist.org/photos/39744864/medium.jpeg?1558653846,Toxicoscordion venenosum
https://static.inaturalist.org/photos/39791482/medium.jpg?1558706072,Toxicoscordion venenosum
https://static.inaturalist.org/photos/39846087/medium.jpg?1558745508,Toxicoscordion venenosum
https://static.inaturalist.org/photos/39852980/medium.jpeg?1558751240,Toxicoscordion venenosum
https://static.inaturalist.org/photos/39941559/medium.jpg?1558821623,Toxicoscordion venenosum
https://static.inaturalist.org/photos/39970128/medium.jpeg?1558839253,Toxicoscordion venenosum
https://static.inaturalist.org/photos/40010546/medium.jpg?1558881688,Toxicoscordion venenosum
https://static.inaturalist.org/photos/40019816/medium.jpg?1558886549,Toxicoscordion venenosum
https://static.inaturalist.org/photos/40040250/medium.jpg?1558897606,Toxicoscordion venenosum
https://static.inaturalist.org/photos/40081248/medium.jpeg?1558920075,Toxicoscordion venenosum
https://static.inaturalist.org/photos/40110914/medium.jpg?1558947203,Toxicoscordion venenosum
https://static.inaturalist.org/photos/40137662/medium.jpg?1558972868,Toxicoscordion venenosum
https://static.inaturalist.org/photos/40150231/medium.jpg?1558980250,Toxicoscordion venenosum
https://static.inaturalist.org/photos/40112683/medium.jpg?1558951063,Toxicoscordion venenosum
https://static.inaturalist.org/photos/40181374/medium.jpg?1558997315,Toxicoscordion venenosum
https://static.inaturalist.org/photos/40185848/medium.jpeg?1558999828,Toxicoscordion venenosum
https://static.inaturalist.org/photos/40188560/medium.jpeg?1559001364,Toxicoscordion venenosum
https://static.inaturalist.org/photos/40190489/medium.jpg?1559002524,Toxicoscordion venenosum
https://static.inaturalist.org/photos/40195806/medium.jpg?1559005652,Toxicoscordion venenosum
https://static.inaturalist.org/photos/40200666/medium.jpeg?1559008490,Toxicoscordion venenosum
https://static.inaturalist.org/photos/40214257/medium.jpeg?1559019340,Toxicoscordion venenosum
https://static.inaturalist.org/photos/40216545/medium.jpg?1559022538,Toxicoscordion venenosum
https://static.inaturalist.org/photos/40251871/medium.jpeg?1559065170,Toxicoscordion venenosum
https://static.inaturalist.org/photos/40272560/medium.jpeg?1559079170,Toxicoscordion venenosum
https://static.inaturalist.org/photos/40270347/medium.jpeg?1559077591,Toxicoscordion venenosum
https://static.inaturalist.org/photos/40288180/medium.jpeg?1559090944,Toxicoscordion venenosum
https://static.inaturalist.org/photos/40293387/medium.jpeg?1559095002,Toxicoscordion venenosum
https://static.inaturalist.org/photos/40305823/medium.jpeg?1559107503,Toxicoscordion venenosum
https://static.inaturalist.org/photos/40306542/medium.jpg?1559108808,Toxicoscordion venenosum
https://static.inaturalist.org/photos/40335061/medium.jpg?1559142041,Toxicoscordion venenosum
https://static.inaturalist.org/photos/40352714/medium.jpg?1559153725,Toxicoscordion venenosum
https://static.inaturalist.org/photos/40353688/medium.jpg?1559154389,Toxicoscordion venenosum
https://static.inaturalist.org/photos/40354317/medium.jpg?1559154775,Toxicoscordion venenosum
https://static.inaturalist.org/photos/40354408/medium.jpg?1559154843,Toxicoscordion venenosum
https://static.inaturalist.org/photos/40441944/medium.jpg?1559235014,Toxicoscordion venenosum
https://static.inaturalist.org/photos/40449267/medium.jpg?1559240134,Toxicoscordion venenosum
https://static.inaturalist.org/photos/40459446/medium.jpeg?1559247625,Toxicoscordion venenosum
https://static.inaturalist.org/photos/40465784/medium.jpg?1559252517,Toxicoscordion venenosum
https://static.inaturalist.org/photos/40491368/medium.jpg?1559272595,Toxicoscordion venenosum
https://static.inaturalist.org/photos/40498240/medium.jpg?1559278926,Toxicoscordion venenosum
https://static.inaturalist.org/photos/40498470/medium.jpg?1559279161,Toxicoscordion venenosum
https://static.inaturalist.org/photos/40498478/medium.jpg?1559279174,Toxicoscordion venenosum
https://static.inaturalist.org/photos/40499795/medium.jpg?1559280713,Toxicoscordion venenosum
https://static.inaturalist.org/photos/40499876/medium.jpg?1559280823,Toxicoscordion venenosum
https://static.inaturalist.org/photos/40499911/medium.jpg?1559280867,Toxicoscordion venenosum
https://static.inaturalist.org/photos/40499983/medium.jpg?1559280958,Toxicoscordion venenosum
https://static.inaturalist.org/photos/40499993/medium.jpg?1559280971,Toxicoscordion venenosum
https://static.inaturalist.org/photos/40500077/medium.jpg?1559281067,Toxicoscordion venenosum
https://static.inaturalist.org/photos/40536995/medium.jpg?1559322767,Toxicoscordion venenosum
https://static.inaturalist.org/photos/40555055/medium.jpeg?1559335775,Toxicoscordion venenosum
https://static.inaturalist.org/photos/40566489/medium.jpeg?1559343979,Toxicoscordion venenosum
https://static.inaturalist.org/photos/40581343/medium.jpg?1559354934,Toxicoscordion venenosum
https://static.inaturalist.org/photos/40587222/medium.jpeg?1559360035,Toxicoscordion venenosum
https://static.inaturalist.org/photos/40588709/medium.jpeg?1559361485,Toxicoscordion venenosum
https://static.inaturalist.org/photos/40639786/medium.jpg?1559407407,Toxicoscordion venenosum
https://static.inaturalist.org/photos/40639967/medium.jpg?1559407508,Toxicoscordion venenosum
https://static.inaturalist.org/photos/40640584/medium.jpg?1559407825,Toxicoscordion venenosum
https://static.inaturalist.org/photos/40625900/medium.jpeg?1559399802,Toxicoscordion venenosum
https://static.inaturalist.org/photos/40641497/medium.jpg?1559408265,Toxicoscordion venenosum
https://static.inaturalist.org/photos/40642379/medium.jpg?1559408764,Toxicoscordion venenosum
https://static.inaturalist.org/photos/40667841/medium.jpg?1559422485,Toxicoscordion venenosum
https://static.inaturalist.org/photos/40674545/medium.jpeg?1559426366,Toxicoscordion venenosum
https://static.inaturalist.org/photos/40696438/medium.jpg?1559438781,Toxicoscordion venenosum
https://static.inaturalist.org/photos/40703132/medium.jpg?1559442708,Toxicoscordion venenosum
https://static.inaturalist.org/photos/40711629/medium.jpg?1559448643,Toxicoscordion venenosum
https://static.inaturalist.org/photos/40709694/medium.jpg?1559447304,Toxicoscordion venenosum
https://static.inaturalist.org/photos/40718740/medium.jpg?1559455968,Toxicoscordion venenosum
https://static.inaturalist.org/photos/40719907/medium.jpg?1559457342,Toxicoscordion venenosum
https://static.inaturalist.org/photos/40719911/medium.jpg?1559457347,Toxicoscordion venenosum
https://static.inaturalist.org/photos/40723679/medium.jpg?1559462364,Toxicoscordion venenosum
https://static.inaturalist.org/photos/40756232/medium.jpg?1559492509,Toxicoscordion venenosum
https://static.inaturalist.org/photos/40760202/medium.jpg?1559494470,Toxicoscordion venenosum
https://static.inaturalist.org/photos/40773299/medium.jpg?1559501349,Toxicoscordion venenosum
https://static.inaturalist.org/photos/40775453/medium.jpg?1559502385,Toxicoscordion venenosum
https://static.inaturalist.org/photos/40798985/medium.jpg?1559513123,Toxicoscordion venenosum
https://static.inaturalist.org/photos/40872253/medium.jpg?1559572917,Toxicoscordion venenosum
https://static.inaturalist.org/photos/40872344/medium.jpg?1559573003,Toxicoscordion venenosum
https://static.inaturalist.org/photos/40877900/medium.jpg?1559576848,Toxicoscordion venenosum
https://static.inaturalist.org/photos/40923604/medium.jpeg?1559606084,Toxicoscordion venenosum
https://static.inaturalist.org/photos/40923687/medium.jpeg?1559606143,Toxicoscordion venenosum
https://static.inaturalist.org/photos/40924591/medium.jpeg?1559606648,Toxicoscordion venenosum
https://static.inaturalist.org/photos/40947422/medium.jpg?1559626560,Toxicoscordion venenosum
https://static.inaturalist.org/photos/40952002/medium.jpg?1559635673,Toxicoscordion venenosum
https://static.inaturalist.org/photos/40965507/medium.jpg?1559656066,Toxicoscordion venenosum
https://static.inaturalist.org/photos/41015431/medium.jpeg?1559694947,Toxicoscordion venenosum
https://static.inaturalist.org/photos/41077743/medium.jpeg?1559760722,Toxicoscordion venenosum
https://static.inaturalist.org/photos/41105107/medium.jpeg?1559781232,Toxicoscordion venenosum
https://static.inaturalist.org/photos/41108123/medium.jpg?1559783679,Toxicoscordion venenosum
https://static.inaturalist.org/photos/41109085/medium.jpg?1559784457,Toxicoscordion venenosum
https://static.inaturalist.org/photos/41109908/medium.jpeg?1559785154,Toxicoscordion venenosum
https://static.inaturalist.org/photos/41118771/medium.jpg?1559792946,Toxicoscordion venenosum venenosum
https://static.inaturalist.org/photos/41152867/medium.jpeg?1559837136,Toxicoscordion venenosum
https://static.inaturalist.org/photos/41162251/medium.jpg?1559843642,Toxicoscordion venenosum
https://static.inaturalist.org/photos/41200578/medium.jpg?1559871756,Toxicoscordion venenosum
https://static.inaturalist.org/photos/41211794/medium.jpeg?1559882751,Toxicoscordion venenosum
https://static.inaturalist.org/photos/41256909/medium.jpg?1559932858,Toxicoscordion venenosum
https://static.inaturalist.org/photos/41262168/medium.jpeg?1559937038,Toxicoscordion venenosum
https://static.inaturalist.org/photos/41285734/medium.jpg?1559955063,Toxicoscordion venenosum
https://static.inaturalist.org/photos/41298942/medium.jpg?1559967539,Toxicoscordion venenosum venenosum
https://static.inaturalist.org/photos/41340469/medium.jpeg?1560013348,Toxicoscordion venenosum
https://static.inaturalist.org/photos/41342050/medium.jpeg?1560014354,Toxicoscordion venenosum
https://static.inaturalist.org/photos/41352813/medium.jpg?1560020976,Toxicoscordion venenosum
https://static.inaturalist.org/photos/41366621/medium.jpg?1560029343,Toxicoscordion venenosum
https://static.inaturalist.org/photos/41370413/medium.jpeg?1560031512,Toxicoscordion venenosum
https://static.inaturalist.org/photos/41383226/medium.jpg?1560039656,Toxicoscordion venenosum
https://static.inaturalist.org/photos/41384803/medium.jpg?1560040844,Toxicoscordion venenosum
https://static.inaturalist.org/photos/41384912/medium.jpg?1560040931,Toxicoscordion venenosum
https://static.inaturalist.org/photos/41408834/medium.jpeg?1560060830,Toxicoscordion venenosum
https://static.inaturalist.org/photos/41431988/medium.jpg?1560088606,Toxicoscordion venenosum
https://static.inaturalist.org/photos/41436374/medium.jpg?1560091646,Toxicoscordion venenosum
https://static.inaturalist.org/photos/41469270/medium.jpeg?1560109828,Toxicoscordion venenosum
https://static.inaturalist.org/photos/41475785/medium.jpg?1560113517,Toxicoscordion venenosum
https://static.inaturalist.org/photos/41496956/medium.jpg?1560125905,Toxicoscordion venenosum
https://static.inaturalist.org/photos/41498849/medium.jpg?1560126949,Toxicoscordion venenosum
https://static.inaturalist.org/photos/41504565/medium.jpg?1560130113,Toxicoscordion venenosum
https://static.inaturalist.org/photos/41507777/medium.jpeg?1560131892,Toxicoscordion venenosum
https://static.inaturalist.org/photos/41510862/medium.jpeg?1560133895,Toxicoscordion venenosum
https://static.inaturalist.org/photos/41514066/medium.jpg?1560136100,Toxicoscordion venenosum
https://static.inaturalist.org/photos/41516174/medium.jpg?1560137749,Toxicoscordion venenosum
https://static.inaturalist.org/photos/41517895/medium.jpg?1560139221,Toxicoscordion venenosum
https://static.inaturalist.org/photos/41521055/medium.jpg?1560141961,Toxicoscordion venenosum
https://static.inaturalist.org/photos/41574217/medium.jpg?1560192233,Toxicoscordion venenosum
https://static.inaturalist.org/photos/41576148/medium.jpg?1560193677,Toxicoscordion venenosum
https://static.inaturalist.org/photos/41578486/medium.jpg?1560195305,Toxicoscordion venenosum
https://static.inaturalist.org/photos/41592155/medium.jpeg?1560204974,Toxicoscordion venenosum
https://static.inaturalist.org/photos/41594170/medium.jpg?1560206305,Toxicoscordion venenosum
https://static.inaturalist.org/photos/41622000/medium.jpeg?1560229761,Toxicoscordion venenosum
https://static.inaturalist.org/photos/41622659/medium.jpeg?1560230841,Toxicoscordion venenosum
https://static.inaturalist.org/photos/41780606/medium.jpeg?1560381896,Toxicoscordion venenosum
https://static.inaturalist.org/photos/41800171/medium.jpg?1560398322,Toxicoscordion venenosum
https://static.inaturalist.org/photos/41832360/medium.jpg?1560443157,Toxicoscordion venenosum
https://static.inaturalist.org/photos/41833665/medium.jpeg?1560444325,Toxicoscordion venenosum
https://static.inaturalist.org/photos/41837839/medium.jpeg?1560447483,Toxicoscordion venenosum
https://static.inaturalist.org/photos/41863675/medium.jpeg?1560466850,Toxicoscordion venenosum
https://static.inaturalist.org/photos/41881475/medium.jpg?1560481539,Toxicoscordion venenosum
https://static.inaturalist.org/photos/41881907/medium.jpg?1560481906,Toxicoscordion venenosum
https://static.inaturalist.org/photos/41916686/medium.jpeg?1560529948,Toxicoscordion venenosum
https://static.inaturalist.org/photos/41935952/medium.jpg?1560543661,Toxicoscordion venenosum
https://static.inaturalist.org/photos/42070331/medium.jpg?1560652026,Toxicoscordion venenosum
https://static.inaturalist.org/photos/42117069/medium.jpg?1560700133,Toxicoscordion venenosum
https://static.inaturalist.org/photos/42180040/medium.jpg?1560737049,Toxicoscordion venenosum
https://static.inaturalist.org/photos/42267719/medium.jpeg?1560815542,Toxicoscordion venenosum
https://static.inaturalist.org/photos/42302055/medium.jpg?1560855751,Toxicoscordion venenosum
https://static.inaturalist.org/photos/42357367/medium.jpeg?1560897972,Toxicoscordion venenosum
https://static.inaturalist.org/photos/42350314/medium.jpeg?1560893190,Toxicoscordion venenosum
https://static.inaturalist.org/photos/42486798/medium.jpg?1561025127,Toxicoscordion venenosum
https://static.inaturalist.org/photos/42559087/medium.jpg?1561080813,Toxicoscordion venenosum
https://static.inaturalist.org/photos/42574586/medium.jpg?1561099442,Toxicoscordion venenosum
https://static.inaturalist.org/photos/42659733/medium.jpeg?1561180168,Toxicoscordion venenosum
https://static.inaturalist.org/photos/42661291/medium.jpeg?1561181820,Toxicoscordion venenosum
https://static.inaturalist.org/photos/42717795/medium.jpeg?1561232250,Toxicoscordion venenosum
https://static.inaturalist.org/photos/42726533/medium.jpeg?1561236805,Toxicoscordion venenosum
https://static.inaturalist.org/photos/42728401/medium.jpeg?1561237931,Toxicoscordion venenosum
https://static.inaturalist.org/photos/42771320/medium.jpg?1561267274,Toxicoscordion venenosum
https://static.inaturalist.org/photos/42780925/medium.jpg?1561283830,Toxicoscordion venenosum
https://static.inaturalist.org/photos/42907933/medium.jpg?1561386206,Toxicoscordion venenosum
https://static.inaturalist.org/photos/42914943/medium.jpg?1561390538,Toxicoscordion venenosum
https://static.inaturalist.org/photos/42980126/medium.jpg?1561433127,Toxicoscordion venenosum
https://static.inaturalist.org/photos/43059310/medium.jpg?1561501638,Toxicoscordion venenosum
https://static.inaturalist.org/photos/43087774/medium.jpg?1561523708,Toxicoscordion venenosum gramineum
https://static.inaturalist.org/photos/43135818/medium.jpg?1561571788,Toxicoscordion venenosum
https://static.inaturalist.org/photos/43153455/medium.jpg?1561582661,Toxicoscordion venenosum
https://static.inaturalist.org/photos/43174853/medium.jpg?1561596215,Toxicoscordion venenosum
https://static.inaturalist.org/photos/43188550/medium.jpeg?1561605630,Toxicoscordion venenosum
https://static.inaturalist.org/photos/43195966/medium.jpg?1561612684,Toxicoscordion venenosum
https://static.inaturalist.org/photos/43210446/medium.jpg?1561638983,Toxicoscordion venenosum
https://static.inaturalist.org/photos/43266946/medium.jpg?1561680920,Toxicoscordion venenosum
https://static.inaturalist.org/photos/43334472/medium.jpg?1561748788,Toxicoscordion venenosum
https://static.inaturalist.org/photos/43353004/medium.jpg?1561761090,Toxicoscordion venenosum
https://static.inaturalist.org/photos/43360503/medium.jpg?1561767041,Toxicoscordion venenosum
https://static.inaturalist.org/photos/43376532/medium.jpeg?1561780611,Toxicoscordion venenosum
https://static.inaturalist.org/photos/43463558/medium.jpeg?1561858417,Toxicoscordion venenosum
https://static.inaturalist.org/photos/43569187/medium.jpg?1561942548,Toxicoscordion venenosum
https://static.inaturalist.org/photos/43586091/medium.jpg?1561955686,Toxicoscordion venenosum
https://static.inaturalist.org/photos/43715146/medium.jpeg?1562080229,Toxicoscordion venenosum
https://static.inaturalist.org/photos/43743358/medium.jpg?1562097866,Toxicoscordion venenosum
https://static.inaturalist.org/photos/43747508/medium.jpeg?1562100416,Toxicoscordion venenosum
https://static.inaturalist.org/photos/43803037/medium.jpeg?1562159313,Toxicoscordion venenosum
https://static.inaturalist.org/photos/43970837/medium.jpg?1562302273,Toxicoscordion venenosum
https://static.inaturalist.org/photos/44018040/medium.jpg?1562353941,Toxicoscordion venenosum
https://static.inaturalist.org/photos/44391892/medium.jpg?1562639160,Toxicoscordion venenosum
https://static.inaturalist.org/photos/44404224/medium.jpeg?1562650735,Toxicoscordion venenosum
https://static.inaturalist.org/photos/44594627/medium.jpeg?1562824282,Toxicoscordion venenosum
https://static.inaturalist.org/photos/45037176/medium.jpg?1563210161,Toxicoscordion venenosum
https://static.inaturalist.org/photos/45349579/medium.jpeg?1563473078,Toxicoscordion venenosum
https://static.inaturalist.org/photos/45444032/medium.jpg?1563561651,Toxicoscordion venenosum
https://static.inaturalist.org/photos/45565689/medium.jpeg?1563661994,Toxicoscordion venenosum
https://static.inaturalist.org/photos/45789831/medium.jpeg?1563831566,Toxicoscordion venenosum
https://static.inaturalist.org/photos/46021255/medium.jpeg?1564020184,Toxicoscordion venenosum venenosum
https://static.inaturalist.org/photos/46126811/medium.jpeg?1564108645,Toxicoscordion venenosum
https://static.inaturalist.org/photos/46418164/medium.jpg?1564343555,Toxicoscordion venenosum
https://static.inaturalist.org/photos/47438929/medium.jpg?1565189548,Toxicoscordion venenosum
https://static.inaturalist.org/photos/47479488/medium.jpeg?1565215968,Toxicoscordion venenosum
https://static.inaturalist.org/photos/48008772/medium.jpeg?1565654042,Toxicoscordion venenosum
https://static.inaturalist.org/photos/48800589/medium.jpg?1566331959,Toxicoscordion venenosum
https://static.inaturalist.org/photos/48803738/medium.jpg?1566334108,Toxicoscordion venenosum
https://static.inaturalist.org/photos/49184907/medium.jpg?1566679118,Toxicoscordion venenosum
https://static.inaturalist.org/photos/50490191/medium.jpg?1567752854,Toxicoscordion venenosum
https://static.inaturalist.org/photos/50900197/medium.jpg?1568087510,Toxicoscordion venenosum
https://static.inaturalist.org/photos/50900938/medium.jpg?1568088483,Toxicoscordion venenosum
https://static.inaturalist.org/photos/51480523/medium.jpeg?1568595373,Toxicoscordion venenosum
https://static.inaturalist.org/photos/51873612/medium.jpeg?1568949051,Toxicoscordion venenosum
https://static.inaturalist.org/photos/53303334/medium.jpeg?1570301601,Toxicoscordion venenosum
https://static.inaturalist.org/photos/54084084/medium.jpeg?1571077060,Toxicoscordion venenosum
https://static.inaturalist.org/photos/54204449/medium.jpg?1571197211,Toxicoscordion venenosum
https://static.inaturalist.org/photos/55873156/medium.jpg?1573182616,Toxicoscordion venenosum
https://static.inaturalist.org/photos/56570042/medium.jpeg?1574139285,Toxicoscordion venenosum
https://static.inaturalist.org/photos/56733135/medium.jpeg?1574389358,Toxicoscordion venenosum
https://static.inaturalist.org/photos/57094689/medium.jpeg?1574889316,Toxicoscordion venenosum
https://static.inaturalist.org/photos/59155013/medium.jpeg?1578285131,Toxicoscordion venenosum
https://static.inaturalist.org/photos/59551864/medium.jpeg?1578903288,Toxicoscordion venenosum
https://static.inaturalist.org/photos/59813111/medium.jpg?1579311722,Toxicoscordion venenosum
https://static.inaturalist.org/photos/59813112/medium.jpg?1579311728,Toxicoscordion venenosum
https://static.inaturalist.org/photos/59813117/medium.jpg?1579311735,Toxicoscordion venenosum
https://static.inaturalist.org/photos/61079156/medium.jpg?1581188001,Toxicoscordion venenosum
https://static.inaturalist.org/photos/61404141/medium.jpg?1581636499,Toxicoscordion venenosum
https://static.inaturalist.org/photos/62989026/medium.jpeg?1583642914,Toxicoscordion venenosum
https://static.inaturalist.org/photos/63230854/medium.jpg?1583902993,Toxicoscordion venenosum
https://static.inaturalist.org/photos/63339819/medium.jpeg?1584040666,Toxicoscordion venenosum
https://static.inaturalist.org/photos/64188656/medium.jpg?1584849446,Toxicoscordion venenosum
https://static.inaturalist.org/photos/64200239/medium.jpg?1584862903,Toxicoscordion venenosum
https://static.inaturalist.org/photos/64229452/medium.jpeg?1584894711,Toxicoscordion venenosum
https://static.inaturalist.org/photos/64434992/medium.jpeg?1585075041,Toxicoscordion venenosum
https://static.inaturalist.org/photos/64470262/medium.jpg?1585097892,Toxicoscordion venenosum
https://static.inaturalist.org/photos/64469796/medium.jpeg?1585097516,Toxicoscordion venenosum
https://static.inaturalist.org/photos/64627974/medium.jpeg?1585249137,Toxicoscordion venenosum
https://static.inaturalist.org/photos/64782575/medium.jpeg?1585367216,Toxicoscordion venenosum
https://static.inaturalist.org/photos/64837816/medium.jpeg?1585416837,Toxicoscordion venenosum
https://static.inaturalist.org/photos/64897367/medium.jpeg?1585445118,Toxicoscordion venenosum
https://static.inaturalist.org/photos/65040392/medium.jpg?1585539929,Toxicoscordion venenosum
https://static.inaturalist.org/photos/65357352/medium.jpeg?1585799005,Toxicoscordion venenosum
https://static.inaturalist.org/photos/65361347/medium.jpg?1585802943,Toxicoscordion venenosum
https://static.inaturalist.org/photos/65715863/medium.jpg?1586068244,Toxicoscordion venenosum
https://static.inaturalist.org/photos/66003448/medium.jpg?1586267171,Toxicoscordion venenosum
https://static.inaturalist.org/photos/66313530/medium.jpeg?1586474274,Toxicoscordion venenosum
https://static.inaturalist.org/photos/66376098/medium.jpeg?1586534170,Toxicoscordion venenosum
https://static.inaturalist.org/photos/66376965/medium.jpeg?1586534553,Toxicoscordion venenosum
https://static.inaturalist.org/photos/66544231/medium.jpeg?1586634328,Toxicoscordion venenosum
https://static.inaturalist.org/photos/66874227/medium.jpg?1586823483,Toxicoscordion venenosum
https://static.inaturalist.org/photos/67198270/medium.jpeg?1587058126,Toxicoscordion venenosum
https://static.inaturalist.org/photos/67282054/medium.jpeg?1587107866,Toxicoscordion venenosum
https://static.inaturalist.org/photos/67682823/medium.jpg?1587337833,Toxicoscordion venenosum
https://static.inaturalist.org/photos/67704992/medium.jpeg?1587347216,Toxicoscordion venenosum
https://static.inaturalist.org/photos/67723235/medium.jpeg?1587358295,Toxicoscordion venenosum
https://static.inaturalist.org/photos/67727672/medium.jpg?1587363019,Toxicoscordion venenosum
https://static.inaturalist.org/photos/68553112/medium.jpg?1587766078,Toxicoscordion venenosum
https://static.inaturalist.org/photos/68993092/medium.jpg?1587857015,Toxicoscordion venenosum
https://static.inaturalist.org/photos/69072159/medium.jpg?1587872468,Toxicoscordion venenosum
https://static.inaturalist.org/photos/69073803/medium.jpg?1587872868,Toxicoscordion venenosum
https://static.inaturalist.org/photos/69366043/medium.jpeg?1587935587,Toxicoscordion venenosum
https://static.inaturalist.org/photos/69393456/medium.jpg?1587939289,Toxicoscordion venenosum
https://static.inaturalist.org/photos/69432814/medium.jpeg?1587945395,Toxicoscordion venenosum
https://static.inaturalist.org/photos/69433202/medium.jpeg?1587945457,Toxicoscordion venenosum
https://static.inaturalist.org/photos/69446398/medium.jpeg?1587947667,Toxicoscordion venenosum
https://static.inaturalist.org/photos/69538759/medium.jpg?1587970457,Toxicoscordion venenosum
https://static.inaturalist.org/photos/69660139/medium.jpg?1588006474,Toxicoscordion venenosum
https://static.inaturalist.org/photos/69663435/medium.jpg?1588006997,Toxicoscordion venenosum
https://static.inaturalist.org/photos/69779740/medium.jpeg?1588026187,Toxicoscordion venenosum
https://static.inaturalist.org/photos/69882766/medium.jpg?1588045178,Toxicoscordion venenosum
https://static.inaturalist.org/photos/69978990/medium.jpeg?1588089781,Toxicoscordion venenosum
https://static.inaturalist.org/photos/70012551/medium.jpg?1588099864,Toxicoscordion venenosum
https://static.inaturalist.org/photos/70062776/medium.jpg?1588115372,Toxicoscordion venenosum
https://static.inaturalist.org/photos/70063082/medium.jpeg?1588115471,Toxicoscordion venenosum
https://static.inaturalist.org/photos/70197949/medium.jpeg?1588182833,Toxicoscordion venenosum
https://static.inaturalist.org/photos/70200113/medium.jpeg?1588183508,Toxicoscordion venenosum
https://static.inaturalist.org/photos/70229133/medium.jpg?1588192949,Toxicoscordion venenosum
https://static.inaturalist.org/photos/70252187/medium.jpeg?1588200925,Toxicoscordion venenosum
https://static.inaturalist.org/photos/70265482/medium.jpg?1588205767,Toxicoscordion venenosum
https://static.inaturalist.org/photos/70378266/medium.jpg?1588269701,Toxicoscordion venenosum
https://static.inaturalist.org/photos/70379371/medium.jpeg?1588270226,Toxicoscordion venenosum
https://static.inaturalist.org/photos/70549725/medium.jpg?1588355715,Toxicoscordion venenosum
https://static.inaturalist.org/photos/70603126/medium.jpg?1588375310,Toxicoscordion venenosum
https://static.inaturalist.org/photos/70617671/medium.jpg?1588381240,Toxicoscordion venenosum
https://static.inaturalist.org/photos/70624071/medium.jpg?1588384249,Toxicoscordion venenosum
https://static.inaturalist.org/photos/70729921/medium.jpeg?1588440941,Toxicoscordion venenosum
https://static.inaturalist.org/photos/70789984/medium.jpg?1588456821,Toxicoscordion venenosum
https://static.inaturalist.org/photos/70789614/medium.jpeg?1588456708,Toxicoscordion venenosum
https://static.inaturalist.org/photos/70796269/medium.jpeg?1588458727,Toxicoscordion venenosum
https://static.inaturalist.org/photos/70848465/medium.jpeg?1588478145,Toxicoscordion venenosum
https://static.inaturalist.org/photos/70847981/medium.jpg?1588477860,Toxicoscordion venenosum
https://static.inaturalist.org/photos/70964217/medium.jpg?1588528928,Toxicoscordion venenosum
https://static.inaturalist.org/photos/70966206/medium.jpg?1588529390,Toxicoscordion venenosum
https://static.inaturalist.org/photos/71014336/medium.jpg?1588540791,Toxicoscordion venenosum
https://static.inaturalist.org/photos/71072619/medium.jpg?1588559411,Toxicoscordion venenosum
https://static.inaturalist.org/photos/71082401/medium.jpg?1588562613,Toxicoscordion venenosum
https://static.inaturalist.org/photos/71087943/medium.jpg?1588564840,Toxicoscordion venenosum
https://static.inaturalist.org/photos/71206932/medium.jpeg?1588627128,Toxicoscordion venenosum
https://static.inaturalist.org/photos/71222672/medium.jpg?1588633843,Toxicoscordion venenosum
https://static.inaturalist.org/photos/71263036/medium.jpeg?1588654477,Toxicoscordion venenosum
https://static.inaturalist.org/photos/71396646/medium.jpg?1588726368,Toxicoscordion venenosum
https://static.inaturalist.org/photos/71421546/medium.jpeg?1588742507,Toxicoscordion venenosum
https://static.inaturalist.org/photos/71539074/medium.jpeg?1588809496,Toxicoscordion venenosum
https://static.inaturalist.org/photos/71661732/medium.jpeg?1588881208,Toxicoscordion venenosum
https://static.inaturalist.org/photos/71671021/medium.jpg?1588884860,Toxicoscordion venenosum venenosum
https://static.inaturalist.org/photos/71723608/medium.jpg?1588908145,Toxicoscordion venenosum
https://static.inaturalist.org/photos/71798589/medium.jpg?1588958063,Toxicoscordion venenosum
https://static.inaturalist.org/photos/71830174/medium.jpeg?1588970192,Toxicoscordion venenosum
https://static.inaturalist.org/photos/71886672/medium.jpg?1588997568,Toxicoscordion venenosum
https://static.inaturalist.org/photos/72001479/medium.jpg?1589057054,Toxicoscordion venenosum
https://static.inaturalist.org/photos/72015633/medium.jpg?1589061719,Toxicoscordion venenosum
https://static.inaturalist.org/photos/72061290/medium.jpg?1589080237,Toxicoscordion venenosum
https://static.inaturalist.org/photos/72048110/medium.jpg?1589074564,Toxicoscordion venenosum
https://static.inaturalist.org/photos/72126826/medium.jpeg?1589123717,Toxicoscordion venenosum
https://static.inaturalist.org/photos/72188413/medium.jpg?1589143071,Toxicoscordion venenosum
https://static.inaturalist.org/photos/72210452/medium.jpg?1589150357,Toxicoscordion venenosum
https://static.inaturalist.org/photos/72210761/medium.jpg?1589150465,Toxicoscordion venenosum
https://static.inaturalist.org/photos/72243773/medium.jpeg?1589164752,Toxicoscordion venenosum
https://static.inaturalist.org/photos/72384673/medium.jpeg?1589244783,Toxicoscordion venenosum
https://static.inaturalist.org/photos/72393599/medium.jpg?1589249562,Toxicoscordion venenosum
https://static.inaturalist.org/photos/72401278/medium.jpg?1589253549,Toxicoscordion venenosum
https://static.inaturalist.org/photos/72404345/medium.jpg?1589255628,Toxicoscordion venenosum
https://static.inaturalist.org/photos/72493777/medium.jpg?1589312439,Toxicoscordion venenosum
https://static.inaturalist.org/photos/72556862/medium.jpg?1589340551,Toxicoscordion venenosum
https://static.inaturalist.org/photos/72539451/medium.jpeg?1589331420,Toxicoscordion venenosum
https://static.inaturalist.org/photos/72615639/medium.jpg?1589387089,Toxicoscordion venenosum
https://static.inaturalist.org/photos/72682805/medium.jpeg?1589414124,Toxicoscordion venenosum
https://static.inaturalist.org/photos/72719222/medium.jpeg?1589435018,Toxicoscordion venenosum
https://static.inaturalist.org/photos/72722855/medium.jpg?1589439376,Toxicoscordion venenosum
https://static.inaturalist.org/photos/72750815/medium.jpeg?1589465289,Toxicoscordion venenosum
https://static.inaturalist.org/photos/72775067/medium.jpg?1589475768,Toxicoscordion venenosum
https://static.inaturalist.org/photos/72782188/medium.jpg?1589478423,Toxicoscordion venenosum
https://static.inaturalist.org/photos/72839467/medium.jpeg?1589500906,Toxicoscordion venenosum
https://static.inaturalist.org/photos/72845196/medium.jpeg?1589503248,Toxicoscordion venenosum
https://static.inaturalist.org/photos/72845252/medium.jpeg?1589503269,Toxicoscordion venenosum
https://static.inaturalist.org/photos/72845307/medium.jpeg?1589503290,Toxicoscordion venenosum
https://static.inaturalist.org/photos/72856614/medium.jpg?1589508394,Toxicoscordion venenosum
https://static.inaturalist.org/photos/72856156/medium.jpeg?1589508113,Toxicoscordion venenosum
https://static.inaturalist.org/photos/72869184/medium.jpeg?1589515688,Toxicoscordion venenosum
https://static.inaturalist.org/photos/72875607/medium.jpg?1589520915,Toxicoscordion venenosum
https://static.inaturalist.org/photos/72971788/medium.jpg?1589574778,Toxicoscordion venenosum
https://static.inaturalist.org/photos/72978030/medium.jpg?1589577018,Toxicoscordion venenosum
https://static.inaturalist.org/photos/72985781/medium.jpg?1589579768,Toxicoscordion venenosum
https://static.inaturalist.org/photos/73026637/medium.jpeg?1589596921,Toxicoscordion venenosum
https://static.inaturalist.org/photos/73030753/medium.jpeg?1589598995,Toxicoscordion venenosum
https://static.inaturalist.org/photos/73055484/medium.jpeg?1589615323,Toxicoscordion venenosum
https://static.inaturalist.org/photos/73105115/medium.jpeg?1589642404,Toxicoscordion venenosum
https://static.inaturalist.org/photos/73119104/medium.jpg?1589646345,Toxicoscordion venenosum
https://static.inaturalist.org/photos/73154788/medium.jpg?1589655509,Toxicoscordion venenosum
https://static.inaturalist.org/photos/73214312/medium.jpeg?1589672936,Toxicoscordion venenosum
https://static.inaturalist.org/photos/73214655/medium.jpeg?1589673080,Toxicoscordion venenosum
https://static.inaturalist.org/photos/73217483/medium.jpg?1589674070,Toxicoscordion venenosum
https://static.inaturalist.org/photos/73223180/medium.jpg?1589676087,Toxicoscordion venenosum
https://static.inaturalist.org/photos/73238192/medium.jpeg?1589681450,Toxicoscordion venenosum
https://static.inaturalist.org/photos/73254985/medium.jpg?1589688364,Toxicoscordion venenosum
https://static.inaturalist.org/photos/73372303/medium.jpg?1589737226,Toxicoscordion venenosum
https://static.inaturalist.org/photos/73387190/medium.jpeg?1589740897,Toxicoscordion venenosum
https://static.inaturalist.org/photos/73409049/medium.jpeg?1589746161,Toxicoscordion venenosum
https://static.inaturalist.org/photos/73419813/medium.jpeg?1589748914,Toxicoscordion venenosum
https://static.inaturalist.org/photos/73496281/medium.jpeg?1589774709,Toxicoscordion venenosum
https://static.inaturalist.org/photos/73499897/medium.jpeg?1589776744,Toxicoscordion venenosum
https://static.inaturalist.org/photos/73499921/medium.jpeg?1589776760,Toxicoscordion venenosum
https://static.inaturalist.org/photos/73548258/medium.jpeg?1589810887,Toxicoscordion venenosum
https://static.inaturalist.org/photos/73586170/medium.jpeg?1589824053,Toxicoscordion venenosum
https://static.inaturalist.org/photos/73592849/medium.jpg?1589826316,Toxicoscordion venenosum
https://static.inaturalist.org/photos/73629174/medium.jpeg?1589838377,Toxicoscordion venenosum
https://static.inaturalist.org/photos/73623102/medium.jpeg?1589836077,Toxicoscordion venenosum
https://static.inaturalist.org/photos/73643102/medium.jpg?1589843693,Toxicoscordion venenosum
https://static.inaturalist.org/photos/73656283/medium.jpeg?1589849068,Toxicoscordion venenosum
https://static.inaturalist.org/photos/73657696/medium.jpeg?1589849669,Toxicoscordion venenosum
https://static.inaturalist.org/photos/73775643/medium.jpg?1589913908,Toxicoscordion venenosum
https://static.inaturalist.org/photos/73789057/medium.jpg?1589919451,Toxicoscordion venenosum
https://static.inaturalist.org/photos/73810430/medium.jpg?1589927006,Toxicoscordion venenosum
https://static.inaturalist.org/photos/73810388/medium.jpg?1589926993,Toxicoscordion venenosum
https://static.inaturalist.org/photos/73810486/medium.jpg?1589927021,Toxicoscordion venenosum
https://static.inaturalist.org/photos/73810537/medium.jpg?1589927036,Toxicoscordion venenosum
https://static.inaturalist.org/photos/73810573/medium.jpg?1589927053,Toxicoscordion venenosum
https://static.inaturalist.org/photos/73810607/medium.jpg?1589927065,Toxicoscordion venenosum
https://static.inaturalist.org/photos/73846153/medium.jpg?1589941768,Toxicoscordion venenosum
https://static.inaturalist.org/photos/73851665/medium.jpg?1589944353,Toxicoscordion venenosum
https://static.inaturalist.org/photos/73860387/medium.jpg?1589949052,Toxicoscordion venenosum
https://static.inaturalist.org/photos/73862283/medium.jpeg?1589950464,Toxicoscordion venenosum
https://static.inaturalist.org/photos/73862323/medium.jpeg?1589950487,Toxicoscordion venenosum
https://static.inaturalist.org/photos/73911627/medium.jpeg?1589983585,Toxicoscordion venenosum
https://static.inaturalist.org/photos/73975174/medium.jpg?1590005190,Toxicoscordion venenosum
https://static.inaturalist.org/photos/74015886/medium.jpeg?1590019804,Toxicoscordion venenosum
https://static.inaturalist.org/photos/74043353/medium.jpeg?1590031760,Toxicoscordion venenosum
https://static.inaturalist.org/photos/74088613/medium.jpeg?1590064439,Toxicoscordion venenosum
https://static.inaturalist.org/photos/74141462/medium.jpg?1590083832,Toxicoscordion venenosum
https://static.inaturalist.org/photos/74149747/medium.jpg?1590087306,Toxicoscordion venenosum
https://static.inaturalist.org/photos/74606519/medium.jpg?1590277209,Toxicoscordion venenosum
https://static.inaturalist.org/photos/74165122/medium.jpeg?1590092617,Toxicoscordion venenosum
https://static.inaturalist.org/photos/74191858/medium.jpg?1590102238,Toxicoscordion venenosum
https://static.inaturalist.org/photos/74210445/medium.jpg?1590109421,Toxicoscordion venenosum
https://static.inaturalist.org/photos/74217154/medium.jpg?1590112612,Toxicoscordion venenosum
https://static.inaturalist.org/photos/74224849/medium.jpg?1590116169,Toxicoscordion venenosum
https://static.inaturalist.org/photos/74200555/medium.jpeg?1590105548,Toxicoscordion venenosum
https://static.inaturalist.org/photos/74227526/medium.jpg?1590117500,Toxicoscordion venenosum
https://static.inaturalist.org/photos/74235278/medium.jpg?1590121893,Toxicoscordion venenosum
https://static.inaturalist.org/photos/74240199/medium.jpeg?1590125048,Toxicoscordion venenosum
https://static.inaturalist.org/photos/74294656/medium.jpg?1590159609,Toxicoscordion venenosum
https://static.inaturalist.org/photos/74316187/medium.jpg?1590167178,Toxicoscordion venenosum
https://static.inaturalist.org/photos/74387032/medium.jpeg?1590190133,Toxicoscordion venenosum
https://static.inaturalist.org/photos/74393485/medium.jpg?1590192566,Toxicoscordion venenosum
https://static.inaturalist.org/photos/74522337/medium.jpeg?1590253701,Toxicoscordion venenosum
https://static.inaturalist.org/photos/74536663/medium.jpeg?1590257827,Toxicoscordion venenosum
https://static.inaturalist.org/photos/74597581/medium.jpeg?1590274532,Toxicoscordion venenosum
https://static.inaturalist.org/photos/74607532/medium.jpg?1590277473,Toxicoscordion venenosum
https://static.inaturalist.org/photos/74632465/medium.jpeg?1590285704,Toxicoscordion venenosum
https://static.inaturalist.org/photos/74635026/medium.jpg?1590286654,Toxicoscordion venenosum
https://static.inaturalist.org/photos/74656330/medium.jpg?1590295626,Toxicoscordion venenosum
https://static.inaturalist.org/photos/74649170/medium.jpeg?1590292123,Toxicoscordion venenosum
https://static.inaturalist.org/photos/74776752/medium.jpg?1590343663,Toxicoscordion venenosum
https://static.inaturalist.org/photos/74783610/medium.jpg?1590345310,Toxicoscordion venenosum
https://static.inaturalist.org/photos/74799865/medium.jpeg?1590349191,Toxicoscordion venenosum
https://static.inaturalist.org/photos/74956375/medium.jpg?1590413777,Toxicoscordion venenosum
https://static.inaturalist.org/photos/74833406/medium.jpeg?1590357222,Toxicoscordion venenosum
https://static.inaturalist.org/photos/74837591/medium.jpg?1590358254,Toxicoscordion venenosum
https://static.inaturalist.org/photos/74843591/medium.jpg?1590360011,Toxicoscordion venenosum
https://static.inaturalist.org/photos/74857517/medium.jpeg?1590363855,Toxicoscordion venenosum
https://static.inaturalist.org/photos/74875429/medium.jpg?1590369612,Toxicoscordion venenosum venenosum
https://static.inaturalist.org/photos/74949420/medium.jpg?1590410678,Toxicoscordion venenosum venenosum
https://static.inaturalist.org/photos/74975086/medium.jpg?1590420214,Toxicoscordion venenosum
https://static.inaturalist.org/photos/74990933/medium.jpeg?1590424670,Toxicoscordion venenosum
https://static.inaturalist.org/photos/75057040/medium.jpeg?1590441969,Toxicoscordion venenosum
https://static.inaturalist.org/photos/75060005/medium.jpg?1590442718,Toxicoscordion venenosum
https://static.inaturalist.org/photos/75068517/medium.jpg?1590445232,Toxicoscordion venenosum venenosum
https://static.inaturalist.org/photos/75107440/medium.jpg?1590458251,Toxicoscordion venenosum
https://static.inaturalist.org/photos/75131253/medium.jpg?1590470355,Toxicoscordion venenosum
https://static.inaturalist.org/photos/75216076/medium.jpeg?1590517045,Toxicoscordion venenosum
https://static.inaturalist.org/photos/75231371/medium.jpeg?1590522034,Toxicoscordion venenosum
https://static.inaturalist.org/photos/75289261/medium.jpg?1590545552,Toxicoscordion venenosum venenosum
https://static.inaturalist.org/photos/75297959/medium.jpeg?1590549827,Toxicoscordion venenosum
https://static.inaturalist.org/photos/75300563/medium.jpg?1590551299,Toxicoscordion venenosum
https://static.inaturalist.org/photos/75304848/medium.jpg?1590553901,Toxicoscordion venenosum
https://static.inaturalist.org/photos/75307419/medium.jpg?1590555424,Toxicoscordion venenosum
https://static.inaturalist.org/photos/75307783/medium.jpg?1590555653,Toxicoscordion venenosum
https://static.inaturalist.org/photos/75307934/medium.jpg?1590555744,Toxicoscordion venenosum
https://static.inaturalist.org/photos/75389284/medium.jpeg?1590600945,Toxicoscordion venenosum
https://static.inaturalist.org/photos/75393929/medium.jpg?1590602606,Toxicoscordion venenosum
https://static.inaturalist.org/photos/75409248/medium.jpeg?1590607875,Toxicoscordion venenosum
https://static.inaturalist.org/photos/75425386/medium.jpg?1590613855,Toxicoscordion venenosum
https://static.inaturalist.org/photos/75455323/medium.jpeg?1590624893,Toxicoscordion venenosum
https://static.inaturalist.org/photos/75456069/medium.jpeg?1590625217,Toxicoscordion venenosum
https://static.inaturalist.org/photos/75458784/medium.jpg?1590626407,Toxicoscordion venenosum
https://static.inaturalist.org/photos/75458777/medium.jpg?1590626402,Toxicoscordion venenosum
https://static.inaturalist.org/photos/75463713/medium.jpeg?1590628769,Toxicoscordion venenosum
https://static.inaturalist.org/photos/75464508/medium.jpeg?1590629167,Toxicoscordion venenosum
https://static.inaturalist.org/photos/75468300/medium.jpeg?1590630764,Toxicoscordion venenosum
https://static.inaturalist.org/photos/75497332/medium.jpeg?1590648338,Toxicoscordion venenosum
https://static.inaturalist.org/photos/75497353/medium.jpeg?1590648357,Toxicoscordion venenosum
https://static.inaturalist.org/photos/75498369/medium.jpeg?1590649260,Toxicoscordion venenosum
https://static.inaturalist.org/photos/75547493/medium.jpg?1590680392,Toxicoscordion venenosum venenosum
https://static.inaturalist.org/photos/75586939/medium.jpeg?1590695019,Toxicoscordion venenosum
https://static.inaturalist.org/photos/75626897/medium.jpeg?1590709123,Toxicoscordion venenosum
https://static.inaturalist.org/photos/75628991/medium.jpeg?1590709977,Toxicoscordion venenosum
https://static.inaturalist.org/photos/75632687/medium.jpg?1590711629,Toxicoscordion venenosum
https://static.inaturalist.org/photos/75727875/medium.jpg?1590766281,Toxicoscordion venenosum
https://static.inaturalist.org/photos/75670581/medium.jpeg?1590730091,Toxicoscordion venenosum
https://static.inaturalist.org/photos/75821551/medium.jpeg?1590803491,Toxicoscordion venenosum
https://static.inaturalist.org/photos/75837790/medium.jpg?1590811871,Toxicoscordion venenosum
https://static.inaturalist.org/photos/75904536/medium.jpeg?1590851308,Toxicoscordion venenosum
https://static.inaturalist.org/photos/76016528/medium.jpeg?1590884418,Toxicoscordion venenosum
https://static.inaturalist.org/photos/76018019/medium.jpeg?1590884913,Toxicoscordion venenosum
https://static.inaturalist.org/photos/76083511/medium.jpg?1590921617,Toxicoscordion venenosum
https://static.inaturalist.org/photos/76164407/medium.jpg?1590948528,Toxicoscordion venenosum
https://static.inaturalist.org/photos/76173448/medium.jpeg?1590950847,Toxicoscordion venenosum venenosum
https://static.inaturalist.org/photos/76234710/medium.jpeg?1590967386,Toxicoscordion venenosum
https://static.inaturalist.org/photos/76238982/medium.jpeg?1590968748,Toxicoscordion venenosum
https://static.inaturalist.org/photos/76263595/medium.jpg?1590977179,Toxicoscordion venenosum
https://static.inaturalist.org/photos/76267223/medium.jpg?1590978627,Toxicoscordion venenosum venenosum
https://static.inaturalist.org/photos/76284359/medium.jpeg?1590986688,Toxicoscordion venenosum
https://static.inaturalist.org/photos/76368903/medium.jpg?1591031491,Toxicoscordion venenosum
https://static.inaturalist.org/photos/76404299/medium.jpeg?1591043101,Toxicoscordion venenosum
https://static.inaturalist.org/photos/76445966/medium.jpg?1591059885,Toxicoscordion venenosum
https://static.inaturalist.org/photos/76462864/medium.jpg?1591066949,Toxicoscordion venenosum
https://static.inaturalist.org/photos/76485556/medium.jpeg?1591082301,Toxicoscordion venenosum
https://static.inaturalist.org/photos/76519220/medium.jpg?1591106264,Toxicoscordion venenosum
https://static.inaturalist.org/photos/76522392/medium.jpg?1591107807,Toxicoscordion venenosum
https://static.inaturalist.org/photos/76532818/medium.jpg?1591111747,Toxicoscordion venenosum
https://static.inaturalist.org/photos/76547508/medium.jpg?1591117386,Toxicoscordion venenosum
https://static.inaturalist.org/photos/76561957/medium.jpg?1591122472,Toxicoscordion venenosum
https://static.inaturalist.org/photos/76577122/medium.jpg?1591128247,Toxicoscordion venenosum
https://static.inaturalist.org/photos/76730046/medium.jpg?1591208996,Toxicoscordion venenosum
https://static.inaturalist.org/photos/76627707/medium.jpg?1591149700,Toxicoscordion venenosum
https://static.inaturalist.org/photos/76721616/medium.jpeg?1591205912,Toxicoscordion venenosum
https://static.inaturalist.org/photos/76793441/medium.jpg?1591234385,Toxicoscordion venenosum
https://static.inaturalist.org/photos/76787701/medium.jpeg?1591231958,Toxicoscordion venenosum
https://static.inaturalist.org/photos/76948048/medium.jpg?1591316513,Toxicoscordion venenosum
https://static.inaturalist.org/photos/76992022/medium.jpeg?1591341921,Toxicoscordion venenosum
https://static.inaturalist.org/photos/77048021/medium.jpg?1591375504,Toxicoscordion venenosum
https://static.inaturalist.org/photos/77107025/medium.jpeg?1591397736,Toxicoscordion venenosum
https://static.inaturalist.org/photos/77109797/medium.jpg?1591398884,Toxicoscordion venenosum
https://static.inaturalist.org/photos/77213037/medium.jpeg?1591455186,Toxicoscordion venenosum
https://static.inaturalist.org/photos/77215512/medium.jpeg?1591456011,Toxicoscordion venenosum
https://static.inaturalist.org/photos/77215948/medium.jpeg?1591456137,Toxicoscordion venenosum
https://static.inaturalist.org/photos/77219007/medium.jpeg?1591457140,Toxicoscordion venenosum
https://static.inaturalist.org/photos/77258882/medium.jpg?1591469190,Toxicoscordion venenosum
https://static.inaturalist.org/photos/77274841/medium.jpg?1591473355,Toxicoscordion venenosum
https://static.inaturalist.org/photos/77356677/medium.jpg?1591503561,Toxicoscordion venenosum
https://static.inaturalist.org/photos/77459259/medium.jpeg?1591551973,Toxicoscordion venenosum
https://static.inaturalist.org/photos/77536454/medium.jpeg?1591574327,Toxicoscordion venenosum
https://static.inaturalist.org/photos/77551608/medium.jpeg?1591579467,Toxicoscordion venenosum
https://static.inaturalist.org/photos/77555277/medium.jpg?1591580889,Toxicoscordion venenosum
https://static.inaturalist.org/photos/77555152/medium.jpeg?1591580826,Toxicoscordion venenosum
https://static.inaturalist.org/photos/77599934/medium.jpg?1591609943,Toxicoscordion venenosum
https://static.inaturalist.org/photos/77695037/medium.jpg?1591649775,Toxicoscordion venenosum
https://static.inaturalist.org/photos/77822657/medium.jpeg?1591718609,Toxicoscordion venenosum
https://static.inaturalist.org/photos/77823226/medium.jpeg?1591718784,Toxicoscordion venenosum
https://static.inaturalist.org/photos/77869722/medium.jpg?1591734923,Toxicoscordion venenosum
https://static.inaturalist.org/photos/77903486/medium.jpg?1591749010,Toxicoscordion venenosum
https://static.inaturalist.org/photos/77941638/medium.jpeg?1591774123,Toxicoscordion venenosum
https://static.inaturalist.org/photos/77979946/medium.jpeg?1591801868,Toxicoscordion venenosum
https://static.inaturalist.org/photos/78029656/medium.jpeg?1591819845,Toxicoscordion venenosum
https://static.inaturalist.org/photos/78030823/medium.jpeg?1591820232,Toxicoscordion venenosum
https://static.inaturalist.org/photos/78074761/medium.jpeg?1591838919,Toxicoscordion venenosum
https://static.inaturalist.org/photos/78144962/medium.jpeg?1591887708,Toxicoscordion venenosum
https://static.inaturalist.org/photos/78158726/medium.jpeg?1591893291,Toxicoscordion venenosum
https://static.inaturalist.org/photos/78161831/medium.jpg?1591894638,Toxicoscordion venenosum
https://static.inaturalist.org/photos/78181794/medium.jpg?1591902175,Toxicoscordion venenosum
https://static.inaturalist.org/photos/78189462/medium.jpeg?1591904808,Toxicoscordion venenosum
https://static.inaturalist.org/photos/78214573/medium.jpg?1591914627,Toxicoscordion venenosum
https://static.inaturalist.org/photos/78317618/medium.jpg?1591976406,Toxicoscordion venenosum
https://static.inaturalist.org/photos/78342869/medium.jpeg?1591985457,Toxicoscordion venenosum
https://static.inaturalist.org/photos/78383083/medium.jpeg?1592000520,Toxicoscordion venenosum
https://static.inaturalist.org/photos/78430152/medium.jpg?1592022710,Toxicoscordion venenosum
https://static.inaturalist.org/photos/78637612/medium.jpg?1592105018,Toxicoscordion venenosum
https://static.inaturalist.org/photos/78639048/medium.jpg?1592105691,Toxicoscordion venenosum
https://static.inaturalist.org/photos/78650886/medium.jpg?1592112312,Toxicoscordion venenosum
https://static.inaturalist.org/photos/78809804/medium.jpeg?1592171221,Toxicoscordion venenosum
https://static.inaturalist.org/photos/78770869/medium.jpeg?1592161467,Toxicoscordion venenosum
https://static.inaturalist.org/photos/78774504/medium.jpg?1592162469,Toxicoscordion venenosum
https://static.inaturalist.org/photos/78777789/medium.jpeg?1592163297,Toxicoscordion venenosum
https://static.inaturalist.org/photos/78778825/medium.jpeg?1592163550,Toxicoscordion venenosum
https://static.inaturalist.org/photos/78779722/medium.jpeg?1592163781,Toxicoscordion venenosum
https://static.inaturalist.org/photos/78785169/medium.jpeg?1592164970,Toxicoscordion venenosum
https://static.inaturalist.org/photos/78780387/medium.jpeg?1592163921,Toxicoscordion venenosum
https://static.inaturalist.org/photos/78781622/medium.jpeg?1592164188,Toxicoscordion venenosum
https://static.inaturalist.org/photos/78783157/medium.jpeg?1592164521,Toxicoscordion venenosum
https://static.inaturalist.org/photos/78784673/medium.jpeg?1592164868,Toxicoscordion venenosum
https://static.inaturalist.org/photos/78791206/medium.jpeg?1592166512,Toxicoscordion venenosum
https://static.inaturalist.org/photos/78811940/medium.jpg?1592171823,Toxicoscordion venenosum
https://static.inaturalist.org/photos/78823163/medium.jpeg?1592174985,Toxicoscordion venenosum
https://static.inaturalist.org/photos/78823848/medium.jpeg?1592175186,Toxicoscordion venenosum
https://static.inaturalist.org/photos/78824027/medium.jpeg?1592175228,Toxicoscordion venenosum
https://static.inaturalist.org/photos/78846635/medium.jpg?1592182769,Toxicoscordion venenosum
https://static.inaturalist.org/photos/78842704/medium.jpeg?1592181406,Toxicoscordion venenosum
https://static.inaturalist.org/photos/78843234/medium.jpeg?1592181571,Toxicoscordion venenosum
https://static.inaturalist.org/photos/78999339/medium.jpeg?1592251715,Toxicoscordion venenosum
https://static.inaturalist.org/photos/79019085/medium.jpeg?1592258382,Toxicoscordion venenosum
https://static.inaturalist.org/photos/79044102/medium.jpeg?1592267491,Toxicoscordion venenosum
https://static.inaturalist.org/photos/79114793/medium.jpg?1592312413,Toxicoscordion venenosum
https://static.inaturalist.org/photos/79118335/medium.jpg?1592314099,Toxicoscordion venenosum
https://static.inaturalist.org/photos/79168222/medium.jpeg?1592331927,Toxicoscordion venenosum
https://static.inaturalist.org/photos/79175877/medium.jpeg?1592334501,Toxicoscordion venenosum
https://static.inaturalist.org/photos/79196443/medium.jpg?1592341983,Toxicoscordion venenosum
https://static.inaturalist.org/photos/79226454/medium.jpeg?1592354306,Toxicoscordion venenosum
https://static.inaturalist.org/photos/79238980/medium.jpeg?1592359575,Toxicoscordion venenosum
https://static.inaturalist.org/photos/79239301/medium.jpeg?1592359753,Toxicoscordion venenosum
https://static.inaturalist.org/photos/79238171/medium.jpeg?1592359184,Toxicoscordion venenosum
https://static.inaturalist.org/photos/79249367/medium.jpeg?1592364882,Toxicoscordion venenosum
https://static.inaturalist.org/photos/79265506/medium.jpeg?1592377167,Toxicoscordion venenosum
https://static.inaturalist.org/photos/79327806/medium.jpeg?1592415152,Toxicoscordion venenosum
https://static.inaturalist.org/photos/79387568/medium.jpeg?1592438785,Toxicoscordion venenosum
https://static.inaturalist.org/photos/79387752/medium.jpeg?1592438850,Toxicoscordion venenosum
https://static.inaturalist.org/photos/79384148/medium.jpeg?1592437361,Toxicoscordion venenosum
https://static.inaturalist.org/photos/79402979/medium.jpeg?1592445509,Toxicoscordion venenosum
https://static.inaturalist.org/photos/79423613/medium.jpeg?1592455876,Toxicoscordion venenosum
https://static.inaturalist.org/photos/79426164/medium.jpeg?1592457649,Toxicoscordion venenosum
https://static.inaturalist.org/photos/79426179/medium.jpeg?1592457658,Toxicoscordion venenosum
https://static.inaturalist.org/photos/79426250/medium.jpeg?1592457705,Toxicoscordion venenosum
https://static.inaturalist.org/photos/79462068/medium.jpg?1592486718,Toxicoscordion venenosum
https://static.inaturalist.org/photos/79496692/medium.jpeg?1592500270,Toxicoscordion venenosum
https://static.inaturalist.org/photos/79601574/medium.jpeg?1592549468,Toxicoscordion venenosum
https://static.inaturalist.org/photos/79759843/medium.jpeg?1592625959,Toxicoscordion venenosum
https://static.inaturalist.org/photos/79839975/medium.jpg?1592668139,Toxicoscordion venenosum
https://static.inaturalist.org/photos/79865269/medium.jpeg?1592675473,Toxicoscordion venenosum
https://static.inaturalist.org/photos/79909172/medium.jpg?1592687371,Toxicoscordion venenosum
https://static.inaturalist.org/photos/79973037/medium.jpg?1592711369,Toxicoscordion venenosum
https://static.inaturalist.org/photos/80091336/medium.jpg?1592761450,Toxicoscordion venenosum
https://static.inaturalist.org/photos/80116649/medium.jpg?1592767703,Toxicoscordion venenosum
https://static.inaturalist.org/photos/80193114/medium.jpeg?1592792397,Toxicoscordion venenosum
https://static.inaturalist.org/photos/80195429/medium.jpg?1592793211,Toxicoscordion venenosum
https://static.inaturalist.org/photos/80196871/medium.jpeg?1592793678,Toxicoscordion venenosum
https://static.inaturalist.org/photos/80282867/medium.jpeg?1592840369,Toxicoscordion venenosum
https://static.inaturalist.org/photos/80287469/medium.jpeg?1592841890,Toxicoscordion venenosum
https://static.inaturalist.org/photos/80347428/medium.jpeg?1592859326,Toxicoscordion venenosum
https://static.inaturalist.org/photos/80342579/medium.jpg?1592858010,Toxicoscordion venenosum
https://static.inaturalist.org/photos/80410560/medium.jpg?1592886070,Toxicoscordion venenosum
https://static.inaturalist.org/photos/80539018/medium.jpeg?1592948429,Toxicoscordion venenosum
https://static.inaturalist.org/photos/80539383/medium.jpeg?1592948566,Toxicoscordion venenosum
https://static.inaturalist.org/photos/80539867/medium.jpeg?1592948762,Toxicoscordion venenosum
https://static.inaturalist.org/photos/80588277/medium.jpg?1592969172,Toxicoscordion venenosum
https://static.inaturalist.org/photos/80877875/medium.jpg?1593116731,Toxicoscordion venenosum
https://static.inaturalist.org/photos/81247804/medium.jpg?1593292238,Toxicoscordion venenosum
https://static.inaturalist.org/photos/81310527/medium.jpeg?1593315677,Toxicoscordion venenosum
https://static.inaturalist.org/photos/81320521/medium.jpg?1593321309,Toxicoscordion venenosum
https://static.inaturalist.org/photos/81320541/medium.jpg?1593321323,Toxicoscordion venenosum
https://static.inaturalist.org/photos/81427578/medium.jpg?1593368780,Toxicoscordion venenosum
https://static.inaturalist.org/photos/81508530/medium.jpeg?1593391685,Toxicoscordion venenosum
https://static.inaturalist.org/photos/81661423/medium.jpeg?1593463640,Toxicoscordion venenosum
https://static.inaturalist.org/photos/81665087/medium.jpeg?1593464986,Toxicoscordion venenosum
https://static.inaturalist.org/photos/81720970/medium.jpeg?1593488508,Toxicoscordion venenosum
https://static.inaturalist.org/photos/81791055/medium.jpg?1593530273,Toxicoscordion venenosum
https://static.inaturalist.org/photos/81791130/medium.jpg?1593530298,Toxicoscordion venenosum
https://static.inaturalist.org/photos/82588067/medium.jpeg?1593907188,Toxicoscordion venenosum
https://static.inaturalist.org/photos/83009147/medium.jpg?1594092993,Toxicoscordion venenosum
https://static.inaturalist.org/photos/83191430/medium.jpeg?1594182185,Toxicoscordion venenosum
https://static.inaturalist.org/photos/83366451/medium.jpg?1594272802,Toxicoscordion venenosum
https://static.inaturalist.org/photos/83661600/medium.jpeg?1594421045,Toxicoscordion venenosum
https://static.inaturalist.org/photos/83855827/medium.jpg?1594509198,Toxicoscordion venenosum
https://static.inaturalist.org/photos/83992516/medium.jpeg?1594572948,Toxicoscordion venenosum
https://static.inaturalist.org/photos/84026133/medium.jpeg?1594581154,Toxicoscordion venenosum
https://static.inaturalist.org/photos/84076624/medium.jpeg?1594595220,Toxicoscordion venenosum
https://static.inaturalist.org/photos/84294939/medium.jpg?1594691263,Toxicoscordion venenosum
https://static.inaturalist.org/photos/84295944/medium.jpg?1594691784,Toxicoscordion venenosum
https://static.inaturalist.org/photos/84525790/medium.jpg?1594821979,Toxicoscordion venenosum
https://static.inaturalist.org/photos/84612536/medium.jpg?1594855179,Toxicoscordion venenosum
https://static.inaturalist.org/photos/86048881/medium.jpeg?1595535190,Toxicoscordion venenosum
https://static.inaturalist.org/photos/86224313/medium.jpg?1595622488,Toxicoscordion venenosum
