image_url,scientific_name
https://static.inaturalist.org/photos/27056/medium.jpg?1444307888,Mercurialis annua
https://static.inaturalist.org/photos/678088/medium.JPG?1392589256,Mercurialis annua
https://static.inaturalist.org/photos/1593960/medium.jpg?1425454574,Mercurialis annua
https://static.inaturalist.org/photos/2064983/medium.jpg?1444469429,Mercurialis annua
https://static.inaturalist.org/photos/2238213/medium.jpg?1438990199,Mercurialis annua
https://static.inaturalist.org/photos/2628272/medium.jpeg?1447029060,Mercurialis annua
https://static.inaturalist.org/photos/2631389/medium.JPG?1447084989,Mercurialis annua
https://static.inaturalist.org/photos/2675827/medium.jpg?1447965228,Mercurialis annua
https://static.inaturalist.org/photos/2749547/medium.jpg?1449486898,Mercurialis annua
https://static.inaturalist.org/photos/2760692/medium.jpeg?1449774734,Mercurialis annua
https://static.inaturalist.org/photos/2878160/medium.jpeg?1452694710,Mercurialis annua
https://static.inaturalist.org/photos/2878644/medium.jpg?1452710467,Mercurialis annua
https://static.inaturalist.org/photos/2909624/medium.JPG?1453407752,Mercurialis annua
https://static.inaturalist.org/photos/2930824/medium.jpg?1453817506,Mercurialis annua
https://static.inaturalist.org/photos/2994597/medium.jpg?1455092816,Mercurialis annua
https://static.inaturalist.org/photos/2996010/medium.JPG?1455130790,Mercurialis annua
https://static.inaturalist.org/photos/3017313/medium.JPG?1455534054,Mercurialis annua
https://static.inaturalist.org/photos/3058584/medium.jpg?1456340237,Mercurialis annua
https://static.inaturalist.org/photos/3093783/medium.JPG?1456993911,Mercurialis annua
https://static.inaturalist.org/photos/3121786/medium.JPG?1457478091,Mercurialis annua
https://static.inaturalist.org/photos/3189575/medium.jpeg?1458459089,Mercurialis annua
https://static.inaturalist.org/photos/3190494/medium.jpg?1458489360,Mercurialis annua
https://static.inaturalist.org/photos/3371661/medium.jpg?1460745203,Mercurialis annua
https://static.inaturalist.org/photos/4000985/medium.jpg?1465808716,Mercurialis annua
https://static.inaturalist.org/photos/4472201/medium.jpg?1470592208,Mercurialis annua
https://static.inaturalist.org/photos/4629989/medium.jpg?1471798985,Mercurialis annua
https://static.inaturalist.org/photos/4722019/medium.jpg?1472602185,Mercurialis annua
https://static.inaturalist.org/photos/4727435/medium.jpeg?1472660794,Mercurialis annua
https://static.inaturalist.org/photos/4891200/medium.jpeg?1474184997,Mercurialis annua
https://static.inaturalist.org/photos/4926175/medium.jpeg?1474210828,Mercurialis annua
https://static.inaturalist.org/photos/5156820/medium.jpeg?1475947654,Mercurialis annua
https://static.inaturalist.org/photos/5166247/medium.jpeg?1476000615,Mercurialis annua
https://static.inaturalist.org/photos/5378047/medium.jpeg?1477819060,Mercurialis annua
https://static.inaturalist.org/photos/5517841/medium.jpg?1479147156,Mercurialis annua
https://static.inaturalist.org/photos/5643270/medium.jpg?1480428407,Mercurialis annua
https://static.inaturalist.org/photos/5646192/medium.jpg?1480459883,Mercurialis annua
https://static.inaturalist.org/photos/5777223/medium.jpg?1481371789,Mercurialis annua
https://static.inaturalist.org/photos/5804104/medium.jpg?1481630538,Mercurialis annua
https://static.inaturalist.org/photos/5923112/medium.jpg?1483199000,Mercurialis annua
https://static.inaturalist.org/photos/5953532/medium.jpeg?1483560491,Mercurialis annua
https://static.inaturalist.org/photos/5966580/medium.jpeg?1483723944,Mercurialis annua
https://static.inaturalist.org/photos/5966618/medium.jpeg?1483724590,Mercurialis annua
https://static.inaturalist.org/photos/6000403/medium.jpg?1484079825,Mercurialis annua
https://static.inaturalist.org/photos/6012168/medium.jpg?1484223301,Mercurialis annua ambigua
https://static.inaturalist.org/photos/6036328/medium.jpeg?1484495848,Mercurialis annua
https://static.inaturalist.org/photos/6062972/medium.jpeg?1484776031,Mercurialis annua
https://static.inaturalist.org/photos/6087763/medium.jpg?1485028222,Mercurialis annua
https://static.inaturalist.org/photos/6118657/medium.jpeg?1485369575,Mercurialis annua
https://static.inaturalist.org/photos/6158635/medium.jpg?1485821039,Mercurialis annua
https://static.inaturalist.org/photos/6436064/medium.jpg?1488480698,Mercurialis annua
https://static.inaturalist.org/photos/6437332/medium.jpeg?1488491111,Mercurialis annua
https://static.inaturalist.org/photos/6485503/medium.jpeg?1488900321,Mercurialis annua
https://static.inaturalist.org/photos/6499943/medium.jpeg?1489015333,Mercurialis annua
https://static.inaturalist.org/photos/6528942/medium.jpg?1489230066,Mercurialis annua
https://static.inaturalist.org/photos/6604732/medium.jpg?1489745138,Mercurialis annua
https://static.inaturalist.org/photos/6789412/medium.jpeg?1490866261,Mercurialis annua
https://static.inaturalist.org/photos/6814245/medium.jpeg?1491014150,Mercurialis annua
https://static.inaturalist.org/photos/6994614/medium.jpeg?1491937117,Mercurialis annua
https://static.inaturalist.org/photos/7170452/medium.jpeg?1492390094,Mercurialis annua
https://static.inaturalist.org/photos/7341521/medium.jpeg?1492790141,Mercurialis annua
https://static.inaturalist.org/photos/7520022/medium.jpeg?1493494356,Mercurialis annua
https://static.inaturalist.org/photos/7865721/medium.jpeg?1495078543,Mercurialis annua
https://static.inaturalist.org/photos/7906013/medium.jpeg?1495259520,Mercurialis annua
https://static.inaturalist.org/photos/8739003/medium.jpeg?1498803500,Mercurialis annua
https://static.inaturalist.org/photos/8829650/medium.jpeg?1499177177,Mercurialis annua
https://static.inaturalist.org/photos/8935216/medium.jpg?1499619160,Mercurialis annua
https://static.inaturalist.org/photos/8998175/medium.jpeg?1499818321,Mercurialis annua
https://static.inaturalist.org/photos/9380499/medium.jpeg?1501320090,Mercurialis annua
https://static.inaturalist.org/photos/9512642/medium.jpeg?1501810154,Mercurialis annua
https://static.inaturalist.org/photos/9689960/medium.jpg?1502479951,Mercurialis annua
https://static.inaturalist.org/photos/9783473/medium.jpg?1502813384,Mercurialis annua
https://static.inaturalist.org/photos/9886199/medium.jpeg?1503242589,Mercurialis annua
https://static.inaturalist.org/photos/10227096/medium.jpg?1504555577,Mercurialis annua
https://static.inaturalist.org/photos/10244138/medium.jpeg?1504609608,Mercurialis annua
https://static.inaturalist.org/photos/10493273/medium.jpg?1505574763,Mercurialis annua
https://static.inaturalist.org/photos/10517388/medium.jpg?1505651546,Mercurialis annua
https://static.inaturalist.org/photos/10595568/medium.jpg?1505893175,Mercurialis annua
https://static.inaturalist.org/photos/10595715/medium.jpg?1505894261,Mercurialis annua
https://static.inaturalist.org/photos/10747411/medium.jpg?1506429622,Mercurialis annua
https://static.inaturalist.org/photos/10899421/medium.jpg?1506962885,Mercurialis annua
https://static.inaturalist.org/photos/10923969/medium.jpg?1507052580,Mercurialis annua
https://static.inaturalist.org/photos/11148556/medium.jpg?1507879197,Mercurialis annua
https://static.inaturalist.org/photos/11157827/medium.jpg?1507924402,Mercurialis annua
https://static.inaturalist.org/photos/11195162/medium.jpg?1508069529,Mercurialis annua
https://static.inaturalist.org/photos/11197735/medium.jpg?1508079787,Mercurialis annua
https://static.inaturalist.org/photos/11261716/medium.jpg?1508315726,Mercurialis annua
https://static.inaturalist.org/photos/11320582/medium.jpg?1508580122,Mercurialis annua
https://static.inaturalist.org/photos/11421883/medium.jpg?1508963089,Mercurialis annua
https://static.inaturalist.org/photos/11424204/medium.jpg?1508969172,Mercurialis annua
https://static.inaturalist.org/photos/11428526/medium.jpeg?1508982784,Mercurialis annua
https://static.inaturalist.org/photos/11442301/medium.jpg?1509048187,Mercurialis annua
https://static.inaturalist.org/photos/11442509/medium.jpg?1509048487,Mercurialis annua
https://static.inaturalist.org/photos/11483945/medium.jpg?1509224016,Mercurialis annua
https://static.inaturalist.org/photos/11576782/medium.jpg?1509569419,Mercurialis annua
https://static.inaturalist.org/photos/11577395/medium.jpg?1509571478,Mercurialis annua
https://static.inaturalist.org/photos/11782334/medium.jpg?1510488445,Mercurialis annua
https://static.inaturalist.org/photos/11829495/medium.jpg?1510694932,Mercurialis annua
https://static.inaturalist.org/photos/11912269/medium.jpg?1511105257,Mercurialis annua
https://static.inaturalist.org/photos/11977352/medium.jpeg?1511388273,Mercurialis annua
https://static.inaturalist.org/photos/11991847/medium.jpg?1511461529,Mercurialis annua
https://static.inaturalist.org/photos/11994018/medium.jpg?1511468090,Mercurialis annua
https://static.inaturalist.org/photos/12042907/medium.jpg?1511685968,Mercurialis annua
https://static.inaturalist.org/photos/12042911/medium.jpg?1511686003,Mercurialis annua
https://static.inaturalist.org/photos/12056382/medium.jpg?1511742182,Mercurialis annua
https://static.inaturalist.org/photos/12143550/medium.jpeg?1512146490,Mercurialis annua
https://static.inaturalist.org/photos/12333396/medium.jpg?1513024927,Mercurialis annua
https://static.inaturalist.org/photos/12333715/medium.jpg?1513026172,Mercurialis annua
https://static.inaturalist.org/photos/12333826/medium.jpg?1513026376,Mercurialis annua
https://static.inaturalist.org/photos/12365963/medium.jpg?1513199413,Mercurialis annua
https://static.inaturalist.org/photos/12405823/medium.jpeg?1513429870,Mercurialis annua
https://static.inaturalist.org/photos/12446041/medium.jpg?1513629365,Mercurialis annua
https://static.inaturalist.org/photos/12447175/medium.jpg?1513633526,Mercurialis annua
https://static.inaturalist.org/photos/12549846/medium.jpg?1514293739,Mercurialis annua
https://static.inaturalist.org/photos/12563693/medium.jpg?1514369709,Mercurialis annua
https://static.inaturalist.org/photos/12594915/medium.jpg?1514519431,Mercurialis annua
https://static.inaturalist.org/photos/12598470/medium.jpg?1514542317,Mercurialis annua
https://static.inaturalist.org/photos/12718666/medium.jpg?1515110119,Mercurialis annua
https://static.inaturalist.org/photos/12744412/medium.jpeg?1515253983,Mercurialis annua
https://static.inaturalist.org/photos/12761961/medium.jpg?1515324875,Mercurialis annua
https://static.inaturalist.org/photos/12818462/medium.jpg?1515604012,Mercurialis annua
https://static.inaturalist.org/photos/12864048/medium.jpeg?1515838583,Mercurialis annua
https://static.inaturalist.org/photos/12934284/medium.jpg?1516110909,Mercurialis annua
https://static.inaturalist.org/photos/12960836/medium.jpeg?1516215272,Mercurialis annua
https://static.inaturalist.org/photos/12975827/medium.jpeg?1516290351,Mercurialis annua
https://static.inaturalist.org/photos/12990863/medium.jpg?1516359541,Mercurialis annua
https://static.inaturalist.org/photos/13027067/medium.jpeg?1516531245,Mercurialis annua
https://static.inaturalist.org/photos/13027410/medium.jpeg?1516533705,Mercurialis annua
https://static.inaturalist.org/photos/13050781/medium.jpg?1516634439,Mercurialis annua
https://static.inaturalist.org/photos/13186215/medium.jpeg?1517199075,Mercurialis annua
https://static.inaturalist.org/photos/13225675/medium.jpg?1517369805,Mercurialis annua
https://static.inaturalist.org/photos/13317818/medium.jpg?1517781498,Mercurialis annua
https://static.inaturalist.org/photos/13349771/medium.jpeg?1517914378,Mercurialis annua
https://static.inaturalist.org/photos/13358734/medium.jpg?1517958639,Mercurialis annua
https://static.inaturalist.org/photos/13427988/medium.jpg?1518285551,Mercurialis annua
https://static.inaturalist.org/photos/13428514/medium.jpg?1518287309,Mercurialis annua
https://static.inaturalist.org/photos/13443885/medium.jpeg?1518348436,Mercurialis annua
https://static.inaturalist.org/photos/13573068/medium.jpeg?1518912025,Mercurialis annua ambigua
https://static.inaturalist.org/photos/13583727/medium.jpeg?1518957265,Mercurialis annua
https://static.inaturalist.org/photos/13617301/medium.jpg?1519077628,Mercurialis annua
https://static.inaturalist.org/photos/13617314/medium.jpg?1519077676,Mercurialis annua
https://static.inaturalist.org/photos/13730545/medium.jpg?1519566684,Mercurialis annua
https://static.inaturalist.org/photos/13848426/medium.jpeg?1520029639,Mercurialis annua
https://static.inaturalist.org/photos/14087908/medium.jpeg?1520830948,Mercurialis annua
https://static.inaturalist.org/photos/14118826/medium.jpg?1520935116,Mercurialis annua
https://static.inaturalist.org/photos/14123515/medium.jpg?1520959604,Mercurialis annua
https://static.inaturalist.org/photos/14403018/medium.jpg?1521830533,Mercurialis annua
https://static.inaturalist.org/photos/14684597/medium.jpg?1522585634,Mercurialis annua
https://static.inaturalist.org/photos/14724350/medium.jpeg?1522672956,Mercurialis annua
https://static.inaturalist.org/photos/14837316/medium.jpeg?1522932411,Mercurialis annua
https://static.inaturalist.org/photos/14877434/medium.jpeg?1523034310,Mercurialis annua
https://static.inaturalist.org/photos/14943245/medium.jpg?1523183482,Mercurialis annua
https://static.inaturalist.org/photos/14993016/medium.jpeg?1523288258,Mercurialis annua
https://static.inaturalist.org/photos/15072119/medium.jpg?1523457737,Mercurialis annua
https://static.inaturalist.org/photos/15079498/medium.jpg?1523471310,Mercurialis annua
https://static.inaturalist.org/photos/15426324/medium.jpeg?1523801114,Mercurialis annua
https://static.inaturalist.org/photos/15465790/medium.jpeg?1523828817,Mercurialis annua
https://static.inaturalist.org/photos/15508946/medium.jpeg?1523869030,Mercurialis annua
https://static.inaturalist.org/photos/28112070/medium.jpg?1542214679,Mercurialis annua
https://static.inaturalist.org/photos/15920302/medium.jpg?1524245443,Mercurialis annua
https://static.inaturalist.org/photos/16443471/medium.jpg?1524852094,Mercurialis annua
https://static.inaturalist.org/photos/16447258/medium.jpg?1524853294,Mercurialis annua
https://static.inaturalist.org/photos/16573221/medium.jpg?1524924260,Mercurialis annua
https://static.inaturalist.org/photos/17030986/medium.jpeg?1525109576,Mercurialis annua
https://static.inaturalist.org/photos/17188416/medium.jpg?1525193909,Mercurialis annua
https://static.inaturalist.org/photos/17268217/medium.jpg?1525277282,Mercurialis annua
https://static.inaturalist.org/photos/17698590/medium.jpg?1525893178,Mercurialis annua
https://static.inaturalist.org/photos/18193945/medium.jpeg?1526682639,Mercurialis annua
https://static.inaturalist.org/photos/18733058/medium.jpg?1527533552,Mercurialis annua
https://static.inaturalist.org/photos/18888208/medium.jpeg?1527790827,Mercurialis annua
https://static.inaturalist.org/photos/19039866/medium.jpg?1528026840,Mercurialis annua
https://static.inaturalist.org/photos/19278888/medium.jpeg?1528325125,Mercurialis annua
https://static.inaturalist.org/photos/19761765/medium.jpeg?1529097648,Mercurialis annua
https://static.inaturalist.org/photos/19864537/medium.jpg?1529253223,Mercurialis annua
https://static.inaturalist.org/photos/19966609/medium.jpeg?1529400133,Mercurialis annua
https://static.inaturalist.org/photos/19988784/medium.jpg?1529438488,Mercurialis annua
https://static.inaturalist.org/photos/20143765/medium.jpeg?1529696467,Mercurialis annua
https://static.inaturalist.org/photos/20262698/medium.jpg?1529871417,Mercurialis annua
https://static.inaturalist.org/photos/20599970/medium.jpeg?1530430523,Mercurialis annua
https://static.inaturalist.org/photos/20931036/medium.jpeg?1530955649,Mercurialis annua
https://static.inaturalist.org/photos/21347300/medium.jpg?1531604881,Mercurialis annua
https://static.inaturalist.org/photos/21797243/medium.jpg?1532292843,Mercurialis annua
https://static.inaturalist.org/photos/21950346/medium.jpg?1532529456,Mercurialis annua
https://static.inaturalist.org/photos/22199846/medium.jpeg?1532846933,Mercurialis annua
https://static.inaturalist.org/photos/22200210/medium.jpeg?1532847660,Mercurialis annua
https://static.inaturalist.org/photos/22200541/medium.jpeg?1532848446,Mercurialis annua
https://static.inaturalist.org/photos/22203108/medium.jpeg?1532854216,Mercurialis annua
https://static.inaturalist.org/photos/22205596/medium.jpeg?1532859064,Mercurialis annua
https://static.inaturalist.org/photos/22207200/medium.jpeg?1532862845,Mercurialis annua
https://static.inaturalist.org/photos/22430516/medium.jpeg?1533162574,Mercurialis annua
https://static.inaturalist.org/photos/22470275/medium.jpg?1533237921,Mercurialis annua
https://static.inaturalist.org/photos/22470935/medium.jpeg?1533238550,Mercurialis annua
https://static.inaturalist.org/photos/22580738/medium.jpeg?1533415577,Mercurialis annua
https://static.inaturalist.org/photos/22582390/medium.jpeg?1533417521,Mercurialis annua
https://static.inaturalist.org/photos/22798825/medium.jpeg?1533757898,Mercurialis annua
https://static.inaturalist.org/photos/25411158/medium.jpg?1537705619,Mercurialis annua
https://static.inaturalist.org/photos/22808462/medium.jpeg?1533768463,Mercurialis annua
https://static.inaturalist.org/photos/22848665/medium.jpg?1533841815,Mercurialis annua
https://static.inaturalist.org/photos/22884910/medium.jpg?1533912453,Mercurialis annua
https://static.inaturalist.org/photos/23073456/medium.jpg?1534183837,Mercurialis annua
https://static.inaturalist.org/photos/23292535/medium.jpeg?1534522060,Mercurialis annua
https://static.inaturalist.org/photos/23324934/medium.jpeg?1534559936,Mercurialis annua
https://static.inaturalist.org/photos/23336827/medium.jpeg?1534588608,Mercurialis annua
https://static.inaturalist.org/photos/23412935/medium.jpg?1534693523,Mercurialis annua
https://static.inaturalist.org/photos/24171878/medium.jpg?1535891063,Mercurialis annua
https://static.inaturalist.org/photos/24374958/medium.jpg?1536179814,Mercurialis annua
https://static.inaturalist.org/photos/24504303/medium.jpeg?1536392802,Mercurialis annua
https://static.inaturalist.org/photos/24596555/medium.jpeg?1536516607,Mercurialis annua
https://static.inaturalist.org/photos/24596560/medium.jpeg?1536516614,Mercurialis annua
https://static.inaturalist.org/photos/24711251/medium.jpeg?1536687236,Mercurialis annua
https://static.inaturalist.org/photos/24760954/medium.jpeg?1536767481,Mercurialis annua
https://static.inaturalist.org/photos/24839831/medium.jpg?1536877628,Mercurialis annua
https://static.inaturalist.org/photos/24939781/medium.jpeg?1537038600,Mercurialis annua
https://static.inaturalist.org/photos/25125863/medium.jpg?1537291887,Mercurialis annua
https://static.inaturalist.org/photos/25271730/medium.jpeg?1537533463,Mercurialis annua
https://static.inaturalist.org/photos/25705353/medium.jpeg?1538153532,Mercurialis annua
https://static.inaturalist.org/photos/25808340/medium.jpg?1538291855,Mercurialis annua
https://static.inaturalist.org/photos/25809043/medium.jpg?1538293999,Mercurialis annua
https://static.inaturalist.org/photos/26108418/medium.jpg?1538760946,Mercurialis annua
https://static.inaturalist.org/photos/26211835/medium.jpeg?1538914653,Mercurialis annua
https://static.inaturalist.org/photos/26220772/medium.jpeg?1538927953,Mercurialis annua
https://static.inaturalist.org/photos/26277730/medium.jpg?1538997486,Mercurialis annua
https://static.inaturalist.org/photos/26619194/medium.jpg?1539530288,Mercurialis annua
https://static.inaturalist.org/photos/26743320/medium.jpg?1539710314,Mercurialis annua
https://static.inaturalist.org/photos/26797218/medium.jpg?1539800227,Mercurialis annua
https://static.inaturalist.org/photos/26881486/medium.jpeg?1539953103,Mercurialis annua
https://static.inaturalist.org/photos/26906709/medium.jpg?1539986207,Mercurialis annua
https://static.inaturalist.org/photos/27297678/medium.jpg?1540655662,Mercurialis annua
https://static.inaturalist.org/photos/27499778/medium.jpeg?1541009175,Mercurialis annua
https://static.inaturalist.org/photos/27677701/medium.jpg?1541367308,Mercurialis annua
https://static.inaturalist.org/photos/27705981/medium.jpg?1541403377,Mercurialis annua
https://static.inaturalist.org/photos/27782107/medium.jpeg?1541532735,Mercurialis annua
https://static.inaturalist.org/photos/27933765/medium.jpg?1541775095,Mercurialis annua
https://static.inaturalist.org/photos/27979588/medium.jpeg?1541882652,Mercurialis annua
https://static.inaturalist.org/photos/28001485/medium.jpeg?1541928534,Mercurialis annua
https://static.inaturalist.org/photos/28050084/medium.jpg?1542041238,Mercurialis annua
https://static.inaturalist.org/photos/28084728/medium.jpg?1542131417,Mercurialis annua
https://static.inaturalist.org/photos/28176771/medium.jpeg?1542392246,Mercurialis annua
https://static.inaturalist.org/photos/28202200/medium.jpeg?1542460159,Mercurialis annua
https://static.inaturalist.org/photos/28227986/medium.jpg?1542503602,Mercurialis annua
https://static.inaturalist.org/photos/28254034/medium.jpeg?1542565101,Mercurialis annua
https://static.inaturalist.org/photos/28256606/medium.jpg?1542568937,Mercurialis annua
https://static.inaturalist.org/photos/28480724/medium.jpg?1543101720,Mercurialis annua
https://static.inaturalist.org/photos/28514113/medium.jpg?1543172540,Mercurialis annua
https://static.inaturalist.org/photos/28583410/medium.jpg?1543316622,Mercurialis annua
https://static.inaturalist.org/photos/28631126/medium.jpeg?1543434959,Mercurialis annua
https://static.inaturalist.org/photos/28646062/medium.jpeg?1543465985,Mercurialis annua
https://static.inaturalist.org/photos/28725394/medium.jpeg?1543688817,Mercurialis annua
https://static.inaturalist.org/photos/28737336/medium.jpeg?1543708296,Mercurialis annua
https://static.inaturalist.org/photos/28830060/medium.jpg?1543924254,Mercurialis annua
https://static.inaturalist.org/photos/28899761/medium.jpg?1544110280,Mercurialis annua
https://static.inaturalist.org/photos/29045480/medium.jpg?1544473667,Mercurialis annua
https://static.inaturalist.org/photos/29045558/medium.jpg?1544473767,Mercurialis annua
https://static.inaturalist.org/photos/29180419/medium.jpg?1544866818,Mercurialis annua
https://static.inaturalist.org/photos/29181955/medium.jpeg?1544873537,Mercurialis annua
https://static.inaturalist.org/photos/29248351/medium.jpg?1545041295,Mercurialis annua
https://static.inaturalist.org/photos/29278228/medium.jpg?1545114417,Mercurialis annua
https://static.inaturalist.org/photos/29302642/medium.jpg?1545186772,Mercurialis annua
https://static.inaturalist.org/photos/29309797/medium.jpeg?1545217288,Mercurialis annua
https://static.inaturalist.org/photos/29310870/medium.jpg?1545223769,Mercurialis annua
https://static.inaturalist.org/photos/29311534/medium.jpg?1545226526,Mercurialis annua
https://static.inaturalist.org/photos/29354336/medium.jpg?1545340439,Mercurialis annua
https://static.inaturalist.org/photos/29373937/medium.jpeg?1545402790,Mercurialis annua
https://static.inaturalist.org/photos/29439769/medium.jpeg?1545563581,Mercurialis annua
https://static.inaturalist.org/photos/29440553/medium.jpeg?1545567201,Mercurialis annua
https://static.inaturalist.org/photos/29440681/medium.jpeg?1545567566,Mercurialis annua
https://static.inaturalist.org/photos/29440760/medium.jpeg?1545567714,Mercurialis annua
https://static.inaturalist.org/photos/29520315/medium.jpeg?1545770293,Mercurialis annua
https://static.inaturalist.org/photos/29540488/medium.jpg?1545826576,Mercurialis annua
https://static.inaturalist.org/photos/29540606/medium.jpeg?1545827308,Mercurialis annua
https://static.inaturalist.org/photos/29544164/medium.jpeg?1545838759,Mercurialis annua
https://static.inaturalist.org/photos/29572008/medium.jpeg?1545905450,Mercurialis annua
https://static.inaturalist.org/photos/29572012/medium.jpeg?1545905472,Mercurialis annua
https://static.inaturalist.org/photos/29612819/medium.jpeg?1546009900,Mercurialis annua
https://static.inaturalist.org/photos/29654442/medium.jpg?1546109709,Mercurialis annua
https://static.inaturalist.org/photos/29795367/medium.jpg?1546427079,Mercurialis annua
https://static.inaturalist.org/photos/29795480/medium.jpg?1546427544,Mercurialis annua
https://static.inaturalist.org/photos/29804971/medium.jpg?1546454430,Mercurialis annua
https://static.inaturalist.org/photos/29884286/medium.jpg?1546640775,Mercurialis annua
https://static.inaturalist.org/photos/29906541/medium.jpeg?1546689965,Mercurialis annua ambigua
https://static.inaturalist.org/photos/29914505/medium.jpeg?1546708900,Mercurialis annua
https://static.inaturalist.org/photos/29915073/medium.jpeg?1546710110,Mercurialis annua
https://static.inaturalist.org/photos/29915135/medium.jpeg?1546710326,Mercurialis annua
https://static.inaturalist.org/photos/29988386/medium.jpeg?1546862209,Mercurialis annua
https://static.inaturalist.org/photos/29997783/medium.jpeg?1546886563,Mercurialis annua
https://static.inaturalist.org/photos/30057431/medium.jpeg?1547035832,Mercurialis annua
https://static.inaturalist.org/photos/30072695/medium.jpg?1547071943,Mercurialis annua
https://static.inaturalist.org/photos/30092976/medium.jpeg?1547126004,Mercurialis annua
https://static.inaturalist.org/photos/30246606/medium.jpeg?1547493672,Mercurialis annua
https://static.inaturalist.org/photos/30251704/medium.jpeg?1547504205,Mercurialis annua
https://static.inaturalist.org/photos/30251743/medium.jpeg?1547504259,Mercurialis annua
https://static.inaturalist.org/photos/30251811/medium.jpeg?1547504367,Mercurialis annua
https://static.inaturalist.org/photos/30272213/medium.jpg?1547562567,Mercurialis annua
https://static.inaturalist.org/photos/30333901/medium.jpeg?1547733802,Mercurialis annua
https://static.inaturalist.org/photos/30360473/medium.jpeg?1547814908,Mercurialis annua
https://static.inaturalist.org/photos/30366036/medium.jpeg?1547830467,Mercurialis annua
https://static.inaturalist.org/photos/30397203/medium.jpg?1547905447,Mercurialis annua
https://static.inaturalist.org/photos/30398009/medium.jpeg?1547907607,Mercurialis annua
https://static.inaturalist.org/photos/30398085/medium.jpeg?1547907784,Mercurialis annua
https://static.inaturalist.org/photos/30517439/medium.jpg?1548155550,Mercurialis annua
https://static.inaturalist.org/photos/30561374/medium.jpeg?1548268948,Mercurialis annua
https://static.inaturalist.org/photos/30606366/medium.jpg?1548375038,Mercurialis annua
https://static.inaturalist.org/photos/30629012/medium.jpg?1548440353,Mercurialis annua
https://static.inaturalist.org/photos/30716252/medium.jpeg?1548626728,Mercurialis annua
https://static.inaturalist.org/photos/30715912/medium.jpeg?1548626312,Mercurialis annua
https://static.inaturalist.org/photos/30749006/medium.jpeg?1548697743,Mercurialis annua
https://static.inaturalist.org/photos/30821163/medium.jpeg?1548874289,Mercurialis annua
https://static.inaturalist.org/photos/30881000/medium.jpeg?1549020685,Mercurialis annua
https://static.inaturalist.org/photos/30882415/medium.jpg?1549025325,Mercurialis annua
https://static.inaturalist.org/photos/30916901/medium.jpg?1549101855,Mercurialis annua
https://static.inaturalist.org/photos/30964635/medium.jpeg?1549206135,Mercurialis annua
https://static.inaturalist.org/photos/30967314/medium.jpeg?1549211339,Mercurialis annua
https://static.inaturalist.org/photos/30974946/medium.jpeg?1549222796,Mercurialis annua
https://static.inaturalist.org/photos/31094472/medium.jpeg?1549472613,Mercurialis annua
https://static.inaturalist.org/photos/31223879/medium.jpg?1549732738,Mercurialis annua
https://static.inaturalist.org/photos/31226860/medium.jpg?1549738193,Mercurialis annua
https://static.inaturalist.org/photos/31256256/medium.jpg?1549795784,Mercurialis annua
https://static.inaturalist.org/photos/31257904/medium.jpg?1549801509,Mercurialis annua
https://static.inaturalist.org/photos/31273302/medium.jpeg?1549829447,Mercurialis annua
https://static.inaturalist.org/photos/31280823/medium.jpeg?1549839267,Mercurialis annua
https://static.inaturalist.org/photos/31300238/medium.jpeg?1549871014,Mercurialis annua
https://static.inaturalist.org/photos/31306463/medium.jpeg?1549895939,Mercurialis annua
https://static.inaturalist.org/photos/31337674/medium.jpg?1549961174,Mercurialis annua
https://static.inaturalist.org/photos/31383946/medium.jpg?1550082835,Mercurialis annua
https://static.inaturalist.org/photos/31437360/medium.jpeg?1550213760,Mercurialis annua
https://static.inaturalist.org/photos/31448202/medium.jpeg?1550249773,Mercurialis annua
https://static.inaturalist.org/photos/31476450/medium.jpeg?1550309795,Mercurialis annua
https://static.inaturalist.org/photos/31530451/medium.jpeg?1550418394,Mercurialis annua
https://static.inaturalist.org/photos/31538912/medium.jpeg?1550431735,Mercurialis annua
https://static.inaturalist.org/photos/31585052/medium.jpg?1550519159,Mercurialis annua
https://static.inaturalist.org/photos/31594188/medium.jpg?1550532404,Mercurialis annua
https://static.inaturalist.org/photos/31597951/medium.jpg?1550537946,Mercurialis annua
https://static.inaturalist.org/photos/31625055/medium.jpeg?1550600953,Mercurialis annua
https://static.inaturalist.org/photos/31654326/medium.jpeg?1550667523,Mercurialis annua
https://static.inaturalist.org/photos/31665522/medium.jpg?1550692327,Mercurialis annua
https://static.inaturalist.org/photos/31666626/medium.jpg?1550694587,Mercurialis annua
https://static.inaturalist.org/photos/31726268/medium.jpeg?1550831302,Mercurialis annua
https://static.inaturalist.org/photos/31820283/medium.jpeg?1550912153,Mercurialis annua
https://static.inaturalist.org/photos/31949100/medium.jpg?1550994556,Mercurialis annua
https://static.inaturalist.org/photos/31954693/medium.jpeg?1551011344,Mercurialis annua
https://static.inaturalist.org/photos/31955010/medium.jpeg?1551012452,Mercurialis annua
https://static.inaturalist.org/photos/31962245/medium.jpeg?1551026469,Mercurialis annua
https://static.inaturalist.org/photos/32000071/medium.jpg?1551096072,Mercurialis annua
https://static.inaturalist.org/photos/32000769/medium.jpeg?1551099056,Mercurialis annua
https://static.inaturalist.org/photos/32083660/medium.jpeg?1551267814,Mercurialis annua
https://static.inaturalist.org/photos/32084358/medium.jpg?1551270822,Mercurialis annua
https://static.inaturalist.org/photos/32085505/medium.jpg?1551274800,Mercurialis annua
https://static.inaturalist.org/photos/32085683/medium.jpeg?1551275297,Mercurialis annua
https://static.inaturalist.org/photos/32085749/medium.jpeg?1551275487,Mercurialis annua
https://static.inaturalist.org/photos/32088600/medium.jpeg?1551280882,Mercurialis annua
https://static.inaturalist.org/photos/32090806/medium.jpg?1551285494,Mercurialis annua
https://static.inaturalist.org/photos/32118772/medium.jpeg?1551335783,Mercurialis annua
https://static.inaturalist.org/photos/32121426/medium.jpeg?1551345178,Mercurialis annua
https://static.inaturalist.org/photos/32122005/medium.jpg?1551347312,Mercurialis annua
https://static.inaturalist.org/photos/32122030/medium.jpeg?1551347403,Mercurialis annua
https://static.inaturalist.org/photos/32125248/medium.jpeg?1551358695,Mercurialis annua
https://static.inaturalist.org/photos/32125478/medium.jpg?1551359261,Mercurialis annua
https://static.inaturalist.org/photos/32127896/medium.jpg?1551365816,Mercurialis annua
https://static.inaturalist.org/photos/32129810/medium.jpeg?1551369372,Mercurialis annua
https://static.inaturalist.org/photos/32146049/medium.jpeg?1551395426,Mercurialis annua
https://static.inaturalist.org/photos/32164328/medium.jpeg?1551441114,Mercurialis annua
https://static.inaturalist.org/photos/32207313/medium.jpeg?1551522765,Mercurialis annua
https://static.inaturalist.org/photos/32209434/medium.jpg?1551529708,Mercurialis annua
https://static.inaturalist.org/photos/32209801/medium.jpeg?1551531219,Mercurialis annua
https://static.inaturalist.org/photos/32278516/medium.jpg?1551634245,Mercurialis annua
https://static.inaturalist.org/photos/32288824/medium.jpeg?1551645459,Mercurialis annua
https://static.inaturalist.org/photos/32375879/medium.jpeg?1551784477,Mercurialis annua
https://static.inaturalist.org/photos/32375919/medium.jpeg?1551784589,Mercurialis annua
https://static.inaturalist.org/photos/32375947/medium.jpeg?1551784672,Mercurialis annua
https://static.inaturalist.org/photos/32376032/medium.jpeg?1551784942,Mercurialis annua
https://static.inaturalist.org/photos/32376037/medium.jpeg?1551784953,Mercurialis annua
https://static.inaturalist.org/photos/32446377/medium.jpeg?1551912377,Mercurialis annua
https://static.inaturalist.org/photos/32467412/medium.jpeg?1551949038,Mercurialis annua
https://static.inaturalist.org/photos/32467418/medium.jpeg?1551949088,Mercurialis annua
https://static.inaturalist.org/photos/32521141/medium.jpeg?1552052905,Mercurialis annua
https://static.inaturalist.org/photos/32566376/medium.jpeg?1552121650,Mercurialis annua
https://static.inaturalist.org/photos/32687337/medium.jpeg?1552317348,Mercurialis annua
https://static.inaturalist.org/photos/32740621/medium.jpeg?1552416403,Mercurialis annua
https://static.inaturalist.org/photos/32878975/medium.jpg?1552679995,Mercurialis annua
https://static.inaturalist.org/photos/32918633/medium.jpg?1552755645,Mercurialis annua
https://static.inaturalist.org/photos/32968360/medium.jpeg?1552833879,Mercurialis annua
https://static.inaturalist.org/photos/32968554/medium.jpeg?1552834155,Mercurialis annua
https://static.inaturalist.org/photos/32971409/medium.jpg?1552837856,Mercurialis annua
https://static.inaturalist.org/photos/32992389/medium.jpeg?1552856725,Mercurialis annua
https://static.inaturalist.org/photos/33180666/medium.jpg?1553155409,Mercurialis annua
https://static.inaturalist.org/photos/33194896/medium.jpeg?1553187389,Mercurialis annua
https://static.inaturalist.org/photos/33203027/medium.jpeg?1553197515,Mercurialis annua
https://static.inaturalist.org/photos/33239098/medium.jpeg?1553259281,Mercurialis annua
https://static.inaturalist.org/photos/33259898/medium.jpeg?1553288966,Mercurialis annua
https://static.inaturalist.org/photos/33287057/medium.jpg?1553336903,Mercurialis annua
https://static.inaturalist.org/photos/33438805/medium.jpeg?1553534406,Mercurialis annua
https://static.inaturalist.org/photos/33457318/medium.jpeg?1553555015,Mercurialis annua
https://static.inaturalist.org/photos/33539050/medium.jpg?1553687726,Mercurialis annua
https://static.inaturalist.org/photos/33549672/medium.jpg?1553706536,Mercurialis annua
https://static.inaturalist.org/photos/33563901/medium.jpeg?1553722469,Mercurialis annua
https://static.inaturalist.org/photos/33613482/medium.jpeg?1553797306,Mercurialis annua
https://static.inaturalist.org/photos/33666348/medium.jpg?1553874095,Mercurialis annua
https://static.inaturalist.org/photos/33719056/medium.jpg?1553933176,Mercurialis annua
https://static.inaturalist.org/photos/33803016/medium.jpeg?1554024991,Mercurialis annua
https://static.inaturalist.org/photos/33756365/medium.jpeg?1553975063,Mercurialis annua
https://static.inaturalist.org/photos/33756872/medium.jpeg?1553975356,Mercurialis annua
https://static.inaturalist.org/photos/33814088/medium.jpg?1554043815,Mercurialis annua
https://static.inaturalist.org/photos/33885430/medium.jpeg?1554124807,Mercurialis annua
https://static.inaturalist.org/photos/33945649/medium.jpeg?1554209814,Mercurialis annua
https://static.inaturalist.org/photos/34002697/medium.jpeg?1554284920,Mercurialis annua
https://static.inaturalist.org/photos/34021381/medium.jpg?1554314565,Mercurialis annua
https://static.inaturalist.org/photos/34225749/medium.jpeg?1554584430,Mercurialis annua
https://static.inaturalist.org/photos/34305393/medium.jpg?1554668459,Mercurialis annua
https://static.inaturalist.org/photos/34315486/medium.jpeg?1554675405,Mercurialis annua
https://static.inaturalist.org/photos/34376958/medium.jpg?1554747019,Mercurialis annua
https://static.inaturalist.org/photos/34609044/medium.jpg?1555021525,Mercurialis annua
https://static.inaturalist.org/photos/34637576/medium.jpg?1555064351,Mercurialis annua
https://static.inaturalist.org/photos/34712956/medium.jpg?1555167747,Mercurialis annua
https://static.inaturalist.org/photos/34725719/medium.jpg?1555176703,Mercurialis annua
https://static.inaturalist.org/photos/34725732/medium.jpg?1555176709,Mercurialis annua
https://static.inaturalist.org/photos/34781350/medium.jpeg?1555226905,Mercurialis annua
https://static.inaturalist.org/photos/34955909/medium.jpeg?1555431270,Mercurialis annua
https://static.inaturalist.org/photos/34984047/medium.jpeg?1555453808,Mercurialis annua
https://static.inaturalist.org/photos/35186813/medium.jpeg?1555686955,Mercurialis annua
https://static.inaturalist.org/photos/35190257/medium.jpeg?1555689947,Mercurialis annua
https://static.inaturalist.org/photos/35461864/medium.jpg?1555937244,Mercurialis annua
https://static.inaturalist.org/photos/35555585/medium.jpeg?1556023960,Mercurialis annua
https://static.inaturalist.org/photos/35820432/medium.jpeg?1556264461,Mercurialis annua
https://static.inaturalist.org/photos/35922066/medium.jpg?1556300646,Mercurialis annua
https://static.inaturalist.org/photos/35935305/medium.jpg?1556303331,Mercurialis annua
https://static.inaturalist.org/photos/35941609/medium.jpg?1556304614,Mercurialis annua
https://static.inaturalist.org/photos/35994137/medium.jpg?1556314746,Mercurialis annua
https://static.inaturalist.org/photos/36165375/medium.jpg?1556365883,Mercurialis annua
https://static.inaturalist.org/photos/36213219/medium.jpeg?1556377538,Mercurialis annua
https://static.inaturalist.org/photos/36223783/medium.jpg?1556379390,Mercurialis annua
https://static.inaturalist.org/photos/36358598/medium.jpg?1556400904,Mercurialis annua
https://static.inaturalist.org/photos/36540205/medium.jpeg?1556447211,Mercurialis annua
https://static.inaturalist.org/photos/36616813/medium.jpeg?1556467220,Mercurialis annua
https://static.inaturalist.org/photos/36623761/medium.jpg?1556468354,Mercurialis annua
https://static.inaturalist.org/photos/36713763/medium.jpeg?1556482648,Mercurialis annua
https://static.inaturalist.org/photos/36960725/medium.jpg?1556535270,Mercurialis annua
https://static.inaturalist.org/photos/37159379/medium.jpg?1556572132,Mercurialis annua
https://static.inaturalist.org/photos/37364314/medium.jpeg?1556609520,Mercurialis annua
https://static.inaturalist.org/photos/37433887/medium.jpg?1556650711,Mercurialis annua
https://static.inaturalist.org/photos/37441118/medium.jpg?1556653653,Mercurialis annua
https://static.inaturalist.org/photos/37533537/medium.jpg?1556712257,Mercurialis annua
https://static.inaturalist.org/photos/37713961/medium.jpeg?1556825407,Mercurialis annua
https://static.inaturalist.org/photos/37757566/medium.jpg?1556852564,Mercurialis annua
https://static.inaturalist.org/photos/37808187/medium.jpg?1556903922,Mercurialis annua
https://static.inaturalist.org/photos/37885409/medium.jpg?1556962202,Mercurialis annua
https://static.inaturalist.org/photos/37921987/medium.jpg?1556992232,Mercurialis annua
https://static.inaturalist.org/photos/38033612/medium.jpeg?1557073338,Mercurialis annua
https://static.inaturalist.org/photos/38051360/medium.jpeg?1557082371,Mercurialis annua
https://static.inaturalist.org/photos/38234151/medium.jpeg?1557231527,Mercurialis annua
https://static.inaturalist.org/photos/38271615/medium.jpeg?1557260103,Mercurialis annua
https://static.inaturalist.org/photos/38356126/medium.jpg?1557346625,Mercurialis annua
https://static.inaturalist.org/photos/38490511/medium.jpeg?1557495716,Mercurialis annua
https://static.inaturalist.org/photos/38517376/medium.jpg?1557523903,Mercurialis annua
https://static.inaturalist.org/photos/38653944/medium.jpeg?1557642643,Mercurialis annua
https://static.inaturalist.org/photos/38679411/medium.jpeg?1557674315,Mercurialis annua
https://static.inaturalist.org/photos/38698554/medium.jpeg?1557685139,Mercurialis annua
https://static.inaturalist.org/photos/38796325/medium.jpg?1557773212,Mercurialis annua
https://static.inaturalist.org/photos/38851680/medium.jpg?1557831751,Mercurialis annua
https://static.inaturalist.org/photos/38933535/medium.jpg?1557914143,Mercurialis annua
https://static.inaturalist.org/photos/39047402/medium.jpeg?1558030889,Mercurialis annua
https://static.inaturalist.org/photos/39134933/medium.jpeg?1558123845,Mercurialis annua
https://static.inaturalist.org/photos/39388879/medium.jpg?1558340681,Mercurialis annua
https://static.inaturalist.org/photos/39505021/medium.jpeg?1558447612,Mercurialis annua
https://static.inaturalist.org/photos/39861501/medium.jpeg?1558760137,Mercurialis annua
https://static.inaturalist.org/photos/40034765/medium.jpg?1558894516,Mercurialis annua
https://static.inaturalist.org/photos/40118716/medium.jpg?1558959290,Mercurialis annua
https://static.inaturalist.org/photos/40350606/medium.jpeg?1559152360,Mercurialis annua
https://static.inaturalist.org/photos/40364201/medium.jpeg?1559161181,Mercurialis annua
https://static.inaturalist.org/photos/40737217/medium.jpeg?1559480506,Mercurialis annua
https://static.inaturalist.org/photos/40913873/medium.jpeg?1559600066,Mercurialis annua
https://static.inaturalist.org/photos/40973871/medium.jpg?1559662717,Mercurialis annua
https://static.inaturalist.org/photos/41035495/medium.jpg?1559711949,Mercurialis annua
https://static.inaturalist.org/photos/41725734/medium.jpg?1560340048,Mercurialis annua
https://static.inaturalist.org/photos/41847131/medium.jpg?1560454260,Mercurialis annua
https://static.inaturalist.org/photos/41888831/medium.jpeg?1560490895,Mercurialis annua
https://static.inaturalist.org/photos/41888908/medium.jpeg?1560491044,Mercurialis annua
https://static.inaturalist.org/photos/42423134/medium.jpeg?1560965523,Mercurialis annua
https://static.inaturalist.org/photos/42515485/medium.jpg?1561050200,Mercurialis annua
https://static.inaturalist.org/photos/42922271/medium.jpg?1561395005,Mercurialis annua
https://static.inaturalist.org/photos/43650881/medium.jpeg?1562017097,Mercurialis annua
https://static.inaturalist.org/photos/43744098/medium.jpeg?1562098273,Mercurialis annua
https://static.inaturalist.org/photos/43790120/medium.jpeg?1562137763,Mercurialis annua
https://static.inaturalist.org/photos/43983922/medium.jpeg?1562328336,Mercurialis annua
https://static.inaturalist.org/photos/44005504/medium.jpg?1562345468,Mercurialis annua
https://static.inaturalist.org/photos/44005874/medium.jpg?1562345704,Mercurialis annua
https://static.inaturalist.org/photos/44311564/medium.jpeg?1562584068,Mercurialis annua
https://static.inaturalist.org/photos/44347680/medium.jpg?1562610077,Mercurialis annua
https://static.inaturalist.org/photos/44358711/medium.jpg?1562616959,Mercurialis annua
https://static.inaturalist.org/photos/44596817/medium.jpeg?1562829400,Mercurialis annua
https://static.inaturalist.org/photos/44692722/medium.jpeg?1562917372,Mercurialis annua
https://static.inaturalist.org/photos/44906205/medium.jpeg?1563109967,Mercurialis annua
https://static.inaturalist.org/photos/44906308/medium.jpeg?1563110031,Mercurialis annua
https://static.inaturalist.org/photos/45261649/medium.jpeg?1563391997,Mercurialis annua
https://static.inaturalist.org/photos/45310501/medium.jpeg?1563439118,Mercurialis annua
https://static.inaturalist.org/photos/45714400/medium.jpg?1563765313,Mercurialis annua
https://static.inaturalist.org/photos/45871481/medium.jpg?1563905358,Mercurialis annua
https://static.inaturalist.org/photos/46318842/medium.jpeg?1564270047,Mercurialis annua
https://static.inaturalist.org/photos/46355431/medium.jpeg?1564300083,Mercurialis annua
https://static.inaturalist.org/photos/46645822/medium.jpg?1564517387,Mercurialis annua
https://static.inaturalist.org/photos/46719632/medium.jpg?1564586087,Mercurialis annua
https://static.inaturalist.org/photos/47372675/medium.jpeg?1565122673,Mercurialis annua
https://static.inaturalist.org/photos/47554033/medium.jpg?1565289271,Mercurialis annua
https://static.inaturalist.org/photos/47648140/medium.jpg?1565377607,Mercurialis annua
https://static.inaturalist.org/photos/47706649/medium.jpg?1565437204,Mercurialis annua
https://static.inaturalist.org/photos/47813036/medium.jpg?1565514631,Mercurialis annua
https://static.inaturalist.org/photos/47825842/medium.jpeg?1565528925,Mercurialis annua
https://static.inaturalist.org/photos/47829746/medium.jpg?1565531635,Mercurialis annua
https://static.inaturalist.org/photos/47930294/medium.jpeg?1565595285,Mercurialis annua
https://static.inaturalist.org/photos/48264860/medium.jpg?1565881323,Mercurialis annua
https://static.inaturalist.org/photos/48358025/medium.jpeg?1565964825,Mercurialis annua
https://static.inaturalist.org/photos/48481334/medium.jpeg?1566067764,Mercurialis annua
https://static.inaturalist.org/photos/48698167/medium.jpeg?1566241544,Mercurialis annua ambigua
https://static.inaturalist.org/photos/48745524/medium.jpg?1566278889,Mercurialis annua
https://static.inaturalist.org/photos/48750152/medium.jpg?1566288007,Mercurialis annua
https://static.inaturalist.org/photos/48846150/medium.jpg?1566374013,Mercurialis annua
https://static.inaturalist.org/photos/48883939/medium.jpeg?1566409809,Mercurialis annua
https://static.inaturalist.org/photos/48938102/medium.jpeg?1566456855,Mercurialis annua
https://static.inaturalist.org/photos/49037557/medium.jpg?1566557559,Mercurialis annua
https://static.inaturalist.org/photos/49164369/medium.jpeg?1566668514,Mercurialis annua
https://static.inaturalist.org/photos/49173060/medium.jpeg?1566672957,Mercurialis annua
https://static.inaturalist.org/photos/49434312/medium.jpeg?1566859631,Mercurialis annua
https://static.inaturalist.org/photos/49700663/medium.jpeg?1567097289,Mercurialis annua
https://static.inaturalist.org/photos/49935021/medium.jpeg?1567287498,Mercurialis annua
https://static.inaturalist.org/photos/50099816/medium.jpeg?1567414188,Mercurialis annua
https://static.inaturalist.org/photos/50101297/medium.jpg?1567417529,Mercurialis annua
https://static.inaturalist.org/photos/50103477/medium.jpg?1567420905,Mercurialis annua
https://static.inaturalist.org/photos/50153462/medium.jpeg?1567453950,Mercurialis annua
https://static.inaturalist.org/photos/50217152/medium.jpg?1567502288,Mercurialis annua
https://static.inaturalist.org/photos/50229923/medium.jpg?1567518784,Mercurialis annua
https://static.inaturalist.org/photos/50642274/medium.jpeg?1567889846,Mercurialis annua
https://static.inaturalist.org/photos/50695281/medium.jpg?1567933007,Mercurialis annua
https://static.inaturalist.org/photos/50728028/medium.jpg?1567960465,Mercurialis annua
https://static.inaturalist.org/photos/50744894/medium.jpeg?1567969174,Mercurialis annua
https://static.inaturalist.org/photos/50850887/medium.jpeg?1568051600,Mercurialis annua
https://static.inaturalist.org/photos/50924543/medium.jpg?1568124295,Mercurialis annua
https://static.inaturalist.org/photos/51018762/medium.jpeg?1568206395,Mercurialis annua
https://static.inaturalist.org/photos/51048041/medium.jpeg?1568225912,Mercurialis annua
https://static.inaturalist.org/photos/51102214/medium.jpg?1568269601,Mercurialis annua
https://static.inaturalist.org/photos/51102769/medium.jpg?1568270503,Mercurialis annua
https://static.inaturalist.org/photos/51136289/medium.jpeg?1568307773,Mercurialis annua
https://static.inaturalist.org/photos/51145748/medium.jpeg?1568314228,Mercurialis annua
https://static.inaturalist.org/photos/51224565/medium.jpeg?1568394291,Mercurialis annua
https://static.inaturalist.org/photos/51248612/medium.jpg?1568410106,Mercurialis annua
https://static.inaturalist.org/photos/51587827/medium.jpg?1568683975,Mercurialis annua
https://static.inaturalist.org/photos/51611939/medium.jpeg?1568719418,Mercurialis annua
https://static.inaturalist.org/photos/51636641/medium.jpeg?1568741222,Mercurialis annua
https://static.inaturalist.org/photos/51839115/medium.jpeg?1568923222,Mercurialis annua
https://static.inaturalist.org/photos/51952402/medium.jpg?1569016586,Mercurialis annua
https://static.inaturalist.org/photos/51998107/medium.jpeg?1569068192,Mercurialis annua
https://static.inaturalist.org/photos/52020487/medium.jpg?1569083986,Mercurialis annua
https://static.inaturalist.org/photos/52123641/medium.jpg?1569169936,Mercurialis annua
https://static.inaturalist.org/photos/52207422/medium.jpeg?1569231092,Mercurialis annua
https://static.inaturalist.org/photos/52250482/medium.jpg?1569268638,Mercurialis annua
https://static.inaturalist.org/photos/52257780/medium.jpg?1569273485,Mercurialis annua
https://static.inaturalist.org/photos/52261345/medium.jpeg?1569275772,Mercurialis annua
https://static.inaturalist.org/photos/52305328/medium.jpg?1569325355,Mercurialis annua
https://static.inaturalist.org/photos/52307305/medium.jpeg?1569327749,Mercurialis annua
https://static.inaturalist.org/photos/52308108/medium.jpeg?1569328564,Mercurialis annua
https://static.inaturalist.org/photos/52308191/medium.jpeg?1569328622,Mercurialis annua
https://static.inaturalist.org/photos/52404759/medium.jpeg?1569418686,Mercurialis annua
https://static.inaturalist.org/photos/52410610/medium.jpeg?1569422644,Mercurialis annua
https://static.inaturalist.org/photos/52786436/medium.jpeg?1569778427,Mercurialis annua
https://static.inaturalist.org/photos/52801456/medium.jpeg?1569786912,Mercurialis annua
https://static.inaturalist.org/photos/52868061/medium.jpg?1569851687,Mercurialis annua
https://static.inaturalist.org/photos/52944178/medium.jpg?1569921767,Mercurialis annua
https://static.inaturalist.org/photos/53107295/medium.jpg?1570093972,Mercurialis annua
https://static.inaturalist.org/photos/53111664/medium.jpeg?1570102633,Mercurialis annua
https://static.inaturalist.org/photos/53121555/medium.jpeg?1570113262,Mercurialis annua
https://static.inaturalist.org/photos/53198867/medium.jpg?1570202078,Mercurialis annua
https://static.inaturalist.org/photos/53241713/medium.jpg?1570236443,Mercurialis annua
https://static.inaturalist.org/photos/53258888/medium.jpeg?1570257435,Mercurialis annua
https://static.inaturalist.org/photos/53362884/medium.jpeg?1570355326,Mercurialis annua
https://static.inaturalist.org/photos/53482149/medium.jpeg?1570459740,Mercurialis annua
https://static.inaturalist.org/photos/53513604/medium.jpg?1570481205,Mercurialis annua
https://static.inaturalist.org/photos/53556555/medium.jpeg?1570527620,Mercurialis annua
https://static.inaturalist.org/photos/53560456/medium.jpg?1570534627,Mercurialis annua
https://static.inaturalist.org/photos/53723562/medium.jpg?1570714080,Mercurialis annua
https://static.inaturalist.org/photos/53724447/medium.jpg?1570714911,Mercurialis annua
https://static.inaturalist.org/photos/53748297/medium.jpeg?1570735682,Mercurialis annua
https://static.inaturalist.org/photos/53813381/medium.jpg?1570814993,Mercurialis annua
https://static.inaturalist.org/photos/53822670/medium.jpeg?1570822626,Mercurialis annua
https://static.inaturalist.org/photos/53857837/medium.jpg?1570866779,Mercurialis annua
https://static.inaturalist.org/photos/53878739/medium.jpeg?1570893350,Mercurialis annua
https://static.inaturalist.org/photos/53882484/medium.jpg?1570896316,Mercurialis annua
https://static.inaturalist.org/photos/53974021/medium.jpeg?1570980790,Mercurialis annua
https://static.inaturalist.org/photos/53975868/medium.jpeg?1570982006,Mercurialis annua
https://static.inaturalist.org/photos/54146485/medium.jpeg?1571145359,Mercurialis annua
https://static.inaturalist.org/photos/54290106/medium.jpg?1571310595,Mercurialis annua
https://static.inaturalist.org/photos/54291483/medium.jpeg?1571313477,Mercurialis annua
https://static.inaturalist.org/photos/54314604/medium.jpeg?1571337883,Mercurialis annua
https://static.inaturalist.org/photos/54441571/medium.jpeg?1571497951,Mercurialis annua
https://static.inaturalist.org/photos/54516460/medium.jpeg?1571576591,Mercurialis annua
https://static.inaturalist.org/photos/54521593/medium.jpg?1571580906,Mercurialis annua
https://static.inaturalist.org/photos/54614373/medium.jpg?1571654947,Mercurialis annua
https://static.inaturalist.org/photos/54629231/medium.jpeg?1571670921,Mercurialis annua
https://static.inaturalist.org/photos/54695538/medium.jpg?1571739626,Mercurialis annua
https://static.inaturalist.org/photos/54699836/medium.jpg?1571747544,Mercurialis annua
https://static.inaturalist.org/photos/54700055/medium.jpg?1571747761,Mercurialis annua
https://static.inaturalist.org/photos/54923812/medium.jpeg?1571989436,Mercurialis annua
https://static.inaturalist.org/photos/54990252/medium.jpeg?1572071292,Mercurialis annua
https://static.inaturalist.org/photos/54996354/medium.jpeg?1572084965,Mercurialis annua
https://static.inaturalist.org/photos/55002057/medium.jpg?1572094958,Mercurialis annua
https://static.inaturalist.org/photos/55075504/medium.jpeg?1572169616,Mercurialis annua
https://static.inaturalist.org/photos/55128974/medium.jpg?1572215324,Mercurialis annua
https://static.inaturalist.org/photos/55155204/medium.jpg?1572241963,Mercurialis annua
https://static.inaturalist.org/photos/55231746/medium.jpg?1572348838,Mercurialis annua
https://static.inaturalist.org/photos/55232969/medium.jpeg?1572350880,Mercurialis annua
https://static.inaturalist.org/photos/55250138/medium.jpeg?1572370497,Mercurialis annua
https://static.inaturalist.org/photos/55250566/medium.jpg?1572370986,Mercurialis annua
https://static.inaturalist.org/photos/55334091/medium.jpeg?1572474153,Mercurialis annua
https://static.inaturalist.org/photos/55362617/medium.jpg?1572527763,Mercurialis annua
https://static.inaturalist.org/photos/55366481/medium.jpg?1572532995,Mercurialis annua
https://static.inaturalist.org/photos/55385237/medium.jpg?1572555890,Mercurialis annua
https://static.inaturalist.org/photos/55492361/medium.jpeg?1572720995,Mercurialis annua
https://static.inaturalist.org/photos/55544835/medium.jpg?1572792443,Mercurialis annua
https://static.inaturalist.org/photos/55577830/medium.jpeg?1572820613,Mercurialis annua
https://static.inaturalist.org/photos/55618278/medium.jpg?1572862756,Mercurialis annua
https://static.inaturalist.org/photos/55661240/medium.jpeg?1572911261,Mercurialis annua
https://static.inaturalist.org/photos/55791243/medium.jpeg?1573075009,Mercurialis annua
https://static.inaturalist.org/photos/55887626/medium.jpeg?1573203535,Mercurialis annua
https://static.inaturalist.org/photos/55896534/medium.jpeg?1573221759,Mercurialis annua
https://static.inaturalist.org/photos/55930690/medium.jpg?1573258190,Mercurialis annua
https://static.inaturalist.org/photos/55960011/medium.jpg?1573306654,Mercurialis annua
https://static.inaturalist.org/photos/56032836/medium.jpeg?1573397582,Mercurialis annua
https://static.inaturalist.org/photos/56359608/medium.jpg?1573862620,Mercurialis annua
https://static.inaturalist.org/photos/56401014/medium.jpeg?1573929165,Mercurialis annua
https://static.inaturalist.org/photos/56410412/medium.jpg?1573938214,Mercurialis annua
https://static.inaturalist.org/photos/56445838/medium.jpg?1573989162,Mercurialis annua
https://static.inaturalist.org/photos/56446087/medium.jpeg?1573989585,Mercurialis annua
https://static.inaturalist.org/photos/56537225/medium.jpg?1574102339,Mercurialis annua
https://static.inaturalist.org/photos/56548278/medium.jpg?1574113309,Mercurialis annua
https://static.inaturalist.org/photos/56583079/medium.jpg?1574172206,Mercurialis annua
https://static.inaturalist.org/photos/56601826/medium.jpg?1574194468,Mercurialis annua
https://static.inaturalist.org/photos/56606102/medium.jpg?1574198733,Mercurialis annua
https://static.inaturalist.org/photos/56634723/medium.jpg?1574241186,Mercurialis annua
https://static.inaturalist.org/photos/56751576/medium.jpg?1574429775,Mercurialis annua
https://static.inaturalist.org/photos/56804250/medium.jpg?1574513277,Mercurialis annua
https://static.inaturalist.org/photos/56828861/medium.jpg?1574542527,Mercurialis annua
https://static.inaturalist.org/photos/56868443/medium.jpeg?1574587168,Mercurialis annua
https://static.inaturalist.org/photos/56906469/medium.jpg?1574631827,Mercurialis annua
https://static.inaturalist.org/photos/56949343/medium.jpg?1574688979,Mercurialis annua
https://static.inaturalist.org/photos/57009053/medium.jpeg?1574766086,Mercurialis annua
https://static.inaturalist.org/photos/57012996/medium.jpg?1574775300,Mercurialis annua
https://static.inaturalist.org/photos/57083292/medium.jpeg?1574875919,Mercurialis annua
https://static.inaturalist.org/photos/57346823/medium.jpg?1575298336,Mercurialis annua
https://static.inaturalist.org/photos/57395516/medium.jpeg?1575381291,Mercurialis annua
https://static.inaturalist.org/photos/57421533/medium.jpeg?1575418081,Mercurialis annua
https://static.inaturalist.org/photos/57496787/medium.jpeg?1575553174,Mercurialis annua
https://static.inaturalist.org/photos/57514973/medium.jpg?1575580487,Mercurialis annua
https://static.inaturalist.org/photos/57543676/medium.jpeg?1575640215,Mercurialis annua
https://static.inaturalist.org/photos/57561266/medium.jpeg?1575668254,Mercurialis annua
https://static.inaturalist.org/photos/57591980/medium.jpeg?1575728163,Mercurialis annua
https://static.inaturalist.org/photos/57592278/medium.jpeg?1575728876,Mercurialis annua
https://static.inaturalist.org/photos/57660979/medium.jpg?1575832780,Mercurialis annua
https://static.inaturalist.org/photos/57710669/medium.jpg?1575908779,Mercurialis annua
https://static.inaturalist.org/photos/57715286/medium.jpg?1575913839,Mercurialis annua
https://static.inaturalist.org/photos/57716487/medium.jpeg?1575915203,Mercurialis annua
https://static.inaturalist.org/photos/57748296/medium.jpeg?1575963890,Mercurialis annua
https://static.inaturalist.org/photos/57754808/medium.jpeg?1575981914,Mercurialis annua
https://static.inaturalist.org/photos/57770956/medium.jpeg?1576008314,Mercurialis annua
https://static.inaturalist.org/photos/57901503/medium.jpeg?1576244402,Mercurialis annua
https://static.inaturalist.org/photos/57957493/medium.jpeg?1576345831,Mercurialis annua
https://static.inaturalist.org/photos/57971352/medium.jpg?1576364738,Mercurialis annua
https://static.inaturalist.org/photos/58030062/medium.jpeg?1576454552,Mercurialis annua
https://static.inaturalist.org/photos/58098992/medium.jpg?1576582260,Mercurialis annua
https://static.inaturalist.org/photos/58121565/medium.jpeg?1576621921,Mercurialis annua
https://static.inaturalist.org/photos/58121690/medium.jpeg?1576622087,Mercurialis annua ambigua
https://static.inaturalist.org/photos/58147018/medium.jpeg?1576682150,Mercurialis annua
https://static.inaturalist.org/photos/58147100/medium.jpeg?1576682287,Mercurialis annua
https://static.inaturalist.org/photos/58186999/medium.jpg?1576762461,Mercurialis annua
https://static.inaturalist.org/photos/58220311/medium.jpg?1576824760,Mercurialis annua
https://static.inaturalist.org/photos/58225797/medium.jpeg?1576842449,Mercurialis annua
https://static.inaturalist.org/photos/58226052/medium.jpeg?1576842878,Mercurialis annua
https://static.inaturalist.org/photos/58274645/medium.jpg?1576941123,Mercurialis annua
https://static.inaturalist.org/photos/58333539/medium.jpeg?1577038457,Mercurialis annua
https://static.inaturalist.org/photos/58424432/medium.jpg?1577189763,Mercurialis annua
https://static.inaturalist.org/photos/58424510/medium.jpeg?1577190065,Mercurialis annua
https://static.inaturalist.org/photos/58424768/medium.jpeg?1577190602,Mercurialis annua
https://static.inaturalist.org/photos/58425242/medium.jpg?1577191373,Mercurialis annua
https://static.inaturalist.org/photos/58437075/medium.jpeg?1577210457,Mercurialis annua
https://static.inaturalist.org/photos/58466611/medium.jpeg?1577266686,Mercurialis annua
https://static.inaturalist.org/photos/58519150/medium.jpeg?1577363948,Mercurialis annua
https://static.inaturalist.org/photos/58535122/medium.jpeg?1577386835,Mercurialis annua
https://static.inaturalist.org/photos/58546230/medium.jpeg?1577399535,Mercurialis annua
https://static.inaturalist.org/photos/58578160/medium.jpeg?1577455658,Mercurialis annua
https://static.inaturalist.org/photos/58624475/medium.jpeg?1577522050,Mercurialis annua
https://static.inaturalist.org/photos/58633716/medium.jpg?1577542560,Mercurialis annua
https://static.inaturalist.org/photos/58648050/medium.jpg?1577559162,Mercurialis annua
https://static.inaturalist.org/photos/58697539/medium.jpeg?1577633079,Mercurialis annua
https://static.inaturalist.org/photos/58707149/medium.jpeg?1577643753,Mercurialis annua
https://static.inaturalist.org/photos/58751782/medium.jpg?1577710258,Mercurialis annua
https://static.inaturalist.org/photos/58772549/medium.jpeg?1577738189,Mercurialis annua
https://static.inaturalist.org/photos/58808750/medium.jpeg?1577798519,Mercurialis annua
https://static.inaturalist.org/photos/58817558/medium.jpg?1577811312,Mercurialis annua
https://static.inaturalist.org/photos/58818699/medium.jpeg?1577812859,Mercurialis annua
https://static.inaturalist.org/photos/58857244/medium.jpeg?1577884255,Mercurialis annua
https://static.inaturalist.org/photos/58861234/medium.jpeg?1577891026,Mercurialis annua
https://static.inaturalist.org/photos/58866710/medium.jpeg?1577898644,Mercurialis annua
https://static.inaturalist.org/photos/58875484/medium.jpg?1577909090,Mercurialis annua
https://static.inaturalist.org/photos/58939828/medium.jpeg?1577998875,Mercurialis annua
https://static.inaturalist.org/photos/58977200/medium.jpeg?1578057864,Mercurialis annua
https://static.inaturalist.org/photos/59105884/medium.jpeg?1578232975,Mercurialis annua
https://static.inaturalist.org/photos/59115744/medium.jpeg?1578246130,Mercurialis annua
https://static.inaturalist.org/photos/59166802/medium.jpeg?1578309177,Mercurialis annua
https://static.inaturalist.org/photos/59171862/medium.jpeg?1578319775,Mercurialis annua
https://static.inaturalist.org/photos/59189504/medium.jpeg?1578342328,Mercurialis annua
https://static.inaturalist.org/photos/59220493/medium.jpeg?1578386405,Mercurialis annua
https://static.inaturalist.org/photos/59232773/medium.jpeg?1578410270,Mercurialis annua
https://static.inaturalist.org/photos/59277053/medium.jpeg?1578485854,Mercurialis annua
https://static.inaturalist.org/photos/59329973/medium.jpeg?1578578884,Mercurialis annua
https://static.inaturalist.org/photos/59333915/medium.jpeg?1578585654,Mercurialis annua
https://static.inaturalist.org/photos/59495841/medium.jpeg?1578831312,Mercurialis annua
https://static.inaturalist.org/photos/59506674/medium.jpg?1578846772,Mercurialis annua
https://static.inaturalist.org/photos/59507772/medium.jpeg?1578848022,Mercurialis annua ambigua
https://static.inaturalist.org/photos/59529710/medium.jpeg?1578870928,Mercurialis annua
https://static.inaturalist.org/photos/59572614/medium.jpeg?1578942647,Mercurialis annua
https://static.inaturalist.org/photos/59574436/medium.jpg?1578945216,Mercurialis annua
https://static.inaturalist.org/photos/59612708/medium.jpeg?1579013926,Mercurialis annua
https://static.inaturalist.org/photos/59663130/medium.jpeg?1579096295,Mercurialis annua
https://static.inaturalist.org/photos/59668016/medium.jpeg?1579103310,Mercurialis annua
https://static.inaturalist.org/photos/60128218/medium.jpg?1579792768,Mercurialis annua
https://static.inaturalist.org/photos/60129211/medium.jpeg?1579793818,Mercurialis annua
https://static.inaturalist.org/photos/60129436/medium.jpg?1579794144,Mercurialis annua
https://static.inaturalist.org/photos/60185312/medium.jpeg?1579882171,Mercurialis annua
https://static.inaturalist.org/photos/60230048/medium.jpeg?1579956227,Mercurialis annua
https://static.inaturalist.org/photos/60300129/medium.jpeg?1580040127,Mercurialis annua
https://static.inaturalist.org/photos/60324459/medium.jpeg?1580067910,Mercurialis annua
https://static.inaturalist.org/photos/60372549/medium.jpeg?1580129072,Mercurialis annua
https://static.inaturalist.org/photos/60372564/medium.jpeg?1580129088,Mercurialis annua
https://static.inaturalist.org/photos/60436063/medium.jpeg?1580227279,Mercurialis annua
https://static.inaturalist.org/photos/60497348/medium.jpeg?1580322264,Mercurialis annua
https://static.inaturalist.org/photos/60534937/medium.jpg?1580389432,Mercurialis annua
https://static.inaturalist.org/photos/60575381/medium.jpg?1580460077,Mercurialis annua
https://static.inaturalist.org/photos/60578662/medium.jpeg?1580467706,Mercurialis annua
https://static.inaturalist.org/photos/60581446/medium.jpeg?1580474084,Mercurialis annua
https://static.inaturalist.org/photos/60590653/medium.jpeg?1580489027,Mercurialis annua
https://static.inaturalist.org/photos/60633146/medium.jpg?1580547874,Mercurialis annua
https://static.inaturalist.org/photos/60646792/medium.jpg?1580571431,Mercurialis annua
https://static.inaturalist.org/photos/60652792/medium.jpeg?1580578616,Mercurialis annua
https://static.inaturalist.org/photos/60730107/medium.jpeg?1580676294,Mercurialis annua
https://static.inaturalist.org/photos/60769707/medium.jpeg?1580719485,Mercurialis annua
https://static.inaturalist.org/photos/60775516/medium.jpg?1580734191,Mercurialis annua
https://static.inaturalist.org/photos/60852867/medium.jpeg?1580841170,Mercurialis annua ambigua
https://static.inaturalist.org/photos/60915275/medium.jpeg?1580933886,Mercurialis annua
https://static.inaturalist.org/photos/60995807/medium.jpg?1581067534,Mercurialis annua
https://static.inaturalist.org/photos/61053163/medium.jpeg?1581154001,Mercurialis annua
https://static.inaturalist.org/photos/61122428/medium.jpeg?1581235849,Mercurialis annua
https://static.inaturalist.org/photos/61254521/medium.jpg?1581414476,Mercurialis annua
https://static.inaturalist.org/photos/61265550/medium.jpg?1581436076,Mercurialis annua
https://static.inaturalist.org/photos/61329320/medium.jpeg?1581532710,Mercurialis annua
https://static.inaturalist.org/photos/61379888/medium.jpeg?1581608934,Mercurialis annua
https://static.inaturalist.org/photos/61512136/medium.jpeg?1581797311,Mercurialis annua
https://static.inaturalist.org/photos/61575284/medium.jpeg?1581873880,Mercurialis annua
https://static.inaturalist.org/photos/61632269/medium.jpeg?1581936145,Mercurialis annua
https://static.inaturalist.org/photos/61721105/medium.jpeg?1582045218,Mercurialis annua ambigua
https://static.inaturalist.org/photos/61773468/medium.jpg?1582123803,Mercurialis annua
https://static.inaturalist.org/photos/61900929/medium.jpg?1582304274,Mercurialis annua
https://static.inaturalist.org/photos/61965701/medium.jpg?1582396516,Mercurialis annua
https://static.inaturalist.org/photos/61971667/medium.jpg?1582401569,Mercurialis annua
https://static.inaturalist.org/photos/62017737/medium.jpeg?1582462198,Mercurialis annua
https://static.inaturalist.org/photos/62100522/medium.jpg?1582555719,Mercurialis annua
https://static.inaturalist.org/photos/62235566/medium.jpg?1582732098,Mercurialis annua
https://static.inaturalist.org/photos/62388378/medium.jpeg?1582936049,Mercurialis annua
https://static.inaturalist.org/photos/62430316/medium.jpeg?1582994656,Mercurialis annua
https://static.inaturalist.org/photos/62516503/medium.jpeg?1583079444,Mercurialis annua
https://static.inaturalist.org/photos/62535517/medium.jpg?1583095350,Mercurialis annua
https://static.inaturalist.org/photos/62595943/medium.jpeg?1583163952,Mercurialis annua
https://static.inaturalist.org/photos/62755933/medium.jpeg?1583361801,Mercurialis annua
https://static.inaturalist.org/photos/62787646/medium.jpeg?1583409913,Mercurialis annua
https://static.inaturalist.org/photos/62792749/medium.jpeg?1583419936,Mercurialis annua
https://static.inaturalist.org/photos/62996785/medium.jpeg?1583655558,Mercurialis annua
https://static.inaturalist.org/photos/63002349/medium.jpg?1583665997,Mercurialis annua
https://static.inaturalist.org/photos/63089208/medium.jpeg?1583741391,Mercurialis annua
https://static.inaturalist.org/photos/63196418/medium.jpg?1583869690,Mercurialis annua
https://static.inaturalist.org/photos/63196684/medium.jpg?1583869912,Mercurialis annua
https://static.inaturalist.org/photos/63203534/medium.jpg?1583875307,Mercurialis annua
https://static.inaturalist.org/photos/63203972/medium.jpg?1583875660,Mercurialis annua
https://static.inaturalist.org/photos/63238339/medium.jpg?1583923512,Mercurialis annua
https://static.inaturalist.org/photos/63242383/medium.jpeg?1583931762,Mercurialis annua
https://static.inaturalist.org/photos/63246208/medium.jpeg?1583937241,Mercurialis annua
https://static.inaturalist.org/photos/63257137/medium.jpg?1583947978,Mercurialis annua
https://static.inaturalist.org/photos/63423519/medium.jpeg?1584138727,Mercurialis annua
https://static.inaturalist.org/photos/63478385/medium.jpeg?1584204994,Mercurialis annua
https://static.inaturalist.org/photos/63557513/medium.jpeg?1584279630,Mercurialis annua
https://static.inaturalist.org/photos/63559498/medium.jpeg?1584281579,Mercurialis annua
https://static.inaturalist.org/photos/63589956/medium.jpeg?1584302600,Mercurialis annua
https://static.inaturalist.org/photos/63610169/medium.jpg?1584314249,Mercurialis annua
https://static.inaturalist.org/photos/63628512/medium.jpeg?1584327329,Mercurialis annua
https://static.inaturalist.org/photos/63628688/medium.jpeg?1584327505,Mercurialis annua
https://static.inaturalist.org/photos/63651722/medium.jpeg?1584363680,Mercurialis annua
https://static.inaturalist.org/photos/63652337/medium.jpeg?1584364570,Mercurialis annua
https://static.inaturalist.org/photos/63665482/medium.jpeg?1584377547,Mercurialis annua
https://static.inaturalist.org/photos/63670593/medium.jpg?1584381526,Mercurialis annua
https://static.inaturalist.org/photos/63676438/medium.jpeg?1584385405,Mercurialis annua
https://static.inaturalist.org/photos/63688136/medium.jpg?1584393790,Mercurialis annua
https://static.inaturalist.org/photos/63736975/medium.jpg?1584453126,Mercurialis annua
https://static.inaturalist.org/photos/63748101/medium.jpg?1584463423,Mercurialis annua
https://static.inaturalist.org/photos/63781592/medium.jpeg?1584489024,Mercurialis annua
https://static.inaturalist.org/photos/63782474/medium.jpeg?1584489637,Mercurialis annua
https://static.inaturalist.org/photos/63782581/medium.jpeg?1584489720,Mercurialis annua
https://static.inaturalist.org/photos/63811349/medium.jpeg?1584524458,Mercurialis annua
https://static.inaturalist.org/photos/63814648/medium.jpg?1584531287,Mercurialis annua
https://static.inaturalist.org/photos/63818822/medium.jpeg?1584536821,Mercurialis annua
https://static.inaturalist.org/photos/63822978/medium.jpeg?1584540861,Mercurialis annua
https://static.inaturalist.org/photos/63825489/medium.jpeg?1584542801,Mercurialis annua
https://static.inaturalist.org/photos/63851993/medium.jpeg?1584562309,Mercurialis annua
https://static.inaturalist.org/photos/63909256/medium.jpg?1584623355,Mercurialis annua
https://static.inaturalist.org/photos/63907365/medium.jpeg?1584621040,Mercurialis annua
https://static.inaturalist.org/photos/63923743/medium.jpg?1584636082,Mercurialis annua
https://static.inaturalist.org/photos/63940429/medium.jpeg?1584647797,Mercurialis annua
https://static.inaturalist.org/photos/63990688/medium.jpeg?1584690184,Mercurialis annua
https://static.inaturalist.org/photos/63999326/medium.jpg?1584705863,Mercurialis annua
https://static.inaturalist.org/photos/64092712/medium.jpeg?1584785367,Mercurialis annua
https://static.inaturalist.org/photos/64123508/medium.jpeg?1584813260,Mercurialis annua
https://static.inaturalist.org/photos/64201120/medium.jpeg?1584864547,Mercurialis annua
https://static.inaturalist.org/photos/64354655/medium.jpg?1584996508,Mercurialis annua
https://static.inaturalist.org/photos/64541721/medium.jpeg?1585169388,Mercurialis annua
https://static.inaturalist.org/photos/64722427/medium.jpeg?1585331182,Mercurialis annua
https://static.inaturalist.org/photos/64723286/medium.jpeg?1585331666,Mercurialis annua
https://static.inaturalist.org/photos/64799768/medium.jpg?1585391053,Mercurialis annua
https://static.inaturalist.org/photos/64807796/medium.jpg?1585400725,Mercurialis annua
https://static.inaturalist.org/photos/64812025/medium.jpg?1585403845,Mercurialis annua
https://static.inaturalist.org/photos/64833552/medium.jpeg?1585414725,Mercurialis annua
https://static.inaturalist.org/photos/64839924/medium.jpg?1585417785,Mercurialis annua
https://static.inaturalist.org/photos/64928035/medium.jpeg?1585476009,Mercurialis annua
https://static.inaturalist.org/photos/64975737/medium.jpeg?1585506590,Mercurialis annua
https://static.inaturalist.org/photos/65058983/medium.jpg?1585566515,Mercurialis annua
https://static.inaturalist.org/photos/65091140/medium.jpeg?1585589926,Mercurialis annua
https://static.inaturalist.org/photos/65101836/medium.jpeg?1585595320,Mercurialis annua
https://static.inaturalist.org/photos/65198395/medium.jpeg?1585677612,Mercurialis annua
https://static.inaturalist.org/photos/65286111/medium.jpeg?1585755287,Mercurialis annua
https://static.inaturalist.org/photos/65391844/medium.jpeg?1585841336,Mercurialis annua
https://static.inaturalist.org/photos/65402883/medium.jpeg?1585847939,Mercurialis annua
https://static.inaturalist.org/photos/65422667/medium.jpeg?1585858484,Mercurialis annua
https://static.inaturalist.org/photos/65502151/medium.jpeg?1585926922,Mercurialis annua
https://static.inaturalist.org/photos/65504880/medium.jpeg?1585928669,Mercurialis annua
https://static.inaturalist.org/photos/65549449/medium.jpeg?1585953997,Mercurialis annua ambigua
https://static.inaturalist.org/photos/65620986/medium.jpg?1586015217,Mercurialis annua
https://static.inaturalist.org/photos/65730973/medium.jpeg?1586086350,Mercurialis annua
https://static.inaturalist.org/photos/65737411/medium.jpeg?1586091664,Mercurialis annua
https://static.inaturalist.org/photos/65740416/medium.jpg?1586093542,Mercurialis annua
https://static.inaturalist.org/photos/65741567/medium.jpeg?1586094252,Mercurialis annua
https://static.inaturalist.org/photos/65754249/medium.jpeg?1586100717,Mercurialis annua
https://static.inaturalist.org/photos/65770639/medium.jpg?1586107932,Mercurialis annua
https://static.inaturalist.org/photos/65911792/medium.jpeg?1586195533,Mercurialis annua
https://static.inaturalist.org/photos/65913747/medium.jpeg?1586196542,Mercurialis annua
https://static.inaturalist.org/photos/65917065/medium.jpg?1586198298,Mercurialis annua
https://static.inaturalist.org/photos/65917667/medium.jpg?1586198623,Mercurialis annua
https://static.inaturalist.org/photos/66030526/medium.jpg?1586282589,Mercurialis annua
https://static.inaturalist.org/photos/66035997/medium.jpg?1586285312,Mercurialis annua
https://static.inaturalist.org/photos/66064634/medium.jpeg?1586298011,Mercurialis annua
https://static.inaturalist.org/photos/66146603/medium.jpeg?1586364129,Mercurialis annua
https://static.inaturalist.org/photos/66189987/medium.jpg?1586385399,Mercurialis annua
https://static.inaturalist.org/photos/66474754/medium.jpeg?1586592530,Mercurialis annua
https://static.inaturalist.org/photos/66478966/medium.jpeg?1586598259,Mercurialis annua
https://static.inaturalist.org/photos/66482062/medium.jpg?1586601946,Mercurialis annua
https://static.inaturalist.org/photos/66512683/medium.jpg?1586622152,Mercurialis annua
https://static.inaturalist.org/photos/66514761/medium.jpeg?1586622980,Mercurialis annua
https://static.inaturalist.org/photos/66518956/medium.jpeg?1586624643,Mercurialis annua
https://static.inaturalist.org/photos/66531665/medium.jpeg?1586629596,Mercurialis annua
https://static.inaturalist.org/photos/66546823/medium.jpeg?1586635277,Mercurialis annua
https://static.inaturalist.org/photos/70518163/medium.jpg?1588344032,Mercurialis annua
https://static.inaturalist.org/photos/66679708/medium.jpg?1586713455,Mercurialis annua
https://static.inaturalist.org/photos/66782403/medium.jpg?1586768794,Mercurialis annua
https://static.inaturalist.org/photos/66800188/medium.jpg?1586785611,Mercurialis annua
https://static.inaturalist.org/photos/66914968/medium.jpeg?1586861635,Mercurialis annua
https://static.inaturalist.org/photos/66922987/medium.jpg?1586869616,Mercurialis annua
https://static.inaturalist.org/photos/67076774/medium.jpg?1586974504,Mercurialis annua
https://static.inaturalist.org/photos/67191606/medium.jpeg?1587054814,Mercurialis annua
https://static.inaturalist.org/photos/67314764/medium.jpeg?1587138882,Mercurialis annua
https://static.inaturalist.org/photos/67434514/medium.jpeg?1587216232,Mercurialis annua
https://static.inaturalist.org/photos/67485765/medium.jpg?1587238237,Mercurialis annua
https://static.inaturalist.org/photos/67621311/medium.jpeg?1587316234,Mercurialis annua
https://static.inaturalist.org/photos/67731033/medium.jpg?1587367489,Mercurialis annua
https://static.inaturalist.org/photos/67747723/medium.jpeg?1587385607,Mercurialis annua
https://static.inaturalist.org/photos/67933930/medium.jpeg?1587495393,Mercurialis annua
https://static.inaturalist.org/photos/68040106/medium.jpg?1587565050,Mercurialis annua
https://static.inaturalist.org/photos/68242486/medium.jpeg?1587666781,Mercurialis annua
https://static.inaturalist.org/photos/68245522/medium.jpeg?1587668013,Mercurialis annua
https://static.inaturalist.org/photos/68343196/medium.jpeg?1587716571,Mercurialis annua
https://static.inaturalist.org/photos/68366142/medium.jpeg?1587729217,Mercurialis annua
https://static.inaturalist.org/photos/68413422/medium.jpg?1587741597,Mercurialis annua
https://static.inaturalist.org/photos/68414779/medium.jpg?1587741838,Mercurialis annua
https://static.inaturalist.org/photos/68448398/medium.jpeg?1587747876,Mercurialis annua
https://static.inaturalist.org/photos/68479532/medium.jpg?1587753414,Mercurialis annua
https://static.inaturalist.org/photos/68489870/medium.jpg?1587755181,Mercurialis annua
https://static.inaturalist.org/photos/68489969/medium.jpg?1587755199,Mercurialis annua
https://static.inaturalist.org/photos/68778152/medium.jpg?1587827058,Mercurialis annua
https://static.inaturalist.org/photos/68866953/medium.jpeg?1587839775,Mercurialis annua
https://static.inaturalist.org/photos/69121706/medium.jpg?1587890735,Mercurialis annua
https://static.inaturalist.org/photos/69135341/medium.jpg?1587895362,Mercurialis annua
https://static.inaturalist.org/photos/69196888/medium.jpg?1587910801,Mercurialis annua
https://static.inaturalist.org/photos/69284536/medium.jpeg?1587923993,Mercurialis annua
https://static.inaturalist.org/photos/69333002/medium.jpeg?1587930893,Mercurialis annua
https://static.inaturalist.org/photos/69551304/medium.jpeg?1587977367,Mercurialis annua
https://static.inaturalist.org/photos/69663519/medium.jpg?1588007011,Mercurialis annua
https://static.inaturalist.org/photos/69680054/medium.jpg?1588009878,Mercurialis annua
https://static.inaturalist.org/photos/69680594/medium.jpg?1588009970,Mercurialis annua
https://static.inaturalist.org/photos/70128231/medium.jpeg?1588145502,Mercurialis annua
https://static.inaturalist.org/photos/70160871/medium.jpeg?1588169259,Mercurialis annua
https://static.inaturalist.org/photos/70249609/medium.jpg?1588200053,Mercurialis annua
https://static.inaturalist.org/photos/70308831/medium.jpeg?1588228205,Mercurialis annua
https://static.inaturalist.org/photos/70306658/medium.jpeg?1588226526,Mercurialis annua
https://static.inaturalist.org/photos/70322765/medium.jpg?1588240915,Mercurialis annua
https://static.inaturalist.org/photos/70324065/medium.jpeg?1588242045,Mercurialis annua
https://static.inaturalist.org/photos/70324147/medium.jpeg?1588242129,Mercurialis annua
https://static.inaturalist.org/photos/70324211/medium.jpeg?1588242204,Mercurialis annua
https://static.inaturalist.org/photos/70779465/medium.jpeg?1588454056,Mercurialis annua
https://static.inaturalist.org/photos/70882451/medium.jpeg?1588502289,Mercurialis annua
https://static.inaturalist.org/photos/70885358/medium.jpeg?1588504077,Mercurialis annua
https://static.inaturalist.org/photos/70900038/medium.jpeg?1588511758,Mercurialis annua
https://static.inaturalist.org/photos/70964087/medium.jpeg?1588528900,Mercurialis annua
https://static.inaturalist.org/photos/70988690/medium.jpg?1588534807,Mercurialis annua
https://static.inaturalist.org/photos/71001032/medium.jpg?1588537716,Mercurialis annua
https://www.inaturalist.org/assets/copyright-infringement-medium.png,Mercurialis annua
https://static.inaturalist.org/photos/71135918/medium.jpeg?1588599749,Mercurialis annua
https://static.inaturalist.org/photos/71338214/medium.jpg?1588702386,Mercurialis annua
https://static.inaturalist.org/photos/71441926/medium.jpeg?1588764811,Mercurialis annua
https://static.inaturalist.org/photos/71478575/medium.jpg?1588784973,Mercurialis annua
https://static.inaturalist.org/photos/72802012/medium.jpg?1589486097,Mercurialis annua
https://static.inaturalist.org/photos/72883093/medium.jpg?1589529306,Mercurialis annua
https://static.inaturalist.org/photos/74553923/medium.jpeg?1590262280,Mercurialis annua
https://static.inaturalist.org/photos/75146292/medium.jpg?1590483800,Mercurialis annua
https://static.inaturalist.org/photos/75249300/medium.jpeg?1590528186,Mercurialis annua
https://static.inaturalist.org/photos/75363945/medium.jpg?1590592029,Mercurialis annua
https://static.inaturalist.org/photos/75981396/medium.jpg?1590873094,Mercurialis annua
https://static.inaturalist.org/photos/76068506/medium.jpg?1590910933,Mercurialis annua
https://static.inaturalist.org/photos/77580346/medium.jpeg?1591592312,Mercurialis annua
https://static.inaturalist.org/photos/77791235/medium.jpeg?1591705029,Mercurialis annua
https://static.inaturalist.org/photos/77803125/medium.jpg?1591710508,Mercurialis annua
https://static.inaturalist.org/photos/77938866/medium.jpg?1591771349,Mercurialis annua
https://static.inaturalist.org/photos/78441914/medium.jpg?1592032545,Mercurialis annua
https://static.inaturalist.org/photos/78446255/medium.jpg?1592036863,Mercurialis annua
https://static.inaturalist.org/photos/78551727/medium.jpeg?1592077404,Mercurialis annua
https://static.inaturalist.org/photos/78551699/medium.jpeg?1592077398,Mercurialis annua
https://static.inaturalist.org/photos/78564592/medium.jpeg?1592080677,Mercurialis annua
https://static.inaturalist.org/photos/79055070/medium.jpeg?1592272283,Mercurialis annua
https://static.inaturalist.org/photos/79060623/medium.jpeg?1592274973,Mercurialis annua
https://static.inaturalist.org/photos/79149674/medium.jpg?1592325557,Mercurialis annua
https://static.inaturalist.org/photos/79849001/medium.jpg?1592670692,Mercurialis annua
https://static.inaturalist.org/photos/79995697/medium.jpg?1592726992,Mercurialis annua
https://static.inaturalist.org/photos/80083160/medium.jpeg?1592759550,Mercurialis annua
https://static.inaturalist.org/photos/80221096/medium.jpeg?1592805783,Mercurialis annua
https://static.inaturalist.org/photos/80276487/medium.jpeg?1592838141,Mercurialis annua
https://static.inaturalist.org/photos/80298629/medium.jpeg?1592845589,Mercurialis annua
https://static.inaturalist.org/photos/80629684/medium.jpg?1593001448,Mercurialis annua
https://static.inaturalist.org/photos/80791578/medium.jpg?1593076181,Mercurialis annua
https://static.inaturalist.org/photos/80792563/medium.jpg?1593077044,Mercurialis annua
https://static.inaturalist.org/photos/80841118/medium.jpeg?1593102737,Mercurialis annua
https://static.inaturalist.org/photos/81211413/medium.jpg?1593281991,Mercurialis annua
https://static.inaturalist.org/photos/81214267/medium.jpeg?1593282791,Mercurialis annua
https://static.inaturalist.org/photos/81470376/medium.jpeg?1593379677,Mercurialis annua
https://static.inaturalist.org/photos/81696714/medium.jpeg?1593477069,Mercurialis annua
https://static.inaturalist.org/photos/81723498/medium.jpeg?1593490068,Mercurialis annua
https://static.inaturalist.org/photos/81743280/medium.jpeg?1593504726,Mercurialis annua
https://static.inaturalist.org/photos/81759669/medium.jpeg?1593516945,Mercurialis annua
https://static.inaturalist.org/photos/82313830/medium.jpeg?1593786284,Mercurialis annua
https://static.inaturalist.org/photos/82556431/medium.jpg?1593894935,Mercurialis annua
https://static.inaturalist.org/photos/82716768/medium.jpg?1593971275,Mercurialis annua
https://static.inaturalist.org/photos/83445476/medium.jpg?1594317250,Mercurialis annua
https://static.inaturalist.org/photos/84251472/medium.jpg?1594674204,Mercurialis annua
https://static.inaturalist.org/photos/84341047/medium.jpg?1594727381,Mercurialis annua
https://static.inaturalist.org/photos/84371458/medium.jpeg?1594741172,Mercurialis annua
https://static.inaturalist.org/photos/84522757/medium.jpeg?1594820575,Mercurialis annua
https://static.inaturalist.org/photos/84836341/medium.jpeg?1594972918,Mercurialis annua
https://static.inaturalist.org/photos/84852801/medium.jpeg?1594986105,Mercurialis annua
https://static.inaturalist.org/photos/84854692/medium.jpg?1594987219,Mercurialis annua
https://static.inaturalist.org/photos/84854746/medium.jpeg?1594987246,Mercurialis annua
https://static.inaturalist.org/photos/85054765/medium.jpeg?1595082998,Mercurialis annua
https://static.inaturalist.org/photos/85312338/medium.jpg?1595184360,Mercurialis annua
https://static.inaturalist.org/photos/85709497/medium.jpeg?1595363758,Mercurialis annua
https://static.inaturalist.org/photos/85794244/medium.jpeg?1595412915,Mercurialis annua
https://static.inaturalist.org/photos/85794260/medium.jpg?1595412925,Mercurialis annua
https://static.inaturalist.org/photos/85794308/medium.jpg?1595412958,Mercurialis annua
https://static.inaturalist.org/photos/85860487/medium.jpg?1595442249,Mercurialis annua
https://static.inaturalist.org/photos/85862099/medium.jpeg?1595442894,Mercurialis annua
https://static.inaturalist.org/photos/85826601/medium.jpg?1595429998,Mercurialis annua
https://static.inaturalist.org/photos/86030790/medium.jpg?1595528482,Mercurialis annua
https://static.inaturalist.org/photos/86154745/medium.jpg?1595597644,Mercurialis annua
