image_url,scientific_name
https://static.inaturalist.org/photos/129521/medium.jpg?1444507040,Cyrtomium falcatum
https://static.inaturalist.org/photos/363844/medium.JPG?1370821159,Cyrtomium falcatum
https://static.inaturalist.org/photos/939062/medium.jpg?1403313112,Cyrtomium falcatum
https://static.inaturalist.org/photos/1100499/medium.JPG?1410193911,Cyrtomium falcatum
https://static.inaturalist.org/photos/1290319/medium.jpg?1413893871,Cyrtomium falcatum
https://static.inaturalist.org/photos/1301853/medium.jpg?1414312679,Cyrtomium falcatum
https://static.inaturalist.org/photos/1540606/medium.JPG?1423423796,Azorina vidalii
https://static.inaturalist.org/photos/1555462/medium.jpg?1424006510,Cyrtomium falcatum
https://static.inaturalist.org/photos/1643945/medium.jpg?1426981108,Cyrtomium falcatum
https://static.inaturalist.org/photos/1662710/medium.JPG?1427498814,Cyrtomium falcatum
https://static.inaturalist.org/photos/1858898/medium.JPG?1431857155,Cyrtomium falcatum
https://static.inaturalist.org/photos/2197315/medium.jpg?1438149583,Cyrtomium falcatum
https://static.inaturalist.org/photos/2346805/medium.jpg?1444550028,Cyrtomium falcatum
https://static.inaturalist.org/photos/2626217/medium.jpg?1446996408,Cyrtomium
https://static.inaturalist.org/photos/2638911/medium.jpg?1447214854,Cyrtomium falcatum
https://static.inaturalist.org/photos/2961577/medium.jpg?1454453151,Cyrtomium falcatum
https://static.inaturalist.org/photos/3505366/medium.jpg?1461785453,Cyrtomium falcatum
https://static.inaturalist.org/photos/4208284/medium.jpeg?1467926900,Cyrtomium falcatum
https://static.inaturalist.org/photos/4220019/medium.jpg?1468081983,Cyrtomium falcatum
https://static.inaturalist.org/photos/4480364/medium.jpeg?1470623942,Cyrtomium falcatum
https://static.inaturalist.org/photos/4483734/medium.jpg?1470656244,Cyrtomium falcatum
https://static.inaturalist.org/photos/5069157/medium.jpg?1475283048,Cyrtomium falcatum
https://static.inaturalist.org/photos/5290450/medium.jpg?1477023380,Cyrtomium falcatum
https://static.inaturalist.org/photos/5627529/medium.jpg?1480275710,Cyrtomium falcatum
https://static.inaturalist.org/photos/5841877/medium.jpg?1482115157,Cyrtomium falcatum
https://static.inaturalist.org/photos/5858447/medium.jpg?1482358222,Cyrtomium falcatum
https://static.inaturalist.org/photos/5865801/medium.jpg?1482461781,Cyrtomium falcatum
https://static.inaturalist.org/photos/5876281/medium.jpg?1482622025,Cyrtomium falcatum
https://static.inaturalist.org/photos/5904286/medium.jpeg?1483003120,Cyrtomium falcatum
https://static.inaturalist.org/photos/5908676/medium.jpg?1483056892,Cyrtomium falcatum
https://static.inaturalist.org/photos/5926542/medium.jpg?1483234916,Cyrtomium falcatum
https://static.inaturalist.org/photos/5929244/medium.jpg?1483291489,Cyrtomium falcatum
https://static.inaturalist.org/photos/5941827/medium.jpg?1483415675,Cyrtomium falcatum
https://static.inaturalist.org/photos/5976090/medium.jpg?1483830988,Cyrtomium falcatum
https://static.inaturalist.org/photos/6078722/medium.jpeg?1484952779,Cyrtomium falcatum
https://static.inaturalist.org/photos/6110351/medium.jpg?1485264309,Cyrtomium falcatum
https://static.inaturalist.org/photos/6262091/medium.jpeg?1486913797,Cyrtomium falcatum
https://static.inaturalist.org/photos/6285478/medium.jpg?1487125196,Cyrtomium falcatum
https://static.inaturalist.org/photos/6287195/medium.jpg?1487139847,Cyrtomium falcatum
https://static.inaturalist.org/photos/6411002/medium.jpg?1488250788,Cyrtomium falcatum
https://static.inaturalist.org/photos/6482564/medium.jpg?1488858836,Cyrtomium falcatum
https://static.inaturalist.org/photos/6514710/medium.jpeg?1489118495,Cyrtomium falcatum
https://static.inaturalist.org/photos/6539187/medium.jpg?1489293537,Cyrtomium falcatum
https://static.inaturalist.org/photos/6546372/medium.jpg?1489350955,Cyrtomium falcatum
https://static.inaturalist.org/photos/6546519/medium.jpg?1489351840,Cyrtomium falcatum
https://static.inaturalist.org/photos/6569520/medium.jpg?1489513645,Cyrtomium falcatum
https://static.inaturalist.org/photos/6582100/medium.jpg?1489600851,Cyrtomium falcatum
https://static.inaturalist.org/photos/7023561/medium.jpeg?1492062310,Cyrtomium falcatum
https://static.inaturalist.org/photos/7025397/medium.jpeg?1492086104,Cyrtomium falcatum
https://static.inaturalist.org/photos/7045860/medium.jpeg?1492182669,Cyrtomium falcatum
https://static.inaturalist.org/photos/7056321/medium.jpeg?1492199308,Cyrtomium falcatum
https://static.inaturalist.org/photos/7135130/medium.jpg?1492318151,Cyrtomium falcatum
https://static.inaturalist.org/photos/7193078/medium.jpg?1492443135,Cyrtomium falcatum
https://static.inaturalist.org/photos/7224215/medium.jpg?1492482845,Cyrtomium falcatum
https://static.inaturalist.org/photos/7650318/medium.jpeg?1494094200,Cyrtomium falcatum
https://static.inaturalist.org/photos/7831017/medium.jpeg?1494907931,Cyrtomium falcatum
https://static.inaturalist.org/photos/8007579/medium.jpeg?1495670460,Cyrtomium falcatum
https://static.inaturalist.org/photos/8133468/medium.jpg?1496195972,Cyrtomium falcatum
https://static.inaturalist.org/photos/8790708/medium.jpg?1499024707,Cyrtomium falcatum
https://static.inaturalist.org/photos/8844657/medium.jpeg?1499221597,Cyrtomium falcatum
https://static.inaturalist.org/photos/8995573/medium.jpeg?1499811194,Cyrtomium falcatum
https://static.inaturalist.org/photos/9010628/medium.jpeg?1499882979,Cyrtomium falcatum
https://static.inaturalist.org/photos/9206139/medium.jpg?1500674834,Cyrtomium falcatum
https://static.inaturalist.org/photos/9585677/medium.jpeg?1502068782,Cyrtomium falcatum
https://static.inaturalist.org/photos/9700381/medium.jpeg?1502516645,Cyrtomium falcatum
https://static.inaturalist.org/photos/9788105/medium.jpg?1502827591,Cyrtomium falcatum
https://static.inaturalist.org/photos/9788115/medium.jpg?1502827607,Cyrtomium falcatum
https://static.inaturalist.org/photos/9799768/medium.jpeg?1502871940,Cyrtomium falcatum
https://static.inaturalist.org/photos/9878874/medium.jpg?1503202743,Cyrtomium falcatum
https://static.inaturalist.org/photos/9878878/medium.jpg?1503202746,Cyrtomium falcatum
https://static.inaturalist.org/photos/10122155/medium.jpg?1504126291,Cyrtomium falcatum
https://static.inaturalist.org/photos/10203633/medium.jpeg?1504475516,Cyrtomium falcatum
https://static.inaturalist.org/photos/10231384/medium.jpg?1504563254,Cyrtomium falcatum
https://static.inaturalist.org/photos/10350477/medium.jpg?1505018379,Cyrtomium falcatum
https://static.inaturalist.org/photos/10562108/medium.jpg?1505778763,Cyrtomium falcatum
https://static.inaturalist.org/photos/10591609/medium.jpeg?1505872992,Cyrtomium falcatum
https://static.inaturalist.org/photos/11147914/medium.jpg?1507874265,Cyrtomium falcatum
https://static.inaturalist.org/photos/11342606/medium.jpeg?1508658405,Cyrtomium falcatum
https://static.inaturalist.org/photos/11925691/medium.jpg?1511149189,Cyrtomium falcatum
https://static.inaturalist.org/photos/11985416/medium.jpg?1511418803,Cyrtomium falcatum
https://static.inaturalist.org/photos/12818681/medium.jpg?1515605058,Cyrtomium falcatum
https://static.inaturalist.org/photos/12312790/medium.jpg?1512933735,Cyrtomium falcatum
https://static.inaturalist.org/photos/12370087/medium.jpeg?1513212053,Cyrtomium falcatum
https://static.inaturalist.org/photos/12370270/medium.jpeg?1513212495,Cyrtomium falcatum
https://static.inaturalist.org/photos/12446213/medium.jpg?1513630084,Cyrtomium falcatum
https://static.inaturalist.org/photos/12453831/medium.jpg?1513666978,Cyrtomium falcatum
https://static.inaturalist.org/photos/12612974/medium.jpeg?1514609131,Cyrtomium falcatum
https://static.inaturalist.org/photos/12622185/medium.jpg?1514663156,Cyrtomium falcatum
https://static.inaturalist.org/photos/12643565/medium.jpg?1514747387,Cyrtomium falcatum
https://static.inaturalist.org/photos/12852293/medium.jpeg?1515783849,Cyrtomium falcatum
https://static.inaturalist.org/photos/13014427/medium.jpg?1516482245,Cyrtomium falcatum
https://static.inaturalist.org/photos/13080937/medium.jpg?1516744517,Cyrtomium falcatum
https://static.inaturalist.org/photos/13123352/medium.jpeg?1516931836,Cyrtomium falcatum
https://static.inaturalist.org/photos/13135896/medium.jpg?1516999619,Cyrtomium falcatum
https://static.inaturalist.org/photos/13145721/medium.jpeg?1517040464,Cyrtomium falcatum
https://static.inaturalist.org/photos/13335387/medium.jpg?1517857833,Cyrtomium falcatum
https://static.inaturalist.org/photos/13679329/medium.jpg?1519340018,Cyrtomium falcatum
https://static.inaturalist.org/photos/13824176/medium.jpg?1519934876,Cyrtomium falcatum
https://static.inaturalist.org/photos/13825793/medium.jpg?1519939465,Cyrtomium falcatum
https://static.inaturalist.org/photos/13882384/medium.jpg?1520135826,Cyrtomium falcatum
https://static.inaturalist.org/photos/14026573/medium.jpeg?1520664814,Cyrtomium falcatum
https://static.inaturalist.org/photos/14048145/medium.jpg?1520728207,Cyrtomium falcatum
https://static.inaturalist.org/photos/14070072/medium.jpg?1520797578,Cyrtomium falcatum
https://static.inaturalist.org/photos/14252715/medium.jpeg?1521392364,Cyrtomium falcatum
https://static.inaturalist.org/photos/14304224/medium.jpg?1521519830,Cyrtomium falcatum
https://static.inaturalist.org/photos/14304821/medium.jpg?1521521393,Cyrtomium falcatum
https://static.inaturalist.org/photos/14532820/medium.jpeg?1522178373,Cyrtomium falcatum
https://static.inaturalist.org/photos/14578247/medium.jpg?1522295934,Cyrtomium falcatum
https://static.inaturalist.org/photos/14661001/medium.jpg?1522526373,Cyrtomium falcatum
https://static.inaturalist.org/photos/14735599/medium.jpeg?1522694403,Cyrtomium falcatum
https://static.inaturalist.org/photos/14903274/medium.jpeg?1523093730,Cyrtomium falcatum
https://static.inaturalist.org/photos/14997765/medium.jpg?1523295772,Cyrtomium falcatum
https://static.inaturalist.org/photos/15100670/medium.jpg?1523495707,Cyrtomium falcatum
https://static.inaturalist.org/photos/15101367/medium.jpg?1523496303,Cyrtomium falcatum
https://static.inaturalist.org/photos/15101477/medium.jpg?1523496406,Cyrtomium falcatum
https://static.inaturalist.org/photos/15223555/medium.jpg?1523624914,Cyrtomium luctuosum
https://static.inaturalist.org/photos/15542068/medium.jpg?1523907184,Cyrtomium falcatum
https://static.inaturalist.org/photos/15586254/medium.jpg?1523943567,Cyrtomium falcatum
https://static.inaturalist.org/photos/15960490/medium.jpg?1524271319,Cyrtomium falcatum
https://static.inaturalist.org/photos/16009512/medium.jpg?1524318076,Cyrtomium falcatum
https://static.inaturalist.org/photos/16012050/medium.jpg?1524320178,Cyrtomium falcatum
https://static.inaturalist.org/photos/16076275/medium.jpg?1524363388,Cyrtomium falcatum
https://static.inaturalist.org/photos/16315671/medium.jpeg?1524706634,Cyrtomium falcatum
https://static.inaturalist.org/photos/16458796/medium.jpg?1524857026,Cyrtomium falcatum
https://static.inaturalist.org/photos/16477808/medium.jpeg?1524864597,Cyrtomium falcatum
https://static.inaturalist.org/photos/16605286/medium.jpeg?1524933386,Cyrtomium falcatum
https://static.inaturalist.org/photos/16627927/medium.jpeg?1524938705,Cyrtomium falcatum
https://static.inaturalist.org/photos/17030963/medium.jpg?1525109563,Cyrtomium falcatum
https://static.inaturalist.org/photos/17047736/medium.jpg?1525116044,Cyrtomium falcatum
https://static.inaturalist.org/photos/17066256/medium.jpg?1525122618,Cyrtomium falcatum
https://static.inaturalist.org/photos/17089497/medium.jpeg?1525130845,Cyrtomium falcatum
https://static.inaturalist.org/photos/17134086/medium.jpg?1525144852,Cyrtomium falcatum
https://static.inaturalist.org/photos/17146388/medium.jpeg?1525149640,Cyrtomium falcatum
https://static.inaturalist.org/photos/17151755/medium.jpg?1525152580,Cyrtomium falcatum
https://static.inaturalist.org/photos/17228482/medium.jpg?1525222227,Cyrtomium falcatum
https://static.inaturalist.org/photos/17293122/medium.jpeg?1525296475,Cyrtomium falcatum
https://static.inaturalist.org/photos/17510143/medium.jpg?1525610140,Cyrtomium falcatum
https://static.inaturalist.org/photos/17517604/medium.jpg?1525620838,Cyrtomium falcatum
https://static.inaturalist.org/photos/17825417/medium.jpg?1526101241,Cyrtomium falcatum
https://static.inaturalist.org/photos/18211166/medium.jpg?1526709749,Cyrtomium falcatum
https://static.inaturalist.org/photos/18338302/medium.jpeg?1526888507,Cyrtomium falcatum
https://static.inaturalist.org/photos/19562946/medium.jpg?1528757450,Cyrtomium falcatum
https://static.inaturalist.org/photos/19676750/medium.jpg?1528941294,Cyrtomium falcatum
https://static.inaturalist.org/photos/19749086/medium.jpg?1529082082,Cyrtomium falcatum
https://static.inaturalist.org/photos/20030731/medium.jpeg?1529513529,Cyrtomium falcatum
https://static.inaturalist.org/photos/20112950/medium.jpg?1529641414,Cyrtomium falcatum
https://static.inaturalist.org/photos/20125546/medium.jpg?1529674447,Cyrtomium falcatum
https://static.inaturalist.org/photos/20360928/medium.jpeg?1530028834,Cyrtomium falcatum
https://static.inaturalist.org/photos/20503640/medium.jpg?1530283437,Cyrtomium falcatum
https://static.inaturalist.org/photos/20804791/medium.jpeg?1530748273,Cyrtomium falcatum
https://static.inaturalist.org/photos/20970644/medium.jpg?1531008566,Cyrtomium falcatum
https://static.inaturalist.org/photos/21053983/medium.jpg?1531138069,Cyrtomium falcatum
https://static.inaturalist.org/photos/21267910/medium.jpeg?1531495087,Cyrtomium falcatum
https://static.inaturalist.org/photos/21358902/medium.jpg?1531617385,Cyrtomium falcatum
https://static.inaturalist.org/photos/21376219/medium.jpg?1531646272,Cyrtomium falcatum
https://static.inaturalist.org/photos/22355179/medium.jpeg?1533049327,Cyrtomium falcatum
https://static.inaturalist.org/photos/22496665/medium.jpg?1533272240,Cyrtomium falcatum
https://static.inaturalist.org/photos/23312172/medium.jpeg?1534544401,Cyrtomium falcatum
https://static.inaturalist.org/photos/23312865/medium.jpeg?1534545146,Cyrtomium falcatum
https://static.inaturalist.org/photos/23312880/medium.jpeg?1534545160,Cyrtomium falcatum
https://static.inaturalist.org/photos/23314147/medium.jpeg?1534546581,Cyrtomium falcatum
https://static.inaturalist.org/photos/23842098/medium.jpeg?1535340546,Cyrtomium falcatum
https://static.inaturalist.org/photos/24052066/medium.jpeg?1535699387,Cyrtomium falcatum
https://static.inaturalist.org/photos/24102029/medium.jpg?1535780434,Cyrtomium falcatum
https://static.inaturalist.org/photos/24106926/medium.jpeg?1535794008,Cyrtomium falcatum
https://static.inaturalist.org/photos/24139069/medium.jpg?1535836081,Cyrtomium falcatum
https://static.inaturalist.org/photos/24638566/medium.jpeg?1536565005,Cyrtomium falcatum
https://static.inaturalist.org/photos/25509815/medium.jpeg?1537832908,Cyrtomium falcatum
https://static.inaturalist.org/photos/25617914/medium.jpg?1538005721,Cyrtomium falcatum
https://static.inaturalist.org/photos/25727802/medium.jpeg?1538176599,Cyrtomium falcatum
https://static.inaturalist.org/photos/26025428/medium.jpeg?1538611592,Cyrtomium falcatum
https://static.inaturalist.org/photos/26250438/medium.jpg?1538952949,Cyrtomium falcatum
https://static.inaturalist.org/photos/26421268/medium.jpg?1539214154,Cyrtomium falcatum
https://static.inaturalist.org/photos/26732742/medium.jpeg?1539697551,Cyrtomium falcatum
https://static.inaturalist.org/photos/26914914/medium.jpeg?1539996988,Cyrtomium falcatum
https://static.inaturalist.org/photos/27002941/medium.jpg?1540141358,Cyrtomium falcatum
https://static.inaturalist.org/photos/27098480/medium.jpeg?1540277493,Cyrtomium falcatum
https://static.inaturalist.org/photos/27206497/medium.jpg?1540482346,Cyrtomium falcatum
https://static.inaturalist.org/photos/27330175/medium.jpeg?1540697350,Cyrtomium falcatum
https://static.inaturalist.org/photos/27332062/medium.jpeg?1540701061,Cyrtomium falcatum
https://static.inaturalist.org/photos/27427828/medium.jpeg?1540860453,Cyrtomium falcatum
https://static.inaturalist.org/photos/27439306/medium.jpg?1540886161,Cyrtomium falcatum
https://static.inaturalist.org/photos/27697446/medium.jpeg?1541389898,Cyrtomium falcatum
https://static.inaturalist.org/photos/27828184/medium.jpeg?1541605002,Cyrtomium falcatum
https://static.inaturalist.org/photos/28007748/medium.jpg?1541950005,Cyrtomium falcatum
https://static.inaturalist.org/photos/28028219/medium.jpg?1541983169,Cyrtomium falcatum
https://static.inaturalist.org/photos/28208681/medium.jpeg?1542475223,Cyrtomium falcatum
https://static.inaturalist.org/photos/28321693/medium.jpeg?1542718921,Cyrtomium falcatum
https://static.inaturalist.org/photos/28394279/medium.jpeg?1542906083,Cyrtomium falcatum
https://static.inaturalist.org/photos/28421119/medium.jpg?1542971345,Cyrtomium falcatum
https://static.inaturalist.org/photos/28657746/medium.jpg?1543508089,Cyrtomium falcatum
https://static.inaturalist.org/photos/28734309/medium.jpg?1543702590,Cyrtomium falcatum
https://static.inaturalist.org/photos/28784957/medium.jpg?1543808557,Cyrtomium falcatum
https://static.inaturalist.org/photos/29067144/medium.jpg?1544536513,Cyrtomium falcatum
https://static.inaturalist.org/photos/29070347/medium.jpg?1544544476,Cyrtomium falcatum
https://static.inaturalist.org/photos/29103075/medium.jpg?1544635770,Cyrtomium falcatum
https://static.inaturalist.org/photos/29293918/medium.jpg?1545166580,Cyrtomium falcatum
https://static.inaturalist.org/photos/29306036/medium.jpg?1545196049,Cyrtomium falcatum
https://static.inaturalist.org/photos/29418292/medium.jpg?1545513161,Cyrtomium falcatum
https://static.inaturalist.org/photos/29418317/medium.jpg?1545513211,Cyrtomium falcatum
https://static.inaturalist.org/photos/29418552/medium.jpg?1545513664,Cyrtomium falcatum
https://static.inaturalist.org/photos/29456093/medium.jpg?1545599008,Cyrtomium falcatum
https://static.inaturalist.org/photos/29510811/medium.jpg?1545745929,Cyrtomium falcatum
https://static.inaturalist.org/photos/29672768/medium.jpg?1546142103,Cyrtomium falcatum
https://static.inaturalist.org/photos/29713444/medium.jpeg?1546228981,Cyrtomium falcatum
https://static.inaturalist.org/photos/29898533/medium.jpg?1546665899,Cyrtomium falcatum
https://static.inaturalist.org/photos/29929824/medium.jpg?1546735394,Cyrtomium falcatum
https://static.inaturalist.org/photos/30092713/medium.jpg?1547125254,Cyrtomium falcatum
https://static.inaturalist.org/photos/30171407/medium.jpg?1547330877,Cyrtomium falcatum
https://static.inaturalist.org/photos/30196934/medium.jpeg?1547385329,Cyrtomium falcatum
https://static.inaturalist.org/photos/30239143/medium.jpeg?1547475092,Cyrtomium falcatum
https://static.inaturalist.org/photos/30337766/medium.jpg?1547744657,Cyrtomium falcatum
https://static.inaturalist.org/photos/30371586/medium.jpeg?1547840524,Cyrtomium falcatum
https://static.inaturalist.org/photos/30550758/medium.jpeg?1548233424,Cyrtomium falcatum
https://static.inaturalist.org/photos/30554956/medium.jpg?1548254312,Cyrtomium falcatum
https://static.inaturalist.org/photos/30560735/medium.jpg?1548267866,Cyrtomium falcatum
https://static.inaturalist.org/photos/30570110/medium.jpg?1548284740,Cyrtomium falcatum
https://static.inaturalist.org/photos/30577352/medium.jpg?1548297978,Cyrtomium falcatum
https://static.inaturalist.org/photos/30638920/medium.jpg?1548460573,Cyrtomium falcatum
https://static.inaturalist.org/photos/30701977/medium.jpeg?1548604776,Cyrtomium falcatum
https://static.inaturalist.org/photos/30713864/medium.jpeg?1548623411,Cyrtomium falcatum
https://static.inaturalist.org/photos/30714186/medium.jpg?1548623844,Cyrtomium falcatum
https://static.inaturalist.org/photos/30793847/medium.jpeg?1548804348,Cyrtomium falcatum
https://static.inaturalist.org/photos/30855078/medium.jpg?1548959424,Cyrtomium falcatum
https://static.inaturalist.org/photos/30919938/medium.jpeg?1549114174,Cyrtomium falcatum
https://static.inaturalist.org/photos/30964073/medium.jpeg?1549204804,Cyrtomium falcatum
https://static.inaturalist.org/photos/31016625/medium.jpg?1549315811,Cyrtomium falcatum
https://static.inaturalist.org/photos/31019537/medium.jpg?1549321042,Cyrtomium falcatum
https://static.inaturalist.org/photos/31019714/medium.jpg?1549321302,Cyrtomium falcatum
https://static.inaturalist.org/photos/31029343/medium.jpg?1549336080,Cyrtomium falcatum
https://static.inaturalist.org/photos/31035160/medium.jpeg?1549347928,Cyrtomium falcatum
https://static.inaturalist.org/photos/31076794/medium.jpg?1549432092,Cyrtomium falcatum
https://static.inaturalist.org/photos/31151013/medium.jpeg?1549557557,Cyrtomium falcatum
https://static.inaturalist.org/photos/31155443/medium.jpg?1549564261,Cyrtomium falcatum
https://static.inaturalist.org/photos/31230892/medium.jpg?1549743886,Cyrtomium falcatum
https://static.inaturalist.org/photos/31294566/medium.jpg?1549858405,Cyrtomium falcatum
https://static.inaturalist.org/photos/31411413/medium.jpg?1550153362,Cyrtomium falcatum
https://static.inaturalist.org/photos/31449638/medium.jpg?1550251980,Cyrtomium falcatum
https://static.inaturalist.org/photos/31513505/medium.jpeg?1550376760,Cyrtomium falcatum
https://static.inaturalist.org/photos/31546525/medium.jpg?1550441652,Cyrtomium falcatum
https://static.inaturalist.org/photos/31562897/medium.jpg?1550464442,Cyrtomium falcatum
https://static.inaturalist.org/photos/31644595/medium.jpg?1550634613,Cyrtomium falcatum
https://static.inaturalist.org/photos/31670675/medium.jpg?1550700750,Cyrtomium falcatum
https://static.inaturalist.org/photos/32004859/medium.jpeg?1551108331,Cyrtomium falcatum
https://static.inaturalist.org/photos/32024599/medium.jpeg?1551140652,Cyrtomium falcatum
https://static.inaturalist.org/photos/32040982/medium.jpeg?1551172890,Cyrtomium falcatum
https://static.inaturalist.org/photos/32051882/medium.jpg?1551202366,Cyrtomium falcatum
https://static.inaturalist.org/photos/32133556/medium.jpeg?1551375869,Cyrtomium falcatum
https://static.inaturalist.org/photos/32133963/medium.jpg?1551376481,Cyrtomium falcatum
https://static.inaturalist.org/photos/32252173/medium.jpeg?1551584100,Cyrtomium falcatum
https://static.inaturalist.org/photos/32326549/medium.jpg?1551701696,Cyrtomium falcatum
https://static.inaturalist.org/photos/32333554/medium.jpg?1551715854,Cyrtomium falcatum
https://static.inaturalist.org/photos/32414638/medium.jpg?1551847430,Cyrtomium falcatum
https://static.inaturalist.org/photos/32593585/medium.jpg?1552167860,Cyrtomium falcatum
https://static.inaturalist.org/photos/32761845/medium.jpg?1552447744,Cyrtomium falcatum
https://static.inaturalist.org/photos/32790142/medium.jpg?1552509545,Cyrtomium falcatum
https://static.inaturalist.org/photos/32799668/medium.jpg?1552523269,Cyrtomium falcatum
https://static.inaturalist.org/photos/32800129/medium.jpg?1552523947,Cyrtomium falcatum
https://static.inaturalist.org/photos/32800988/medium.jpg?1552525213,Cyrtomium falcatum
https://static.inaturalist.org/photos/32926840/medium.jpeg?1552765961,Cyrtomium falcatum
https://static.inaturalist.org/photos/32934700/medium.jpg?1552773684,Cyrtomium falcatum
https://static.inaturalist.org/photos/32969484/medium.jpg?1552835589,Cyrtomium falcatum
https://static.inaturalist.org/photos/32989717/medium.jpg?1552854354,Cyrtomium falcatum
https://static.inaturalist.org/photos/32989734/medium.jpg?1552854364,Cyrtomium falcatum
https://static.inaturalist.org/photos/33254799/medium.jpg?1553282939,Cyrtomium falcatum
https://static.inaturalist.org/photos/33349755/medium.jpeg?1553413286,Cyrtomium falcatum
https://static.inaturalist.org/photos/33372314/medium.jpeg?1553450454,Cyrtomium falcatum
https://static.inaturalist.org/photos/33473785/medium.jpeg?1553574988,Cyrtomium falcatum
https://static.inaturalist.org/photos/33494072/medium.jpg?1553621138,Cyrtomium falcatum
https://static.inaturalist.org/photos/33568692/medium.jpg?1553727219,Cyrtomium falcatum
https://static.inaturalist.org/photos/33577382/medium.jpg?1553737606,Cyrtomium falcatum
https://static.inaturalist.org/photos/33711210/medium.jpg?1553917511,Cyrtomium falcatum
https://static.inaturalist.org/photos/33772450/medium.jpg?1553987149,Cyrtomium falcatum
https://static.inaturalist.org/photos/33775159/medium.jpeg?1553989738,Cyrtomium falcatum
https://static.inaturalist.org/photos/33780591/medium.jpeg?1553994101,Cyrtomium falcatum
https://static.inaturalist.org/photos/33813386/medium.jpg?1554043098,Cyrtomium falcatum
https://static.inaturalist.org/photos/33985888/medium.jpg?1554255339,Cyrtomium falcatum
https://static.inaturalist.org/photos/33986695/medium.jpg?1554256085,Cyrtomium falcatum
https://static.inaturalist.org/photos/34275951/medium.jpg?1554644381,Cyrtomium falcatum
https://static.inaturalist.org/photos/34383400/medium.jpg?1554753007,Cyrtomium falcatum
https://static.inaturalist.org/photos/34384000/medium.jpg?1554753562,Cyrtomium falcatum
https://static.inaturalist.org/photos/34438887/medium.jpeg?1554824634,Cyrtomium falcatum
https://static.inaturalist.org/photos/34454668/medium.jpeg?1554838243,Cyrtomium falcatum
https://static.inaturalist.org/photos/34489818/medium.jpg?1554872970,Cyrtomium falcatum
https://static.inaturalist.org/photos/34613718/medium.jpeg?1555025722,Cyrtomium falcatum
https://static.inaturalist.org/photos/34614028/medium.jpeg?1555026068,Cyrtomium falcatum
https://static.inaturalist.org/photos/34735001/medium.jpeg?1555183520,Cyrtomium falcatum
https://static.inaturalist.org/photos/34741692/medium.jpeg?1555188118,Cyrtomium falcatum
https://static.inaturalist.org/photos/34873805/medium.jpeg?1555331772,Cyrtomium falcatum
https://static.inaturalist.org/photos/35007625/medium.jpeg?1555475851,Cyrtomium falcatum
https://static.inaturalist.org/photos/35007713/medium.jpeg?1555475960,Cyrtomium falcatum
https://static.inaturalist.org/photos/35048969/medium.jpg?1555529425,Cyrtomium falcatum
https://static.inaturalist.org/photos/35084586/medium.jpg?1555559026,Cyrtomium falcatum
https://static.inaturalist.org/photos/35084642/medium.jpg?1555559094,Cyrtomium falcatum
https://static.inaturalist.org/photos/35188577/medium.jpg?1555688608,Cyrtomium falcatum
https://static.inaturalist.org/photos/35255026/medium.jpg?1555757304,Cyrtomium falcatum
https://static.inaturalist.org/photos/35434610/medium.jpeg?1555899988,Cyrtomium falcatum
https://static.inaturalist.org/photos/35497049/medium.jpg?1555962049,Cyrtomium falcatum
https://static.inaturalist.org/photos/35543452/medium.jpg?1555999338,Cyrtomium falcatum
https://static.inaturalist.org/photos/35736639/medium.jpeg?1556203263,Cyrtomium falcatum
https://static.inaturalist.org/photos/35750934/medium.jpg?1556213655,Cyrtomium falcatum
https://static.inaturalist.org/photos/35785638/medium.jpg?1556237941,Cyrtomium falcatum
https://static.inaturalist.org/photos/35917353/medium.jpg?1556299751,Cyrtomium falcatum
https://static.inaturalist.org/photos/35933133/medium.jpg?1556302887,Cyrtomium falcatum
https://static.inaturalist.org/photos/36002245/medium.jpg?1556316331,Cyrtomium falcatum
https://static.inaturalist.org/photos/36029463/medium.jpg?1556321747,Cyrtomium falcatum
https://static.inaturalist.org/photos/36184807/medium.jpg?1556372038,Cyrtomium falcatum
https://static.inaturalist.org/photos/36235202/medium.jpg?1556381426,Cyrtomium falcatum
https://static.inaturalist.org/photos/36237036/medium.jpg?1556381726,Cyrtomium falcatum
https://static.inaturalist.org/photos/36265084/medium.jpg?1556386408,Cyrtomium falcatum
https://static.inaturalist.org/photos/36419717/medium.jpeg?1556411672,Cyrtomium falcatum
https://static.inaturalist.org/photos/36459303/medium.jpg?1556418895,Cyrtomium falcatum
https://static.inaturalist.org/photos/36581059/medium.jpg?1556460996,Cyrtomium falcatum
https://static.inaturalist.org/photos/36596404/medium.jpg?1556463800,Cyrtomium falcatum
https://static.inaturalist.org/photos/36597378/medium.jpg?1556463992,Cyrtomium falcatum
https://static.inaturalist.org/photos/36597886/medium.jpeg?1556464084,Cyrtomium falcatum
https://static.inaturalist.org/photos/36616592/medium.jpg?1556467186,Cyrtomium falcatum
https://static.inaturalist.org/photos/36635116/medium.jpg?1556470081,Cyrtomium falcatum
https://static.inaturalist.org/photos/36681240/medium.jpg?1556477264,Cyrtomium falcatum
https://static.inaturalist.org/photos/36699759/medium.jpeg?1556480315,Cyrtomium falcatum
https://static.inaturalist.org/photos/36726286/medium.jpg?1556484588,Cyrtomium falcatum
https://static.inaturalist.org/photos/36781951/medium.jpg?1556492681,Cyrtomium falcatum
https://static.inaturalist.org/photos/36784098/medium.jpg?1556493024,Cyrtomium falcatum
https://static.inaturalist.org/photos/36874962/medium.jpg?1556507790,Cyrtomium falcatum
https://static.inaturalist.org/photos/36879643/medium.jpg?1556508576,Cyrtomium falcatum
https://static.inaturalist.org/photos/36930457/medium.jpeg?1556521006,Cyrtomium falcatum
https://static.inaturalist.org/photos/37005973/medium.jpeg?1556547386,Cyrtomium falcatum
https://static.inaturalist.org/photos/37037988/medium.jpeg?1556552670,Cyrtomium falcatum
https://static.inaturalist.org/photos/37055055/medium.jpg?1556555259,Cyrtomium falcatum
https://static.inaturalist.org/photos/37136397/medium.jpg?1556568596,Cyrtomium falcatum
https://static.inaturalist.org/photos/37214514/medium.jpeg?1556580669,Cyrtomium falcatum
https://static.inaturalist.org/photos/37216353/medium.jpg?1556580927,Cyrtomium falcatum
https://static.inaturalist.org/photos/37389986/medium.jpg?1556631042,Cyrtomium falcatum
https://static.inaturalist.org/photos/37458372/medium.jpg?1556660961,Cyrtomium falcatum
https://static.inaturalist.org/photos/37477611/medium.jpg?1556669665,Cyrtomium falcatum
https://static.inaturalist.org/photos/37523584/medium.jpg?1556700643,Cyrtomium falcatum
https://static.inaturalist.org/photos/37536274/medium.jpeg?1556714805,Cyrtomium falcatum
https://static.inaturalist.org/photos/37562380/medium.jpg?1556727697,Cyrtomium falcatum
https://static.inaturalist.org/photos/37924810/medium.jpg?1556993808,Cyrtomium falcatum
https://static.inaturalist.org/photos/37919942/medium.jpg?1556990971,Cyrtomium falcatum
https://static.inaturalist.org/photos/38167161/medium.jpg?1557168848,Cyrtomium falcatum
https://static.inaturalist.org/photos/38647558/medium.jpeg?1557634859,Cyrtomium falcatum
https://static.inaturalist.org/photos/38656305/medium.jpeg?1557647608,Cyrtomium falcatum
https://static.inaturalist.org/photos/38657273/medium.jpg?1557649645,Cyrtomium falcatum
https://static.inaturalist.org/photos/38864509/medium.jpg?1557846634,Cyrtomium falcatum
https://static.inaturalist.org/photos/38932898/medium.jpeg?1557912990,Cyrtomium falcatum
https://static.inaturalist.org/photos/38990757/medium.jpg?1557964373,Cyrtomium falcatum
https://static.inaturalist.org/photos/39181958/medium.jpg?1558173874,Cyrtomium falcatum
https://static.inaturalist.org/photos/39201252/medium.jpg?1558192356,Cyrtomium falcatum
https://static.inaturalist.org/photos/39349038/medium.jpeg?1558304147,Cyrtomium falcatum
https://static.inaturalist.org/photos/39431248/medium.jpg?1558378377,Cyrtomium falcatum
https://static.inaturalist.org/photos/39843987/medium.jpg?1558744280,Cyrtomium falcatum
https://static.inaturalist.org/photos/40006684/medium.jpg?1558878940,Cyrtomium falcatum
https://static.inaturalist.org/photos/40238895/medium.jpeg?1559055379,Cyrtomium falcatum
https://static.inaturalist.org/photos/40611483/medium.jpeg?1559389281,Cyrtomium falcatum
https://static.inaturalist.org/photos/40944049/medium.jpg?1559622151,Cyrtomium falcatum
https://static.inaturalist.org/photos/41734099/medium.jpg?1560349205,Cyrtomium falcatum
https://static.inaturalist.org/photos/41956619/medium.jpg?1560559523,Cyrtomium falcatum
https://static.inaturalist.org/photos/42033649/medium.jpeg?1560628537,Cyrtomium falcatum
https://static.inaturalist.org/photos/42317296/medium.jpeg?1560871181,Cyrtomium falcatum
https://static.inaturalist.org/photos/42485241/medium.jpeg?1561022635,Cyrtomium falcatum
https://static.inaturalist.org/photos/42510357/medium.jpeg?1561046969,Cyrtomium falcatum
https://static.inaturalist.org/photos/42919488/medium.jpg?1561393253,Cyrtomium falcatum
https://static.inaturalist.org/photos/42983558/medium.jpeg?1561436306,Cyrtomium falcatum
https://static.inaturalist.org/photos/43062667/medium.jpg?1561503679,Cyrtomium falcatum
https://static.inaturalist.org/photos/43150841/medium.jpg?1561580942,Cyrtomium falcatum
https://static.inaturalist.org/photos/43152409/medium.jpg?1561581930,Cyrtomium falcatum
https://static.inaturalist.org/photos/43219453/medium.jpg?1561646848,Cyrtomium falcatum
https://static.inaturalist.org/photos/43220009/medium.jpg?1561647300,Cyrtomium falcatum
https://static.inaturalist.org/photos/43413924/medium.jpeg?1561824834,Cyrtomium falcatum
https://static.inaturalist.org/photos/43497925/medium.jpg?1561899670,Cyrtomium falcatum
https://static.inaturalist.org/photos/43534761/medium.jpg?1561922438,Cyrtomium falcatum
https://static.inaturalist.org/photos/44095181/medium.jpg?1562424456,Cyrtomium falcatum
https://static.inaturalist.org/photos/44110976/medium.jpg?1562433841,Cyrtomium falcatum
https://static.inaturalist.org/photos/45219486/medium.jpeg?1563357865,Cyrtomium falcatum
https://static.inaturalist.org/photos/45551206/medium.jpg?1563652993,Cyrtomium falcatum
https://static.inaturalist.org/photos/45598172/medium.jpeg?1563685041,Cyrtomium falcatum
https://static.inaturalist.org/photos/47013389/medium.jpg?1564843768,Cyrtomium falcatum
https://static.inaturalist.org/photos/45988306/medium.jpg?1564001097,Cyrtomium falcatum
https://static.inaturalist.org/photos/46090875/medium.jpeg?1564084984,Cyrtomium falcatum
https://static.inaturalist.org/photos/46317706/medium.jpeg?1564269433,Cyrtomium falcatum
https://static.inaturalist.org/photos/46450179/medium.jpeg?1564360159,Cyrtomium falcatum
https://static.inaturalist.org/photos/46490771/medium.jpeg?1564401245,Cyrtomium falcatum
https://static.inaturalist.org/photos/47251690/medium.jpg?1565022731,Cyrtomium falcatum
https://static.inaturalist.org/photos/47272861/medium.jpeg?1565035673,Cyrtomium falcatum
https://static.inaturalist.org/photos/47540235/medium.jpg?1565280251,Cyrtomium falcatum
https://static.inaturalist.org/photos/47567075/medium.jpg?1565298575,Cyrtomium falcatum
https://static.inaturalist.org/photos/49412373/medium.jpeg?1566845252,Cyrtomium falcatum
https://static.inaturalist.org/photos/47976785/medium.jpeg?1565635208,Cyrtomium falcatum
https://static.inaturalist.org/photos/48141099/medium.jpg?1565770307,Cyrtomium falcatum
https://static.inaturalist.org/photos/48490072/medium.jpg?1566072977,Cyrtomium falcatum
https://static.inaturalist.org/photos/48606810/medium.jpeg?1566163068,Cyrtomium falcatum
https://static.inaturalist.org/photos/48611187/medium.jpeg?1566165506,Cyrtomium falcatum
https://static.inaturalist.org/photos/48718442/medium.jpeg?1566256820,Cyrtomium falcatum
https://static.inaturalist.org/photos/48805886/medium.jpg?1566335496,Cyrtomium falcatum
https://static.inaturalist.org/photos/48961834/medium.jpeg?1566485786,Cyrtomium falcatum
https://static.inaturalist.org/photos/49420744/medium.jpeg?1566850210,Cyrtomium falcatum
https://static.inaturalist.org/photos/49506923/medium.jpeg?1566927555,Cyrtomium falcatum
https://static.inaturalist.org/photos/49507063/medium.jpeg?1566927637,Cyrtomium falcatum
https://static.inaturalist.org/photos/50390957/medium.jpeg?1567657511,Cyrtomium falcatum
https://static.inaturalist.org/photos/50409492/medium.jpg?1567689628,Cyrtomium falcatum
https://static.inaturalist.org/photos/50436790/medium.jpeg?1567708221,Cyrtomium falcatum
https://static.inaturalist.org/photos/50548974/medium.jpeg?1567808864,Cyrtomium falcatum
https://static.inaturalist.org/photos/50622551/medium.jpg?1567880880,Cyrtomium falcatum
https://static.inaturalist.org/photos/50837156/medium.jpeg?1568043820,Cyrtomium falcatum
https://static.inaturalist.org/photos/51055577/medium.jpeg?1568230630,Cyrtomium falcatum
https://static.inaturalist.org/photos/51225441/medium.jpg?1568394878,Cyrtomium falcatum
https://static.inaturalist.org/photos/51226525/medium.jpg?1568395385,Cyrtomium falcatum
https://static.inaturalist.org/photos/51380810/medium.jpeg?1568520133,Cyrtomium falcatum
https://static.inaturalist.org/photos/51591759/medium.jpg?1568687654,Cyrtomium falcatum
https://static.inaturalist.org/photos/51622773/medium.jpg?1568730679,Cyrtomium falcatum
https://static.inaturalist.org/photos/51660414/medium.jpeg?1568756751,Cyrtomium falcatum
https://static.inaturalist.org/photos/51670400/medium.jpg?1568764521,Cyrtomium falcatum
https://static.inaturalist.org/photos/51703464/medium.jpeg?1568808379,Cyrtomium falcatum
https://static.inaturalist.org/photos/52027448/medium.jpg?1569087977,Cyrtomium falcatum
https://static.inaturalist.org/photos/52530422/medium.jpeg?1569527354,Cyrtomium falcatum
https://static.inaturalist.org/photos/52800573/medium.jpg?1569786397,Cyrtomium falcatum
https://static.inaturalist.org/photos/52814592/medium.jpeg?1569794220,Cyrtomium falcatum
https://static.inaturalist.org/photos/52982213/medium.jpg?1569957541,Cyrtomium falcatum
https://static.inaturalist.org/photos/53010592/medium.jpg?1569978711,Cyrtomium falcatum
https://static.inaturalist.org/photos/53122463/medium.jpeg?1570114108,Cyrtomium falcatum
https://static.inaturalist.org/photos/53196584/medium.jpg?1570199865,Cyrtomium falcatum
https://static.inaturalist.org/photos/53876889/medium.jpg?1570891770,Cyrtomium falcatum
https://static.inaturalist.org/photos/54095349/medium.jpg?1571084377,Cyrtomium falcatum
https://static.inaturalist.org/photos/54254017/medium.jpg?1571256866,Cyrtomium falcatum
https://static.inaturalist.org/photos/54254276/medium.jpg?1571257029,Cyrtomium falcatum
https://static.inaturalist.org/photos/54256101/medium.jpg?1571258391,Cyrtomium falcatum
https://static.inaturalist.org/photos/54268904/medium.jpeg?1571269282,Cyrtomium falcatum
https://static.inaturalist.org/photos/54441047/medium.jpg?1571497436,Cyrtomium falcatum
https://static.inaturalist.org/photos/54526650/medium.jpg?1571584020,Cyrtomium falcatum
https://static.inaturalist.org/photos/54780739/medium.jpeg?1571837789,Cyrtomium falcatum
https://static.inaturalist.org/photos/54789307/medium.jpg?1571845431,Cyrtomium falcatum
https://static.inaturalist.org/photos/54997364/medium.jpeg?1572087222,Cyrtomium falcatum
https://static.inaturalist.org/photos/55171734/medium.jpeg?1572272678,Cyrtomium falcatum
https://static.inaturalist.org/photos/55358234/medium.jpeg?1572520353,Cyrtomium falcatum
https://static.inaturalist.org/photos/55495492/medium.jpg?1572723791,Cyrtomium falcatum
https://static.inaturalist.org/photos/55503559/medium.jpg?1572731181,Cyrtomium falcatum
https://static.inaturalist.org/photos/55592959/medium.jpeg?1572832362,Cyrtomium falcatum
https://static.inaturalist.org/photos/55640216/medium.jpeg?1572892075,Cyrtomium falcatum
https://static.inaturalist.org/photos/55995184/medium.jpg?1573342480,Cyrtomium falcatum
https://static.inaturalist.org/photos/56003286/medium.jpg?1573351198,Cyrtomium falcatum
https://static.inaturalist.org/photos/56109356/medium.jpg?1573493571,Cyrtomium falcatum
https://static.inaturalist.org/photos/56117967/medium.jpeg?1573501033,Cyrtomium falcatum
https://static.inaturalist.org/photos/56177500/medium.jpg?1573583140,Cyrtomium falcatum
https://static.inaturalist.org/photos/56177543/medium.jpg?1573583177,Cyrtomium falcatum
https://static.inaturalist.org/photos/56177574/medium.jpg?1573583221,Cyrtomium falcatum
https://static.inaturalist.org/photos/56186070/medium.jpeg?1573592589,Cyrtomium falcatum
https://static.inaturalist.org/photos/56236867/medium.jpg?1573673834,Cyrtomium falcatum
https://static.inaturalist.org/photos/56236886/medium.jpg?1573673850,Cyrtomium falcatum
https://static.inaturalist.org/photos/56246110/medium.jpg?1573684550,Cyrtomium falcatum
https://static.inaturalist.org/photos/56653680/medium.jpg?1574273590,Cyrtomium falcatum
https://static.inaturalist.org/photos/56655689/medium.jpg?1574275806,Cyrtomium falcatum
https://static.inaturalist.org/photos/56685362/medium.jpg?1574312534,Cyrtomium falcatum
https://static.inaturalist.org/photos/56783161/medium.jpg?1574471509,Cyrtomium falcatum
https://static.inaturalist.org/photos/56807565/medium.jpeg?1574518463,Cyrtomium falcatum
https://static.inaturalist.org/photos/56873714/medium.jpg?1574597396,Cyrtomium falcatum
https://static.inaturalist.org/photos/56978596/medium.jpg?1574720472,Cyrtomium falcatum
https://static.inaturalist.org/photos/57036528/medium.jpeg?1574800973,Cyrtomium falcatum
https://static.inaturalist.org/photos/57085290/medium.jpg?1574878409,Cyrtomium falcatum
https://static.inaturalist.org/photos/57189288/medium.jpg?1575061639,Cyrtomium falcatum
https://static.inaturalist.org/photos/57236801/medium.jpg?1575140809,Cyrtomium falcatum
https://static.inaturalist.org/photos/57314700/medium.jpg?1575240255,Cyrtomium falcatum
https://static.inaturalist.org/photos/57332414/medium.jpg?1575265183,Cyrtomium falcatum
https://static.inaturalist.org/photos/57430859/medium.jpg?1575432501,Cyrtomium falcatum
https://static.inaturalist.org/photos/57569056/medium.jpg?1575678354,Cyrtomium falcatum
https://static.inaturalist.org/photos/57611407/medium.jpeg?1575753821,Cyrtomium falcatum
https://static.inaturalist.org/photos/57648805/medium.jpeg?1575818396,Cyrtomium falcatum
https://static.inaturalist.org/photos/57722800/medium.jpeg?1575923826,Cyrtomium falcatum
https://static.inaturalist.org/photos/57773334/medium.jpeg?1576011029,Cyrtomium falcatum
https://static.inaturalist.org/photos/57802049/medium.jpg?1576062733,Cyrtomium falcatum
https://static.inaturalist.org/photos/58015153/medium.jpeg?1576438583,Cyrtomium falcatum
https://static.inaturalist.org/photos/58188211/medium.jpg?1576765484,Cyrtomium falcatum
https://static.inaturalist.org/photos/58188233/medium.jpg?1576765521,Cyrtomium falcatum
https://static.inaturalist.org/photos/58234929/medium.jpg?1576861730,Cyrtomium falcatum
https://static.inaturalist.org/photos/58390381/medium.jpg?1577131167,Cyrtomium falcatum
https://static.inaturalist.org/photos/58415265/medium.jpg?1577164431,Cyrtomium falcatum
https://static.inaturalist.org/photos/58600181/medium.jpg?1577483921,Cyrtomium falcatum
https://static.inaturalist.org/photos/58735109/medium.jpeg?1577675909,Cyrtomium falcatum
https://static.inaturalist.org/photos/58867742/medium.jpg?1577900082,Cyrtomium falcatum
https://static.inaturalist.org/photos/59092675/medium.jpeg?1578203233,Cyrtomium falcatum
https://static.inaturalist.org/photos/59094842/medium.jpeg?1578207300,Cyrtomium falcatum
https://static.inaturalist.org/photos/59146914/medium.jpg?1578276623,Cyrtomium falcatum
https://static.inaturalist.org/photos/59439687/medium.jpeg?1578761720,Cyrtomium falcatum
https://static.inaturalist.org/photos/59479502/medium.jpg?1578802555,Cyrtomium falcatum
https://static.inaturalist.org/photos/59530054/medium.jpg?1578871340,Cyrtomium falcatum
https://static.inaturalist.org/photos/59538149/medium.jpg?1578880592,Cyrtomium falcatum
https://static.inaturalist.org/photos/59560839/medium.jpeg?1578925682,Cyrtomium falcatum
https://static.inaturalist.org/photos/59646013/medium.jpeg?1579057732,Cyrtomium falcatum
https://static.inaturalist.org/photos/60204092/medium.jpg?1579905343,Cyrtomium falcatum
https://static.inaturalist.org/photos/60204203/medium.jpg?1579905475,Cyrtomium falcatum
https://static.inaturalist.org/photos/60428779/medium.jpg?1580214761,Cyrtomium falcatum
https://static.inaturalist.org/photos/60430869/medium.jpeg?1580218705,Cyrtomium falcatum
https://static.inaturalist.org/photos/60541520/medium.jpeg?1580400748,Cyrtomium falcatum
https://static.inaturalist.org/photos/60896734/medium.jpeg?1580909779,Cyrtomium falcatum
https://static.inaturalist.org/photos/60939656/medium.jpeg?1580966864,Cyrtomium falcatum
https://static.inaturalist.org/photos/61400016/medium.jpg?1581630977,Cyrtomium falcatum
https://static.inaturalist.org/photos/61593824/medium.jpeg?1581889041,Cyrtomium falcatum
https://static.inaturalist.org/photos/61631232/medium.jpeg?1581933686,Cyrtomium falcatum
https://static.inaturalist.org/photos/61644054/medium.jpg?1581953897,Cyrtomium falcatum
https://static.inaturalist.org/photos/61668644/medium.jpg?1581975183,Cyrtomium falcatum
https://static.inaturalist.org/photos/61710071/medium.jpg?1582029497,Cyrtomium falcatum
https://static.inaturalist.org/photos/61771545/medium.jpg?1582121037,Cyrtomium falcatum
https://static.inaturalist.org/photos/61807861/medium.jpeg?1582159727,Cyrtomium falcatum
https://static.inaturalist.org/photos/61938031/medium.jpeg?1582353125,Cyrtomium falcatum
https://static.inaturalist.org/photos/62191311/medium.jpg?1582663983,Cyrtomium falcatum
https://static.inaturalist.org/photos/62246962/medium.jpg?1582744340,Cyrtomium falcatum
https://static.inaturalist.org/photos/62293947/medium.jpeg?1582810228,Cyrtomium falcatum
https://static.inaturalist.org/photos/62315717/medium.jpg?1582834386,Cyrtomium falcatum
https://static.inaturalist.org/photos/62566225/medium.jpeg?1583117452,Cyrtomium falcatum
https://static.inaturalist.org/photos/62602680/medium.jpeg?1583170614,Cyrtomium falcatum
https://static.inaturalist.org/photos/62730402/medium.jpg?1583337766,Cyrtomium falcatum
https://static.inaturalist.org/photos/62731851/medium.jpg?1583339508,Cyrtomium falcatum
https://static.inaturalist.org/photos/62880770/medium.jpg?1583529870,Cyrtomium falcatum
https://static.inaturalist.org/photos/63018258/medium.jpg?1583684464,Cyrtomium falcatum
https://static.inaturalist.org/photos/63077630/medium.jpg?1583725282,Cyrtomium falcatum
https://static.inaturalist.org/photos/63128867/medium.jpeg?1583787718,Cyrtomium falcatum
https://static.inaturalist.org/photos/63136468/medium.jpeg?1583793469,Cyrtomium falcatum
https://static.inaturalist.org/photos/63168059/medium.jpeg?1583833225,Cyrtomium falcatum
https://static.inaturalist.org/photos/63198568/medium.jpg?1583871375,Cyrtomium falcatum
https://static.inaturalist.org/photos/63279827/medium.jpeg?1583966277,Cyrtomium falcatum
https://static.inaturalist.org/photos/63290875/medium.jpeg?1583976209,Cyrtomium falcatum
https://static.inaturalist.org/photos/63300355/medium.jpeg?1583987313,Cyrtomium falcatum
https://static.inaturalist.org/photos/63363005/medium.jpg?1584063140,Cyrtomium falcatum
https://static.inaturalist.org/photos/63363060/medium.jpg?1584063189,Cyrtomium falcatum
https://static.inaturalist.org/photos/63408107/medium.jpg?1584125744,Cyrtomium falcatum
https://static.inaturalist.org/photos/66219196/medium.jpg?1586402598,Cyrtomium falcatum
https://static.inaturalist.org/photos/63652647/medium.jpg?1584365149,Cyrtomium falcatum
https://static.inaturalist.org/photos/63734273/medium.jpg?1584449722,Cyrtomium falcatum
https://static.inaturalist.org/photos/63785431/medium.jpeg?1584491725,Cyrtomium falcatum
https://static.inaturalist.org/photos/64076385/medium.jpg?1584761665,Cyrtomium falcatum
https://static.inaturalist.org/photos/64105000/medium.jpeg?1584800058,Cyrtomium falcatum
https://static.inaturalist.org/photos/64108259/medium.jpeg?1584802740,Cyrtomium falcatum
https://static.inaturalist.org/photos/64109041/medium.jpeg?1584803208,Cyrtomium falcatum
https://static.inaturalist.org/photos/64270470/medium.jpg?1584916050,Cyrtomium falcatum
https://static.inaturalist.org/photos/64321130/medium.jpeg?1584970326,Cyrtomium falcatum
https://static.inaturalist.org/photos/64332629/medium.jpeg?1584981013,Cyrtomium falcatum
https://static.inaturalist.org/photos/64333158/medium.jpeg?1584981429,Cyrtomium falcatum
https://static.inaturalist.org/photos/64346452/medium.jpeg?1584991053,Cyrtomium falcatum
https://static.inaturalist.org/photos/64388485/medium.jpg?1585023700,Cyrtomium falcatum
https://static.inaturalist.org/photos/64506945/medium.jpg?1585146151,Cyrtomium falcatum
https://static.inaturalist.org/photos/64546631/medium.jpg?1585172319,Cyrtomium falcatum
https://static.inaturalist.org/photos/64709448/medium.jpeg?1585323517,Cyrtomium falcatum
https://static.inaturalist.org/photos/64820942/medium.jpeg?1585408914,Cyrtomium falcatum
https://static.inaturalist.org/photos/64920943/medium.jpeg?1585466911,Cyrtomium falcatum
https://static.inaturalist.org/photos/65090791/medium.jpeg?1585589712,Cyrtomium falcatum
https://static.inaturalist.org/photos/65160638/medium.jpeg?1585639960,Cyrtomium falcatum
https://static.inaturalist.org/photos/65177671/medium.jpeg?1585664757,Cyrtomium falcatum
https://static.inaturalist.org/photos/65289082/medium.jpg?1585757286,Cyrtomium falcatum
https://static.inaturalist.org/photos/65469904/medium.jpg?1585887437,Cyrtomium falcatum
https://static.inaturalist.org/photos/65646795/medium.jpg?1586027797,Cyrtomium falcatum
https://static.inaturalist.org/photos/70016485/medium.jpg?1588101112,Cyrtomium falcatum
https://static.inaturalist.org/photos/66209484/medium.jpeg?1586396401,Cyrtomium falcatum
https://static.inaturalist.org/photos/66370678/medium.jpg?1586531831,Cyrtomium falcatum
https://static.inaturalist.org/photos/66437335/medium.jpeg?1586563478,Cyrtomium falcatum
https://static.inaturalist.org/photos/66492927/medium.jpeg?1586611552,Cyrtomium falcatum
https://static.inaturalist.org/photos/66521790/medium.jpg?1586625826,Cyrtomium falcatum
https://static.inaturalist.org/photos/66531215/medium.jpeg?1586629444,Cyrtomium falcatum
https://static.inaturalist.org/photos/66651843/medium.jpg?1586701036,Cyrtomium falcatum
https://static.inaturalist.org/photos/66703583/medium.jpg?1586722284,Cyrtomium falcatum
https://static.inaturalist.org/photos/66773766/medium.jpg?1586758554,Cyrtomium falcatum
https://static.inaturalist.org/photos/66973167/medium.jpg?1586897292,Cyrtomium falcatum
https://static.inaturalist.org/photos/67209239/medium.jpg?1587063187,Cyrtomium falcatum
https://static.inaturalist.org/photos/67299658/medium.jpeg?1587129730,Cyrtomium falcatum
https://static.inaturalist.org/photos/67329860/medium.jpg?1587146266,Cyrtomium falcatum
https://static.inaturalist.org/photos/67330440/medium.jpg?1587146517,Cyrtomium falcatum
https://static.inaturalist.org/photos/67363144/medium.jpg?1587162427,Cyrtomium falcatum
https://static.inaturalist.org/photos/67530741/medium.jpeg?1587256520,Cyrtomium falcatum
https://static.inaturalist.org/photos/67533378/medium.jpeg?1587257825,Cyrtomium falcatum
https://static.inaturalist.org/photos/67583677/medium.jpeg?1587298609,Cyrtomium falcatum
https://static.inaturalist.org/photos/67615601/medium.jpg?1587314019,Cyrtomium falcatum
https://static.inaturalist.org/photos/67883732/medium.jpeg?1587468718,Cyrtomium falcatum
https://static.inaturalist.org/photos/67894352/medium.jpeg?1587476225,Cyrtomium falcatum
https://static.inaturalist.org/photos/67894945/medium.jpeg?1587476534,Cyrtomium falcatum
https://static.inaturalist.org/photos/67916312/medium.jpeg?1587487430,Cyrtomium falcatum
https://static.inaturalist.org/photos/68249277/medium.jpg?1587669434,Cyrtomium falcatum
https://static.inaturalist.org/photos/68349900/medium.jpeg?1587720594,Cyrtomium falcatum
https://static.inaturalist.org/photos/68365840/medium.jpg?1587729074,Cyrtomium falcatum
https://static.inaturalist.org/photos/68372218/medium.jpg?1587731624,Cyrtomium falcatum
https://static.inaturalist.org/photos/68375871/medium.jpg?1587732962,Cyrtomium falcatum
https://static.inaturalist.org/photos/68381072/medium.jpg?1587734503,Cyrtomium falcatum
https://static.inaturalist.org/photos/68386471/medium.jpg?1587735870,Cyrtomium falcatum
https://static.inaturalist.org/photos/68391126/medium.jpeg?1587736966,Cyrtomium falcatum
https://static.inaturalist.org/photos/68402100/medium.jpg?1587739363,Cyrtomium falcatum
https://static.inaturalist.org/photos/68431998/medium.jpg?1587744938,Cyrtomium falcatum
https://static.inaturalist.org/photos/68764841/medium.jpeg?1587824860,Cyrtomium falcatum
https://static.inaturalist.org/photos/68773902/medium.jpg?1587826407,Cyrtomium falcatum
https://static.inaturalist.org/photos/68813313/medium.jpg?1587832500,Cyrtomium falcatum
https://static.inaturalist.org/photos/68813349/medium.jpg?1587832506,Cyrtomium falcatum
https://static.inaturalist.org/photos/68888824/medium.jpg?1587842602,Cyrtomium falcatum
https://static.inaturalist.org/photos/68905938/medium.jpg?1587844877,Cyrtomium falcatum
https://static.inaturalist.org/photos/69030561/medium.jpeg?1587864020,Cyrtomium falcatum
https://static.inaturalist.org/photos/69034154/medium.jpg?1587864702,Cyrtomium falcatum
https://static.inaturalist.org/photos/69110632/medium.jpg?1587885692,Cyrtomium falcatum
https://static.inaturalist.org/photos/69135448/medium.jpeg?1587895402,Cyrtomium falcatum
https://static.inaturalist.org/photos/69155237/medium.jpeg?1587901626,Cyrtomium falcatum
https://static.inaturalist.org/photos/69196851/medium.jpeg?1587910795,Cyrtomium falcatum
https://static.inaturalist.org/photos/69231397/medium.jpg?1587916205,Cyrtomium falcatum
https://static.inaturalist.org/photos/69253053/medium.jpg?1587919510,Cyrtomium falcatum
https://static.inaturalist.org/photos/69362262/medium.jpeg?1587935071,Cyrtomium falcatum
https://static.inaturalist.org/photos/69402284/medium.jpeg?1587940643,Cyrtomium falcatum
https://static.inaturalist.org/photos/69421118/medium.jpg?1587943639,Cyrtomium falcatum
https://static.inaturalist.org/photos/69413409/medium.jpeg?1587942432,Cyrtomium falcatum
https://static.inaturalist.org/photos/69446265/medium.jpg?1587947642,Cyrtomium falcatum
https://static.inaturalist.org/photos/69475104/medium.jpg?1587952633,Cyrtomium falcatum
https://static.inaturalist.org/photos/69587561/medium.jpeg?1587991752,Cyrtomium falcatum
https://static.inaturalist.org/photos/69612923/medium.jpg?1587997926,Cyrtomium falcatum
https://static.inaturalist.org/photos/69615735/medium.jpg?1587998446,Cyrtomium falcatum
https://static.inaturalist.org/photos/69643294/medium.jpg?1588003503,Cyrtomium falcatum
https://static.inaturalist.org/photos/69746796/medium.jpg?1588020633,Cyrtomium falcatum
https://static.inaturalist.org/photos/69862787/medium.jpg?1588040635,Cyrtomium falcatum
https://static.inaturalist.org/photos/69867748/medium.jpeg?1588041721,Cyrtomium falcatum
https://static.inaturalist.org/photos/69917388/medium.jpg?1588058495,Cyrtomium falcatum
https://static.inaturalist.org/photos/69920935/medium.jpeg?1588061163,Cyrtomium falcatum
https://static.inaturalist.org/photos/69931258/medium.jpeg?1588068896,Cyrtomium falcatum
https://static.inaturalist.org/photos/69983776/medium.jpeg?1588091216,Cyrtomium falcatum
https://static.inaturalist.org/photos/70032820/medium.jpg?1588105937,Cyrtomium falcatum
https://static.inaturalist.org/photos/70130107/medium.jpeg?1588146981,Cyrtomium falcatum
https://static.inaturalist.org/photos/70151055/medium.jpeg?1588164365,Cyrtomium falcatum
https://static.inaturalist.org/photos/70153244/medium.jpeg?1588165525,Cyrtomium falcatum
https://static.inaturalist.org/photos/70165468/medium.jpeg?1588171425,Cyrtomium falcatum
https://static.inaturalist.org/photos/70169559/medium.jpeg?1588172942,Cyrtomium falcatum
https://static.inaturalist.org/photos/70216639/medium.jpg?1588189053,Cyrtomium falcatum
https://static.inaturalist.org/photos/70257353/medium.jpg?1588202743,Cyrtomium falcatum
https://static.inaturalist.org/photos/70294950/medium.jpg?1588218360,Cyrtomium falcatum
https://static.inaturalist.org/photos/70322272/medium.jpeg?1588240506,Cyrtomium falcatum
https://static.inaturalist.org/photos/70331365/medium.jpg?1588248526,Cyrtomium falcatum
https://static.inaturalist.org/photos/70384470/medium.jpg?1588272322,Cyrtomium falcatum
https://static.inaturalist.org/photos/70393744/medium.jpeg?1588275765,Cyrtomium falcatum
https://static.inaturalist.org/photos/70505878/medium.jpeg?1588338221,Cyrtomium falcatum
https://static.inaturalist.org/photos/70507925/medium.jpg?1588339353,Cyrtomium falcatum
https://static.inaturalist.org/photos/70731429/medium.jpg?1588441353,Cyrtomium falcatum
https://static.inaturalist.org/photos/70737436/medium.jpg?1588442938,Cyrtomium falcatum
https://static.inaturalist.org/photos/70944550/medium.jpeg?1588524168,Cyrtomium falcatum
https://static.inaturalist.org/photos/71029238/medium.jpg?1588544464,Cyrtomium falcatum
https://static.inaturalist.org/photos/71150282/medium.jpg?1588605834,Cyrtomium falcatum
https://static.inaturalist.org/photos/71217640/medium.jpg?1588631782,Cyrtomium falcatum
https://static.inaturalist.org/photos/71350073/medium.jpeg?1588706660,Cyrtomium falcatum
https://static.inaturalist.org/photos/71970607/medium.jpg?1589047788,Cyrtomium falcatum
https://static.inaturalist.org/photos/71604868/medium.jpg?1588858121,Cyrtomium falcatum
https://static.inaturalist.org/photos/71780144/medium.jpg?1588951414,Cyrtomium falcatum
https://static.inaturalist.org/photos/71803098/medium.jpg?1588959843,Cyrtomium falcatum
https://static.inaturalist.org/photos/71832234/medium.jpg?1588971016,Cyrtomium falcatum
https://static.inaturalist.org/photos/71897749/medium.jpg?1589008440,Cyrtomium falcatum
https://static.inaturalist.org/photos/71965227/medium.jpeg?1589046072,Cyrtomium falcatum
https://static.inaturalist.org/photos/72148781/medium.jpeg?1589130893,Cyrtomium falcatum
https://static.inaturalist.org/photos/72169628/medium.jpeg?1589137510,Cyrtomium falcatum
https://static.inaturalist.org/photos/72184253/medium.jpeg?1589141798,Cyrtomium falcatum
https://static.inaturalist.org/photos/72247041/medium.jpg?1589166460,Cyrtomium falcatum
https://static.inaturalist.org/photos/72738642/medium.jpg?1589457954,Cyrtomium falcatum
https://static.inaturalist.org/photos/72741009/medium.jpeg?1589459545,Cyrtomium falcatum
https://static.inaturalist.org/photos/72877137/medium.jpg?1589522288,Cyrtomium falcatum
https://static.inaturalist.org/photos/73003690/medium.jpg?1589587076,Cyrtomium falcatum
https://static.inaturalist.org/photos/73193915/medium.jpeg?1589666233,Cyrtomium falcatum
https://static.inaturalist.org/photos/73195364/medium.jpg?1589666625,Cyrtomium falcatum
https://static.inaturalist.org/photos/73243040/medium.jpeg?1589683144,Cyrtomium falcatum
https://static.inaturalist.org/photos/73489720/medium.jpg?1589771540,Cyrtomium falcatum
https://static.inaturalist.org/photos/73699631/medium.jpg?1589876849,Cyrtomium falcatum
https://static.inaturalist.org/photos/74327195/medium.jpg?1590170246,Cyrtomium falcatum
https://static.inaturalist.org/photos/74381790/medium.jpg?1590188134,Cyrtomium falcatum
https://static.inaturalist.org/photos/74493847/medium.jpeg?1590245413,Cyrtomium falcatum
https://static.inaturalist.org/photos/74902278/medium.jpeg?1590380094,Cyrtomium falcatum
https://static.inaturalist.org/photos/74954648/medium.jpeg?1590413090,Cyrtomium falcatum
https://static.inaturalist.org/photos/75539849/medium.jpg?1590677453,Cyrtomium falcatum
https://static.inaturalist.org/photos/75542487/medium.jpg?1590678536,Cyrtomium falcatum
https://static.inaturalist.org/photos/75576529/medium.jpg?1590691546,Cyrtomium falcatum
https://static.inaturalist.org/photos/77336794/medium.jpg?1591494467,Cyrtomium falcatum
https://static.inaturalist.org/photos/77596222/medium.jpeg?1591606586,Cyrtomium falcatum
https://static.inaturalist.org/photos/77602515/medium.jpg?1591611932,Cyrtomium falcatum
https://static.inaturalist.org/photos/77782434/medium.jpg?1591699116,Cyrtomium falcatum
https://static.inaturalist.org/photos/78070812/medium.jpeg?1591837165,Cyrtomium falcatum
https://static.inaturalist.org/photos/78762461/medium.jpg?1592159418,Cyrtomium falcatum
https://static.inaturalist.org/photos/80350338/medium.jpg?1592860197,Cyrtomium falcatum
https://static.inaturalist.org/photos/80809542/medium.jpeg?1593089085,Cyrtomium falcatum
https://static.inaturalist.org/photos/82595227/medium.jpeg?1593910101,Cyrtomium falcatum
https://static.inaturalist.org/photos/82595963/medium.jpeg?1593910425,Cyrtomium falcatum
https://static.inaturalist.org/photos/83023716/medium.jpeg?1594104130,Cyrtomium falcatum
https://static.inaturalist.org/photos/83423705/medium.jpg?1594309267,Cyrtomium falcatum
https://static.inaturalist.org/photos/85097238/medium.jpeg?1595095785,Cyrtomium falcatum
https://static.inaturalist.org/photos/85957859/medium.jpeg?1595492231,Cyrtomium falcatum
https://static.inaturalist.org/photos/86059354/medium.jpeg?1595539411,Cyrtomium falcatum
