image_url,scientific_name
https://static.inaturalist.org/photos/39356/medium.jpg?1444334757,Heliotropium indicum
https://static.inaturalist.org/photos/150038/medium.jpg?1444543845,Heliotropium indicum
http://sphotos-b.xx.fbcdn.net/hphotos-prn1/601348_4310652135817_1542025401_n.jpg,Heliotropium indicum
https://static.inaturalist.org/photos/199561/medium.JPG?1352179050,Heliotropium indicum
https://static.inaturalist.org/photos/386713/medium.jpg?1372188710,Heliotropium indicum
https://static.inaturalist.org/photos/518283/medium.jpg?1380421154,Heliotropium indicum
https://static.inaturalist.org/photos/525265/medium.jpg?1380865712,Heliotropium indicum
https://static.inaturalist.org/photos/719128/medium.JPG?1444779716,Heliotropium indicum
https://static.inaturalist.org/photos/877105/medium.JPG?1401116953,Heliotropium indicum
https://static.inaturalist.org/photos/979771/medium.png?1444644442,Heliotropium indicum
https://static.inaturalist.org/photos/1072261/medium.jpg?1408932940,Heliotropium indicum
https://static.inaturalist.org/photos/1092348/medium.jpg?1409838094,Heliotropium indicum
https://static.inaturalist.org/photos/1096218/medium.jpg?1410027597,Heliotropium indicum
https://static.inaturalist.org/photos/1110621/medium.JPG?1444772903,Heliotropium indicum
https://static.inaturalist.org/photos/1154671/medium.jpg?1412260047,Heliotropium indicum
https://static.inaturalist.org/photos/1157736/medium.jpg?1412384925,Heliotropium indicum
https://static.inaturalist.org/photos/1306786/medium.JPG?1414464859,Heliotropium indicum
https://static.inaturalist.org/photos/1322108/medium.JPG?1444776516,Heliotropium indicum
https://static.inaturalist.org/photos/1701015/medium.jpg?1428465442,Heliotropium indicum
https://static.inaturalist.org/photos/1787242/medium.jpg?1430512320,Heliotropium indicum
https://static.inaturalist.org/photos/1920671/medium.JPG?1432692096,Heliotropium indicum
https://static.inaturalist.org/photos/1993898/medium.JPG?1434161181,Heliotropium indicum
https://static.inaturalist.org/photos/2122808/medium.jpg?1436730937,Heliotropium indicum
https://static.inaturalist.org/photos/2152601/medium.JPG?1437272052,Heliotropium indicum
https://static.inaturalist.org/photos/2156849/medium.jpg?1544393033,Heliotropium indicum
https://static.inaturalist.org/photos/2237011/medium.jpg?1438970378,Heliotropium indicum
https://static.inaturalist.org/photos/2241429/medium.jpg?1444477545,Heliotropium indicum
https://static.inaturalist.org/photos/2242715/medium.jpg?1439085073,Heliotropium indicum
https://static.inaturalist.org/photos/2254319/medium.jpg?1439332391,Heliotropium indicum
https://static.inaturalist.org/photos/2310408/medium.jpg?1440617729,Heliotropium indicum
https://static.inaturalist.org/photos/2326059/medium.jpg?1440978286,Heliotropium indicum
https://static.inaturalist.org/photos/2348609/medium.jpg?1441516698,Heliotropium indicum
https://static.inaturalist.org/photos/2355169/medium.jpg?1441670954,Heliotropium indicum
https://static.inaturalist.org/photos/2357546/medium.jpg?1444556653,Heliotropium indicum
https://static.inaturalist.org/photos/2368764/medium.JPG?1444791034,Heliotropium indicum
https://static.inaturalist.org/photos/2423738/medium.JPG?1443057515,Heliotropium indicum
https://static.inaturalist.org/photos/2432871/medium.JPG?1444792255,Heliotropium indicum
https://static.inaturalist.org/photos/2440728/medium.JPG?1443379192,Heliotropium indicum
https://static.inaturalist.org/photos/2470063/medium.jpg?1443897481,Heliotropium indicum
https://static.inaturalist.org/photos/2473029/medium.JPG?1444793418,Heliotropium indicum
https://static.inaturalist.org/photos/2482783/medium.jpg?1444063790,Heliotropium indicum
https://static.inaturalist.org/photos/2485710/medium.JPG?1444101016,Heliotropium indicum
https://static.inaturalist.org/photos/2490736/medium.JPG?1444193707,Heliotropium indicum
https://static.inaturalist.org/photos/2494726/medium.jpg?1444279364,Heliotropium indicum
https://static.inaturalist.org/photos/2498765/medium.JPG?1444355591,Heliotropium indicum
https://static.inaturalist.org/photos/2523841/medium.JPG?1444823175,Heliotropium indicum
https://static.inaturalist.org/photos/2597457/medium.JPG?1446421947,Heliotropium indicum
https://static.inaturalist.org/photos/2598740/medium.jpg?1446433763,Heliotropium indicum
https://static.inaturalist.org/photos/2614252/medium.JPG?1446751045,Heliotropium indicum
https://static.inaturalist.org/photos/2636976/medium.JPG?1447194975,Heliotropium indicum
https://static.inaturalist.org/photos/2684418/medium.jpg?1448150719,Heliotropium indicum
https://static.inaturalist.org/photos/2685106/medium.JPG?1448159780,Heliotropium indicum
https://static.inaturalist.org/photos/2707927/medium.jpg?1448650927,Heliotropium indicum
https://static.inaturalist.org/photos/2801085/medium.jpg?1450753057,Heliotropium indicum
https://static.inaturalist.org/photos/3037062/medium.JPG?1455922938,Heliotropium indicum
https://static.inaturalist.org/photos/3055652/medium.jpg?1456278188,Heliotropium indicum
https://static.inaturalist.org/photos/3067025/medium.JPG?1456523942,Heliotropium indicum
https://static.inaturalist.org/photos/3146509/medium.jpg?1457886630,Heliotropium indicum
https://static.inaturalist.org/photos/3804509/medium.JPG?1464111985,Heliotropium indicum
https://static.inaturalist.org/photos/3862945/medium.JPG?1464663634,Heliotropium indicum
https://static.inaturalist.org/photos/3980492/medium.jpg?1465664611,Heliotropium indicum
https://static.inaturalist.org/photos/4131023/medium.JPG?1467200873,Heliotropium indicum
https://static.inaturalist.org/photos/4332008/medium.jpg?1469283167,Heliotropium indicum
https://static.inaturalist.org/photos/4355423/medium.jpeg?1469474421,Heliotropium indicum
https://static.inaturalist.org/photos/4465155/medium.jpg?1470541470,Heliotropium indicum
https://static.inaturalist.org/photos/4483738/medium.jpg?1470656272,Heliotropium indicum
https://static.inaturalist.org/photos/4512092/medium.jpg?1470849468,Heliotropium indicum
https://static.inaturalist.org/photos/4530015/medium.jpeg?1470967031,Heliotropium indicum
https://static.inaturalist.org/photos/4601055/medium.jpg?1471546523,Heliotropium indicum
https://static.inaturalist.org/photos/4621764/medium.jpg?1471732458,Heliotropium indicum
https://static.inaturalist.org/photos/4671171/medium.jpg?1472160827,Heliotropium indicum
https://static.inaturalist.org/photos/4671483/medium.jpeg?1472163761,Heliotropium indicum
https://static.inaturalist.org/photos/4674695/medium.jpeg?1472186166,Heliotropium indicum
https://static.inaturalist.org/photos/4728552/medium.jpeg?1472670516,Heliotropium indicum
https://static.inaturalist.org/photos/4744677/medium.jpg?1472812791,Heliotropium indicum
https://static.inaturalist.org/photos/4775273/medium.jpg?1473039979,Heliotropium indicum
https://static.inaturalist.org/photos/4803424/medium.jpeg?1473255233,Heliotropium indicum
https://static.inaturalist.org/photos/4844428/medium.jpeg?1473563716,Heliotropium indicum
https://static.inaturalist.org/photos/4873558/medium.jpg?1473799131,Heliotropium indicum
https://static.inaturalist.org/photos/4876056/medium.jpeg?1473812567,Heliotropium indicum
https://static.inaturalist.org/photos/4880623/medium.jpeg?1473857183,Heliotropium indicum
https://static.inaturalist.org/photos/4916901/medium.jpeg?1474135682,Heliotropium indicum
https://static.inaturalist.org/photos/4927633/medium.jpeg?1474219625,Heliotropium indicum
https://static.inaturalist.org/photos/4943172/medium.jpeg?1474327191,Heliotropium indicum
https://static.inaturalist.org/photos/5011193/medium.jpg?1474852000,Heliotropium indicum
https://static.inaturalist.org/photos/5023569/medium.jpg?1474942626,Heliotropium indicum
https://static.inaturalist.org/photos/5029812/medium.jpg?1474996835,Heliotropium indicum
https://static.inaturalist.org/photos/5039139/medium.jpg?1475036104,Heliotropium indicum
https://static.inaturalist.org/photos/5039178/medium.jpg?1475036373,Heliotropium indicum
https://static.inaturalist.org/photos/5058051/medium.jpg?1475196579,Heliotropium indicum
https://static.inaturalist.org/photos/5068730/medium.jpg?1475281101,Heliotropium indicum
https://static.inaturalist.org/photos/5080279/medium.jpeg?1475366817,Heliotropium indicum
https://static.inaturalist.org/photos/5085081/medium.jpg?1475414834,Heliotropium indicum
https://static.inaturalist.org/photos/5129913/medium.jpg?1475719610,Heliotropium indicum
https://static.inaturalist.org/photos/5171610/medium.jpg?1476045621,Heliotropium indicum
https://static.inaturalist.org/photos/5210243/medium.jpeg?1476366722,Heliotropium indicum
https://static.inaturalist.org/photos/5296513/medium.jpeg?1477088636,Heliotropium indicum
https://static.inaturalist.org/photos/5298406/medium.jpg?1477100185,Heliotropium indicum
https://static.inaturalist.org/photos/5302433/medium.jpg?1477148069,Heliotropium indicum
https://static.inaturalist.org/photos/5320800/medium.jpg?1477271994,Heliotropium indicum
https://static.inaturalist.org/photos/5334558/medium.jpeg?1477408358,Heliotropium indicum
https://static.inaturalist.org/photos/5349071/medium.jpeg?1477524441,Heliotropium indicum
https://static.inaturalist.org/photos/5369371/medium.jpg?1477755324,Heliotropium indicum
https://static.inaturalist.org/photos/5374379/medium.jpg?1477786714,Heliotropium indicum
https://static.inaturalist.org/photos/5429125/medium.jpeg?1478277483,Heliotropium indicum
https://static.inaturalist.org/photos/5439711/medium.jpeg?1478372156,Heliotropium indicum
https://static.inaturalist.org/photos/5450182/medium.jpg?1478455884,Heliotropium indicum
https://static.inaturalist.org/photos/5460404/medium.jpg?1478538035,Heliotropium indicum
https://static.inaturalist.org/photos/5475883/medium.jpg?1478718306,Heliotropium indicum
https://static.inaturalist.org/photos/5535690/medium.jpg?1479313986,Heliotropium indicum
https://static.inaturalist.org/photos/5618375/medium.jpeg?1480183966,Heliotropium indicum
https://static.inaturalist.org/photos/5699617/medium.jpg?1480903802,Heliotropium indicum
https://static.inaturalist.org/photos/5730423/medium.jpeg?1481222332,Heliotropium indicum
https://static.inaturalist.org/photos/5834548/medium.jpg?1482014869,Heliotropium indicum
https://static.inaturalist.org/photos/5834413/medium.jpg?1482013431,Heliotropium indicum
https://static.inaturalist.org/photos/5841854/medium.jpg?1482115096,Heliotropium indicum
https://static.inaturalist.org/photos/5865753/medium.jpg?1482461655,Heliotropium indicum
https://static.inaturalist.org/photos/5892515/medium.jpg?1482873850,Heliotropium indicum
https://static.inaturalist.org/photos/5901260/medium.jpeg?1482973188,Heliotropium indicum
https://static.inaturalist.org/photos/5908631/medium.jpg?1483056729,Heliotropium indicum
https://static.inaturalist.org/photos/5917530/medium.jpeg?1483136410,Heliotropium indicum
https://static.inaturalist.org/photos/6122634/medium.jpeg?1485402870,Heliotropium indicum
https://static.inaturalist.org/photos/6141474/medium.jpg?1485651347,Heliotropium indicum
https://static.inaturalist.org/photos/6175638/medium.jpeg?1486012252,Heliotropium indicum
https://static.inaturalist.org/photos/6369121/medium.jpg?1487926764,Heliotropium indicum
https://static.inaturalist.org/photos/6502236/medium.jpeg?1489026882,Heliotropium indicum
https://static.inaturalist.org/photos/6542106/medium.jpg?1489329227,Heliotropium indicum
https://static.inaturalist.org/photos/6978590/medium.jpeg?1491850029,Heliotropium indicum
https://static.inaturalist.org/photos/7024686/medium.jpg?1492074840,Heliotropium indicum
https://static.inaturalist.org/photos/7817727/medium.jpeg?1494868383,Heliotropium indicum
https://static.inaturalist.org/photos/7897738/medium.jpeg?1495228209,Heliotropium indicum
https://static.inaturalist.org/photos/7912761/medium.jpeg?1495301214,Heliotropium indicum
https://static.inaturalist.org/photos/7914930/medium.jpg?1495307150,Heliotropium indicum
https://static.inaturalist.org/photos/7915117/medium.jpeg?1495307839,Heliotropium indicum
https://static.inaturalist.org/photos/8040677/medium.jpg?1495834208,Heliotropium indicum
https://static.inaturalist.org/photos/8100277/medium.jpeg?1496080425,Heliotropium indicum
https://static.inaturalist.org/photos/8253320/medium.jpg?1496713847,Heliotropium indicum
https://static.inaturalist.org/photos/8314279/medium.jpeg?1496977869,Heliotropium indicum
https://static.inaturalist.org/photos/8477885/medium.jpeg?1497666059,Heliotropium indicum
https://static.inaturalist.org/photos/8512993/medium.jpg?1497825161,Heliotropium indicum
https://static.inaturalist.org/photos/8659520/medium.jpeg?1498458378,Heliotropium indicum
https://static.inaturalist.org/photos/8673390/medium.jpeg?1498523374,Heliotropium indicum
https://static.inaturalist.org/photos/8686979/medium.jpeg?1498584505,Heliotropium indicum
https://static.inaturalist.org/photos/8990617/medium.jpeg?1499792762,Heliotropium indicum
https://static.inaturalist.org/photos/9360629/medium.jpg?1501251985,Heliotropium indicum
https://static.inaturalist.org/photos/9366045/medium.jpg?1501267580,Heliotropium indicum
https://static.inaturalist.org/photos/9447787/medium.jpeg?1501550862,Heliotropium indicum
https://static.inaturalist.org/photos/9485393/medium.jpg?1501707360,Heliotropium indicum
https://static.inaturalist.org/photos/9529745/medium.jpg?1501880733,Heliotropium indicum
https://static.inaturalist.org/photos/9540536/medium.jpg?1501937889,Heliotropium indicum
https://static.inaturalist.org/photos/9585991/medium.jpeg?1502069201,Heliotropium indicum
https://static.inaturalist.org/photos/9669283/medium.jpg?1502394886,Heliotropium indicum
https://static.inaturalist.org/photos/9669538/medium.jpg?1502395508,Heliotropium indicum
https://static.inaturalist.org/photos/9677217/medium.jpeg?1502418706,Heliotropium indicum
https://static.inaturalist.org/photos/9708098/medium.jpg?1502557374,Heliotropium indicum
https://static.inaturalist.org/photos/9738061/medium.jpeg?1502651979,Heliotropium indicum
https://static.inaturalist.org/photos/9743453/medium.jpg?1502664596,Heliotropium indicum
https://static.inaturalist.org/photos/9830774/medium.jpg?1503012670,Heliotropium indicum
https://static.inaturalist.org/photos/9863283/medium.jpg?1503158638,Heliotropium indicum
https://static.inaturalist.org/photos/9934495/medium.jpeg?1503403336,Heliotropium indicum
https://static.inaturalist.org/photos/10089603/medium.jpg?1503983693,Heliotropium indicum
https://static.inaturalist.org/photos/10162527/medium.jpeg?1504303391,Heliotropium indicum
https://static.inaturalist.org/photos/10173404/medium.jpg?1504362920,Heliotropium indicum
https://static.inaturalist.org/photos/10209790/medium.jpg?1504489437,Heliotropium indicum
https://static.inaturalist.org/photos/10323727/medium.jpg?1504922375,Heliotropium indicum
https://static.inaturalist.org/photos/10467402/medium.jpg?1505486993,Heliotropium indicum
https://static.inaturalist.org/photos/10650364/medium.jpeg?1506105928,Heliotropium indicum
https://static.inaturalist.org/photos/10761581/medium.jpeg?1506470679,Heliotropium indicum
https://static.inaturalist.org/photos/10762899/medium.jpeg?1506474568,Heliotropium indicum
https://static.inaturalist.org/photos/10907315/medium.jpeg?1506981787,Heliotropium indicum
https://static.inaturalist.org/photos/10952334/medium.jpg?1507150909,Heliotropium indicum
https://static.inaturalist.org/photos/11018329/medium.jpeg?1507412963,Heliotropium indicum
https://static.inaturalist.org/photos/11101480/medium.jpeg?1507687491,Heliotropium indicum
https://static.inaturalist.org/photos/11173174/medium.jpg?1507993362,Heliotropium indicum
https://static.inaturalist.org/photos/11190008/medium.jpeg?1508037243,Heliotropium indicum
https://static.inaturalist.org/photos/11203140/medium.jpg?1508094785,Heliotropium indicum
https://static.inaturalist.org/photos/11204983/medium.jpg?1508098832,Heliotropium indicum
https://static.inaturalist.org/photos/11227751/medium.jpg?1508184195,Heliotropium indicum
https://static.inaturalist.org/photos/11229819/medium.jpg?1508189664,Heliotropium indicum
https://static.inaturalist.org/photos/11258816/medium.jpg?1508294899,Heliotropium indicum
https://static.inaturalist.org/photos/11299497/medium.jpeg?1508474519,Heliotropium indicum
https://static.inaturalist.org/photos/11309260/medium.jpeg?1508528674,Heliotropium indicum
https://static.inaturalist.org/photos/11330967/medium.jpeg?1508618424,Heliotropium indicum
https://static.inaturalist.org/photos/11365403/medium.jpeg?1508725385,Heliotropium indicum
https://static.inaturalist.org/photos/11393083/medium.jpg?1508853061,Heliotropium indicum
https://static.inaturalist.org/photos/11443045/medium.jpg?1509049580,Heliotropium indicum
https://static.inaturalist.org/photos/11451808/medium.jpg?1509075000,Heliotropium indicum
https://static.inaturalist.org/photos/11533441/medium.jpg?1509396549,Heliotropium indicum
https://static.inaturalist.org/photos/11556625/medium.jpg?1509482284,Heliotropium indicum
https://static.inaturalist.org/photos/11560107/medium.jpg?1509490919,Heliotropium indicum
https://static.inaturalist.org/photos/11572208/medium.jpeg?1509556756,Heliotropium indicum
https://static.inaturalist.org/photos/11606525/medium.jpg?1509717300,Heliotropium indicum
https://static.inaturalist.org/photos/11652476/medium.jpg?1509894176,Heliotropium indicum
https://static.inaturalist.org/photos/11662929/medium.jpeg?1509921163,Heliotropium indicum
https://static.inaturalist.org/photos/11763531/medium.jpg?1510403884,Heliotropium indicum
https://static.inaturalist.org/photos/11768156/medium.jpeg?1510428534,Heliotropium indicum
https://static.inaturalist.org/photos/11821810/medium.jpg?1510652402,Heliotropium indicum
https://static.inaturalist.org/photos/11830784/medium.jpg?1510697820,Heliotropium indicum
https://static.inaturalist.org/photos/11859857/medium.jpg?1510857412,Heliotropium indicum
https://static.inaturalist.org/photos/11894479/medium.jpg?1511031434,Heliotropium indicum
https://static.inaturalist.org/photos/11917780/medium.jpg?1511123919,Heliotropium indicum
https://static.inaturalist.org/photos/11920479/medium.jpeg?1511132576,Heliotropium indicum
https://static.inaturalist.org/photos/11943284/medium.jpg?1511229775,Heliotropium indicum
https://static.inaturalist.org/photos/11959147/medium.jpg?1511304757,Heliotropium indicum
https://static.inaturalist.org/photos/12044508/medium.jpeg?1511700161,Heliotropium indicum
https://static.inaturalist.org/photos/12051690/medium.jpg?1511728866,Heliotropium indicum
https://static.inaturalist.org/photos/12161043/medium.jpg?1512233416,Heliotropium indicum
https://static.inaturalist.org/photos/12168092/medium.jpg?1512256162,Heliotropium indicum
https://static.inaturalist.org/photos/12185360/medium.jpg?1512329369,Heliotropium indicum
https://static.inaturalist.org/photos/12222775/medium.jpeg?1512496431,Heliotropium indicum
https://static.inaturalist.org/photos/12273612/medium.jpeg?1512738771,Heliotropium indicum
https://static.inaturalist.org/photos/12276338/medium.jpg?1512755626,Heliotropium indicum
https://static.inaturalist.org/photos/12316132/medium.jpg?1512943407,Heliotropium indicum
https://static.inaturalist.org/photos/12321916/medium.jpg?1512960291,Heliotropium indicum
https://static.inaturalist.org/photos/12467595/medium.jpg?1513766701,Heliotropium indicum
https://static.inaturalist.org/photos/12651666/medium.jpeg?1514771344,Heliotropium indicum
https://static.inaturalist.org/photos/12913027/medium.jpeg?1516045957,Heliotropium indicum
https://static.inaturalist.org/photos/12966702/medium.jpg?1516236735,Heliotropium indicum
https://static.inaturalist.org/photos/13318091/medium.jpeg?1517781971,Heliotropium indicum
https://static.inaturalist.org/photos/13463199/medium.jpeg?1518406067,Heliotropium indicum
https://static.inaturalist.org/photos/13589145/medium.jpeg?1518977449,Heliotropium indicum
https://static.inaturalist.org/photos/13748591/medium.jpg?1519616561,Heliotropium indicum
https://static.inaturalist.org/photos/13748650/medium.jpeg?1519616689,Heliotropium indicum
https://static.inaturalist.org/photos/13748945/medium.jpeg?1519617392,Heliotropium indicum
https://static.inaturalist.org/photos/13753341/medium.jpeg?1519637224,Heliotropium indicum
https://static.inaturalist.org/photos/13758117/medium.jpg?1519664311,Heliotropium indicum
https://static.inaturalist.org/photos/13801439/medium.jpg?1519839632,Heliotropium indicum
https://static.inaturalist.org/photos/13917521/medium.jpeg?1520263500,Heliotropium indicum
https://static.inaturalist.org/photos/13990980/medium.jpg?1520543321,Heliotropium indicum
https://static.inaturalist.org/photos/14041354/medium.jpg?1520714774,Heliotropium indicum
https://static.inaturalist.org/photos/14268486/medium.jpg?1521420146,Heliotropium indicum
https://static.inaturalist.org/photos/14394493/medium.jpg?1521807591,Heliotropium indicum
https://static.inaturalist.org/photos/14431617/medium.jpeg?1521915372,Heliotropium indicum
https://static.inaturalist.org/photos/14526118/medium.jpeg?1522165375,Heliotropium indicum
https://static.inaturalist.org/photos/14535437/medium.jpeg?1522183741,Heliotropium indicum
https://static.inaturalist.org/photos/14538684/medium.jpeg?1522190344,Heliotropium indicum
https://static.inaturalist.org/photos/14540856/medium.jpg?1522195637,Heliotropium indicum
https://static.inaturalist.org/photos/14590094/medium.jpg?1522343906,Heliotropium indicum
https://static.inaturalist.org/photos/14780972/medium.jpeg?1522794141,Heliotropium indicum
https://static.inaturalist.org/photos/14839523/medium.png?1522938240,Heliotropium indicum
https://static.inaturalist.org/photos/14932877/medium.jpg?1523153841,Heliotropium indicum
https://static.inaturalist.org/photos/14952936/medium.jpeg?1523208165,Heliotropium indicum
https://static.inaturalist.org/photos/14961000/medium.jpg?1523218798,Heliotropium indicum
https://static.inaturalist.org/photos/15794915/medium.jpeg?1524126456,Heliotropium indicum
https://static.inaturalist.org/photos/15897663/medium.jpg?1524225946,Heliotropium indicum
https://static.inaturalist.org/photos/16155112/medium.jpg?1524439823,Heliotropium indicum
https://static.inaturalist.org/photos/16227466/medium.jpg?1524548549,Heliotropium indicum
https://static.inaturalist.org/photos/16390059/medium.jpg?1524825966,Heliotropium indicum
https://static.inaturalist.org/photos/16502903/medium.jpeg?1524874903,Heliotropium indicum
https://static.inaturalist.org/photos/16557715/medium.jpg?1524911494,Heliotropium indicum
https://static.inaturalist.org/photos/16760249/medium.jpeg?1524982402,Heliotropium indicum
https://static.inaturalist.org/photos/16798389/medium.jpeg?1525013806,Heliotropium indicum
https://static.inaturalist.org/photos/16830665/medium.jpeg?1525024758,Heliotropium indicum
https://static.inaturalist.org/photos/16918881/medium.jpeg?1525050954,Heliotropium indicum
https://static.inaturalist.org/photos/16919140/medium.jpeg?1525051035,Heliotropium indicum
https://static.inaturalist.org/photos/17228229/medium.jpg?1525222102,Heliotropium indicum
https://static.inaturalist.org/photos/17495334/medium.jpeg?1525574873,Heliotropium indicum
https://static.inaturalist.org/photos/17561719/medium.jpeg?1525663377,Heliotropium indicum
https://static.inaturalist.org/photos/17712582/medium.jpg?1525910456,Heliotropium indicum
https://static.inaturalist.org/photos/17789413/medium.jpg?1526053314,Heliotropium indicum
https://static.inaturalist.org/photos/18008089/medium.jpeg?1526390457,Heliotropium indicum
https://static.inaturalist.org/photos/18112373/medium.jpeg?1526553468,Heliotropium indicum
https://static.inaturalist.org/photos/18418501/medium.jpg?1527020193,Heliotropium indicum
https://static.inaturalist.org/photos/18487989/medium.jpeg?1527130092,Heliotropium indicum
https://static.inaturalist.org/photos/18756691/medium.jpeg?1527557310,Heliotropium indicum
https://static.inaturalist.org/photos/18760259/medium.jpeg?1527561581,Heliotropium indicum
https://static.inaturalist.org/photos/18763912/medium.jpeg?1527566827,Heliotropium indicum
https://static.inaturalist.org/photos/18966883/medium.jpeg?1527921627,Heliotropium indicum
https://static.inaturalist.org/photos/18983598/medium.jpg?1527955971,Heliotropium indicum
https://static.inaturalist.org/photos/19082123/medium.jpg?1528070669,Heliotropium indicum
https://static.inaturalist.org/photos/19166805/medium.jpeg?1528207737,Heliotropium indicum
https://static.inaturalist.org/photos/19491860/medium.jpeg?1528661352,Heliotropium indicum
https://static.inaturalist.org/photos/19500222/medium.jpg?1528668258,Heliotropium indicum
https://static.inaturalist.org/photos/19582957/medium.jpeg?1528791564,Heliotropium indicum
https://static.inaturalist.org/photos/19657984/medium.jpeg?1528918076,Heliotropium indicum
https://static.inaturalist.org/photos/19664649/medium.jpeg?1528927047,Heliotropium indicum
https://static.inaturalist.org/photos/19774494/medium.jpg?1529114223,Heliotropium indicum
https://static.inaturalist.org/photos/19854842/medium.jpg?1529243492,Heliotropium indicum
https://static.inaturalist.org/photos/20223948/medium.jpg?1529811520,Heliotropium indicum
https://static.inaturalist.org/photos/20323029/medium.jpeg?1529960500,Heliotropium indicum
https://static.inaturalist.org/photos/20351650/medium.jpeg?1530015355,Heliotropium indicum
https://static.inaturalist.org/photos/20381695/medium.jpg?1530053752,Heliotropium indicum
https://static.inaturalist.org/photos/20441057/medium.jpg?1530154743,Heliotropium indicum
https://static.inaturalist.org/photos/20441130/medium.jpg?1530154845,Heliotropium indicum
https://static.inaturalist.org/photos/20481594/medium.jpg?1530231564,Heliotropium indicum
https://static.inaturalist.org/photos/20487091/medium.jpeg?1530240570,Heliotropium indicum
https://static.inaturalist.org/photos/20524431/medium.jpg?1530313553,Heliotropium indicum
https://static.inaturalist.org/photos/20582787/medium.jpg?1530402642,Heliotropium indicum
https://static.inaturalist.org/photos/20629117/medium.jpg?1530475375,Heliotropium indicum
https://static.inaturalist.org/photos/20647160/medium.jpg?1530494597,Heliotropium indicum
https://static.inaturalist.org/photos/20898541/medium.jpg?1530902884,Heliotropium indicum
https://static.inaturalist.org/photos/20782656/medium.jpeg?1530722463,Heliotropium indicum
https://static.inaturalist.org/photos/20795389/medium.jpeg?1530737036,Heliotropium indicum
https://static.inaturalist.org/photos/20847254/medium.jpg?1530819048,Heliotropium indicum
https://static.inaturalist.org/photos/20847221/medium.jpeg?1530818996,Heliotropium indicum
https://static.inaturalist.org/photos/20859792/medium.jpeg?1530834053,Heliotropium indicum
https://static.inaturalist.org/photos/20886143/medium.jpg?1530888210,Heliotropium indicum
https://static.inaturalist.org/photos/20908882/medium.jpg?1530915982,Heliotropium indicum
https://static.inaturalist.org/photos/20945710/medium.jpeg?1530982118,Heliotropium indicum
https://static.inaturalist.org/photos/21025045/medium.jpeg?1531086060,Heliotropium indicum
https://static.inaturalist.org/photos/21076884/medium.jpeg?1531168927,Heliotropium indicum
https://static.inaturalist.org/photos/21088795/medium.jpeg?1531183061,Heliotropium indicum
https://static.inaturalist.org/photos/21118351/medium.jpeg?1531239165,Heliotropium indicum
https://static.inaturalist.org/photos/21201605/medium.jpg?1531366306,Heliotropium indicum
https://static.inaturalist.org/photos/21241938/medium.jpeg?1531438414,Heliotropium indicum
https://static.inaturalist.org/photos/21282597/medium.jpg?1531512344,Heliotropium indicum
https://static.inaturalist.org/photos/21444663/medium.jpeg?1531751647,Heliotropium indicum
https://static.inaturalist.org/photos/21491230/medium.jpg?1531828083,Heliotropium indicum
https://static.inaturalist.org/photos/21505892/medium.jpg?1531848503,Heliotropium indicum
https://static.inaturalist.org/photos/21572457/medium.jpg?1531947802,Heliotropium indicum
https://static.inaturalist.org/photos/21774161/medium.jpeg?1532270633,Heliotropium indicum
https://static.inaturalist.org/photos/21785540/medium.jpg?1532282007,Heliotropium indicum
https://static.inaturalist.org/photos/21838354/medium.jpg?1532358390,Heliotropium indicum
https://static.inaturalist.org/photos/21926359/medium.jpg?1532480557,Heliotropium indicum
https://static.inaturalist.org/photos/21955336/medium.jpg?1532535751,Heliotropium indicum
https://static.inaturalist.org/photos/21981898/medium.jpeg?1532567502,Heliotropium indicum
https://static.inaturalist.org/photos/22039070/medium.jpg?1532652832,Heliotropium indicum
https://static.inaturalist.org/photos/22044652/medium.jpeg?1532659071,Heliotropium indicum
https://static.inaturalist.org/photos/22099116/medium.jpg?1532731030,Heliotropium indicum
https://static.inaturalist.org/photos/22150522/medium.jpeg?1532798291,Heliotropium indicum
https://static.inaturalist.org/photos/22272979/medium.jpeg?1532919943,Heliotropium indicum
https://static.inaturalist.org/photos/22326636/medium.jpg?1532992016,Heliotropium indicum
https://static.inaturalist.org/photos/22345054/medium.jpg?1533023830,Heliotropium indicum
https://static.inaturalist.org/photos/22375681/medium.jpeg?1533075083,Heliotropium indicum
https://static.inaturalist.org/photos/22516912/medium.jpg?1533317779,Heliotropium indicum
https://static.inaturalist.org/photos/22546206/medium.jpg?1533355891,Heliotropium indicum
https://static.inaturalist.org/photos/22575815/medium.jpg?1533410674,Heliotropium indicum
https://static.inaturalist.org/photos/22578889/medium.jpeg?1533413756,Heliotropium indicum
https://static.inaturalist.org/photos/22629601/medium.jpg?1533490557,Heliotropium indicum
https://static.inaturalist.org/photos/22651477/medium.jpeg?1533512542,Heliotropium indicum
https://static.inaturalist.org/photos/22719176/medium.jpeg?1533616676,Heliotropium indicum
https://static.inaturalist.org/photos/22751737/medium.jpeg?1533678369,Heliotropium indicum
https://static.inaturalist.org/photos/22831126/medium.jpeg?1533816933,Heliotropium indicum
https://static.inaturalist.org/photos/22919064/medium.jpg?1533956154,Heliotropium indicum
https://static.inaturalist.org/photos/22963238/medium.jpg?1534027718,Heliotropium indicum
https://static.inaturalist.org/photos/22995463/medium.jpg?1534085188,Heliotropium indicum
https://static.inaturalist.org/photos/23000695/medium.jpeg?1534090028,Heliotropium indicum
https://static.inaturalist.org/photos/23020177/medium.jpeg?1534108117,Heliotropium indicum
https://static.inaturalist.org/photos/23023695/medium.jpg?1534111350,Heliotropium indicum
https://static.inaturalist.org/photos/23078821/medium.jpg?1534188922,Heliotropium indicum
https://static.inaturalist.org/photos/23101368/medium.jpg?1534215406,Heliotropium indicum
https://static.inaturalist.org/photos/23330690/medium.jpeg?1534571578,Heliotropium indicum
https://static.inaturalist.org/photos/23331938/medium.jpg?1534574481,Heliotropium indicum
https://static.inaturalist.org/photos/23333780/medium.jpeg?1534578678,Heliotropium indicum
https://static.inaturalist.org/photos/23333796/medium.jpeg?1534578713,Heliotropium indicum
https://static.inaturalist.org/photos/23338245/medium.jpeg?1534592187,Heliotropium indicum
https://static.inaturalist.org/photos/23338409/medium.jpeg?1534592446,Heliotropium indicum
https://static.inaturalist.org/photos/23339325/medium.jpeg?1534594296,Heliotropium indicum
https://static.inaturalist.org/photos/23351152/medium.jpeg?1534608807,Heliotropium indicum
https://static.inaturalist.org/photos/23375208/medium.jpg?1534631995,Heliotropium indicum
https://static.inaturalist.org/photos/23379246/medium.jpg?1534636194,Heliotropium indicum
https://static.inaturalist.org/photos/23433717/medium.jpg?1534712743,Heliotropium indicum
https://static.inaturalist.org/photos/23639722/medium.jpeg?1535039394,Heliotropium indicum
https://static.inaturalist.org/photos/23669089/medium.jpg?1535077158,Heliotropium indicum
https://static.inaturalist.org/photos/23720158/medium.jpeg?1535164076,Heliotropium indicum
https://static.inaturalist.org/photos/23730483/medium.jpeg?1535192398,Heliotropium indicum
https://static.inaturalist.org/photos/23760765/medium.jpeg?1535232960,Heliotropium indicum
https://static.inaturalist.org/photos/23772458/medium.jpeg?1535246549,Heliotropium indicum
https://static.inaturalist.org/photos/23871644/medium.jpg?1535395222,Heliotropium indicum
https://static.inaturalist.org/photos/24064417/medium.jpg?1535727448,Heliotropium indicum
https://static.inaturalist.org/photos/24151618/medium.jpg?1535850278,Heliotropium indicum
https://static.inaturalist.org/photos/24219328/medium.jpg?1535940688,Heliotropium indicum
https://static.inaturalist.org/photos/24221882/medium.jpeg?1535943601,Heliotropium indicum
https://static.inaturalist.org/photos/24257122/medium.jpeg?1535999016,Heliotropium indicum
https://static.inaturalist.org/photos/24260811/medium.jpeg?1536001985,Heliotropium indicum
https://static.inaturalist.org/photos/24263309/medium.jpeg?1536004139,Heliotropium indicum
https://static.inaturalist.org/photos/24270509/medium.jpg?1536011100,Heliotropium indicum
https://static.inaturalist.org/photos/24283062/medium.jpeg?1536023240,Heliotropium indicum
https://static.inaturalist.org/photos/24380466/medium.jpeg?1536186901,Heliotropium indicum
https://static.inaturalist.org/photos/24409156/medium.jpeg?1536245582,Heliotropium indicum
https://static.inaturalist.org/photos/24436069/medium.jpeg?1536280144,Heliotropium indicum
https://static.inaturalist.org/photos/24438686/medium.jpeg?1536283436,Heliotropium indicum
https://static.inaturalist.org/photos/24441542/medium.jpg?1536287451,Heliotropium indicum
https://static.inaturalist.org/photos/24571477/medium.jpg?1536475458,Heliotropium indicum
https://static.inaturalist.org/photos/24591061/medium.jpg?1536511672,Heliotropium indicum
https://static.inaturalist.org/photos/24671996/medium.jpg?1536618816,Heliotropium indicum
https://static.inaturalist.org/photos/24680998/medium.jpeg?1536630089,Heliotropium indicum
https://static.inaturalist.org/photos/24699387/medium.jpeg?1536673190,Heliotropium indicum
https://static.inaturalist.org/photos/24725128/medium.jpeg?1536702322,Heliotropium indicum
https://static.inaturalist.org/photos/24781751/medium.jpeg?1536789746,Heliotropium indicum
https://static.inaturalist.org/photos/24783560/medium.png?1536791416,Heliotropium indicum
https://static.inaturalist.org/photos/24883498/medium.jpeg?1536950044,Heliotropium indicum
https://static.inaturalist.org/photos/24904175/medium.jpg?1536976658,Heliotropium indicum
https://static.inaturalist.org/photos/24958671/medium.jpeg?1537056717,Heliotropium indicum
https://static.inaturalist.org/photos/25088887/medium.jpg?1537226403,Heliotropium indicum
https://static.inaturalist.org/photos/25177388/medium.jpeg?1537379560,Heliotropium indicum
https://static.inaturalist.org/photos/25184827/medium.jpg?1537388768,Heliotropium indicum
https://static.inaturalist.org/photos/25207226/medium.jpg?1537416056,Heliotropium indicum
https://static.inaturalist.org/photos/25243629/medium.jpeg?1537478036,Heliotropium indicum
https://static.inaturalist.org/photos/25307045/medium.jpg?1537560141,Heliotropium indicum
https://static.inaturalist.org/photos/25307656/medium.jpeg?1537560740,Heliotropium indicum
https://static.inaturalist.org/photos/25587206/medium.jpeg?1537973037,Heliotropium indicum
https://static.inaturalist.org/photos/25601663/medium.jpeg?1537988903,Heliotropium indicum
https://static.inaturalist.org/photos/25616455/medium.jpg?1538003948,Heliotropium indicum
https://static.inaturalist.org/photos/25792098/medium.jpg?1538267418,Heliotropium indicum
https://static.inaturalist.org/photos/25829436/medium.jpeg?1538326220,Heliotropium indicum
https://static.inaturalist.org/photos/25831047/medium.jpg?1538327641,Heliotropium indicum
https://static.inaturalist.org/photos/25901517/medium.jpg?1538421413,Heliotropium indicum
https://static.inaturalist.org/photos/26071994/medium.jpeg?1538691431,Heliotropium indicum
https://static.inaturalist.org/photos/26128027/medium.jpg?1538782965,Heliotropium indicum
https://static.inaturalist.org/photos/26176532/medium.jpeg?1538859132,Heliotropium indicum
https://static.inaturalist.org/photos/26219192/medium.jpeg?1538926098,Heliotropium indicum
https://static.inaturalist.org/photos/26266024/medium.jpeg?1538968153,Heliotropium indicum
https://static.inaturalist.org/photos/26410464/medium.jpeg?1539200631,Heliotropium indicum
https://static.inaturalist.org/photos/26451966/medium.jpeg?1539275363,Heliotropium indicum
https://static.inaturalist.org/photos/26455167/medium.jpg?1539279308,Heliotropium indicum
https://static.inaturalist.org/photos/26457172/medium.jpeg?1539281499,Heliotropium indicum
https://static.inaturalist.org/photos/26503944/medium.jpg?1539361592,Heliotropium indicum
https://static.inaturalist.org/photos/26650363/medium.jpg?1539558633,Heliotropium indicum
https://static.inaturalist.org/photos/26654797/medium.jpg?1539562322,Heliotropium indicum
https://static.inaturalist.org/photos/26727054/medium.jpg?1539677177,Heliotropium indicum
https://static.inaturalist.org/photos/26749933/medium.jpg?1539717912,Heliotropium indicum
https://static.inaturalist.org/photos/26926493/medium.jpeg?1540018221,Heliotropium indicum
https://static.inaturalist.org/photos/26932484/medium.jpeg?1540039786,Heliotropium indicum
https://static.inaturalist.org/photos/26995629/medium.jpeg?1540132321,Heliotropium indicum
https://static.inaturalist.org/photos/27040684/medium.jpeg?1540177135,Heliotropium indicum
https://static.inaturalist.org/photos/27172233/medium.jpeg?1540416205,Heliotropium indicum
https://static.inaturalist.org/photos/27390457/medium.jpg?1540791128,Heliotropium indicum
https://static.inaturalist.org/photos/27415699/medium.jpeg?1540845677,Heliotropium indicum
https://static.inaturalist.org/photos/27431990/medium.jpeg?1540866454,Heliotropium indicum
https://static.inaturalist.org/photos/27566178/medium.jpeg?1541165470,Heliotropium indicum
https://static.inaturalist.org/photos/27630480/medium.jpg?1541281645,Heliotropium indicum
https://static.inaturalist.org/photos/27675240/medium.jpg?1541364843,Heliotropium indicum
https://static.inaturalist.org/photos/27761420/medium.jpeg?1541491481,Heliotropium indicum
https://static.inaturalist.org/photos/27776022/medium.jpg?1541523909,Heliotropium indicum
https://static.inaturalist.org/photos/28058143/medium.jpg?1542057248,Heliotropium indicum
https://static.inaturalist.org/photos/28155361/medium.jpeg?1542325525,Heliotropium indicum
https://static.inaturalist.org/photos/28567632/medium.jpg?1543275148,Heliotropium indicum
https://static.inaturalist.org/photos/28733431/medium.jpeg?1543700932,Heliotropium indicum
https://static.inaturalist.org/photos/28734993/medium.jpeg?1543703701,Heliotropium indicum
https://static.inaturalist.org/photos/28735305/medium.jpeg?1543704258,Heliotropium indicum
https://static.inaturalist.org/photos/28899263/medium.jpg?1544109132,Heliotropium indicum
https://static.inaturalist.org/photos/29109914/medium.jpg?1544652073,Heliotropium indicum
https://static.inaturalist.org/photos/29860692/medium.jpg?1546580514,Heliotropium indicum
https://static.inaturalist.org/photos/29913087/medium.jpeg?1546706298,Heliotropium indicum
https://static.inaturalist.org/photos/30008275/medium.jpg?1546906841,Heliotropium indicum
https://static.inaturalist.org/photos/30018092/medium.jpeg?1546924448,Heliotropium indicum
https://static.inaturalist.org/photos/30088574/medium.jpeg?1547108153,Heliotropium indicum
https://static.inaturalist.org/photos/30284772/medium.jpeg?1547590009,Heliotropium indicum
https://static.inaturalist.org/photos/30564164/medium.jpg?1548274005,Heliotropium indicum
https://static.inaturalist.org/photos/30627613/medium.jpg?1548436466,Heliotropium indicum
https://static.inaturalist.org/photos/30662015/medium.jpeg?1548523723,Heliotropium indicum
https://static.inaturalist.org/photos/30735688/medium.jpeg?1548655238,Heliotropium indicum
https://static.inaturalist.org/photos/30847273/medium.jpg?1548941107,Heliotropium indicum
https://static.inaturalist.org/photos/30904625/medium.jpg?1549071653,Heliotropium indicum
https://static.inaturalist.org/photos/31072469/medium.jpg?1549424780,Heliotropium indicum
https://static.inaturalist.org/photos/31128500/medium.jpeg?1549514615,Heliotropium indicum
https://static.inaturalist.org/photos/31182513/medium.jpeg?1549635335,Heliotropium indicum
https://static.inaturalist.org/photos/31255377/medium.jpg?1549791712,Heliotropium indicum
https://static.inaturalist.org/photos/31339635/medium.jpeg?1549969507,Heliotropium indicum
https://static.inaturalist.org/photos/31881174/medium.jpeg?1550932068,Heliotropium indicum
https://static.inaturalist.org/photos/32040581/medium.jpeg?1551170989,Heliotropium indicum
https://static.inaturalist.org/photos/32217352/medium.jpg?1551545557,Heliotropium indicum
https://static.inaturalist.org/photos/32398544/medium.jpg?1551824734,Heliotropium indicum
https://static.inaturalist.org/photos/32624368/medium.jpeg?1552216561,Heliotropium indicum
https://static.inaturalist.org/photos/33104186/medium.jpeg?1553032334,Heliotropium indicum
https://static.inaturalist.org/photos/33132238/medium.jpg?1553078729,Heliotropium indicum
https://static.inaturalist.org/photos/33203201/medium.jpg?1553197739,Heliotropium indicum
https://static.inaturalist.org/photos/33277247/medium.jpeg?1553310393,Heliotropium indicum
https://static.inaturalist.org/photos/33350161/medium.jpeg?1553414632,Heliotropium indicum
https://static.inaturalist.org/photos/33421891/medium.jpeg?1553504270,Stachytarpheta
https://static.inaturalist.org/photos/33570471/medium.jpeg?1553729332,Heliotropium indicum
https://static.inaturalist.org/photos/33644545/medium.jpg?1553833119,Heliotropium indicum
https://static.inaturalist.org/photos/33648026/medium.jpeg?1553840145,Heliotropium indicum
https://static.inaturalist.org/photos/33851255/medium.jpeg?1554075707,Heliotropium indicum
https://static.inaturalist.org/photos/34115557/medium.jpeg?1554435505,Heliotropium indicum
https://static.inaturalist.org/photos/34059549/medium.jpeg?1554357934,Heliotropium indicum
https://static.inaturalist.org/photos/34128728/medium.jpg?1554466380,Heliotropium indicum
https://static.inaturalist.org/photos/34215413/medium.jpeg?1554576617,Heliotropium indicum
https://static.inaturalist.org/photos/34354264/medium.jpeg?1554719033,Heliotropium indicum
https://static.inaturalist.org/photos/34365707/medium.jpg?1554736620,Heliotropium indicum
https://static.inaturalist.org/photos/34417773/medium.jpeg?1554784112,Heliotropium indicum
https://static.inaturalist.org/photos/34557204/medium.jpeg?1554954507,Heliotropium indicum
https://static.inaturalist.org/photos/34627789/medium.jpg?1555041083,Heliotropium indicum
https://static.inaturalist.org/photos/34644313/medium.jpeg?1555077783,Heliotropium indicum
https://static.inaturalist.org/photos/34649582/medium.jpeg?1555083916,Heliotropium indicum
https://static.inaturalist.org/photos/34687437/medium.jpg?1555122363,Heliotropium indicum
https://static.inaturalist.org/photos/34785455/medium.jpg?1555236108,Heliotropium indicum
https://static.inaturalist.org/photos/35095384/medium.jpeg?1555578575,Heliotropium indicum
https://static.inaturalist.org/photos/35181747/medium.jpeg?1555681955,Heliotropium indicum
https://static.inaturalist.org/photos/35417195/medium.jpeg?1555889201,Heliotropium indicum
https://static.inaturalist.org/photos/35460251/medium.jpg?1555935475,Heliotropium indicum
https://static.inaturalist.org/photos/35620543/medium.jpeg?1556073223,Heliotropium indicum
https://static.inaturalist.org/photos/35777087/medium.jpg?1556232390,Heliotropium indicum
https://static.inaturalist.org/photos/36060567/medium.jpeg?1556328323,Heliotropium indicum
https://static.inaturalist.org/photos/36107078/medium.jpeg?1556337903,Heliotropium indicum
https://static.inaturalist.org/photos/36125652/medium.jpeg?1556343842,Heliotropium indicum
https://static.inaturalist.org/photos/36228281/medium.jpg?1556380177,Heliotropium indicum
https://static.inaturalist.org/photos/36245243/medium.jpeg?1556383148,Heliotropium indicum
https://static.inaturalist.org/photos/36253166/medium.jpeg?1556384391,Heliotropium indicum
https://static.inaturalist.org/photos/36339995/medium.jpeg?1556398079,Heliotropium indicum
https://static.inaturalist.org/photos/36378847/medium.jpeg?1556404279,Heliotropium indicum
https://static.inaturalist.org/photos/36504803/medium.jpg?1556429724,Heliotropium indicum
https://static.inaturalist.org/photos/36521104/medium.jpeg?1556437654,Heliotropium indicum
https://static.inaturalist.org/photos/36527092/medium.jpeg?1556440870,Heliotropium indicum
https://static.inaturalist.org/photos/36528358/medium.jpeg?1556441597,Heliotropium indicum
https://static.inaturalist.org/photos/36607940/medium.jpeg?1556465843,Heliotropium indicum
https://static.inaturalist.org/photos/36657189/medium.jpeg?1556473455,Heliotropium indicum
https://static.inaturalist.org/photos/36661396/medium.jpeg?1556474096,Heliotropium indicum
https://static.inaturalist.org/photos/36821648/medium.jpg?1556498778,Heliotropium indicum
https://static.inaturalist.org/photos/36907029/medium.jpeg?1556513959,Heliotropium indicum
https://static.inaturalist.org/photos/36985180/medium.jpeg?1556543402,Heliotropium indicum
https://static.inaturalist.org/photos/36985663/medium.jpeg?1556543504,Heliotropium indicum
https://static.inaturalist.org/photos/36987653/medium.jpg?1556543962,Heliotropium indicum
https://static.inaturalist.org/photos/36988500/medium.jpeg?1556544154,Heliotropium indicum
https://static.inaturalist.org/photos/36991203/medium.jpeg?1556544670,Heliotropium indicum
https://static.inaturalist.org/photos/37069884/medium.jpeg?1556557862,Heliotropium indicum
https://static.inaturalist.org/photos/37101399/medium.jpg?1556563017,Heliotropium indicum
https://static.inaturalist.org/photos/37140970/medium.jpeg?1556569262,Heliotropium indicum
https://static.inaturalist.org/photos/37170785/medium.jpeg?1556573991,Heliotropium indicum
https://static.inaturalist.org/photos/37222506/medium.jpg?1556581800,Heliotropium indicum
https://static.inaturalist.org/photos/37228471/medium.jpeg?1556582574,Heliotropium indicum
https://static.inaturalist.org/photos/37282253/medium.jpeg?1556590143,Heliotropium indicum
https://static.inaturalist.org/photos/37302488/medium.jpeg?1556593285,Heliotropium indicum
https://static.inaturalist.org/photos/37309252/medium.jpeg?1556594371,Heliotropium indicum
https://static.inaturalist.org/photos/37318954/medium.jpeg?1556595880,Heliotropium indicum
https://static.inaturalist.org/photos/37327297/medium.jpg?1556597229,Heliotropium indicum
https://static.inaturalist.org/photos/37332348/medium.jpeg?1556598098,Heliotropium indicum
https://static.inaturalist.org/photos/37360659/medium.jpg?1556606502,Heliotropium indicum
https://static.inaturalist.org/photos/37418028/medium.jpeg?1556643800,Heliotropium indicum
https://static.inaturalist.org/photos/37521681/medium.jpeg?1556698674,Heliotropium indicum
https://static.inaturalist.org/photos/37523462/medium.jpeg?1556700460,Heliotropium indicum
https://static.inaturalist.org/photos/37524686/medium.jpeg?1556702212,Heliotropium indicum
https://static.inaturalist.org/photos/37568621/medium.jpeg?1556730300,Heliotropium indicum
https://static.inaturalist.org/photos/37559743/medium.jpg?1556726661,Heliotropium indicum
https://static.inaturalist.org/photos/37626582/medium.jpg?1556759312,Heliotropium indicum
https://static.inaturalist.org/photos/37649499/medium.jpg?1556772061,Heliotropium indicum
https://static.inaturalist.org/photos/37748072/medium.jpg?1556846419,Heliotropium indicum
https://static.inaturalist.org/photos/37768468/medium.jpg?1556861302,Heliotropium indicum
https://static.inaturalist.org/photos/37764673/medium.jpeg?1556857785,Heliotropium indicum
https://static.inaturalist.org/photos/37772498/medium.jpg?1556867259,Heliotropium indicum
https://static.inaturalist.org/photos/37938286/medium.jpeg?1557001078,Heliotropium indicum
https://static.inaturalist.org/photos/37946681/medium.jpeg?1557004914,Heliotropium indicum
https://static.inaturalist.org/photos/38014466/medium.jpg?1557059887,Heliotropium indicum
https://static.inaturalist.org/photos/38118173/medium.jpeg?1557120514,Heliotropium indicum
https://static.inaturalist.org/photos/38362504/medium.jpeg?1557351213,Heliotropium indicum
https://static.inaturalist.org/photos/38426573/medium.jpeg?1557422412,Heliotropium indicum
https://static.inaturalist.org/photos/38779033/medium.jpeg?1557758682,Heliotropium indicum
https://static.inaturalist.org/photos/38885694/medium.jpeg?1557863162,Heliotropium indicum
https://static.inaturalist.org/photos/38913412/medium.jpeg?1557884238,Heliotropium indicum
https://static.inaturalist.org/photos/38913422/medium.jpeg?1557884247,Heliotropium indicum
https://static.inaturalist.org/photos/39000031/medium.jpeg?1557972310,Heliotropium indicum
https://static.inaturalist.org/photos/39037352/medium.jpeg?1558022872,Heliotropium indicum
https://static.inaturalist.org/photos/39086304/medium.jpg?1558062985,Heliotropium indicum
https://static.inaturalist.org/photos/39284688/medium.jpeg?1558254169,Heliotropium indicum
https://static.inaturalist.org/photos/39523222/medium.jpeg?1558460165,Heliotropium indicum
https://static.inaturalist.org/photos/39511272/medium.jpeg?1558452428,Heliotropium indicum
https://static.inaturalist.org/photos/39518289/medium.jpeg?1558456866,Heliotropium indicum
https://static.inaturalist.org/photos/39522934/medium.jpeg?1558459935,Heliotropium indicum
https://static.inaturalist.org/photos/39525817/medium.jpeg?1558462063,Heliotropium indicum
https://static.inaturalist.org/photos/39573665/medium.jpg?1558493509,Heliotropium indicum
https://static.inaturalist.org/photos/39686146/medium.jpeg?1558608888,Heliotropium indicum
https://static.inaturalist.org/photos/39870262/medium.jpeg?1558773297,Heliotropium indicum
https://static.inaturalist.org/photos/39910295/medium.jpeg?1558804369,Heliotropium indicum
https://static.inaturalist.org/photos/40042413/medium.jpg?1558898778,Heliotropium indicum
https://static.inaturalist.org/photos/40113477/medium.jpeg?1558952647,Heliotropium indicum
https://static.inaturalist.org/photos/40338503/medium.jpeg?1559144489,Heliotropium indicum
https://static.inaturalist.org/photos/41166209/medium.jpeg?1559846097,Heliotropium indicum
https://static.inaturalist.org/photos/41195659/medium.jpeg?1559867485,Heliotropium indicum
https://static.inaturalist.org/photos/41283604/medium.jpeg?1559953455,Heliotropium indicum
https://static.inaturalist.org/photos/41446151/medium.jpeg?1560097551,Heliotropium indicum
https://static.inaturalist.org/photos/41540905/medium.jpeg?1560169215,Heliotropium indicum
https://static.inaturalist.org/photos/42124653/medium.jpeg?1560704437,Heliotropium indicum
https://static.inaturalist.org/photos/42207705/medium.jpeg?1560772536,Heliotropium indicum
https://static.inaturalist.org/photos/42215730/medium.jpeg?1560780017,Heliotropium indicum
https://static.inaturalist.org/photos/42444855/medium.jpeg?1560980829,Heliotropium indicum
https://static.inaturalist.org/photos/42544976/medium.jpeg?1561070416,Heliotropium indicum
https://static.inaturalist.org/photos/42611943/medium.jpeg?1561142242,Heliotropium indicum
https://static.inaturalist.org/photos/42639882/medium.jpeg?1561162381,Heliotropium indicum
https://static.inaturalist.org/photos/42677047/medium.jpeg?1561206648,Heliotropium indicum
https://static.inaturalist.org/photos/42824572/medium.jpg?1561314918,Heliotropium indicum
https://static.inaturalist.org/photos/42896382/medium.jpeg?1561374586,Heliotropium indicum
https://static.inaturalist.org/photos/43226173/medium.jpeg?1561651362,Heliotropium indicum
https://static.inaturalist.org/photos/43181959/medium.jpeg?1561600609,Heliotropium indicum
https://static.inaturalist.org/photos/43231762/medium.jpeg?1561655489,Heliotropium indicum
https://static.inaturalist.org/photos/43307059/medium.jpg?1561730338,Heliotropium indicum
https://static.inaturalist.org/photos/43340906/medium.jpg?1561752688,Heliotropium indicum
https://static.inaturalist.org/photos/43395839/medium.jpg?1561811893,Heliotropium indicum
https://static.inaturalist.org/photos/43433693/medium.jpeg?1561837077,Heliotropium indicum
https://static.inaturalist.org/photos/43527327/medium.jpg?1561918420,Heliotropium indicum
https://static.inaturalist.org/photos/43650964/medium.jpeg?1562017155,Heliotropium indicum
https://static.inaturalist.org/photos/43742308/medium.jpeg?1562097286,Heliotropium indicum
https://static.inaturalist.org/photos/43992480/medium.jpeg?1562336841,Heliotropium indicum
https://static.inaturalist.org/photos/44235106/medium.jpeg?1562523365,Heliotropium indicum
https://static.inaturalist.org/photos/44303151/medium.jpeg?1562568516,Heliotropium indicum
https://static.inaturalist.org/photos/44385107/medium.jpg?1562633904,Heliotropium indicum
https://static.inaturalist.org/photos/44386042/medium.jpeg?1562634794,Heliotropium indicum
https://static.inaturalist.org/photos/44434114/medium.jpg?1562686954,Heliotropium indicum
https://static.inaturalist.org/photos/44547025/medium.jpeg?1562785943,Heliotropium indicum
https://static.inaturalist.org/photos/44554860/medium.jpeg?1562791253,Heliotropium indicum
https://static.inaturalist.org/photos/44671178/medium.jpg?1562892210,Heliotropium indicum
https://static.inaturalist.org/photos/44920895/medium.jpeg?1563119142,Heliotropium indicum
https://static.inaturalist.org/photos/44783631/medium.jpeg?1562998704,Heliotropium indicum
https://static.inaturalist.org/photos/44788582/medium.jpg?1563007405,Heliotropium indicum
https://static.inaturalist.org/photos/44871698/medium.jpeg?1563069907,Heliotropium indicum
https://static.inaturalist.org/photos/45125733/medium.jpeg?1563281868,Heliotropium indicum
https://static.inaturalist.org/photos/45213290/medium.jpeg?1563344718,Heliotropium indicum
https://static.inaturalist.org/photos/45454947/medium.jpg?1563568727,Heliotropium indicum
https://static.inaturalist.org/photos/45456722/medium.jpg?1563569865,Heliotropium indicum
https://static.inaturalist.org/photos/45670044/medium.jpg?1563741306,Heliotropium indicum
https://static.inaturalist.org/photos/45715508/medium.jpeg?1563766086,Heliotropium indicum
https://static.inaturalist.org/photos/45885810/medium.jpeg?1563914068,Heliotropium indicum
https://static.inaturalist.org/photos/45963074/medium.jpg?1563986200,Heliotropium indicum
https://static.inaturalist.org/photos/45974966/medium.jpg?1563993552,Heliotropium indicum
https://static.inaturalist.org/photos/46003665/medium.jpg?1564010218,Heliotropium indicum
https://static.inaturalist.org/photos/46047540/medium.jpg?1564052895,Heliotropium indicum
https://static.inaturalist.org/photos/46058231/medium.jpg?1564063068,Heliotropium indicum
https://static.inaturalist.org/photos/46107922/medium.jpeg?1564095676,Heliotropium indicum
https://static.inaturalist.org/photos/46176270/medium.jpeg?1564160525,Heliotropium indicum
https://static.inaturalist.org/photos/46267083/medium.jpg?1564239887,Heliotropium indicum
https://static.inaturalist.org/photos/46288168/medium.jpg?1564252473,Heliotropium indicum
https://static.inaturalist.org/photos/46304705/medium.jpg?1564262362,Heliotropium indicum
https://static.inaturalist.org/photos/46627359/medium.jpg?1564506276,Heliotropium indicum
https://static.inaturalist.org/photos/46651313/medium.jpg?1564521133,Heliotropium indicum
https://static.inaturalist.org/photos/46918460/medium.png?1564760052,Heliotropium indicum
https://static.inaturalist.org/photos/46986036/medium.jpg?1564812334,Heliotropium indicum
https://static.inaturalist.org/photos/47009993/medium.jpg?1564841700,Heliotropium indicum
https://static.inaturalist.org/photos/47021773/medium.jpg?1564848576,Heliotropium indicum
https://static.inaturalist.org/photos/47106858/medium.jpeg?1564916788,Heliotropium indicum
https://static.inaturalist.org/photos/47106884/medium.jpeg?1564916822,Heliotropium indicum
https://static.inaturalist.org/photos/47206390/medium.jpeg?1564976122,Heliotropium indicum
https://static.inaturalist.org/photos/47267186/medium.jpeg?1565032415,Heliotropium indicum
https://static.inaturalist.org/photos/47285530/medium.jpeg?1565043567,Heliotropium indicum
https://static.inaturalist.org/photos/47289791/medium.jpg?1565046562,Heliotropium indicum
https://static.inaturalist.org/photos/47295874/medium.jpeg?1565050674,Heliotropium indicum
https://static.inaturalist.org/photos/47416713/medium.jpeg?1565157084,Heliotropium indicum
https://static.inaturalist.org/photos/47621131/medium.jpg?1565358984,Heliotropium indicum
https://static.inaturalist.org/photos/47628258/medium.jpeg?1565364515,Heliotropium indicum
https://static.inaturalist.org/photos/47662335/medium.jpg?1565386724,Heliotropium indicum
https://static.inaturalist.org/photos/47664318/medium.jpg?1565388239,Heliotropium indicum
https://static.inaturalist.org/photos/47674158/medium.jpg?1565395570,Heliotropium indicum
https://static.inaturalist.org/photos/47724089/medium.jpeg?1565451205,Heliotropium indicum
https://static.inaturalist.org/photos/47724070/medium.jpg?1565451193,Heliotropium indicum
https://static.inaturalist.org/photos/47769986/medium.jpg?1565476731,Heliotropium indicum
https://static.inaturalist.org/photos/47779366/medium.jpg?1565482629,Heliotropium indicum
https://static.inaturalist.org/photos/47792246/medium.jpg?1565490441,Heliotropium indicum
https://static.inaturalist.org/photos/47806870/medium.jpeg?1565504387,Heliotropium indicum
https://static.inaturalist.org/photos/47809622/medium.jpeg?1565509067,Heliotropium indicum
https://static.inaturalist.org/photos/47810732/medium.jpg?1565511082,Heliotropium indicum
https://static.inaturalist.org/photos/47855587/medium.jpg?1565545079,Heliotropium indicum
https://static.inaturalist.org/photos/47885412/medium.jpg?1565559871,Heliotropium indicum
https://static.inaturalist.org/photos/47995991/medium.jpeg?1565645813,Heliotropium indicum
https://static.inaturalist.org/photos/48049652/medium.jpg?1565697345,Heliotropium indicum
https://static.inaturalist.org/photos/48126336/medium.jpg?1565750351,Heliotropium indicum
https://static.inaturalist.org/photos/48157883/medium.jpg?1565792131,Heliotropium indicum
https://static.inaturalist.org/photos/48161547/medium.jpg?1565794620,Heliotropium indicum
https://static.inaturalist.org/photos/48166302/medium.jpg?1565797840,Heliotropium indicum
https://static.inaturalist.org/photos/48192171/medium.jpg?1565813319,Heliotropium indicum
https://static.inaturalist.org/photos/48457935/medium.jpeg?1566054372,Heliotropium indicum
https://static.inaturalist.org/photos/48484838/medium.jpeg?1566069949,Heliotropium indicum
https://static.inaturalist.org/photos/48594454/medium.jpeg?1566155839,Heliotropium indicum
https://static.inaturalist.org/photos/48614943/medium.jpg?1566167579,Heliotropium indicum
https://static.inaturalist.org/photos/48617110/medium.jpg?1566168924,Heliotropium indicum
https://static.inaturalist.org/photos/48625357/medium.jpg?1566174192,Heliotropium indicum
https://static.inaturalist.org/photos/48648916/medium.jpeg?1566192632,Heliotropium indicum
https://static.inaturalist.org/photos/48686377/medium.jpg?1566233840,Heliotropium indicum
https://static.inaturalist.org/photos/48762549/medium.jpeg?1566305669,Heliotropium indicum
https://static.inaturalist.org/photos/48844139/medium.jpg?1566370047,Heliotropium indicum
https://static.inaturalist.org/photos/48896218/medium.jpg?1566418180,Heliotropium indicum
https://static.inaturalist.org/photos/48898230/medium.jpg?1566419467,Heliotropium indicum
https://static.inaturalist.org/photos/49042706/medium.jpg?1566563824,Heliotropium indicum
https://static.inaturalist.org/photos/49043144/medium.jpeg?1566564164,Heliotropium indicum
https://static.inaturalist.org/photos/49091276/medium.jpg?1566596654,Heliotropium indicum
https://static.inaturalist.org/photos/49109025/medium.jpg?1566610847,Heliotropium indicum
https://static.inaturalist.org/photos/49142094/medium.jpg?1566655825,Heliotropium indicum
https://static.inaturalist.org/photos/49174557/medium.jpeg?1566673798,Heliotropium indicum
https://static.inaturalist.org/photos/49189019/medium.jpg?1566681001,Heliotropium indicum
https://static.inaturalist.org/photos/49194405/medium.jpeg?1566683504,Heliotropium indicum
https://static.inaturalist.org/photos/49250847/medium.jpg?1566736366,Heliotropium indicum
https://static.inaturalist.org/photos/49397836/medium.jpg?1566837294,Heliotropium indicum
https://static.inaturalist.org/photos/49440093/medium.jpg?1566863587,Heliotropium indicum
https://static.inaturalist.org/photos/49503295/medium.jpeg?1566925294,Heliotropium indicum
https://static.inaturalist.org/photos/49719329/medium.jpg?1567108192,Heliotropium indicum
https://static.inaturalist.org/photos/49719609/medium.jpeg?1567108344,Heliotropium indicum
https://static.inaturalist.org/photos/49738412/medium.jpeg?1567119753,Heliotropium indicum
https://static.inaturalist.org/photos/49785160/medium.jpg?1567171938,Heliotropium indicum
https://static.inaturalist.org/photos/49787884/medium.jpg?1567173907,Heliotropium indicum
https://static.inaturalist.org/photos/53139603/medium.jpg?1570129045,Heliotropium indicum
https://static.inaturalist.org/photos/49886724/medium.jpg?1567261141,Heliotropium indicum
https://static.inaturalist.org/photos/49893515/medium.jpeg?1567265226,Heliotropium indicum
https://static.inaturalist.org/photos/49897196/medium.jpg?1567267145,Heliotropium indicum
https://static.inaturalist.org/photos/49899325/medium.jpg?1567268277,Heliotropium indicum
https://static.inaturalist.org/photos/49920798/medium.jpeg?1567280249,Heliotropium indicum
https://static.inaturalist.org/photos/49929361/medium.jpg?1567284489,Heliotropium indicum
https://static.inaturalist.org/photos/49921549/medium.jpg?1567280592,Heliotropium indicum
https://static.inaturalist.org/photos/49936161/medium.jpg?1567288103,Heliotropium indicum
https://static.inaturalist.org/photos/49982385/medium.jpeg?1567324226,Heliotropium indicum
https://static.inaturalist.org/photos/50013587/medium.jpg?1567354097,Heliotropium indicum
https://static.inaturalist.org/photos/50015997/medium.jpeg?1567355320,Heliotropium indicum
https://static.inaturalist.org/photos/50121408/medium.jpg?1567437661,Heliotropium indicum
https://static.inaturalist.org/photos/50186945/medium.jpg?1567471391,Heliotropium indicum
https://static.inaturalist.org/photos/50207845/medium.jpeg?1567487559,Heliotropium indicum
https://static.inaturalist.org/photos/50208119/medium.jpeg?1567487994,Heliotropium indicum
https://static.inaturalist.org/photos/50278390/medium.jpeg?1567552657,Heliotropium indicum
https://static.inaturalist.org/photos/50354805/medium.jpeg?1567628892,Heliotropium indicum
https://static.inaturalist.org/photos/50304796/medium.jpeg?1567580848,Heliotropium indicum
https://static.inaturalist.org/photos/50304889/medium.jpeg?1567581071,Heliotropium indicum
https://static.inaturalist.org/photos/50337339/medium.jpeg?1567617091,Heliotropium indicum
https://static.inaturalist.org/photos/50425431/medium.jpeg?1567700786,Heliotropium indicum
https://static.inaturalist.org/photos/50448005/medium.jpg?1567715480,Heliotropium indicum
https://static.inaturalist.org/photos/50510921/medium.jpeg?1567782988,Heliotropium indicum
https://static.inaturalist.org/photos/50602160/medium.jpeg?1567870444,Heliotropium indicum
https://static.inaturalist.org/photos/50638223/medium.jpeg?1567888206,Heliotropium indicum
https://static.inaturalist.org/photos/50671554/medium.jpeg?1567905868,Heliotropium indicum
https://static.inaturalist.org/photos/50671939/medium.jpeg?1567906059,Heliotropium indicum
https://static.inaturalist.org/photos/50681141/medium.jpeg?1567912504,Heliotropium indicum
https://static.inaturalist.org/photos/50708330/medium.jpeg?1567948820,Heliotropium indicum
https://static.inaturalist.org/photos/50713111/medium.jpg?1567952430,Heliotropium indicum
https://static.inaturalist.org/photos/50811046/medium.jpeg?1568012183,Heliotropium indicum
https://static.inaturalist.org/photos/50852235/medium.jpeg?1568052430,Heliotropium indicum
https://static.inaturalist.org/photos/50866399/medium.jpeg?1568060192,Heliotropium indicum
https://static.inaturalist.org/photos/50866510/medium.jpeg?1568060272,Heliotropium indicum
https://static.inaturalist.org/photos/50876058/medium.jpg?1568067092,Heliotropium indicum
https://static.inaturalist.org/photos/50895703/medium.jpg?1568082627,Heliotropium indicum
https://static.inaturalist.org/photos/51084522/medium.jpg?1568249460,Heliotropium indicum
https://static.inaturalist.org/photos/51014473/medium.jpg?1568201956,Heliotropium indicum
https://static.inaturalist.org/photos/51026511/medium.jpeg?1568212797,Heliotropium indicum
https://static.inaturalist.org/photos/51078128/medium.jpeg?1568245099,Heliotropium indicum
https://static.inaturalist.org/photos/51084699/medium.jpg?1568249589,Heliotropium indicum
https://static.inaturalist.org/photos/51086829/medium.jpg?1568251070,Heliotropium indicum
https://static.inaturalist.org/photos/51118763/medium.jpg?1568295970,Heliotropium indicum
https://static.inaturalist.org/photos/51129706/medium.jpeg?1568303234,Heliotropium indicum
https://static.inaturalist.org/photos/51138977/medium.jpeg?1568309274,Heliotropium indicum
https://static.inaturalist.org/photos/51146687/medium.jpeg?1568314797,Heliotropium indicum
https://static.inaturalist.org/photos/51261061/medium.jpg?1568419666,Heliotropium indicum
https://static.inaturalist.org/photos/51309311/medium.jpeg?1568476959,Heliotropium indicum
https://static.inaturalist.org/photos/51332198/medium.jpg?1568488797,Heliotropium indicum
https://static.inaturalist.org/photos/51341715/medium.jpeg?1568493812,Heliotropium indicum
https://static.inaturalist.org/photos/51359078/medium.jpg?1568503785,Heliotropium indicum
https://static.inaturalist.org/photos/51366809/medium.jpg?1568508874,Heliotropium indicum
https://static.inaturalist.org/photos/51367572/medium.jpeg?1568509386,Heliotropium indicum
https://static.inaturalist.org/photos/51394845/medium.jpg?1568541720,Heliotropium indicum
https://static.inaturalist.org/photos/51412301/medium.jpeg?1568558399,Heliotropium indicum
https://static.inaturalist.org/photos/51426633/medium.jpg?1568566192,Heliotropium indicum
https://static.inaturalist.org/photos/51478042/medium.jpeg?1568593824,Heliotropium indicum
https://static.inaturalist.org/photos/51482023/medium.jpg?1568596237,Heliotropium indicum
https://static.inaturalist.org/photos/51483294/medium.jpg?1568597098,Heliotropium indicum
https://static.inaturalist.org/photos/51492859/medium.jpg?1568603714,Heliotropium indicum
https://static.inaturalist.org/photos/51495377/medium.jpg?1568605842,Heliotropium indicum
https://static.inaturalist.org/photos/51618524/medium.jpg?1568727096,Heliotropium indicum
https://static.inaturalist.org/photos/51619305/medium.jpeg?1568727732,Heliotropium indicum
https://static.inaturalist.org/photos/51629054/medium.jpg?1568735595,Heliotropium indicum
https://static.inaturalist.org/photos/51633801/medium.jpg?1568739232,Heliotropium indicum
https://static.inaturalist.org/photos/51733949/medium.jpg?1568827824,Heliotropium indicum
https://static.inaturalist.org/photos/51785515/medium.jpg?1568866309,Heliotropium indicum
https://static.inaturalist.org/photos/51834834/medium.jpeg?1568920463,Heliotropium indicum
https://static.inaturalist.org/photos/51954808/medium.jpg?1569018140,Heliotropium indicum
https://static.inaturalist.org/photos/52089096/medium.jpg?1569133436,Heliotropium indicum
https://static.inaturalist.org/photos/52173230/medium.jpeg?1569196805,Heliotropium indicum
https://static.inaturalist.org/photos/52195015/medium.jpeg?1569210601,Heliotropium indicum
https://static.inaturalist.org/photos/52218768/medium.jpeg?1569246527,Heliotropium indicum
https://static.inaturalist.org/photos/52230846/medium.jpeg?1569255993,Heliotropium indicum
https://static.inaturalist.org/photos/52240167/medium.jpg?1569262239,Heliotropium indicum
https://static.inaturalist.org/photos/52275862/medium.jpeg?1569287151,Heliotropium indicum
https://static.inaturalist.org/photos/52304671/medium.jpeg?1569324580,Heliotropium indicum
https://static.inaturalist.org/photos/52361548/medium.jpeg?1569365990,Heliotropium indicum
https://static.inaturalist.org/photos/52363995/medium.jpeg?1569367997,Heliotropium indicum
https://static.inaturalist.org/photos/52421466/medium.jpg?1569430465,Heliotropium indicum
https://static.inaturalist.org/photos/52441341/medium.jpeg?1569442736,Heliotropium indicum
https://static.inaturalist.org/photos/52446954/medium.jpg?1569446738,Heliotropium indicum
https://static.inaturalist.org/photos/52476590/medium.jpg?1569471975,Heliotropium indicum
https://static.inaturalist.org/photos/52506766/medium.jpeg?1569512703,Heliotropium indicum
https://static.inaturalist.org/photos/52523219/medium.jpeg?1569523120,Heliotropium indicum
https://static.inaturalist.org/photos/52538643/medium.jpeg?1569532694,Heliotropium indicum
https://static.inaturalist.org/photos/52541813/medium.jpeg?1569534617,Heliotropium indicum
https://static.inaturalist.org/photos/52551612/medium.jpeg?1569541962,Heliotropium indicum
https://static.inaturalist.org/photos/52561303/medium.jpg?1569551886,Heliotropium indicum
https://static.inaturalist.org/photos/52591206/medium.jpg?1569597900,Heliotropium indicum
https://static.inaturalist.org/photos/52603727/medium.jpeg?1569607340,Heliotropium indicum
https://static.inaturalist.org/photos/52610630/medium.jpeg?1569612836,Heliotropium indicum
https://static.inaturalist.org/photos/52637412/medium.jpeg?1569636425,Heliotropium indicum
https://static.inaturalist.org/photos/52657284/medium.jpeg?1569672757,Heliotropium indicum
https://static.inaturalist.org/photos/52661835/medium.jpg?1569677770,Heliotropium indicum
https://static.inaturalist.org/photos/52668827/medium.jpg?1569682876,Heliotropium indicum
https://static.inaturalist.org/photos/52679970/medium.jpg?1569689349,Heliotropium indicum
https://static.inaturalist.org/photos/52711734/medium.jpg?1569707818,Heliotropium indicum
https://static.inaturalist.org/photos/52734463/medium.jpg?1569723310,Heliotropium indicum
https://static.inaturalist.org/photos/52760694/medium.jpeg?1569760316,Heliotropium indicum
https://static.inaturalist.org/photos/52840795/medium.jpg?1569810754,Heliotropium indicum
https://static.inaturalist.org/photos/52880350/medium.jpg?1569861425,Heliotropium indicum
https://static.inaturalist.org/photos/53006738/medium.jpg?1569975922,Heliotropium indicum
https://static.inaturalist.org/photos/53061795/medium.jpeg?1570041322,Heliotropium indicum
https://static.inaturalist.org/photos/53067530/medium.jpg?1570045507,Heliotropium indicum
https://static.inaturalist.org/photos/53091245/medium.jpeg?1570066788,Heliotropium indicum
https://static.inaturalist.org/photos/53144246/medium.jpg?1570132767,Heliotropium indicum
https://static.inaturalist.org/photos/53129990/medium.jpeg?1570120449,Heliotropium indicum
https://static.inaturalist.org/photos/53139678/medium.jpeg?1570129116,Heliotropium indicum
https://static.inaturalist.org/photos/53142985/medium.jpg?1570131732,Heliotropium indicum
https://static.inaturalist.org/photos/53141893/medium.jpeg?1570130855,Heliotropium indicum
https://static.inaturalist.org/photos/53159781/medium.jpg?1570145273,Heliotropium indicum
https://static.inaturalist.org/photos/53169388/medium.jpg?1570154905,Heliotropium indicum
https://static.inaturalist.org/photos/53175474/medium.jpg?1570162211,Heliotropium indicum
https://static.inaturalist.org/photos/53235084/medium.jpeg?1570230016,Heliotropium indicum
https://static.inaturalist.org/photos/53245225/medium.jpeg?1570239397,Heliotropium indicum
https://static.inaturalist.org/photos/53249041/medium.jpg?1570243195,Heliotropium indicum
https://static.inaturalist.org/photos/53263116/medium.jpg?1570265963,Heliotropium indicum
https://static.inaturalist.org/photos/53264693/medium.jpg?1570268772,Heliotropium indicum
https://static.inaturalist.org/photos/53275594/medium.jpeg?1570284290,Heliotropium indicum
https://static.inaturalist.org/photos/53276087/medium.jpg?1570284640,Heliotropium indicum
https://static.inaturalist.org/photos/53276637/medium.jpg?1570285026,Heliotropium indicum
https://static.inaturalist.org/photos/53283176/medium.jpeg?1570289884,Heliotropium indicum
https://static.inaturalist.org/photos/53299271/medium.jpg?1570299548,Heliotropium indicum
https://static.inaturalist.org/photos/53301476/medium.jpeg?1570300668,Heliotropium indicum
https://static.inaturalist.org/photos/53309195/medium.jpg?1570305262,Heliotropium indicum
https://static.inaturalist.org/photos/53310064/medium.jpg?1570305847,Heliotropium indicum
https://static.inaturalist.org/photos/53315024/medium.jpeg?1570308635,Heliotropium indicum
https://static.inaturalist.org/photos/53339571/medium.jpg?1570325754,Heliotropium indicum
https://static.inaturalist.org/photos/53390779/medium.jpeg?1570379911,Heliotropium indicum
https://static.inaturalist.org/photos/53391268/medium.jpeg?1570380202,Heliotropium indicum
https://static.inaturalist.org/photos/53425874/medium.jpg?1570400814,Heliotropium indicum
https://static.inaturalist.org/photos/53428456/medium.jpeg?1570402246,Heliotropium indicum
https://static.inaturalist.org/photos/53448831/medium.jpeg?1570416733,Heliotropium indicum
https://static.inaturalist.org/photos/53491263/medium.jpg?1570466239,Heliotropium indicum
https://static.inaturalist.org/photos/53504581/medium.jpg?1570475195,Heliotropium indicum
https://static.inaturalist.org/photos/53562564/medium.jpg?1570538079,Heliotropium indicum
https://static.inaturalist.org/photos/53538986/medium.jpeg?1570502166,Heliotropium indicum
https://static.inaturalist.org/photos/53552621/medium.jpeg?1570521440,Heliotropium indicum
https://static.inaturalist.org/photos/53562207/medium.jpeg?1570537586,Heliotropium indicum
https://static.inaturalist.org/photos/53620012/medium.jpeg?1570584110,Heliotropium indicum
https://static.inaturalist.org/photos/53649597/medium.jpg?1570630033,Heliotropium indicum
https://static.inaturalist.org/photos/54191587/medium.jpg?1571183913,Heliotropium indicum
https://static.inaturalist.org/photos/53679637/medium.jpg?1570654232,Heliotropium indicum
https://static.inaturalist.org/photos/53685002/medium.jpeg?1570658386,Heliotropium indicum
https://static.inaturalist.org/photos/53724238/medium.jpg?1570714723,Heliotropium indicum
https://static.inaturalist.org/photos/53730300/medium.jpeg?1570719970,Heliotropium indicum
https://static.inaturalist.org/photos/56038511/medium.jpg?1573403629,Heliotropium indicum
https://static.inaturalist.org/photos/53745270/medium.jpg?1570733181,Heliotropium indicum
https://static.inaturalist.org/photos/53762904/medium.jpg?1570746038,Heliotropium indicum
https://static.inaturalist.org/photos/53809440/medium.jpeg?1570812012,Heliotropium indicum
https://static.inaturalist.org/photos/53852537/medium.jpg?1570855410,Heliotropium indicum
https://static.inaturalist.org/photos/53864095/medium.jpeg?1570878640,Heliotropium indicum
https://static.inaturalist.org/photos/53876507/medium.jpg?1570891402,Heliotropium indicum
https://static.inaturalist.org/photos/53879801/medium.jpg?1570894241,Heliotropium indicum
https://static.inaturalist.org/photos/53911634/medium.jpeg?1570915208,Heliotropium indicum
https://static.inaturalist.org/photos/53924160/medium.jpg?1570923695,Heliotropium indicum
https://static.inaturalist.org/photos/53989161/medium.jpeg?1570991697,Heliotropium indicum
https://static.inaturalist.org/photos/54001195/medium.jpeg?1570999265,Heliotropium indicum
https://static.inaturalist.org/photos/54001304/medium.jpg?1570999334,Heliotropium indicum
https://static.inaturalist.org/photos/54112743/medium.jpg?1571098272,Heliotropium indicum
https://static.inaturalist.org/photos/54124134/medium.jpeg?1571107759,Heliotropium indicum
https://static.inaturalist.org/photos/54124240/medium.jpeg?1571107832,Heliotropium indicum
https://static.inaturalist.org/photos/54124310/medium.jpeg?1571107884,Heliotropium indicum
https://static.inaturalist.org/photos/54151493/medium.jpeg?1571151065,Heliotropium indicum
https://static.inaturalist.org/photos/54194893/medium.jpeg?1571187015,Heliotropium indicum
https://static.inaturalist.org/photos/54221768/medium.jpg?1571227615,Heliotropium indicum
https://static.inaturalist.org/photos/54229892/medium.jpeg?1571237617,Heliotropium indicum
https://static.inaturalist.org/photos/54243774/medium.jpg?1571250331,Heliotropium indicum
https://static.inaturalist.org/photos/54256122/medium.jpg?1571258400,Heliotropium indicum
https://static.inaturalist.org/photos/54263661/medium.jpg?1571264171,Heliotropium indicum
https://static.inaturalist.org/photos/54388697/medium.jpg?1571427998,Heliotropium indicum
https://static.inaturalist.org/photos/54403094/medium.jpg?1571440531,Heliotropium indicum
https://static.inaturalist.org/photos/54411909/medium.jpg?1571450324,Heliotropium indicum
https://static.inaturalist.org/photos/54441254/medium.jpg?1571497631,Heliotropium indicum
https://static.inaturalist.org/photos/54448756/medium.jpg?1571503200,Heliotropium indicum
https://static.inaturalist.org/photos/54463509/medium.jpeg?1571511507,Heliotropium indicum
https://static.inaturalist.org/photos/54507267/medium.jpg?1571565549,Heliotropium indicum
https://static.inaturalist.org/photos/54516414/medium.jpeg?1571576560,Heliotropium indicum
https://static.inaturalist.org/photos/54527635/medium.jpeg?1571584639,Heliotropium indicum
https://static.inaturalist.org/photos/54529055/medium.jpeg?1571585423,Heliotropium indicum
https://static.inaturalist.org/photos/54533299/medium.jpeg?1571587851,Heliotropium indicum
https://static.inaturalist.org/photos/54566185/medium.jpg?1571607657,Heliotropium indicum
https://static.inaturalist.org/photos/54566282/medium.jpg?1571607698,Heliotropium indicum
https://static.inaturalist.org/photos/54582389/medium.jpeg?1571617388,Heliotropium indicum
https://static.inaturalist.org/photos/54626274/medium.jpg?1571668744,Heliotropium indicum
https://static.inaturalist.org/photos/54720211/medium.jpeg?1571766933,Heliotropium indicum
https://static.inaturalist.org/photos/54795396/medium.jpeg?1571850131,Heliotropium indicum
https://static.inaturalist.org/photos/54810627/medium.jpg?1571862042,Heliotropium indicum
https://static.inaturalist.org/photos/54823148/medium.jpg?1571871315,Heliotropium indicum
https://static.inaturalist.org/photos/54843364/medium.jpeg?1571892217,Heliotropium indicum
https://static.inaturalist.org/photos/54901932/medium.jpg?1571959248,Heliotropium indicum
https://static.inaturalist.org/photos/54909848/medium.jpg?1571967508,Heliotropium indicum
https://static.inaturalist.org/photos/54913563/medium.jpg?1571971542,Heliotropium indicum
https://static.inaturalist.org/photos/54980139/medium.jpg?1572054368,Heliotropium indicum
https://static.inaturalist.org/photos/55004137/medium.jpg?1572097252,Heliotropium indicum
https://static.inaturalist.org/photos/55007816/medium.jpg?1572100577,Heliotropium indicum
https://static.inaturalist.org/photos/55007844/medium.jpg?1572100613,Heliotropium indicum
https://static.inaturalist.org/photos/55040685/medium.jpg?1572126275,Heliotropium indicum
https://static.inaturalist.org/photos/55041920/medium.jpg?1572127268,Heliotropium indicum
https://static.inaturalist.org/photos/55051772/medium.jpg?1572135748,Heliotropium indicum
https://static.inaturalist.org/photos/55044670/medium.jpg?1572129250,Heliotropium indicum
https://static.inaturalist.org/photos/55045321/medium.jpeg?1572129817,Heliotropium indicum
https://static.inaturalist.org/photos/55048220/medium.jpeg?1572132369,Heliotropium indicum
https://static.inaturalist.org/photos/55060462/medium.jpg?1572143279,Heliotropium indicum
https://static.inaturalist.org/photos/55084099/medium.jpeg?1572180858,Heliotropium indicum
https://static.inaturalist.org/photos/55103111/medium.jpg?1572197062,Heliotropium indicum
https://static.inaturalist.org/photos/55111488/medium.jpg?1572203447,Heliotropium indicum
https://static.inaturalist.org/photos/55118612/medium.jpeg?1572208221,Heliotropium indicum
https://static.inaturalist.org/photos/55126911/medium.jpeg?1572213792,Heliotropium indicum
https://static.inaturalist.org/photos/55174334/medium.jpeg?1572274945,Heliotropium indicum
https://static.inaturalist.org/photos/55208823/medium.jpeg?1572307337,Heliotropium indicum
https://static.inaturalist.org/photos/55209956/medium.jpg?1572308662,Heliotropium indicum
https://static.inaturalist.org/photos/55227972/medium.jpeg?1572338812,Heliotropium indicum
https://static.inaturalist.org/photos/55366705/medium.jpg?1572533242,Heliotropium indicum
https://static.inaturalist.org/photos/55407109/medium.jpeg?1572595628,Heliotropium indicum
https://static.inaturalist.org/photos/55531146/medium.jpeg?1572768026,Heliotropium indicum
https://static.inaturalist.org/photos/55556263/medium.jpeg?1572803490,Heliotropium indicum
https://static.inaturalist.org/photos/55562216/medium.jpeg?1572808520,Heliotropium indicum
https://static.inaturalist.org/photos/55604312/medium.jpg?1572843048,Heliotropium indicum
https://static.inaturalist.org/photos/55726652/medium.jpeg?1572994851,Heliotropium indicum
https://static.inaturalist.org/photos/55738087/medium.jpeg?1573006448,Heliotropium indicum
https://static.inaturalist.org/photos/55823645/medium.jpg?1573119256,Heliotropium indicum
https://static.inaturalist.org/photos/55873523/medium.jpeg?1573183070,Heliotropium indicum
https://static.inaturalist.org/photos/55911535/medium.jpg?1573238307,Heliotropium indicum
https://static.inaturalist.org/photos/55930391/medium.jpeg?1573257832,Heliotropium indicum
https://static.inaturalist.org/photos/56004455/medium.jpg?1573352363,Heliotropium indicum
https://static.inaturalist.org/photos/56018635/medium.jpg?1573373412,Heliotropium indicum
https://static.inaturalist.org/photos/56022078/medium.jpeg?1573380305,Heliotropium indicum
https://static.inaturalist.org/photos/56050215/medium.jpg?1573415098,Heliotropium indicum
https://static.inaturalist.org/photos/56068608/medium.jpg?1573430753,Heliotropium indicum
https://static.inaturalist.org/photos/56099781/medium.jpeg?1573482580,Heliotropium indicum
https://static.inaturalist.org/photos/56100451/medium.jpeg?1573483475,Heliotropium indicum
https://static.inaturalist.org/photos/56141250/medium.jpeg?1573522515,Heliotropium indicum
https://static.inaturalist.org/photos/56302598/medium.jpg?1573776425,Heliotropium indicum
https://static.inaturalist.org/photos/56302711/medium.jpeg?1573776563,Heliotropium indicum
https://static.inaturalist.org/photos/56310397/medium.jpeg?1573788363,Heliotropium indicum
https://static.inaturalist.org/photos/56417074/medium.jpeg?1573944166,Heliotropium indicum
https://static.inaturalist.org/photos/56737354/medium.jpeg?1574394431,Heliotropium indicum
https://static.inaturalist.org/photos/56828427/medium.jpg?1574542063,Heliotropium indicum
https://static.inaturalist.org/photos/56930146/medium.jpg?1574653452,Heliotropium indicum
https://static.inaturalist.org/photos/57054090/medium.jpg?1574822472,Heliotropium indicum
https://static.inaturalist.org/photos/57058920/medium.jpg?1574828767,Heliotropium indicum
https://static.inaturalist.org/photos/57145450/medium.jpg?1574980187,Heliotropium indicum
https://static.inaturalist.org/photos/57213964/medium.jpeg?1575099433,Heliotropium indicum
https://static.inaturalist.org/photos/57229560/medium.jpg?1575131235,Heliotropium indicum
https://static.inaturalist.org/photos/57469536/medium.jpg?1575499682,Heliotropium indicum
https://static.inaturalist.org/photos/57531708/medium.jpeg?1575604554,Heliotropium indicum
https://static.inaturalist.org/photos/57853794/medium.jpg?1576157714,Heliotropium indicum
https://static.inaturalist.org/photos/57855094/medium.jpeg?1576160518,Heliotropium indicum
https://static.inaturalist.org/photos/57998373/medium.jpg?1576414657,Heliotropium indicum
https://static.inaturalist.org/photos/58050870/medium.jpg?1576493300,Heliotropium indicum
https://static.inaturalist.org/photos/58114316/medium.jpg?1576610948,Heliotropium indicum
https://static.inaturalist.org/photos/58138284/medium.jpeg?1576655151,Heliotropium indicum
https://static.inaturalist.org/photos/58165210/medium.jpg?1576711569,Heliotropium indicum
https://static.inaturalist.org/photos/58321188/medium.jpeg?1577019101,Heliotropium indicum
https://static.inaturalist.org/photos/58343214/medium.jpeg?1577049125,Heliotropium indicum
https://static.inaturalist.org/photos/58566373/medium.jpeg?1577425515,Heliotropium indicum
https://static.inaturalist.org/photos/58622513/medium.jpg?1577516652,Heliotropium indicum
https://static.inaturalist.org/photos/58898368/medium.jpeg?1577932193,Heliotropium indicum
https://static.inaturalist.org/photos/58949663/medium.jpeg?1578009364,Heliotropium indicum
https://static.inaturalist.org/photos/59060143/medium.jpg?1578165113,Heliotropium indicum
https://static.inaturalist.org/photos/59100988/medium.jpeg?1578223171,Heliotropium indicum
https://static.inaturalist.org/photos/59259855/medium.jpeg?1578448922,Heliotropium indicum
https://static.inaturalist.org/photos/59615097/medium.jpg?1579017425,Heliotropium indicum
https://static.inaturalist.org/photos/60118257/medium.jpg?1579774255,Heliotropium indicum
https://static.inaturalist.org/photos/60121761/medium.jpg?1579782044,Heliotropium indicum
https://static.inaturalist.org/photos/60124030/medium.jpeg?1579786209,Heliotropium indicum
https://static.inaturalist.org/photos/60346945/medium.jpg?1580089046,Heliotropium indicum
https://static.inaturalist.org/photos/60438950/medium.jpg?1580231246,Heliotropium indicum
https://static.inaturalist.org/photos/60801222/medium.jpg?1580764820,Heliotropium indicum
https://static.inaturalist.org/photos/60855654/medium.jpeg?1580844125,Heliotropium indicum
https://static.inaturalist.org/photos/61290381/medium.jpg?1581465994,Heliotropium indicum
https://static.inaturalist.org/photos/61587718/medium.jpeg?1581884118,Heliotropium indicum
https://static.inaturalist.org/photos/61895330/medium.jpeg?1582296861,Heliotropium indicum
https://static.inaturalist.org/photos/62135109/medium.jpeg?1582589728,Heliotropium indicum
https://static.inaturalist.org/photos/62417480/medium.jpg?1582981306,Heliotropium indicum
https://static.inaturalist.org/photos/62947312/medium.jpg?1583611293,Heliotropium indicum
https://static.inaturalist.org/photos/63094592/medium.jpg?1583755077,Heliotropium indicum
https://static.inaturalist.org/photos/63181004/medium.jpeg?1583854798,Heliotropium indicum
https://static.inaturalist.org/photos/63234801/medium.jpeg?1583913452,Heliotropium indicum
https://static.inaturalist.org/photos/63788571/medium.jpg?1584494047,Heliotropium indicum
https://static.inaturalist.org/photos/63906444/medium.jpeg?1584619444,Heliotropium indicum
https://static.inaturalist.org/photos/64262480/medium.jpg?1584912162,Heliotropium indicum
https://static.inaturalist.org/photos/64385196/medium.jpeg?1585019845,Heliotropium indicum
https://static.inaturalist.org/photos/64404083/medium.jpeg?1585049310,Heliotropium indicum
https://static.inaturalist.org/photos/64588512/medium.jpeg?1585212412,Heliotropium indicum
https://static.inaturalist.org/photos/64591640/medium.jpeg?1585218038,Heliotropium indicum
https://static.inaturalist.org/photos/65255663/medium.jpeg?1585715356,Heliotropium indicum
https://static.inaturalist.org/photos/65280418/medium.jpg?1585750966,Heliotropium indicum
https://static.inaturalist.org/photos/65374380/medium.jpeg?1585824838,Heliotropium indicum
https://static.inaturalist.org/photos/65610697/medium.jpg?1586009371,Heliotropium indicum
https://static.inaturalist.org/photos/65869787/medium.jpeg?1586160477,Heliotropium indicum
https://static.inaturalist.org/photos/65870160/medium.jpg?1586161051,Heliotropium indicum
https://static.inaturalist.org/photos/65986444/medium.jpg?1586246122,Heliotropium indicum
https://static.inaturalist.org/photos/66002663/medium.jpeg?1586266688,Heliotropium indicum
https://static.inaturalist.org/photos/66149089/medium.jpg?1586365245,Heliotropium indicum
https://static.inaturalist.org/photos/66190247/medium.jpg?1586385533,Heliotropium indicum
https://static.inaturalist.org/photos/66270202/medium.jpeg?1586451576,Heliotropium indicum
https://static.inaturalist.org/photos/66568765/medium.jpeg?1586643023,Heliotropium indicum
https://static.inaturalist.org/photos/66568970/medium.jpeg?1586643096,Heliotropium indicum
https://static.inaturalist.org/photos/66753720/medium.jpeg?1586744160,Heliotropium indicum
https://static.inaturalist.org/photos/66795229/medium.jpg?1586782386,Heliotropium indicum
https://static.inaturalist.org/photos/66863117/medium.jpeg?1586817596,Heliotropium indicum
https://static.inaturalist.org/photos/66863179/medium.jpeg?1586817628,Heliotropium indicum
https://static.inaturalist.org/photos/66866771/medium.jpeg?1586819500,Heliotropium indicum
https://static.inaturalist.org/photos/67005095/medium.jpeg?1586914302,Heliotropium indicum
https://static.inaturalist.org/photos/67006005/medium.jpeg?1586914961,Heliotropium indicum
https://static.inaturalist.org/photos/67112313/medium.jpeg?1586990696,Heliotropium indicum
https://static.inaturalist.org/photos/67203187/medium.jpg?1587060474,Heliotropium indicum
https://static.inaturalist.org/photos/67353827/medium.jpeg?1587157542,Heliotropium indicum
https://static.inaturalist.org/photos/67459617/medium.jpg?1587228297,Heliotropium indicum
https://static.inaturalist.org/photos/67480185/medium.jpeg?1587236419,Heliotropium indicum
https://static.inaturalist.org/photos/67578422/medium.jpeg?1587294244,Heliotropium indicum
https://static.inaturalist.org/photos/67826275/medium.jpeg?1587422190,Heliotropium indicum
https://static.inaturalist.org/photos/67873411/medium.jpeg?1587453828,Heliotropium indicum
https://static.inaturalist.org/photos/67886712/medium.jpg?1587471476,Heliotropium indicum
https://static.inaturalist.org/photos/67979635/medium.jpeg?1587515778,Heliotropium indicum
https://static.inaturalist.org/photos/68003759/medium.jpg?1587530341,Heliotropium indicum
https://static.inaturalist.org/photos/68016521/medium.jpeg?1587544436,Heliotropium indicum
https://static.inaturalist.org/photos/68016561/medium.jpeg?1587544492,Heliotropium indicum
https://static.inaturalist.org/photos/68025181/medium.jpeg?1587554626,Heliotropium indicum
https://static.inaturalist.org/photos/68160309/medium.jpeg?1587613882,Heliotropium indicum
https://static.inaturalist.org/photos/68160661/medium.jpeg?1587614117,Heliotropium indicum
https://static.inaturalist.org/photos/68160898/medium.jpeg?1587614282,Heliotropium indicum
https://static.inaturalist.org/photos/68168068/medium.jpeg?1587620592,Heliotropium indicum
https://static.inaturalist.org/photos/68329517/medium.jpeg?1587708191,Heliotropium indicum
https://static.inaturalist.org/photos/68332541/medium.jpg?1587710284,Heliotropium indicum
https://static.inaturalist.org/photos/68352588/medium.jpeg?1587722485,Heliotropium indicum
https://static.inaturalist.org/photos/68353230/medium.jpeg?1587722830,Heliotropium indicum
https://static.inaturalist.org/photos/68427823/medium.jpeg?1587744187,Heliotropium indicum
https://static.inaturalist.org/photos/68433541/medium.jpeg?1587745228,Heliotropium indicum
https://static.inaturalist.org/photos/68552526/medium.jpeg?1587765973,Heliotropium indicum
https://static.inaturalist.org/photos/68597990/medium.jpg?1587774482,Heliotropium indicum
https://static.inaturalist.org/photos/69385176/medium.jpg?1587938111,Heliotropium indicum
https://static.inaturalist.org/photos/69390512/medium.jpeg?1587938886,Heliotropium indicum
https://static.inaturalist.org/photos/69393822/medium.jpeg?1587939348,Heliotropium indicum
https://static.inaturalist.org/photos/69471216/medium.jpg?1587951897,Heliotropium indicum
https://static.inaturalist.org/photos/69499757/medium.jpeg?1587957796,Heliotropium indicum
https://static.inaturalist.org/photos/69760626/medium.jpeg?1588022973,Heliotropium indicum
https://static.inaturalist.org/photos/69824602/medium.jpg?1588033964,Heliotropium indicum
https://static.inaturalist.org/photos/69913606/medium.jpeg?1588056403,Heliotropium indicum
https://static.inaturalist.org/photos/70038204/medium.jpeg?1588107612,Heliotropium indicum
https://static.inaturalist.org/photos/70192688/medium.jpeg?1588180996,Heliotropium indicum
https://static.inaturalist.org/photos/70193583/medium.jpeg?1588181316,Heliotropium indicum
https://static.inaturalist.org/photos/70294637/medium.jpeg?1588218196,Heliotropium indicum
https://static.inaturalist.org/photos/70294629/medium.jpeg?1588218191,Heliotropium indicum
https://static.inaturalist.org/photos/70397496/medium.jpg?1588277035,Heliotropium indicum
https://static.inaturalist.org/photos/70474066/medium.jpg?1588311095,Heliotropium indicum
https://static.inaturalist.org/photos/70488874/medium.jpeg?1588325510,Heliotropium indicum
https://static.inaturalist.org/photos/70671390/medium.jpeg?1588419035,Heliotropium indicum
https://static.inaturalist.org/photos/70855989/medium.jpg?1588482568,Heliotropium indicum
https://static.inaturalist.org/photos/70916054/medium.jpeg?1588516953,Heliotropium indicum
https://static.inaturalist.org/photos/71124481/medium.jpg?1588593216,Heliotropium indicum
https://static.inaturalist.org/photos/71251388/medium.jpg?1588647168,Heliotropium indicum
https://static.inaturalist.org/photos/71432222/medium.jpeg?1588754822,Heliotropium indicum
https://static.inaturalist.org/photos/71772517/medium.jpg?1588948347,Heliotropium indicum
https://static.inaturalist.org/photos/71899388/medium.jpeg?1589010195,Heliotropium indicum
https://static.inaturalist.org/photos/73073668/medium.jpeg?1589629498,Heliotropium indicum
https://static.inaturalist.org/photos/72285518/medium.jpg?1589200594,Heliotropium indicum
https://static.inaturalist.org/photos/72539193/medium.jpeg?1589331334,Heliotropium indicum
https://static.inaturalist.org/photos/72708290/medium.jpeg?1589426516,Heliotropium indicum
https://static.inaturalist.org/photos/72709008/medium.jpeg?1589427036,Heliotropium indicum
https://static.inaturalist.org/photos/72716382/medium.jpeg?1589432849,Heliotropium indicum
https://static.inaturalist.org/photos/72743160/medium.jpg?1589461042,Heliotropium indicum
https://static.inaturalist.org/photos/73022587/medium.jpeg?1589594968,Heliotropium indicum
https://static.inaturalist.org/photos/74040235/medium.jpeg?1590030321,Heliotropium indicum
https://static.inaturalist.org/photos/74221196/medium.jpg?1590114654,Heliotropium indicum
https://static.inaturalist.org/photos/74435109/medium.jpg?1590213861,Heliotropium indicum
https://static.inaturalist.org/photos/74502589/medium.jpeg?1590248277,Heliotropium indicum
https://static.inaturalist.org/photos/74863716/medium.jpeg?1590365593,Heliotropium indicum
https://static.inaturalist.org/photos/74899759/medium.jpeg?1590378709,Heliotropium indicum
https://static.inaturalist.org/photos/74950072/medium.jpg?1590410997,Heliotropium indicum
https://static.inaturalist.org/photos/75380448/medium.jpg?1590597760,Heliotropium indicum
https://static.inaturalist.org/photos/75693698/medium.jpg?1590748807,Heliotropium indicum
https://static.inaturalist.org/photos/75735168/medium.jpeg?1590768793,Heliotropium indicum
https://static.inaturalist.org/photos/75862253/medium.jpeg?1590831585,Heliotropium indicum
https://static.inaturalist.org/photos/75998959/medium.jpeg?1590878528,Heliotropium indicum
https://static.inaturalist.org/photos/77126466/medium.jpg?1591405237,Heliotropium indicum
https://static.inaturalist.org/photos/77457563/medium.jpeg?1591551528,Heliotropium indicum
https://static.inaturalist.org/photos/77541237/medium.jpeg?1591575783,Heliotropium indicum
https://static.inaturalist.org/photos/77837644/medium.jpeg?1591723652,Heliotropium indicum
https://static.inaturalist.org/photos/78075038/medium.jpeg?1591839048,Heliotropium indicum
https://static.inaturalist.org/photos/78671649/medium.jpeg?1592128530,Heliotropium indicum
https://static.inaturalist.org/photos/78841700/medium.jpeg?1592181043,Heliotropium indicum
https://static.inaturalist.org/photos/79233122/medium.jpg?1592357126,Heliotropium indicum
https://static.inaturalist.org/photos/79427259/medium.jpeg?1592458488,Heliotropium indicum
https://static.inaturalist.org/photos/79520174/medium.jpeg?1592508478,Heliotropium indicum
https://static.inaturalist.org/photos/79533032/medium.jpg?1592513001,Heliotropium indicum
https://static.inaturalist.org/photos/79608431/medium.jpeg?1592556858,Heliotropium indicum
https://static.inaturalist.org/photos/79684560/medium.jpeg?1592594197,Heliotropium indicum
https://static.inaturalist.org/photos/80090470/medium.jpeg?1592761252,Heliotropium indicum
https://static.inaturalist.org/photos/80198872/medium.jpeg?1592794493,Heliotropium indicum
https://static.inaturalist.org/photos/80629983/medium.jpeg?1593001608,Heliotropium indicum
https://static.inaturalist.org/photos/80726167/medium.jpeg?1593037924,Heliotropium indicum
https://static.inaturalist.org/photos/81023061/medium.jpg?1593194915,Heliotropium indicum
https://static.inaturalist.org/photos/81406419/medium.jpg?1593363293,Heliotropium indicum
https://static.inaturalist.org/photos/81526384/medium.jpg?1593398222,Heliotropium indicum
https://static.inaturalist.org/photos/81654422/medium.jpeg?1593461104,Heliotropium indicum
https://static.inaturalist.org/photos/81724516/medium.jpeg?1593490721,Heliotropium indicum
https://static.inaturalist.org/photos/81792723/medium.jpg?1593530792,Heliotropium indicum
https://static.inaturalist.org/photos/81793008/medium.jpg?1593530876,Heliotropium indicum
https://static.inaturalist.org/photos/81860801/medium.jpeg?1593553187,Heliotropium indicum
https://static.inaturalist.org/photos/82322723/medium.jpg?1593789726,Heliotropium indicum
https://static.inaturalist.org/photos/82580146/medium.jpg?1593903828,Heliotropium indicum
https://static.inaturalist.org/photos/82689706/medium.jpg?1593963308,Heliotropium indicum
https://static.inaturalist.org/photos/82756890/medium.jpg?1593983526,Heliotropium indicum
https://static.inaturalist.org/photos/82858057/medium.jpeg?1594034301,Heliotropium indicum
https://static.inaturalist.org/photos/82884368/medium.jpg?1594046555,Heliotropium indicum
https://static.inaturalist.org/photos/82885566/medium.jpeg?1594047011,Heliotropium indicum
https://static.inaturalist.org/photos/82928265/medium.jpg?1594061511,Heliotropium indicum
https://static.inaturalist.org/photos/83073389/medium.jpg?1594135483,Heliotropium indicum
https://static.inaturalist.org/photos/83344558/medium.jpg?1594259234,Heliotropium indicum
https://static.inaturalist.org/photos/83836337/medium.jpg?1594502088,Heliotropium indicum
https://static.inaturalist.org/photos/84029937/medium.jpeg?1594582073,Heliotropium indicum
https://static.inaturalist.org/photos/84292443/medium.jpg?1594690128,Heliotropium indicum
https://static.inaturalist.org/photos/84623841/medium.jpg?1594860295,Heliotropium indicum
https://static.inaturalist.org/photos/84903974/medium.jpg?1595006913,Heliotropium indicum
https://static.inaturalist.org/photos/85029240/medium.jpeg?1595072186,Heliotropium indicum
https://static.inaturalist.org/photos/85135009/medium.jpg?1595107076,Heliotropium indicum
https://static.inaturalist.org/photos/85284444/medium.jpg?1595176650,Heliotropium indicum
https://static.inaturalist.org/photos/85598993/medium.jpg?1595307863,Heliotropium indicum
https://static.inaturalist.org/photos/85626204/medium.jpeg?1595330384,Heliotropium indicum
https://static.inaturalist.org/photos/86466966/medium.jpg?1595726257,Heliotropium indicum
