image_url,scientific_name
https://static.inaturalist.org/photos/81638/medium.JPG,Prunus dulcis
https://static.inaturalist.org/photos/93058/medium.JPG,Prunus dulcis
https://static.inaturalist.org/photos/98124/medium.JPG,Prunus dulcis
https://static.inaturalist.org/photos/115775/medium.jpg,Prunus dulcis
https://static.inaturalist.org/photos/289220/medium.JPG?1365203097,Prunus dulcis
https://static.inaturalist.org/photos/353256/medium.jpg?1370152187,Prunus dulcis
https://static.inaturalist.org/photos/370005/medium.jpg?1371181511,Prunus dulcis
https://static.inaturalist.org/photos/370006/medium.jpg?1371181523,Prunus dulcis
https://static.inaturalist.org/photos/386144/medium.jpg?1372132099,Prunus dulcis
https://static.inaturalist.org/photos/669803/medium.JPG?1391989924,Prunus dulcis
https://static.inaturalist.org/photos/684158/medium.JPG?1392961954,Prunus dulcis
https://static.inaturalist.org/photos/698807/medium.jpg?1393647793,Prunus dulcis
https://static.inaturalist.org/photos/801963/medium.JPG?1398176727,Prunus dulcis
https://static.inaturalist.org/photos/879918/medium.jpg?1401225800,Prunus dulcis
https://static.inaturalist.org/photos/880025/medium.jpg?1401226697,Prunus dulcis
https://static.inaturalist.org/photos/881911/medium.jpg?1401291473,Prunus dulcis
https://static.inaturalist.org/photos/882063/medium.jpg?1401292729,Prunus dulcis
https://static.inaturalist.org/photos/1102734/medium.JPG?1410294086,Prunus dulcis
https://static.inaturalist.org/photos/1238797/medium.?1413362993,Prunus dulcis
https://static.inaturalist.org/photos/1586868/medium.JPG?1425212597,Prunus dulcis
https://static.inaturalist.org/photos/1588196/medium.JPG?1444769212,Prunus dulcis
https://static.inaturalist.org/photos/1888123/medium.JPG?1432290220,Prunus dulcis
https://static.inaturalist.org/photos/1976664/medium.jpg?1433794881,Prunus dulcis
https://static.inaturalist.org/photos/2042350/medium.jpg?1444453729,Prunus dulcis
https://static.inaturalist.org/photos/2289315/medium.jpg?1544677994,Prunus dulcis
https://static.inaturalist.org/photos/2298773/medium.jpg?1544521691,Prunus dulcis
https://static.inaturalist.org/photos/2432541/medium.jpg?1544649970,Prunus dulcis
https://static.inaturalist.org/photos/28649272/medium.jpg?1543475501,Prunus dulcis
https://static.inaturalist.org/photos/2729273/medium.jpeg?1449075641,Prunus dulcis
https://static.inaturalist.org/photos/2816623/medium.jpeg?1451214655,Prunus dulcis
https://static.inaturalist.org/photos/2916790/medium.jpg?1453548021,Prunus dulcis
https://static.inaturalist.org/photos/2916791/medium.jpg?1453548086,Prunus dulcis
https://static.inaturalist.org/photos/2946946/medium.jpg?1454168800,Prunus dulcis
https://static.inaturalist.org/photos/2952790/medium.jpg?1454272942,Prunus dulcis
https://static.inaturalist.org/photos/2984701/medium.jpg?1454909378,Prunus dulcis
https://static.inaturalist.org/photos/2989243/medium.jpeg?1455011814,Prunus dulcis
https://static.inaturalist.org/photos/2996193/medium.jpeg?1455132789,Prunus dulcis
https://static.inaturalist.org/photos/2996845/medium.jpg?1455140257,Prunus dulcis
https://static.inaturalist.org/photos/2999894/medium.jpeg?1455210217,Prunus dulcis
https://static.inaturalist.org/photos/3003012/medium.jpeg?1455259018,Prunus dulcis
https://static.inaturalist.org/photos/3007788/medium.jpeg?1455376674,Prunus dulcis
https://static.inaturalist.org/photos/3013058/medium.jpg?1455460772,Prunus dulcis
https://static.inaturalist.org/photos/3022158/medium.jpeg?1455626754,Prunus dulcis
https://static.inaturalist.org/photos/3021802/medium.jpeg?1455609404,Prunus dulcis
https://static.inaturalist.org/photos/3022167/medium.jpeg?1455626802,Prunus dulcis
https://static.inaturalist.org/photos/3031514/medium.jpeg?1455793579,Prunus dulcis
https://static.inaturalist.org/photos/3036407/medium.jpeg?1455912787,Prunus dulcis
https://static.inaturalist.org/photos/3056928/medium.jpg?1456313812,Prunus dulcis
https://static.inaturalist.org/photos/3120287/medium.jpg?1457457932,Prunus dulcis
https://static.inaturalist.org/photos/3151757/medium.jpeg?1457948543,Prunus dulcis
https://static.inaturalist.org/photos/3238811/medium.JPG?1459148690,Prunus dulcis
https://static.inaturalist.org/photos/3246902/medium.JPG?1459260498,Prunus dulcis
https://static.inaturalist.org/photos/3282059/medium.JPG?1459717279,Prunus dulcis
https://static.inaturalist.org/photos/3393017/medium.jpg?1460905617,Prunus dulcis
https://static.inaturalist.org/photos/3519320/medium.jpeg?1461943626,Prunus dulcis
https://static.inaturalist.org/photos/3640145/medium.JPG?1462964195,Prunus dulcis
https://static.inaturalist.org/photos/3640157/medium.jpg?1462965041,Prunus dulcis
https://static.inaturalist.org/photos/3640193/medium.JPG?1462966249,Prunus dulcis
https://static.inaturalist.org/photos/3780187/medium.jpg?1463931615,Prunus dulcis
https://static.inaturalist.org/photos/3876742/medium.jpg?1464804317,Prunus dulcis
https://static.inaturalist.org/photos/4237399/medium.jpg?1544811261,Prunus dulcis
https://static.inaturalist.org/photos/4309405/medium.jpeg?1469033096,Prunus dulcis
https://static.inaturalist.org/photos/4314904/medium.jpeg?1469081447,Prunus dulcis
https://static.inaturalist.org/photos/4359552/medium.jpg?1469508529,Prunus dulcis
https://static.inaturalist.org/photos/4448704/medium.jpg?1470407926,Prunus dulcis
https://static.inaturalist.org/photos/4956732/medium.jpg?1474441301,Prunus dulcis
https://static.inaturalist.org/photos/5063325/medium.jpeg?1475249766,Prunus dulcis
https://static.inaturalist.org/photos/5677605/medium.jpg?1480685467,Prunus dulcis
https://static.inaturalist.org/photos/5779442/medium.jpeg?1481385115,Prunus dulcis
https://static.inaturalist.org/photos/5850506/medium.jpeg?1482239830,Prunus dulcis
https://static.inaturalist.org/photos/6035793/medium.jpg?1484485625,Prunus dulcis
https://static.inaturalist.org/photos/6096092/medium.jpg?1485104098,Prunus dulcis
https://static.inaturalist.org/photos/6148840/medium.jpg?1485730102,Prunus dulcis
https://static.inaturalist.org/photos/6202589/medium.jpeg?1486321362,Prunus dulcis
https://static.inaturalist.org/photos/6236951/medium.jpeg?1486655046,Prunus dulcis
https://static.inaturalist.org/photos/6237174/medium.jpeg?1486656853,Prunus dulcis
https://static.inaturalist.org/photos/6252514/medium.jpeg?1486832641,Prunus dulcis
https://static.inaturalist.org/photos/6280569/medium.jpg?1487089667,Prunus dulcis
https://static.inaturalist.org/photos/6360156/medium.jpeg?1487847141,Prunus dulcis
https://static.inaturalist.org/photos/6394270/medium.jpeg?1488131526,Prunus dulcis
https://static.inaturalist.org/photos/6423538/medium.jpg?1488364791,Prunus dulcis
https://static.inaturalist.org/photos/6556890/medium.jpeg?1489422952,Prunus dulcis
https://static.inaturalist.org/photos/6776495/medium.jpg?1490794946,Prunus dulcis
https://static.inaturalist.org/photos/6778007/medium.jpeg?1490803917,Prunus dulcis
https://static.inaturalist.org/photos/6837248/medium.jpg?1491137510,Prunus dulcis
https://static.inaturalist.org/photos/6874466/medium.jpg?1491321023,Prunus dulcis
https://static.inaturalist.org/photos/6902938/medium.jpg?1491461931,Prunus dulcis
https://static.inaturalist.org/photos/6996697/medium.jpeg?1491942747,Prunus dulcis
https://static.inaturalist.org/photos/7087665/medium.jpeg?1492250349,Prunus dulcis
https://static.inaturalist.org/photos/7289334/medium.jpeg?1492624313,Prunus dulcis
https://static.inaturalist.org/photos/7407384/medium.jpg?1493016095,Prunus dulcis
https://static.inaturalist.org/photos/7586085/medium.jpg?1493754885,Prunus dulcis
https://static.inaturalist.org/photos/7653908/medium.jpg?1494104104,Prunus dulcis
https://static.inaturalist.org/photos/7769943/medium.jpg?1494661467,Prunus dulcis
https://static.inaturalist.org/photos/7908058/medium.jpg?1495285919,Prunus dulcis
https://static.inaturalist.org/photos/8445413/medium.jpeg?1497509402,Prunus dulcis
https://static.inaturalist.org/photos/8535302/medium.jpg?1497920602,Prunus dulcis
https://static.inaturalist.org/photos/8815577/medium.jpg?1499113410,Prunus dulcis
https://static.inaturalist.org/photos/9405914/medium.jpg?1501413990,Prunus dulcis
https://static.inaturalist.org/photos/9507522/medium.jpg?1501795679,Prunus dulcis
https://static.inaturalist.org/photos/9656654/medium.jpg?1502334145,Prunus dulcis
https://static.inaturalist.org/photos/9867817/medium.jpeg?1503172482,Prunus dulcis
https://static.inaturalist.org/photos/10424417/medium.jpg?1505312619,Prunus dulcis
https://static.inaturalist.org/photos/10464746/medium.jpeg?1505470076,Prunus dulcis
https://static.inaturalist.org/photos/10514059/medium.jpeg?1505623044,Prunus dulcis
https://static.inaturalist.org/photos/10651748/medium.jpeg?1506108917,Prunus dulcis
https://static.inaturalist.org/photos/10788257/medium.jpeg?1506569380,Prunus dulcis
https://static.inaturalist.org/photos/11655618/medium.jpeg?1509903641,Prunus dulcis
https://static.inaturalist.org/photos/11662734/medium.jpg?1509920728,Prunus dulcis
https://static.inaturalist.org/photos/11681225/medium.jpg?1509994906,Terminalia catappa
https://static.inaturalist.org/photos/11730627/medium.jpeg?1510243551,Prunus dulcis
https://static.inaturalist.org/photos/11753059/medium.jpg?1510348849,Prunus dulcis
https://static.inaturalist.org/photos/11841180/medium.jpg?1510742773,Prunus dulcis
https://static.inaturalist.org/photos/11869895/medium.jpg?1510894870,Prunus dulcis
https://static.inaturalist.org/photos/12080640/medium.jpeg?1511843779,Prunus dulcis
https://static.inaturalist.org/photos/12110913/medium.jpg?1511979397,Prunus dulcis
https://static.inaturalist.org/photos/12618654/medium.jpeg?1514650026,Prunus dulcis
https://static.inaturalist.org/photos/12618708/medium.jpeg?1514650337,Prunus dulcis
https://static.inaturalist.org/photos/13210315/medium.jpg?1517312108,Prunus dulcis
https://static.inaturalist.org/photos/13283764/medium.jpeg?1517633281,Prunus dulcis
https://static.inaturalist.org/photos/13287936/medium.jpg?1517666797,Prunus dulcis
https://static.inaturalist.org/photos/13321734/medium.jpg?1517791172,Prunus dulcis
https://static.inaturalist.org/photos/13328796/medium.jpg?1517818015,Prunus dulcis
https://static.inaturalist.org/photos/13351485/medium.jpeg?1517930705,Prunus dulcis
https://static.inaturalist.org/photos/13453648/medium.jpeg?1518385671,Prunus dulcis
https://static.inaturalist.org/photos/13484252/medium.jpeg?1518510686,Prunus dulcis
https://static.inaturalist.org/photos/13541607/medium.jpeg?1518794671,Prunus dulcis
https://static.inaturalist.org/photos/13584989/medium.jpg?1518965368,Prunus dulcis
https://static.inaturalist.org/photos/13586629/medium.jpg?1518971196,Prunus dulcis
https://static.inaturalist.org/photos/13601669/medium.jpg?1519009303,Prunus dulcis
https://static.inaturalist.org/photos/13609227/medium.jpg?1519055808,Prunus dulcis
https://static.inaturalist.org/photos/13630239/medium.jpeg?1519138187,Prunus dulcis
https://static.inaturalist.org/photos/13683493/medium.jpg?1519357616,Prunus dulcis
https://static.inaturalist.org/photos/13916026/medium.jpeg?1520258011,Prunus dulcis
https://static.inaturalist.org/photos/13937217/medium.jpeg?1520315678,Prunus dulcis
https://static.inaturalist.org/photos/13940365/medium.jpg?1520342389,Prunus dulcis
https://static.inaturalist.org/photos/14011377/medium.jpeg?1520618804,Prunus dulcis
https://static.inaturalist.org/photos/14061238/medium.jpeg?1520773567,Prunus dulcis
https://static.inaturalist.org/photos/14093771/medium.jpeg?1520859845,Prunus dulcis
https://static.inaturalist.org/photos/14461065/medium.jpg?1521988672,Prunus dulcis
https://static.inaturalist.org/photos/14765331/medium.jpg?1522766100,Prunus dulcis
https://static.inaturalist.org/photos/14840091/medium.jpg?1522939880,Prunus dulcis
https://static.inaturalist.org/photos/15022253/medium.jpg?1523339612,Prunus dulcis
https://static.inaturalist.org/photos/16231458/medium.jpg?1524567786,Prunus dulcis
https://static.inaturalist.org/photos/16324831/medium.jpeg?1524721889,Prunus dulcis
https://static.inaturalist.org/photos/16328472/medium.jpg?1524737842,Prunus dulcis
https://static.inaturalist.org/photos/16472830/medium.jpg?1524862514,Prunus dulcis
https://static.inaturalist.org/photos/16814603/medium.jpg?1525019639,Prunus dulcis
https://static.inaturalist.org/photos/16816662/medium.jpeg?1525020303,Prunus dulcis
https://static.inaturalist.org/photos/17062476/medium.jpeg?1525121352,Prunus dulcis
https://static.inaturalist.org/photos/17177952/medium.jpeg?1525186752,Prunus dulcis
https://static.inaturalist.org/photos/17182042/medium.jpg?1525189649,Prunus dulcis
https://static.inaturalist.org/photos/17225273/medium.jpg?1525219724,Prunus dulcis
https://static.inaturalist.org/photos/17256300/medium.jpeg?1525261600,Prunus dulcis
https://static.inaturalist.org/photos/17340752/medium.jpeg?1525358327,Prunus dulcis
https://static.inaturalist.org/photos/17361153/medium.jpeg?1525377878,Prunus dulcis
https://static.inaturalist.org/photos/17369850/medium.jpg?1525386765,Prunus dulcis
https://static.inaturalist.org/photos/17419760/medium.jpg?1525465823,Prunus dulcis
https://static.inaturalist.org/photos/17482918/medium.jpg?1525561384,Prunus dulcis
https://static.inaturalist.org/photos/17562640/medium.jpg?1525664405,Prunus dulcis
https://static.inaturalist.org/photos/17891453/medium.png?1526209523,Prunus dulcis
https://static.inaturalist.org/photos/17911159/medium.jpg?1526237887,Prunus dulcis
https://static.inaturalist.org/photos/18163737/medium.jpeg?1526631517,Prunus dulcis
https://static.inaturalist.org/photos/18216628/medium.jpeg?1526730968,Prunus dulcis
https://static.inaturalist.org/photos/18425809/medium.jpg?1527027748,Prunus dulcis
https://static.inaturalist.org/photos/18453232/medium.jpeg?1527087314,Prunus dulcis
https://static.inaturalist.org/photos/19737155/medium.jpeg?1529063438,Prunus dulcis
https://static.inaturalist.org/photos/20116472/medium.jpeg?1529651832,Prunus dulcis
https://static.inaturalist.org/photos/20117044/medium.jpeg?1529653632,Prunus dulcis
https://static.inaturalist.org/photos/20117374/medium.jpg?1529654503,Prunus dulcis
https://static.inaturalist.org/photos/20142770/medium.jpg?1529695464,Prunus dulcis
https://static.inaturalist.org/photos/20143031/medium.jpg?1529695684,Prunus dulcis
https://static.inaturalist.org/photos/20431550/medium.jpeg?1530140993,Prunus dulcis
https://static.inaturalist.org/photos/20586365/medium.jpeg?1530407372,Prunus dulcis
https://static.inaturalist.org/photos/21902455/medium.jpeg?1532449813,Prunus dulcis
https://static.inaturalist.org/photos/22003921/medium.jpeg?1532616226,Prunus dulcis
https://static.inaturalist.org/photos/22054983/medium.jpeg?1532675189,Prunus dulcis
https://static.inaturalist.org/photos/22173413/medium.jpeg?1532817040,Prunus dulcis
https://static.inaturalist.org/photos/22799141/medium.jpeg?1533758245,Prunus dulcis
https://static.inaturalist.org/photos/25383604/medium.jpeg?1537657813,Prunus dulcis
https://static.inaturalist.org/photos/25220803/medium.jpeg?1537453490,Prunus dulcis
https://static.inaturalist.org/photos/24871487/medium.jpeg?1536937840,Prunus dulcis
https://static.inaturalist.org/photos/22808267/medium.jpeg?1533768220,Prunus dulcis
https://static.inaturalist.org/photos/22808448/medium.jpeg?1533768445,Prunus dulcis
https://static.inaturalist.org/photos/23205426/medium.jpg?1534383618,Prunus dulcis
https://static.inaturalist.org/photos/23234513/medium.jpeg?1534437312,Prunus dulcis
https://static.inaturalist.org/photos/23292761/medium.jpeg?1534522316,Prunus dulcis
https://static.inaturalist.org/photos/23350629/medium.jpeg?1534608388,Prunus dulcis
https://static.inaturalist.org/photos/23357305/medium.jpeg?1534615024,Prunus dulcis
https://static.inaturalist.org/photos/23385874/medium.jpeg?1534643701,Prunus dulcis
https://static.inaturalist.org/photos/23417372/medium.jpeg?1534698299,Prunus dulcis
https://static.inaturalist.org/photos/23419664/medium.jpg?1534700313,Prunus dulcis
https://static.inaturalist.org/photos/23481234/medium.jpeg?1534783262,Prunus dulcis
https://static.inaturalist.org/photos/23752384/medium.jpeg?1535223817,Prunus dulcis
https://static.inaturalist.org/photos/23862414/medium.jpeg?1535384331,Prunus dulcis
https://static.inaturalist.org/photos/24128355/medium.jpg?1535825150,Prunus dulcis
https://static.inaturalist.org/photos/25343996/medium.jpeg?1537617556,Prunus dulcis
https://static.inaturalist.org/photos/26308526/medium.jpg?1539034938,Prunus dulcis
https://static.inaturalist.org/photos/26328495/medium.jpeg?1539059797,Prunus dulcis
https://static.inaturalist.org/photos/26362776/medium.jpg?1539120044,Prunus dulcis
https://static.inaturalist.org/photos/26846899/medium.jpeg?1539887522,Prunus dulcis
https://static.inaturalist.org/photos/27613361/medium.jpeg?1541262470,Prunus dulcis
https://static.inaturalist.org/photos/27632497/medium.jpg?1541283869,Prunus dulcis
https://static.inaturalist.org/photos/28326293/medium.jpeg?1542731258,Prunus dulcis
https://static.inaturalist.org/photos/28361088/medium.jpg?1542820699,Prunus dulcis
https://static.inaturalist.org/photos/28959337/medium.jpg?1544283066,Prunus dulcis
https://static.inaturalist.org/photos/29003620/medium.jpeg?1544378178,Prunus dulcis
https://static.inaturalist.org/photos/29336808/medium.jpg?1545282658,Prunus dulcis
https://static.inaturalist.org/photos/29648518/medium.jpg?1546098116,Prunus dulcis
https://static.inaturalist.org/photos/29765411/medium.jpg?1546367637,Prunus dulcis
https://static.inaturalist.org/photos/29906757/medium.jpeg?1546690888,Prunus dulcis
https://static.inaturalist.org/photos/30065592/medium.jpeg?1547057920,Prunus dulcis
https://static.inaturalist.org/photos/30193550/medium.jpeg?1547373167,Prunus dulcis
https://static.inaturalist.org/photos/30196109/medium.jpg?1547382748,Prunus dulcis
https://static.inaturalist.org/photos/30208979/medium.jpg?1547407458,Prunus dulcis
https://static.inaturalist.org/photos/30211920/medium.jpg?1547411993,Prunus dulcis
https://static.inaturalist.org/photos/30235662/medium.jpeg?1547460851,Prunus dulcis
https://static.inaturalist.org/photos/30400009/medium.jpg?1547913046,Prunus dulcis
https://static.inaturalist.org/photos/30435750/medium.jpeg?1547974796,Prunus dulcis
https://static.inaturalist.org/photos/30475456/medium.jpg?1548053156,Prunus dulcis
https://static.inaturalist.org/photos/30482150/medium.jpg?1548083790,Prunus dulcis
https://static.inaturalist.org/photos/30486662/medium.jpg?1548093542,Prunus dulcis
https://static.inaturalist.org/photos/30557142/medium.jpg?1548259705,Prunus dulcis
https://static.inaturalist.org/photos/30621986/medium.jpeg?1548419217,Prunus dulcis
https://static.inaturalist.org/photos/30702395/medium.jpeg?1548605627,Prunus dulcis
https://static.inaturalist.org/photos/30959273/medium.jpg?1549187852,Prunus dulcis
https://static.inaturalist.org/photos/31042300/medium.jpeg?1549370588,Prunus dulcis
https://static.inaturalist.org/photos/31093722/medium.jpeg?1549471300,Prunus dulcis
https://static.inaturalist.org/photos/31151300/medium.jpg?1549557932,Prunus dulcis
https://static.inaturalist.org/photos/31184209/medium.jpg?1549640066,Prunus dulcis
https://static.inaturalist.org/photos/31304166/medium.jpg?1549888495,Prunus dulcis
https://static.inaturalist.org/photos/31340560/medium.jpg?1549974429,Prunus dulcis
https://static.inaturalist.org/photos/31409589/medium.jpg?1550147693,Prunus dulcis
https://static.inaturalist.org/photos/31413976/medium.jpeg?1550159913,Prunus dulcis
https://static.inaturalist.org/photos/31432602/medium.jpg?1550199630,Prunus dulcis
https://static.inaturalist.org/photos/31443497/medium.jpeg?1550237717,Prunus dulcis
https://static.inaturalist.org/photos/31447167/medium.jpeg?1550247691,Prunus dulcis
https://static.inaturalist.org/photos/31477526/medium.jpeg?1550314230,Prunus dulcis
https://static.inaturalist.org/photos/31593870/medium.jpg?1550531967,Prunus dulcis
https://static.inaturalist.org/photos/31732525/medium.jpg?1550852018,Prunus dulcis
https://static.inaturalist.org/photos/31852766/medium.jpeg?1550923699,Prunus dulcis
https://static.inaturalist.org/photos/31900772/medium.jpg?1550936883,Prunus dulcis
https://static.inaturalist.org/photos/31904564/medium.jpg?1550937954,Prunus dulcis
https://static.inaturalist.org/photos/31953659/medium.jpg?1551007815,Prunus dulcis
https://static.inaturalist.org/photos/31954185/medium.jpg?1551009699,Prunus dulcis
https://static.inaturalist.org/photos/32040410/medium.jpg?1551170113,Prunus dulcis
https://static.inaturalist.org/photos/32043981/medium.jpeg?1551184626,Prunus dulcis
https://static.inaturalist.org/photos/32049220/medium.jpeg?1551197650,Prunus dulcis
https://static.inaturalist.org/photos/32083503/medium.jpg?1551266885,Prunus dulcis
https://static.inaturalist.org/photos/32098070/medium.jpeg?1551296932,Prunus dulcis
https://static.inaturalist.org/photos/32288559/medium.jpeg?1551645179,Prunus dulcis
https://static.inaturalist.org/photos/32308976/medium.jpg?1551666166,Prunus dulcis
https://static.inaturalist.org/photos/32330676/medium.jpg?1551711354,Prunus dulcis
https://static.inaturalist.org/photos/32337078/medium.jpg?1551719986,Prunus dulcis
https://static.inaturalist.org/photos/32337198/medium.jpg?1551720162,Prunus dulcis
https://static.inaturalist.org/photos/32346424/medium.jpeg?1551733147,Prunus dulcis
https://static.inaturalist.org/photos/32350997/medium.jpeg?1551739468,Prunus dulcis
https://static.inaturalist.org/photos/32351080/medium.jpg?1551739562,Prunus dulcis
https://static.inaturalist.org/photos/32388525/medium.jpeg?1551810609,Prunus dulcis
https://static.inaturalist.org/photos/32479903/medium.jpeg?1551981252,Prunus dulcis
https://static.inaturalist.org/photos/32501528/medium.jpg?1552009792,Prunus dulcis
https://static.inaturalist.org/photos/32517816/medium.jpeg?1552039919,Prunus dulcis
https://static.inaturalist.org/photos/32572381/medium.jpg?1552140248,Prunus dulcis
https://static.inaturalist.org/photos/32573522/medium.jpeg?1552142505,Prunus dulcis
https://static.inaturalist.org/photos/32714404/medium.jpeg?1552353909,Prunus dulcis
https://static.inaturalist.org/photos/32917593/medium.jpeg?1552753986,Prunus dulcis
https://static.inaturalist.org/photos/32925278/medium.jpeg?1552764131,Prunus dulcis
https://static.inaturalist.org/photos/32961516/medium.jpeg?1552818271,Prunus dulcis
https://static.inaturalist.org/photos/33046178/medium.jpeg?1552937838,Prunus dulcis
https://static.inaturalist.org/photos/33080085/medium.jpeg?1552997503,Prunus dulcis
https://static.inaturalist.org/photos/33182972/medium.jpg?1553163838,Prunus dulcis
https://static.inaturalist.org/photos/33298210/medium.jpeg?1553357184,Prunus dulcis
https://static.inaturalist.org/photos/33551312/medium.jpeg?1553708685,Prunus dulcis
https://static.inaturalist.org/photos/33684339/medium.jpg?1553890548,Prunus dulcis
https://static.inaturalist.org/photos/33719206/medium.jpg?1553933642,Prunus dulcis
https://static.inaturalist.org/photos/33724642/medium.jpg?1553949275,Prunus dulcis
https://static.inaturalist.org/photos/33725738/medium.jpg?1553951317,Prunus dulcis
https://static.inaturalist.org/photos/33955262/medium.jpg?1554222338,Prunus dulcis
https://static.inaturalist.org/photos/34233694/medium.jpg?1554590807,Prunus dulcis
https://static.inaturalist.org/photos/34234103/medium.jpg?1554591137,Prunus dulcis
https://static.inaturalist.org/photos/34267673/medium.jpeg?1554627801,Prunus dulcis
https://static.inaturalist.org/photos/34566566/medium.jpeg?1554975558,Prunus dulcis
https://static.inaturalist.org/photos/34588070/medium.jpeg?1555003347,Prunus
https://static.inaturalist.org/photos/34793889/medium.jpeg?1555249188,Prunus dulcis
https://static.inaturalist.org/photos/35457964/medium.jpg?1555932077,Prunus dulcis
https://static.inaturalist.org/photos/35708725/medium.jpg?1556163003,Prunus dulcis
https://static.inaturalist.org/photos/35778538/medium.jpeg?1556233354,Prunus dulcis
https://static.inaturalist.org/photos/35829362/medium.jpg?1556273101,Prunus dulcis
https://static.inaturalist.org/photos/35902600/medium.jpg?1556297078,Prunus dulcis
https://static.inaturalist.org/photos/36688413/medium.jpg?1556478426,Prunus dulcis
https://static.inaturalist.org/photos/36890948/medium.jpeg?1556510513,Prunus dulcis
https://static.inaturalist.org/photos/37548227/medium.jpg?1556722023,Prunus dulcis
https://static.inaturalist.org/photos/37859809/medium.jpeg?1556935666,Prunus dulcis
https://static.inaturalist.org/photos/38043641/medium.jpg?1557078787,Prunus dulcis
https://static.inaturalist.org/photos/38166024/medium.jpeg?1557168294,Prunus dulcis
https://static.inaturalist.org/photos/38234882/medium.jpg?1557232629,Prunus dulcis
https://static.inaturalist.org/photos/38376756/medium.jpg?1557362378,Prunus dulcis
https://static.inaturalist.org/photos/38657366/medium.jpeg?1557649807,Prunus dulcis
https://static.inaturalist.org/photos/38658237/medium.jpg?1557651205,Prunus dulcis
https://static.inaturalist.org/photos/38767518/medium.jpg?1557743349,Prunus dulcis
https://static.inaturalist.org/photos/39013055/medium.jpeg?1557987215,Prunus dulcis
https://static.inaturalist.org/photos/39696867/medium.jpg?1558621141,Prunus dulcis
https://static.inaturalist.org/photos/40021585/medium.jpeg?1558887444,Prunus dulcis
https://static.inaturalist.org/photos/40201689/medium.jpg?1559009165,Prunus dulcis
https://static.inaturalist.org/photos/40221312/medium.jpg?1559031224,Prunus dulcis
https://static.inaturalist.org/photos/40306518/medium.jpeg?1559108784,Prunus dulcis
https://static.inaturalist.org/photos/41420337/medium.jpg?1560077608,Prunus dulcis
https://static.inaturalist.org/photos/41626741/medium.jpeg?1560238811,Prunus dulcis
https://static.inaturalist.org/photos/41713827/medium.jpeg?1560314945,Prunus dulcis
https://static.inaturalist.org/photos/41837484/medium.jpg?1560447215,Prunus dulcis
https://static.inaturalist.org/photos/42237825/medium.jpeg?1560795315,Prunus dulcis
https://static.inaturalist.org/photos/42351314/medium.jpeg?1560893830,Prunus dulcis
https://static.inaturalist.org/photos/42616853/medium.jpg?1561146210,Prunus dulcis
https://static.inaturalist.org/photos/43120455/medium.jpg?1561560946,Prunus dulcis
https://static.inaturalist.org/photos/43261085/medium.jpeg?1561676162,Prunus dulcis
https://static.inaturalist.org/photos/43297609/medium.jpg?1561719351,Prunus dulcis
https://static.inaturalist.org/photos/43488627/medium.jpg?1561887639,Prunus dulcis
https://static.inaturalist.org/photos/44107009/medium.jpg?1562431635,Prunus dulcis
https://static.inaturalist.org/photos/43987672/medium.jpeg?1562332755,Prunus dulcis
https://static.inaturalist.org/photos/45508866/medium.jpg?1563625613,Prunus dulcis
https://static.inaturalist.org/photos/45757956/medium.jpg?1563812290,Prunus dulcis
https://static.inaturalist.org/photos/46245984/medium.jpg?1564217489,Prunus dulcis
https://static.inaturalist.org/photos/46366388/medium.jpeg?1564315496,Prunus dulcis
https://static.inaturalist.org/photos/46604607/medium.jpeg?1564489782,Prunus dulcis
https://static.inaturalist.org/photos/47161941/medium.jpg?1564948746,Prunus dulcis
https://static.inaturalist.org/photos/47258960/medium.jpeg?1565027436,Prunus dulcis
https://static.inaturalist.org/photos/47975945/medium.jpg?1565634756,Prunus dulcis
https://static.inaturalist.org/photos/48062601/medium.jpeg?1565708405,Prunus dulcis
https://static.inaturalist.org/photos/48075007/medium.jpg?1565716908,Prunus dulcis
https://static.inaturalist.org/photos/48081436/medium.jpg?1565720689,Prunus dulcis
https://static.inaturalist.org/photos/48172455/medium.jpeg?1565801904,Prunus dulcis
https://static.inaturalist.org/photos/48280650/medium.jpg?1565891335,Prunus dulcis
https://static.inaturalist.org/photos/48545273/medium.jpeg?1566120700,Prunus dulcis
https://static.inaturalist.org/photos/48690439/medium.jpeg?1566236549,Prunus dulcis
https://static.inaturalist.org/photos/48694183/medium.jpg?1566238833,Prunus dulcis
https://static.inaturalist.org/photos/48749124/medium.jpg?1566285263,Prunus dulcis
https://static.inaturalist.org/photos/48821048/medium.jpg?1566347039,Prunus dulcis
https://static.inaturalist.org/photos/48939206/medium.jpg?1566459527,Prunus dulcis
https://static.inaturalist.org/photos/48941791/medium.jpg?1566465235,Prunus dulcis
https://static.inaturalist.org/photos/49070882/medium.jpg?1566583399,Prunus dulcis
https://static.inaturalist.org/photos/49524330/medium.jpg?1566936791,Prunus dulcis
https://static.inaturalist.org/photos/49610997/medium.jpeg?1567017007,Prunus dulcis
https://static.inaturalist.org/photos/49676711/medium.jpg?1567082609,Prunus dulcis
https://static.inaturalist.org/photos/49749152/medium.jpg?1567127418,Prunus dulcis
https://static.inaturalist.org/photos/51392326/medium.jpeg?1568537325,Prunus dulcis
https://static.inaturalist.org/photos/51797427/medium.jpeg?1568889188,Prunus dulcis
https://static.inaturalist.org/photos/51909116/medium.jpeg?1568992287,Prunus dulcis
https://static.inaturalist.org/photos/52662328/medium.jpeg?1569678089,Prunus dulcis
https://static.inaturalist.org/photos/53045426/medium.jpeg?1570027631,Prunus dulcis
https://static.inaturalist.org/photos/53123209/medium.jpeg?1570114813,Prunus dulcis
https://static.inaturalist.org/photos/53198134/medium.jpeg?1570201394,Prunus dulcis
https://static.inaturalist.org/photos/53200094/medium.jpeg?1570203085,Prunus dulcis
https://static.inaturalist.org/photos/53342807/medium.jpeg?1570328219,Prunus dulcis
https://static.inaturalist.org/photos/53810812/medium.jpeg?1570813076,Prunus dulcis
https://static.inaturalist.org/photos/53857312/medium.jpg?1570865401,Prunus dulcis
https://static.inaturalist.org/photos/53949463/medium.jpeg?1570952045,Prunus dulcis
https://static.inaturalist.org/photos/54611116/medium.jpg?1571647954,Prunus dulcis
https://static.inaturalist.org/photos/54632014/medium.jpeg?1571672801,Prunus dulcis
https://static.inaturalist.org/photos/55016461/medium.jpg?1572107822,Prunus dulcis
https://static.inaturalist.org/photos/55512459/medium.jpeg?1572739345,Prunus dulcis
https://static.inaturalist.org/photos/55581448/medium.jpg?1572823225,Prunus dulcis
https://static.inaturalist.org/photos/55758894/medium.jpeg?1573036312,Prunus dulcis
https://static.inaturalist.org/photos/55938896/medium.jpg?1573268194,Prunus dulcis
https://static.inaturalist.org/photos/56545780/medium.jpg?1574110289,Prunus dulcis
https://static.inaturalist.org/photos/56637149/medium.jpeg?1574248599,Prunus dulcis
https://static.inaturalist.org/photos/57099593/medium.jpg?1574895292,Prunus dulcis
https://static.inaturalist.org/photos/57224588/medium.jpeg?1575124273,Prunus dulcis
https://static.inaturalist.org/photos/57849460/medium.jpeg?1576145965,Prunus dulcis
https://static.inaturalist.org/photos/57921257/medium.jpeg?1576273603,Prunus dulcis
https://static.inaturalist.org/photos/58586131/medium.jpeg?1577467462,Prunus dulcis
https://static.inaturalist.org/photos/58625152/medium.jpg?1577523857,Prunus dulcis
https://static.inaturalist.org/photos/59570665/medium.jpeg?1578940144,Prunus dulcis
https://static.inaturalist.org/photos/59646023/medium.jpeg?1579057751,Prunus dulcis
https://static.inaturalist.org/photos/59657331/medium.jpeg?1579082407,Prunus dulcis
https://static.inaturalist.org/photos/59829480/medium.jpeg?1579347225,Prunus dulcis
https://static.inaturalist.org/photos/59842376/medium.jpg?1579366155,Prunus dulcis
https://static.inaturalist.org/photos/59882893/medium.jpeg?1579412860,Prunus dulcis
https://static.inaturalist.org/photos/60039109/medium.jpeg?1579638067,Prunus dulcis
https://static.inaturalist.org/photos/60229018/medium.jpeg?1579954050,Prunus dulcis
https://static.inaturalist.org/photos/60365597/medium.jpeg?1580111013,Prunus dulcis
https://static.inaturalist.org/photos/60884012/medium.jpeg?1580879094,Prunus dulcis
https://static.inaturalist.org/photos/60946522/medium.jpeg?1580985441,Prunus dulcis
https://static.inaturalist.org/photos/61216643/medium.jpeg?1581360046,Prunus dulcis
https://static.inaturalist.org/photos/61308509/medium.jpeg?1581497098,Prunus dulcis
https://static.inaturalist.org/photos/61372221/medium.jpeg?1581597043,Prunus dulcis
https://static.inaturalist.org/photos/61376685/medium.jpeg?1581604922,Prunus dulcis
https://static.inaturalist.org/photos/61482226/medium.jpg?1581759144,Prunus dulcis
https://static.inaturalist.org/photos/61508148/medium.jpeg?1581794064,Prunus dulcis
https://static.inaturalist.org/photos/61640946/medium.jpeg?1581950429,Prunus dulcis
https://static.inaturalist.org/photos/61719357/medium.jpeg?1582043152,Prunus dulcis
https://static.inaturalist.org/photos/61919068/medium.jpg?1582326393,Prunus dulcis
https://static.inaturalist.org/photos/61958058/medium.jpeg?1582388636,Prunus dulcis
https://static.inaturalist.org/photos/62212853/medium.jpg?1582685951,Prunus dulcis
https://static.inaturalist.org/photos/62226102/medium.jpeg?1582713502,Prunus dulcis
https://static.inaturalist.org/photos/62363036/medium.jpg?1582907993,Prunus dulcis
https://static.inaturalist.org/photos/62381303/medium.jpeg?1582928098,Prunus dulcis
https://static.inaturalist.org/photos/62415554/medium.jpeg?1582978909,Prunus dulcis
https://static.inaturalist.org/photos/62501003/medium.jpeg?1583058892,Prunus dulcis
https://static.inaturalist.org/photos/62592064/medium.jpg?1583159338,Prunus dulcis
https://static.inaturalist.org/photos/62783335/medium.jpeg?1583398348,Prunus dulcis
https://static.inaturalist.org/photos/62783533/medium.jpeg?1583398957,Prunus dulcis
https://static.inaturalist.org/photos/62881543/medium.jpeg?1583530662,Prunus dulcis
https://static.inaturalist.org/photos/63187878/medium.jpg?1583861239,Prunus dulcis
https://static.inaturalist.org/photos/63237358/medium.jpg?1583920890,Prunus dulcis
https://static.inaturalist.org/photos/63260653/medium.jpeg?1583951369,Prunus dulcis
https://static.inaturalist.org/photos/63306887/medium.jpeg?1583998643,Prunus dulcis
https://static.inaturalist.org/photos/63324048/medium.jpeg?1584025230,Prunus dulcis
https://static.inaturalist.org/photos/63341955/medium.jpg?1584042651,Prunus dulcis
https://static.inaturalist.org/photos/63398367/medium.jpeg?1584116914,Prunus dulcis
https://static.inaturalist.org/photos/63511497/medium.jpg?1584226304,Prunus dulcis
https://static.inaturalist.org/photos/63512364/medium.jpg?1584226834,Prunus dulcis
https://static.inaturalist.org/photos/63513358/medium.jpg?1584227520,Prunus dulcis
https://static.inaturalist.org/photos/63564864/medium.jpeg?1584285817,Prunus dulcis
https://static.inaturalist.org/photos/63699776/medium.jpg?1584403426,Prunus dulcis
https://static.inaturalist.org/photos/64102324/medium.jpeg?1584797675,Prunus dulcis
https://static.inaturalist.org/photos/64103961/medium.jpeg?1584799230,Prunus dulcis
https://static.inaturalist.org/photos/64133039/medium.jpeg?1584818887,Prunus dulcis
https://static.inaturalist.org/photos/64213706/medium.jpeg?1584883691,Prunus dulcis
https://static.inaturalist.org/photos/64235666/medium.jpg?1584898129,Prunus dulcis
https://static.inaturalist.org/photos/64252999/medium.jpg?1584907400,Prunus dulcis
https://static.inaturalist.org/photos/64271102/medium.jpg?1584916348,Prunus dulcis
https://static.inaturalist.org/photos/64487382/medium.jpeg?1585114747,Prunus dulcis
https://static.inaturalist.org/photos/64592559/medium.jpg?1585219884,Prunus dulcis
https://static.inaturalist.org/photos/64936361/medium.jpg?1585484844,Prunus dulcis
https://static.inaturalist.org/photos/64979869/medium.jpg?1585508577,Prunus dulcis
https://static.inaturalist.org/photos/65069187/medium.jpeg?1585577235,Prunus dulcis
https://static.inaturalist.org/photos/65072010/medium.jpeg?1585579111,Prunus dulcis
https://static.inaturalist.org/photos/65130676/medium.jpg?1585611933,Prunus dulcis
https://static.inaturalist.org/photos/65134476/medium.jpg?1585614437,Prunus dulcis
https://static.inaturalist.org/photos/65217369/medium.jpeg?1585688490,Prunus dulcis
https://static.inaturalist.org/photos/65386991/medium.jpg?1585837974,Prunus dulcis
https://static.inaturalist.org/photos/65416332/medium.jpeg?1585855277,Prunus dulcis
https://static.inaturalist.org/photos/65569299/medium.jpeg?1585966355,Prunus dulcis
https://static.inaturalist.org/photos/65631893/medium.jpg?1586020919,Prunus dulcis
https://static.inaturalist.org/photos/65714553/medium.jpg?1586066460,Prunus dulcis
https://static.inaturalist.org/photos/65906375/medium.jpeg?1586192727,Prunus dulcis
https://static.inaturalist.org/photos/66324053/medium.jpeg?1586480052,Prunus dulcis
https://static.inaturalist.org/photos/66337047/medium.jpeg?1586503173,Prunus dulcis
https://static.inaturalist.org/photos/66407881/medium.jpg?1586549609,Prunus dulcis
https://static.inaturalist.org/photos/66601120/medium.jpg?1586657306,Prunus dulcis
https://static.inaturalist.org/photos/66675011/medium.jpg?1586711465,Prunus dulcis
https://static.inaturalist.org/photos/66771934/medium.jpeg?1586756633,Prunus dulcis
https://static.inaturalist.org/photos/66910406/medium.jpeg?1586855523,Prunus dulcis
https://static.inaturalist.org/photos/66978443/medium.jpg?1586899836,Prunus dulcis
https://static.inaturalist.org/photos/67177922/medium.jpeg?1587046654,Prunus dulcis
https://static.inaturalist.org/photos/67188158/medium.jpeg?1587052974,Prunus dulcis
https://static.inaturalist.org/photos/67237338/medium.jpg?1587075936,Prunus dulcis
https://static.inaturalist.org/photos/67308812/medium.jpg?1587135697,Prunus dulcis
https://static.inaturalist.org/photos/67427735/medium.jpg?1587211805,Prunus dulcis
https://static.inaturalist.org/photos/67452812/medium.jpeg?1587225076,Prunus dulcis
https://static.inaturalist.org/photos/67913289/medium.jpg?1587486077,Prunus dulcis
https://static.inaturalist.org/photos/68160601/medium.jpeg?1587614079,Prunus dulcis
https://static.inaturalist.org/photos/68162210/medium.jpeg?1587615281,Prunus dulcis
https://static.inaturalist.org/photos/68302545/medium.jpeg?1587692940,Prunus dulcis
https://static.inaturalist.org/photos/68392886/medium.jpeg?1587737360,Prunus dulcis
https://static.inaturalist.org/photos/68459035/medium.jpeg?1587749760,Prunus dulcis
https://static.inaturalist.org/photos/68497416/medium.jpg?1587756587,Prunus dulcis
https://static.inaturalist.org/photos/69058021/medium.jpeg?1587869338,Prunus dulcis
https://static.inaturalist.org/photos/69098381/medium.jpeg?1587880153,Prunus dulcis
https://static.inaturalist.org/photos/69191283/medium.jpeg?1587909738,Prunus dulcis
https://static.inaturalist.org/photos/69200014/medium.jpeg?1587911326,Prunus dulcis
https://static.inaturalist.org/photos/69208003/medium.jpeg?1587912641,Prunus dulcis
https://static.inaturalist.org/photos/69222194/medium.jpeg?1587914808,Prunus dulcis
https://static.inaturalist.org/photos/69222581/medium.jpeg?1587914865,Prunus dulcis
https://static.inaturalist.org/photos/69262037/medium.jpeg?1587920815,Prunus dulcis
https://static.inaturalist.org/photos/69262273/medium.jpeg?1587920845,Prunus dulcis
https://static.inaturalist.org/photos/69349333/medium.jpg?1587933215,Prunus dulcis
https://static.inaturalist.org/photos/69428074/medium.jpeg?1587944620,Prunus dulcis
https://static.inaturalist.org/photos/69614489/medium.jpg?1587998225,Prunus dulcis
https://static.inaturalist.org/photos/69740524/medium.jpeg?1588019635,Prunus dulcis
https://static.inaturalist.org/photos/69772404/medium.jpg?1588024916,Prunus dulcis
https://static.inaturalist.org/photos/69893737/medium.jpeg?1588048072,Prunus dulcis
https://static.inaturalist.org/photos/70018960/medium.jpg?1588101811,Prunus dulcis
https://static.inaturalist.org/photos/70144367/medium.jpeg?1588160457,Prunus dulcis
https://static.inaturalist.org/photos/70169802/medium.jpeg?1588173026,Prunus dulcis
https://static.inaturalist.org/photos/70235355/medium.jpeg?1588195111,Prunus dulcis
https://static.inaturalist.org/photos/70454402/medium.jpg?1588299727,Prunus dulcis
https://static.inaturalist.org/photos/70475341/medium.jpeg?1588312032,Prunus dulcis
https://static.inaturalist.org/photos/70592443/medium.jpg?1588371065,Prunus dulcis
https://static.inaturalist.org/photos/70594880/medium.jpg?1588372057,Prunus dulcis
https://static.inaturalist.org/photos/70669485/medium.jpeg?1588417478,Prunus dulcis
https://static.inaturalist.org/photos/70710881/medium.jpeg?1588435292,Prunus dulcis
https://static.inaturalist.org/photos/71008127/medium.jpg?1588539368,Prunus dulcis
https://static.inaturalist.org/photos/71021904/medium.jpg?1588542560,Prunus dulcis
https://static.inaturalist.org/photos/71194024/medium.jpg?1588622050,Prunus dulcis
https://static.inaturalist.org/photos/71207810/medium.jpg?1588627505,Prunus dulcis
https://static.inaturalist.org/photos/71398005/medium.jpg?1588727100,Prunus dulcis
https://static.inaturalist.org/photos/71409374/medium.jpeg?1588732962,Prunus dulcis
https://static.inaturalist.org/photos/71800018/medium.jpeg?1588958585,Prunus dulcis
https://static.inaturalist.org/photos/71900268/medium.jpg?1589011185,Prunus dulcis
https://static.inaturalist.org/photos/72057780/medium.jpg?1589078613,Prunus dulcis
https://static.inaturalist.org/photos/72087356/medium.jpeg?1589100153,Prunus dulcis
https://static.inaturalist.org/photos/72120550/medium.jpeg?1589121188,Prunus dulcis
https://static.inaturalist.org/photos/72272507/medium.jpeg?1589188829,Prunus dulcis
https://static.inaturalist.org/photos/76075520/medium.jpeg?1590916226,Prunus dulcis
https://static.inaturalist.org/photos/72468774/medium.jpeg?1589302769,Prunus dulcis
https://static.inaturalist.org/photos/72944707/medium.jpg?1589565120,Prunus dulcis
https://static.inaturalist.org/photos/74323594/medium.jpg?1590169260,Prunus dulcis
https://static.inaturalist.org/photos/74790831/medium.jpeg?1590346990,Prunus dulcis
https://static.inaturalist.org/photos/75103394/medium.jpeg?1590456793,Prunus dulcis
https://static.inaturalist.org/photos/75223882/medium.jpg?1590519627,Prunus dulcis
https://static.inaturalist.org/photos/75370816/medium.jpeg?1590594601,Prunus dulcis
https://static.inaturalist.org/photos/75374055/medium.jpg?1590595723,Prunus dulcis
https://static.inaturalist.org/photos/75546732/medium.jpg?1590680129,Prunus dulcis
https://static.inaturalist.org/photos/76575439/medium.jpeg?1591127674,Prunus dulcis
https://static.inaturalist.org/photos/76884025/medium.jpeg?1591292030,Prunus dulcis
https://static.inaturalist.org/photos/76901703/medium.jpg?1591298826,Prunus dulcis
https://static.inaturalist.org/photos/77075656/medium.jpeg?1591385602,Prunus dulcis
https://static.inaturalist.org/photos/77341899/medium.jpg?1591496383,Prunus dulcis
https://static.inaturalist.org/photos/77529974/medium.jpeg?1591572497,Prunus dulcis
https://static.inaturalist.org/photos/77569644/medium.jpg?1591586247,Prunus dulcis
https://static.inaturalist.org/photos/77803003/medium.jpg?1591710446,Prunus dulcis
https://static.inaturalist.org/photos/78561690/medium.jpeg?1592079944,Prunus dulcis
https://static.inaturalist.org/photos/78751788/medium.jpg?1592156774,Prunus dulcis
https://static.inaturalist.org/photos/79072884/medium.jpeg?1592281395,Prunus dulcis
https://static.inaturalist.org/photos/79356285/medium.jpeg?1592425913,Prunus dulcis
https://static.inaturalist.org/photos/79356538/medium.jpeg?1592426023,Prunus dulcis
https://static.inaturalist.org/photos/80112512/medium.jpeg?1592766634,Prunus dulcis
https://static.inaturalist.org/photos/80221709/medium.jpg?1592806249,Prunus dulcis
https://static.inaturalist.org/photos/80221729/medium.jpg?1592806266,Prunus dulcis
https://static.inaturalist.org/photos/80221764/medium.jpg?1592806291,Prunus dulcis
https://static.inaturalist.org/photos/80322578/medium.jpg?1592852083,Prunus dulcis
https://static.inaturalist.org/photos/80322648/medium.jpg?1592852102,Prunus dulcis
https://static.inaturalist.org/photos/84020209/medium.jpg?1594579701,Prunus dulcis
https://static.inaturalist.org/photos/82106722/medium.jpeg?1593674545,Prunus dulcis
https://static.inaturalist.org/photos/82318077/medium.jpg?1593787866,Prunus dulcis
https://static.inaturalist.org/photos/82691198/medium.jpeg?1593963682,Prunus dulcis
https://static.inaturalist.org/photos/83917229/medium.jpeg?1594543343,Prunus dulcis
https://static.inaturalist.org/photos/83959839/medium.jpeg?1594564392,Prunus dulcis
https://static.inaturalist.org/photos/83959921/medium.jpeg?1594564415,Prunus dulcis
https://static.inaturalist.org/photos/83994568/medium.jpeg?1594573468,Prunus dulcis
https://static.inaturalist.org/photos/84665415/medium.jpg?1594888974,Prunus dulcis
https://static.inaturalist.org/photos/84726028/medium.jpeg?1594920098,Prunus dulcis
https://static.inaturalist.org/photos/84907326/medium.jpg?1595008222,Prunus dulcis
https://static.inaturalist.org/photos/85031144/medium.jpg?1595073273,Prunus dulcis
https://static.inaturalist.org/photos/85024287/medium.jpeg?1595068963,Prunus dulcis
https://static.inaturalist.org/photos/85224640/medium.jpeg?1595154066,Prunus dulcis
https://static.inaturalist.org/photos/85440162/medium.jpg?1595241472,Prunus dulcis
https://static.inaturalist.org/photos/85447786/medium.jpeg?1595246198,Prunus dulcis
https://static.inaturalist.org/photos/85631895/medium.jpg?1595333743,Prunus dulcis
https://static.inaturalist.org/photos/85791605/medium.jpg?1595410844,Prunus dulcis
https://static.inaturalist.org/photos/86391108/medium.jpg?1595700623,Prunus dulcis
