image_url,scientific_name
https://static.inaturalist.org/photos/24886/medium.jpg,Syzygium malaccense
https://static.inaturalist.org/photos/535724/medium.jpg?1381471853,Syzygium malaccense
https://static.inaturalist.org/photos/1700343/medium.jpg?1428448716,Syzygium malaccense
https://static.inaturalist.org/photos/2920672/medium.JPG?1453623015,Syzygium malaccense
https://static.inaturalist.org/photos/2930798/medium.jpeg?1453816569,Syzygium malaccense
https://static.inaturalist.org/photos/3109834/medium.jpg?1457292120,Syzygium malaccense
https://static.inaturalist.org/photos/3497842/medium.jpg?1461700222,Syzygium malaccense
https://static.inaturalist.org/photos/3502581/medium.JPG?1461759476,Syzygium malaccense
https://static.inaturalist.org/photos/4192624/medium.jpg?1467764178,Syzygium malaccense
https://static.inaturalist.org/photos/4286994/medium.jpeg?1468792572,Syzygium malaccense
https://static.inaturalist.org/photos/4599548/medium.jpeg?1471536261,Syzygium malaccense
https://static.inaturalist.org/photos/5187698/medium.jpg?1476149554,Syzygium malaccense
https://static.inaturalist.org/photos/6075890/medium.jpg?1484921113,Syzygium malaccense
https://static.inaturalist.org/photos/6228581/medium.jpg?1486573366,Syzygium malaccense
https://static.inaturalist.org/photos/6238781/medium.jpg?1486668454,Syzygium malaccense
https://static.inaturalist.org/photos/6358305/medium.jpg?1487825815,Syzygium malaccense
https://static.inaturalist.org/photos/6622827/medium.jpeg?1489875238,Syzygium malaccense
https://static.inaturalist.org/photos/6850657/medium.jpg?1491186641,Syzygium malaccense
https://static.inaturalist.org/photos/6992452/medium.jpeg?1491928361,Syzygium malaccense
https://static.inaturalist.org/photos/8378433/medium.jpeg?1497229833,Syzygium malaccense
https://static.inaturalist.org/photos/8378827/medium.jpeg?1497230893,Syzygium malaccense
https://static.inaturalist.org/photos/11304066/medium.jpeg?1508509529,Syzygium malaccense
https://static.inaturalist.org/photos/11418267/medium.jpg?1508953984,Syzygium malaccense
https://static.inaturalist.org/photos/11666068/medium.jpg?1509929463,Syzygium malaccense
https://static.inaturalist.org/photos/11916636/medium.jpg?1511120626,Syzygium malaccense
https://static.inaturalist.org/photos/12121588/medium.jpeg?1512014728,Syzygium malaccense
https://static.inaturalist.org/photos/12272993/medium.jpg?1512731185,Syzygium malaccense
https://static.inaturalist.org/photos/12576852/medium.jpeg?1514437476,Syzygium malaccense
https://static.inaturalist.org/photos/12904124/medium.jpg?1515996402,Syzygium malaccense
https://static.inaturalist.org/photos/13629612/medium.jpeg?1519134313,Syzygium malaccense
https://static.inaturalist.org/photos/13652542/medium.jpeg?1519222668,Syzygium malaccense
https://static.inaturalist.org/photos/13679122/medium.jpg?1519339326,Syzygium malaccense
https://static.inaturalist.org/photos/13719510/medium.jpeg?1519516683,Syzygium malaccense
https://static.inaturalist.org/photos/14830505/medium.jpeg?1522904161,Syzygium malaccense
https://static.inaturalist.org/photos/15650504/medium.jpeg?1524003383,Syzygium malaccense
https://static.inaturalist.org/photos/16301003/medium.jpg?1524687230,Syzygium malaccense
https://static.inaturalist.org/photos/18185367/medium.jpeg?1526670263,Syzygium malaccense
https://static.inaturalist.org/photos/18281433/medium.jpg?1526824704,Syzygium malaccense
https://static.inaturalist.org/photos/18430714/medium.jpg?1527034193,Syzygium malaccense
https://static.inaturalist.org/photos/18684832/medium.jpg?1527459014,Syzygium malaccense
https://static.inaturalist.org/photos/19166729/medium.jpeg?1528207608,Syzygium malaccense
https://static.inaturalist.org/photos/20139845/medium.jpg?1529692371,Syzygium malaccense
https://static.inaturalist.org/photos/20366854/medium.jpg?1530035191,Syzygium malaccense
https://static.inaturalist.org/photos/20438164/medium.jpeg?1530150491,Syzygium malaccense
https://static.inaturalist.org/photos/20653983/medium.jpg?1530502162,Syzygium malaccense
https://static.inaturalist.org/photos/21581827/medium.jpg?1531958029,Syzygium malaccense
https://static.inaturalist.org/photos/22141690/medium.jpg?1532789542,Syzygium malaccense
https://static.inaturalist.org/photos/22160012/medium.jpg?1532805870,Syzygium malaccense
https://static.inaturalist.org/photos/22554191/medium.jpg?1533381994,Syzygium malaccense
https://static.inaturalist.org/photos/22774454/medium.jpg?1533720655,Syzygium malaccense
https://static.inaturalist.org/photos/22950384/medium.jpeg?1534013275,Syzygium malaccense
https://static.inaturalist.org/photos/24914254/medium.jpeg?1537002577,Syzygium malaccense
https://static.inaturalist.org/photos/24974097/medium.jpeg?1537078655,Syzygium malaccense
https://static.inaturalist.org/photos/27340264/medium.jpeg?1540727181,Syzygium malaccense
https://static.inaturalist.org/photos/28596329/medium.jpeg?1543349666,Syzygium malaccense
https://static.inaturalist.org/photos/29102188/medium.jpeg?1544633528,Syzygium malaccense
https://static.inaturalist.org/photos/29200415/medium.jpeg?1544918318,Syzygium malaccense
https://static.inaturalist.org/photos/29856944/medium.jpg?1546572676,Syzygium malaccense
https://static.inaturalist.org/photos/29955806/medium.jpg?1546796898,Syzygium malaccense
https://static.inaturalist.org/photos/30084797/medium.jpg?1547095211,Syzygium malaccense
https://static.inaturalist.org/photos/30321538/medium.jpeg?1547690570,Syzygium malaccense
https://static.inaturalist.org/photos/30489230/medium.jpg?1548098335,Syzygium malaccense
https://static.inaturalist.org/photos/30638907/medium.jpg?1548460554,Syzygium malaccense
https://static.inaturalist.org/photos/30845331/medium.jpeg?1548932115,Syzygium malaccense
https://static.inaturalist.org/photos/31325484/medium.jpg?1549933154,Syzygium malaccense
https://static.inaturalist.org/photos/31452255/medium.jpg?1550256546,Syzygium malaccense
https://static.inaturalist.org/photos/31757372/medium.jpg?1550885303,Syzygium malaccense
https://static.inaturalist.org/photos/32039572/medium.jpg?1551166622,Syzygium malaccense
https://static.inaturalist.org/photos/32059485/medium.jpeg?1551216062,Syzygium malaccense
https://static.inaturalist.org/photos/32131970/medium.jpeg?1551372878,Syzygium malaccense
https://static.inaturalist.org/photos/32171259/medium.jpeg?1551457797,Syzygium malaccense
https://static.inaturalist.org/photos/32374127/medium.jpg?1551779358,Syzygium malaccense
https://static.inaturalist.org/photos/32532097/medium.jpg?1552069016,Syzygium malaccense
https://static.inaturalist.org/photos/32535175/medium.jpeg?1552072044,Syzygium malaccense
https://static.inaturalist.org/photos/32612754/medium.jpeg?1552189906,Syzygium malaccense
https://static.inaturalist.org/photos/32640681/medium.jpg?1552242698,Syzygium malaccense
https://static.inaturalist.org/photos/32711506/medium.jpg?1552349302,Syzygium malaccense
https://static.inaturalist.org/photos/33252563/medium.jpeg?1553280141,Syzygium malaccense
https://static.inaturalist.org/photos/33416811/medium.jpg?1553491310,Syzygium malaccense
https://static.inaturalist.org/photos/33659696/medium.jpg?1553867690,Syzygium malaccense
https://static.inaturalist.org/photos/33880120/medium.jpg?1554111271,Syzygium malaccense
https://static.inaturalist.org/photos/34241168/medium.jpg?1554597123,Syzygium malaccense
https://static.inaturalist.org/photos/35064878/medium.jpg?1555541678,Syzygium malaccense
https://static.inaturalist.org/photos/35197973/medium.jpeg?1555695332,Syzygium malaccense
https://static.inaturalist.org/photos/35546649/medium.jpeg?1556005345,Syzygium malaccense
https://static.inaturalist.org/photos/35546719/medium.jpeg?1556005470,Syzygium malaccense
https://static.inaturalist.org/photos/35548619/medium.jpeg?1556009770,Syzygium malaccense
https://static.inaturalist.org/photos/35618033/medium.jpeg?1556071176,Syzygium malaccense
https://static.inaturalist.org/photos/35776088/medium.jpeg?1556231621,Syzygium malaccense
https://static.inaturalist.org/photos/35776277/medium.jpeg?1556231761,Syzygium malaccense
https://static.inaturalist.org/photos/35890172/medium.jpeg?1556294761,Syzygium malaccense
https://static.inaturalist.org/photos/35941532/medium.jpeg?1556304597,Syzygium malaccense
https://static.inaturalist.org/photos/35956674/medium.jpeg?1556307465,Syzygium malaccense
https://static.inaturalist.org/photos/36048312/medium.jpeg?1556325839,Syzygium malaccense
https://static.inaturalist.org/photos/36087900/medium.jpeg?1556333884,Syzygium malaccense
https://static.inaturalist.org/photos/36234569/medium.jpeg?1556381319,Syzygium malaccense
https://static.inaturalist.org/photos/36251823/medium.jpeg?1556384168,Syzygium malaccense
https://static.inaturalist.org/photos/36271803/medium.jpeg?1556387451,Syzygium malaccense
https://static.inaturalist.org/photos/36471612/medium.jpeg?1556421284,Syzygium malaccense
https://static.inaturalist.org/photos/36561208/medium.jpeg?1556455759,Syzygium malaccense
https://static.inaturalist.org/photos/36598177/medium.jpeg?1556464138,Syzygium malaccense
https://static.inaturalist.org/photos/36624142/medium.jpeg?1556468422,Syzygium malaccense
https://static.inaturalist.org/photos/36643659/medium.jpeg?1556471352,Syzygium malaccense
https://static.inaturalist.org/photos/36643923/medium.jpeg?1556471393,Syzygium malaccense
https://static.inaturalist.org/photos/36667108/medium.jpeg?1556475008,Syzygium malaccense
https://static.inaturalist.org/photos/36708672/medium.jpeg?1556481799,Syzygium malaccense
https://static.inaturalist.org/photos/36737281/medium.jpeg?1556486234,Syzygium malaccense
https://static.inaturalist.org/photos/36787898/medium.jpeg?1556493545,Syzygium malaccense
https://static.inaturalist.org/photos/36822677/medium.jpeg?1556498922,Syzygium malaccense
https://static.inaturalist.org/photos/36876005/medium.jpg?1556507982,Syzygium malaccense
https://static.inaturalist.org/photos/36859152/medium.jpg?1556505054,Syzygium malaccense
https://static.inaturalist.org/photos/36896667/medium.jpeg?1556511638,Syzygium malaccense
https://static.inaturalist.org/photos/37027782/medium.jpeg?1556551226,Syzygium malaccense
https://static.inaturalist.org/photos/37054501/medium.jpeg?1556555156,Syzygium malaccense
https://static.inaturalist.org/photos/37073905/medium.jpeg?1556558525,Syzygium malaccense
https://static.inaturalist.org/photos/37099741/medium.jpeg?1556562769,Syzygium malaccense
https://static.inaturalist.org/photos/37100294/medium.jpeg?1556562849,Syzygium malaccense
https://static.inaturalist.org/photos/37122234/medium.jpeg?1556566513,Syzygium malaccense
https://static.inaturalist.org/photos/37225949/medium.jpeg?1556582247,Syzygium malaccense
https://static.inaturalist.org/photos/37202546/medium.jpeg?1556578902,Syzygium malaccense
https://static.inaturalist.org/photos/37228479/medium.jpg?1556582576,Syzygium malaccense
https://static.inaturalist.org/photos/37223114/medium.jpeg?1556581875,Syzygium malaccense
https://static.inaturalist.org/photos/37259645/medium.jpeg?1556586946,Syzygium malaccense
https://static.inaturalist.org/photos/37267546/medium.jpeg?1556588085,Syzygium malaccense
https://static.inaturalist.org/photos/37264201/medium.jpg?1556587614,Syzygium malaccense
https://static.inaturalist.org/photos/37279697/medium.jpeg?1556589752,Syzygium malaccense
https://static.inaturalist.org/photos/37303500/medium.jpeg?1556593456,Syzygium malaccense
https://static.inaturalist.org/photos/37311883/medium.jpeg?1556594758,Syzygium malaccense
https://static.inaturalist.org/photos/37315511/medium.jpg?1556595302,Syzygium malaccense
https://static.inaturalist.org/photos/37329801/medium.jpeg?1556597667,Syzygium malaccense
https://static.inaturalist.org/photos/37346103/medium.jpeg?1556600659,Syzygium malaccense
https://static.inaturalist.org/photos/37344866/medium.jpeg?1556600376,Syzygium malaccense
https://static.inaturalist.org/photos/37348833/medium.jpeg?1556601475,Syzygium malaccense
https://static.inaturalist.org/photos/37388153/medium.jpg?1556629906,Syzygium malaccense
https://static.inaturalist.org/photos/37414894/medium.jpeg?1556642418,Syzygium malaccense
https://static.inaturalist.org/photos/37434961/medium.jpeg?1556651162,Syzygium malaccense
https://static.inaturalist.org/photos/37443355/medium.jpg?1556654581,Syzygium malaccense
https://static.inaturalist.org/photos/37549736/medium.jpeg?1556722790,Syzygium malaccense
https://static.inaturalist.org/photos/37613160/medium.jpeg?1556751519,Syzygium malaccense
https://static.inaturalist.org/photos/37737972/medium.jpeg?1556839907,Syzygium malaccense
https://static.inaturalist.org/photos/37822750/medium.jpeg?1556912562,Syzygium malaccense
https://static.inaturalist.org/photos/37896063/medium.jpg?1556975959,Syzygium malaccense
https://static.inaturalist.org/photos/38065431/medium.jpeg?1557089637,Syzygium malaccense
https://static.inaturalist.org/photos/38531208/medium.jpeg?1557535194,Syzygium malaccense
https://static.inaturalist.org/photos/38735970/medium.jpg?1557706565,Syzygium malaccense
https://static.inaturalist.org/photos/39820999/medium.jpeg?1558728760,Syzygium malaccense
https://static.inaturalist.org/photos/39975749/medium.jpeg?1558843105,Syzygium malaccense
https://static.inaturalist.org/photos/40425756/medium.jpg?1559222240,Syzygium malaccense
https://static.inaturalist.org/photos/40679677/medium.jpg?1559429199,Syzygium malaccense
https://static.inaturalist.org/photos/40935506/medium.jpeg?1559613762,Syzygium malaccense
https://static.inaturalist.org/photos/41469320/medium.jpg?1560109855,Syzygium malaccense
https://static.inaturalist.org/photos/41582869/medium.jpeg?1560198489,Syzygium malaccense
https://static.inaturalist.org/photos/42199688/medium.jpeg?1560757568,Syzygium malaccense
https://static.inaturalist.org/photos/42207187/medium.jpeg?1560771946,Syzygium malaccense
https://static.inaturalist.org/photos/42212763/medium.jpeg?1560777411,Syzygium malaccense
https://static.inaturalist.org/photos/42469278/medium.jpg?1560999896,Syzygium malaccense
https://static.inaturalist.org/photos/42959195/medium.jpg?1561419001,Syzygium malaccense
https://static.inaturalist.org/photos/43765236/medium.jpg?1562112882,Syzygium malaccense
https://static.inaturalist.org/photos/43809173/medium.jpeg?1562165144,Syzygium malaccense
https://static.inaturalist.org/photos/45647476/medium.jpg?1563730384,Syzygium malaccense
https://static.inaturalist.org/photos/45770138/medium.jpeg?1563819381,Syzygium malaccense
https://static.inaturalist.org/photos/45812210/medium.jpeg?1563847049,Syzygium malaccense
https://static.inaturalist.org/photos/46447091/medium.jpeg?1564358523,Syzygium malaccense
https://static.inaturalist.org/photos/46451153/medium.jpg?1564360645,Syzygium malaccense
https://static.inaturalist.org/photos/46786434/medium.jpeg?1564631769,Syzygium malaccense
https://static.inaturalist.org/photos/48659173/medium.jpeg?1566210098,Syzygium malaccense
https://static.inaturalist.org/photos/48804588/medium.jpeg?1566334653,Syzygium malaccense
https://static.inaturalist.org/photos/49010910/medium.jpg?1566521112,Syzygium malaccense
https://static.inaturalist.org/photos/49988859/medium.jpeg?1567335161,Syzygium malaccense
https://static.inaturalist.org/photos/50877291/medium.jpeg?1568068111,Syzygium malaccense
https://static.inaturalist.org/photos/51923164/medium.jpeg?1568999787,Syzygium malaccense
https://static.inaturalist.org/photos/52001710/medium.jpeg?1569071884,Syzygium malaccense
https://static.inaturalist.org/photos/52447494/medium.jpg?1569447203,Syzygium malaccense
https://static.inaturalist.org/photos/52682523/medium.jpeg?1569690852,Syzygium malaccense
https://static.inaturalist.org/photos/53919645/medium.jpeg?1570920297,Syzygium malaccense
https://static.inaturalist.org/photos/54187032/medium.jpeg?1571179474,Syzygium malaccense
https://static.inaturalist.org/photos/54608024/medium.jpeg?1571641280,Syzygium malaccense
https://static.inaturalist.org/photos/54706599/medium.jpg?1571755850,Syzygium malaccense
https://static.inaturalist.org/photos/54859175/medium.jpeg?1571924217,Syzygium malaccense
https://static.inaturalist.org/photos/54979115/medium.jpg?1572053484,Syzygium malaccense
https://static.inaturalist.org/photos/55535996/medium.jpg?1572780093,Syzygium malaccense
https://static.inaturalist.org/photos/56398385/medium.jpeg?1573926328,Syzygium malaccense
https://static.inaturalist.org/photos/56465489/medium.jpeg?1574015312,Syzygium malaccense
https://static.inaturalist.org/photos/56595538/medium.jpeg?1574188933,Syzygium malaccense
https://static.inaturalist.org/photos/56927669/medium.jpeg?1574650449,Syzygium malaccense
https://static.inaturalist.org/photos/57001548/medium.jpeg?1574747093,Syzygium malaccense
https://static.inaturalist.org/photos/57409083/medium.jpeg?1575402391,Syzygium malaccense
https://static.inaturalist.org/photos/57592655/medium.jpg?1575729619,Syzygium malaccense
https://static.inaturalist.org/photos/57849430/medium.jpg?1576145801,Syzygium malaccense
https://static.inaturalist.org/photos/57923682/medium.jpg?1576277159,Syzygium malaccense
https://static.inaturalist.org/photos/58321281/medium.jpeg?1577019216,Syzygium malaccense
https://static.inaturalist.org/photos/58970138/medium.jpg?1578042327,Syzygium malaccense
https://static.inaturalist.org/photos/60420538/medium.jpeg?1580194424,Syzygium malaccense
https://static.inaturalist.org/photos/60529677/medium.jpg?1580374626,Syzygium malaccense
https://static.inaturalist.org/photos/60909552/medium.jpg?1580927253,Syzygium malaccense
https://static.inaturalist.org/photos/62939073/medium.jpg?1583605585,Syzygium malaccense
https://static.inaturalist.org/photos/63215971/medium.jpg?1583886747,Syzygium malaccense
https://static.inaturalist.org/photos/64209921/medium.jpeg?1584879830,Syzygium malaccense
https://static.inaturalist.org/photos/64296607/medium.jpeg?1584932924,Syzygium malaccense
https://static.inaturalist.org/photos/65286739/medium.jpg?1585755715,Syzygium malaccense
https://static.inaturalist.org/photos/65381178/medium.jpeg?1585833154,Syzygium malaccense
https://static.inaturalist.org/photos/65425784/medium.jpg?1585859964,Syzygium malaccense
https://static.inaturalist.org/photos/66452438/medium.jpg?1586572279,Syzygium malaccense
https://static.inaturalist.org/photos/66515060/medium.jpeg?1586623121,Syzygium malaccense
https://static.inaturalist.org/photos/66646753/medium.jpeg?1586698127,Syzygium malaccense
https://static.inaturalist.org/photos/66982852/medium.jpeg?1586901871,Syzygium malaccense
https://static.inaturalist.org/photos/67011449/medium.jpg?1586918615,Syzygium malaccense
https://static.inaturalist.org/photos/67038387/medium.jpeg?1586950886,Syzygium malaccense
https://static.inaturalist.org/photos/67061538/medium.jpeg?1586966717,Syzygium malaccense
https://static.inaturalist.org/photos/67115840/medium.jpeg?1586992516,Syzygium malaccense
https://static.inaturalist.org/photos/67312339/medium.jpg?1587137550,Syzygium malaccense
https://static.inaturalist.org/photos/67480730/medium.jpg?1587236576,Syzygium malaccense
https://static.inaturalist.org/photos/67481705/medium.jpg?1587236907,Syzygium malaccense
https://static.inaturalist.org/photos/67482387/medium.jpg?1587237122,Syzygium malaccense
https://static.inaturalist.org/photos/68071693/medium.jpeg?1587577325,Syzygium malaccense
https://static.inaturalist.org/photos/68112838/medium.jpg?1587591548,Syzygium malaccense
https://static.inaturalist.org/photos/68126032/medium.jpg?1587596459,Syzygium malaccense
https://static.inaturalist.org/photos/68385990/medium.jpeg?1587735773,Syzygium malaccense
https://static.inaturalist.org/photos/68411421/medium.jpeg?1587741228,Syzygium malaccense
https://static.inaturalist.org/photos/68450224/medium.jpeg?1587748185,Syzygium malaccense
https://static.inaturalist.org/photos/68487256/medium.jpg?1587754718,Syzygium malaccense
https://static.inaturalist.org/photos/68497153/medium.jpeg?1587756542,Syzygium malaccense
https://static.inaturalist.org/photos/68501546/medium.jpeg?1587757297,Syzygium malaccense
https://static.inaturalist.org/photos/68658385/medium.jpg?1587788782,Syzygium malaccense
https://static.inaturalist.org/photos/68663855/medium.jpg?1587790801,Syzygium malaccense
https://static.inaturalist.org/photos/68745921/medium.jpg?1587821226,Syzygium malaccense
https://static.inaturalist.org/photos/68834569/medium.jpeg?1587835526,Syzygium malaccense
https://static.inaturalist.org/photos/68837871/medium.jpeg?1587835963,Syzygium malaccense
https://static.inaturalist.org/photos/68850288/medium.jpg?1587837550,Syzygium malaccense
https://static.inaturalist.org/photos/68906838/medium.jpg?1587845002,Syzygium malaccense
https://static.inaturalist.org/photos/68917381/medium.jpeg?1587846277,Syzygium malaccense
https://static.inaturalist.org/photos/69085562/medium.jpeg?1587875774,Syzygium malaccense
https://static.inaturalist.org/photos/69267115/medium.jpeg?1587921514,Syzygium malaccense
https://static.inaturalist.org/photos/69267983/medium.jpg?1587921671,Syzygium malaccense
https://static.inaturalist.org/photos/69292636/medium.jpeg?1587925176,Syzygium malaccense
https://static.inaturalist.org/photos/69298765/medium.jpeg?1587926045,Syzygium malaccense
https://static.inaturalist.org/photos/69304217/medium.jpg?1587926886,Syzygium malaccense
https://static.inaturalist.org/photos/69322173/medium.jpeg?1587929413,Syzygium malaccense
https://static.inaturalist.org/photos/69341362/medium.jpeg?1587932118,Syzygium malaccense
https://static.inaturalist.org/photos/69359486/medium.jpg?1587934667,Syzygium malaccense
https://static.inaturalist.org/photos/69367710/medium.jpeg?1587935799,Syzygium malaccense
https://static.inaturalist.org/photos/69375041/medium.jpeg?1587936792,Syzygium malaccense
https://static.inaturalist.org/photos/69388100/medium.jpeg?1587938532,Syzygium malaccense
https://static.inaturalist.org/photos/69418718/medium.jpg?1587943255,Syzygium malaccense
https://static.inaturalist.org/photos/69419621/medium.jpg?1587943405,Syzygium malaccense
https://static.inaturalist.org/photos/69439773/medium.jpeg?1587946606,Syzygium malaccense
https://static.inaturalist.org/photos/69515844/medium.jpeg?1587961741,Syzygium malaccense
https://static.inaturalist.org/photos/69539049/medium.jpeg?1587970642,Syzygium malaccense
https://static.inaturalist.org/photos/69750029/medium.jpeg?1588021148,Syzygium malaccense
https://static.inaturalist.org/photos/69775346/medium.jpeg?1588025404,Syzygium malaccense
https://static.inaturalist.org/photos/69852722/medium.jpg?1588038889,Syzygium malaccense
https://static.inaturalist.org/photos/69855650/medium.jpg?1588039374,Syzygium malaccense
https://static.inaturalist.org/photos/70573554/medium.jpeg?1588363984,Syzygium malaccense
https://static.inaturalist.org/photos/70625538/medium.jpg?1588384879,Syzygium malaccense
https://static.inaturalist.org/photos/70806617/medium.jpeg?1588461971,Syzygium malaccense
https://static.inaturalist.org/photos/70817740/medium.jpeg?1588465640,Syzygium malaccense
https://static.inaturalist.org/photos/70981217/medium.jpeg?1588532964,Syzygium malaccense
https://static.inaturalist.org/photos/71088978/medium.jpg?1588565406,Syzygium malaccense
https://static.inaturalist.org/photos/71617983/medium.jpg?1588864870,Syzygium malaccense
https://static.inaturalist.org/photos/71637656/medium.jpg?1588872857,Syzygium malaccense
https://static.inaturalist.org/photos/72590655/medium.jpg?1589374249,Syzygium malaccense
https://static.inaturalist.org/photos/72728357/medium.jpg?1589447040,Syzygium malaccense
https://static.inaturalist.org/photos/73348407/medium.jpeg?1589731355,Syzygium malaccense
https://static.inaturalist.org/photos/74731770/medium.jpeg?1590332862,Syzygium malaccense
https://static.inaturalist.org/photos/76251347/medium.jpeg?1590972955,Syzygium malaccense
https://static.inaturalist.org/photos/76261116/medium.jpg?1590976296,Syzygium malaccense
https://static.inaturalist.org/photos/76405377/medium.jpg?1591043474,Syzygium malaccense
https://static.inaturalist.org/photos/77015603/medium.jpeg?1591362257,Syzygium malaccense
https://static.inaturalist.org/photos/77040522/medium.jpeg?1591372706,Syzygium malaccense
https://static.inaturalist.org/photos/77123464/medium.jpg?1591404037,Syzygium malaccense
https://static.inaturalist.org/photos/77154748/medium.jpeg?1591419376,Syzygium malaccense
https://static.inaturalist.org/photos/77219388/medium.jpeg?1591457258,Syzygium malaccense
https://static.inaturalist.org/photos/77626007/medium.jpeg?1591625730,Syzygium malaccense
https://static.inaturalist.org/photos/77928688/medium.jpeg?1591762073,Syzygium malaccense
https://static.inaturalist.org/photos/78635216/medium.jpeg?1592103919,Syzygium malaccense
https://static.inaturalist.org/photos/80064176/medium.jpg?1592754794,Syzygium malaccense
https://static.inaturalist.org/photos/81605424/medium.jpeg?1593444777,Syzygium malaccense
https://static.inaturalist.org/photos/81701038/medium.jpeg?1593478743,Syzygium malaccense
https://static.inaturalist.org/photos/82137227/medium.jpeg?1593696384,Syzygium malaccense
https://static.inaturalist.org/photos/82811635/medium.jpg?1594002092,Syzygium malaccense
https://static.inaturalist.org/photos/82851171/medium.jpeg?1594029322,Syzygium malaccense
https://static.inaturalist.org/photos/83483779/medium.jpeg?1594330708,Syzygium malaccense
https://static.inaturalist.org/photos/84209901/medium.jpeg?1594660122,Syzygium malaccense
https://static.inaturalist.org/photos/86407744/medium.jpeg?1595705167,Syzygium malaccense
