image_url,scientific_name
https://static.inaturalist.org/photos/37082/medium.jpg,Thespesia populnea
https://static.inaturalist.org/photos/37083/medium.jpg,Thespesia populnea
https://static.inaturalist.org/photos/86637/medium.JPG?1444775495,Thespesia populnea
https://static.inaturalist.org/photos/133211/medium.jpg?1444514832,Thespesia populnea
https://static.inaturalist.org/photos/198342/medium.JPG?1351999747,Thespesia populnea
https://static.inaturalist.org/photos/622597/medium.jpg?1388675606,Thespesia populnea
https://static.inaturalist.org/photos/774706/medium.jpg?1397019547,Thespesia populnea
https://static.inaturalist.org/photos/875263/medium.jpg?1401040473,Thespesia populnea
https://static.inaturalist.org/photos/966490/medium.jpg?1404517634,Thespesia populnea
https://static.inaturalist.org/photos/969547/medium.jpg?1444633267,Thespesia populnea
https://static.inaturalist.org/photos/1024631/medium.JPG?1406944151,Thespesia populnea
https://static.inaturalist.org/photos/1298827/medium.jpg?1414196764,Thespesia populneoides
https://static.inaturalist.org/photos/1364045/medium.jpg?1416598528,Thespesia populnea
https://static.inaturalist.org/photos/1364046/medium.jpg?1416598483,Thespesia populnea
https://static.inaturalist.org/photos/1391967/medium.jpg?1417530893,Thespesia populnea
https://static.inaturalist.org/photos/1391968/medium.jpg?1417530898,Thespesia populnea
https://static.inaturalist.org/photos/1646080/medium.jpg?1427039268,Thespesia populnea
https://static.inaturalist.org/photos/1646083/medium.jpg?1427039273,Thespesia populnea
https://static.inaturalist.org/photos/1681085/medium.jpg?1428002933,Thespesia populnea
https://static.inaturalist.org/photos/1731129/medium.jpg?1444347234,Thespesia lampas
https://static.inaturalist.org/photos/1828705/medium.jpg?1431297993,Thespesia populnea
https://static.inaturalist.org/photos/1837541/medium.jpg?1544723470,Thespesia populnea
https://static.inaturalist.org/photos/1896065/medium.jpg?1432383500,Thespesia populnea
https://static.inaturalist.org/photos/2012753/medium.JPG?1434512894,Thespesia populnea
https://static.inaturalist.org/photos/2217338/medium.JPG?1438573680,Thespesia populnea
https://static.inaturalist.org/photos/2680082/medium.jpg?1448062633,Thespesia populnea
https://static.inaturalist.org/photos/2847423/medium.jpeg?1451964444,Thespesia populnea
https://static.inaturalist.org/photos/2879404/medium.JPG?1452726779,Thespesia populnea
https://static.inaturalist.org/photos/2885138/medium.jpg?1452879697,Thespesia
https://static.inaturalist.org/photos/2950126/medium.jpg?1454211580,Thespesia populnea
https://static.inaturalist.org/photos/2964889/medium.jpeg?1454538130,Thespesia populnea
https://static.inaturalist.org/photos/3007067/medium.JPG?1455341822,Thespesia populnea
https://static.inaturalist.org/photos/3011307/medium.jpg?1455422113,Thespesia populnea
https://static.inaturalist.org/photos/3139149/medium.jpg?1457799379,Thespesia populnea
https://static.inaturalist.org/photos/3139152/medium.jpg?1457799448,Thespesia populnea
https://static.inaturalist.org/photos/3140184/medium.jpg?1457810335,Thespesia populnea
https://static.inaturalist.org/photos/3203571/medium.jpg?1458671169,Thespesia populnea
https://static.inaturalist.org/photos/3209715/medium.jpg?1458760590,Thespesia populnea
https://static.inaturalist.org/photos/3324400/medium.jpg?1460224926,Thespesia populnea
https://static.inaturalist.org/photos/3482678/medium.JPG?1461547807,Thespesia populnea
https://static.inaturalist.org/photos/3589727/medium.jpg?1462489036,Thespesia populnea
https://static.inaturalist.org/photos/3590151/medium.jpg?1462490109,Thespesia populnea
https://static.inaturalist.org/photos/3590508/medium.jpg?1462491109,Thespesia populnea
https://static.inaturalist.org/photos/3642348/medium.jpg?1462990310,Thespesia populnea
https://static.inaturalist.org/photos/3642468/medium.jpg?1462991349,Thespesia populnea
https://static.inaturalist.org/photos/3693341/medium.jpg?1463439338,Thespesia populnea
https://static.inaturalist.org/photos/3707162/medium.jpeg?1463552736,Thespesia populneoides
https://static.inaturalist.org/photos/3747000/medium.JPG?1463793423,Thespesia populnea
https://static.inaturalist.org/photos/3800007/medium.jpeg?1464058540,Thespesia populnea
https://static.inaturalist.org/photos/3803070/medium.jpeg?1464102636,Thespesia populnea
https://static.inaturalist.org/photos/3806512/medium.jpeg?1464123967,Thespesia grandiflora
https://static.inaturalist.org/photos/3831670/medium.jpg?1464369587,Thespesia populnea
https://static.inaturalist.org/photos/3831813/medium.jpg?1464371112,Thespesia populnea
https://static.inaturalist.org/photos/3988254/medium.jpg?1465707428,Thespesia populnea
https://static.inaturalist.org/photos/3996366/medium.JPG?1465774940,Thespesia populnea
https://static.inaturalist.org/photos/4008819/medium.JPG?1465882789,Thespesia populnea
https://static.inaturalist.org/photos/4056505/medium.JPG?1466399349,Thespesia populnea
https://static.inaturalist.org/photos/4101039/medium.JPG?1466882704,Thespesia populnea
https://static.inaturalist.org/photos/4163062/medium.jpg?1467490671,Thespesia populnea
https://static.inaturalist.org/photos/4517955/medium.jpg?1470880783,Thespesia populnea
https://static.inaturalist.org/photos/4620755/medium.jpeg?1471725123,Thespesia populnea
https://static.inaturalist.org/photos/4638052/medium.jpeg?1471853673,Thespesia populnea
https://static.inaturalist.org/photos/4713352/medium.jpeg?1472522581,Thespesia populnea
https://static.inaturalist.org/photos/4741721/medium.jpg?1472784723,Thespesia populnea
https://static.inaturalist.org/photos/4785681/medium.jpeg?1473119732,Thespesia populnea
https://static.inaturalist.org/photos/4931491/medium.jpg?1474238081,Thespesia populnea
https://static.inaturalist.org/photos/4964559/medium.jpeg?1474502646,Thespesia populnea
https://static.inaturalist.org/photos/4985025/medium.jpg?1474669971,Thespesia populnea
https://static.inaturalist.org/photos/4994674/medium.jpg?1474741769,Thespesia populnea
https://static.inaturalist.org/photos/5009867/medium.jpg?1474845865,Thespesia populnea
https://static.inaturalist.org/photos/5088642/medium.jpeg?1475434293,Azanza garckeana
https://static.inaturalist.org/photos/5154011/medium.jpg?1475933488,Thespesia populnea
https://static.inaturalist.org/photos/5154386/medium.jpg?1475936726,Thespesia grandiflora
https://static.inaturalist.org/photos/5399369/medium.jpeg?1477980291,Thespesia populnea
https://static.inaturalist.org/photos/5539877/medium.jpg?1479345367,Thespesia populnea
https://static.inaturalist.org/photos/5690243/medium.jpg?1480809145,Thespesia populnea
https://static.inaturalist.org/photos/5715480/medium.jpeg?1481069367,Thespesia populnea
https://static.inaturalist.org/photos/5882004/medium.jpg?1482724205,Thespesia populnea
https://static.inaturalist.org/photos/5902553/medium.jpg?1482982205,Thespesia populnea
https://static.inaturalist.org/photos/5910324/medium.jpg?1483067923,Thespesia populnea
https://static.inaturalist.org/photos/5938761/medium.jpg?1483397102,Thespesia populnea
https://static.inaturalist.org/photos/5944486/medium.jpg?1483454678,Thespesia populnea
https://static.inaturalist.org/photos/5973734/medium.jpeg?1483811245,Thespesia populnea
https://static.inaturalist.org/photos/5981362/medium.jpeg?1483898437,Thespesia grandiflora
https://static.inaturalist.org/photos/5998367/medium.jpeg?1484066959,Thespesia populnea
https://static.inaturalist.org/photos/6134366/medium.jpg?1485560333,Thespesia populnea
https://static.inaturalist.org/photos/6502868/medium.jpg?1489030706,Thespesia populnea
https://static.inaturalist.org/photos/6502872/medium.jpg?1489030710,Thespesia populnea
https://static.inaturalist.org/photos/6512591/medium.jpg?1489107793,Thespesia populnea
https://static.inaturalist.org/photos/6523973/medium.jpg?1489193424,Thespesia populnea
https://static.inaturalist.org/photos/6524096/medium.jpeg?1489193838,Thespesia populnea
https://static.inaturalist.org/photos/6524100/medium.jpg?1489193845,Thespesia populnea
https://static.inaturalist.org/photos/6524123/medium.jpg?1489193930,Thespesia populnea
https://static.inaturalist.org/photos/6524146/medium.jpeg?1489194020,Thespesia populnea
https://static.inaturalist.org/photos/6573721/medium.jpeg?1489534081,Thespesia populnea
https://static.inaturalist.org/photos/6651699/medium.jpeg?1490045383,Thespesia populnea
https://static.inaturalist.org/photos/6697442/medium.jpeg?1490363857,Thespesia populnea
https://static.inaturalist.org/photos/6766452/medium.jpeg?1490735423,Thespesia populnea
https://static.inaturalist.org/photos/7019267/medium.jpeg?1492043782,Thespesia populnea
https://static.inaturalist.org/photos/7296043/medium.jpg?1492636703,Thespesia populnea
https://static.inaturalist.org/photos/7390580/medium.jpg?1492969964,Thespesia populnea
https://static.inaturalist.org/photos/7672685/medium.jpg?1494178139,Thespesia populnea
https://static.inaturalist.org/photos/7672796/medium.jpg?1494178527,Thespesia populnea
https://static.inaturalist.org/photos/7725950/medium.jpeg?1494437872,Thespesia populnea
https://static.inaturalist.org/photos/7867530/medium.jpg?1495084738,Thespesia populnea
https://static.inaturalist.org/photos/7983918/medium.jpg?1495568866,Thespesia populnea
https://static.inaturalist.org/photos/8035260/medium.jpg?1495817638,Thespesia populnea
https://static.inaturalist.org/photos/8052033/medium.jpg?1495891886,Thespesia populnea
https://static.inaturalist.org/photos/8052673/medium.jpg?1495894520,Thespesia populnea
https://static.inaturalist.org/photos/8361733/medium.jpg?1497164914,Thespesia populnea
https://static.inaturalist.org/photos/8378343/medium.jpeg?1497229565,Thespesia populnea
https://static.inaturalist.org/photos/8818572/medium.jpeg?1499122212,Thespesia populnea
https://static.inaturalist.org/photos/8850041/medium.jpg?1499259087,Azanza garckeana
https://static.inaturalist.org/photos/9002054/medium.jpeg?1499830588,Thespesia populnea
https://static.inaturalist.org/photos/9013986/medium.jpg?1499892333,Thespesia populnea
https://static.inaturalist.org/photos/9058118/medium.jpg?1500087850,Thespesia populnea
https://static.inaturalist.org/photos/9566545/medium.jpeg?1502028337,Thespesia populnea
https://static.inaturalist.org/photos/9405520/medium.jpeg?1501410507,Thespesia populnea
https://static.inaturalist.org/photos/9444721/medium.jpg?1501542464,Thespesia grandiflora
https://static.inaturalist.org/photos/9462521/medium.jpg?1501615193,Thespesia populnea
https://static.inaturalist.org/photos/9819123/medium.jpg?1502957263,Thespesia populnea
https://static.inaturalist.org/photos/10136745/medium.jpeg?1504193677,Thespesia populnea
https://static.inaturalist.org/photos/10197355/medium.jpg?1504458154,Thespesia populnea
https://static.inaturalist.org/photos/10691119/medium.jpg?1506228288,Thespesia populnea
https://static.inaturalist.org/photos/11015214/medium.jpeg?1507405740,Thespesia populnea
https://static.inaturalist.org/photos/11077662/medium.jpeg?1507606103,Thespesia populnea
https://static.inaturalist.org/photos/11093462/medium.jpeg?1507665747,Thespesia populnea
https://static.inaturalist.org/photos/11100383/medium.jpeg?1507684234,Thespesia populnea
https://static.inaturalist.org/photos/11105961/medium.jpg?1507709709,Thespesia populnea
https://static.inaturalist.org/photos/11296641/medium.jpg?1508463604,Thespesia populnea
https://static.inaturalist.org/photos/11460292/medium.jpg?1509126672,Thespesia populnea
https://static.inaturalist.org/photos/11672255/medium.jpeg?1509946762,Thespesia lampas
https://static.inaturalist.org/photos/12155970/medium.jpg?1512197949,Thespesia populnea
https://static.inaturalist.org/photos/12499681/medium.jpeg?1513979169,Thespesia populnea
https://static.inaturalist.org/photos/12500190/medium.jpeg?1513980714,Thespesia populnea
https://static.inaturalist.org/photos/12550420/medium.jpeg?1514298599,Thespesia populnea
https://static.inaturalist.org/photos/12567373/medium.jpeg?1514396358,Thespesia populnea
https://static.inaturalist.org/photos/12569251/medium.jpeg?1514405486,Thespesia populnea
https://static.inaturalist.org/photos/12596415/medium.jpeg?1514526467,Thespesia populnea
https://static.inaturalist.org/photos/12679062/medium.jpeg?1514902418,Thespesia populnea
https://static.inaturalist.org/photos/12716204/medium.jpg?1515098604,Thespesia populnea
https://static.inaturalist.org/photos/12755134/medium.jpg?1515290053,Thespesia populnea
https://static.inaturalist.org/photos/12809806/medium.jpeg?1515547009,Thespesia populnea
https://static.inaturalist.org/photos/12813811/medium.jpg?1515566323,Thespesia lampas
https://static.inaturalist.org/photos/12854049/medium.jpg?1515790012,Thespesia populnea
https://static.inaturalist.org/photos/12904034/medium.jpg?1515996212,Thespesia populnea
https://static.inaturalist.org/photos/13055766/medium.jpg?1516654309,Thespesia populnea
https://static.inaturalist.org/photos/13132423/medium.jpg?1516986727,Thespesia populnea
https://static.inaturalist.org/photos/13060362/medium.jpg?1516671877,Thespesia populnea
https://static.inaturalist.org/photos/13082294/medium.jpg?1516747881,Thespesia populnea
https://static.inaturalist.org/photos/13112642/medium.jpg?1516885819,Thespesia populnea
https://static.inaturalist.org/photos/13161067/medium.jpg?1517105766,Thespesia populnea
https://static.inaturalist.org/photos/13169706/medium.jpeg?1517150952,Thespesia populnea
https://static.inaturalist.org/photos/13230270/medium.jpeg?1517401217,Thespesia
https://static.inaturalist.org/photos/13242460/medium.jpg?1517443404,Thespesia populnea
https://static.inaturalist.org/photos/13287654/medium.jpg?1517664861,Thespesia populnea
https://static.inaturalist.org/photos/13372548/medium.jpg?1518032553,Thespesia populnea
https://static.inaturalist.org/photos/13427408/medium.jpg?1518283607,Thespesia populnea
https://static.inaturalist.org/photos/13477510/medium.jpg?1518479561,Thespesia populnea
https://static.inaturalist.org/photos/13481668/medium.jpg?1518495641,Thespesia populnea
https://static.inaturalist.org/photos/13533324/medium.jpg?1518749077,Thespesia populnea
https://static.inaturalist.org/photos/13550068/medium.jpg?1518823084,Thespesia populnea
https://static.inaturalist.org/photos/13573381/medium.jpg?1518912514,Thespesia populnea
https://static.inaturalist.org/photos/13645770/medium.jpg?1519184534,Thespesia populnea
https://static.inaturalist.org/photos/13651526/medium.jpg?1519217002,Thespesia populnea
https://static.inaturalist.org/photos/13699490/medium.jpg?1519429395,Thespesia populnea
https://static.inaturalist.org/photos/13794063/medium.jpeg?1519795765,Thespesia populnea
https://static.inaturalist.org/photos/13880598/medium.jpeg?1520131527,Thespesia populnea
https://static.inaturalist.org/photos/13880976/medium.jpeg?1520132257,Thespesia populnea
https://static.inaturalist.org/photos/13903748/medium.jpg?1520208438,Thespesia populnea
https://static.inaturalist.org/photos/13929618/medium.jpg?1520293397,Thespesia populnea
https://static.inaturalist.org/photos/13933715/medium.jpeg?1520304230,Thespesia populnea
https://static.inaturalist.org/photos/14156039/medium.jpg?1521071277,Thespesia populnea
https://static.inaturalist.org/photos/14232296/medium.jpeg?1521325419,Thespesia populneoides
https://static.inaturalist.org/photos/14326385/medium.jpeg?1521593171,Thespesia
https://static.inaturalist.org/photos/14490755/medium.jpg?1522059664,Thespesia populnea
https://static.inaturalist.org/photos/14491601/medium.jpg?1522066504,Thespesia populnea
https://static.inaturalist.org/photos/14511474/medium.jpg?1522114780,Thespesia populnea
https://static.inaturalist.org/photos/14666199/medium.jpg?1522535187,Thespesia populnea
https://static.inaturalist.org/photos/14893445/medium.jpg?1523060888,Thespesia populnea
https://static.inaturalist.org/photos/14893476/medium.jpg?1523060956,Thespesia populnea
https://static.inaturalist.org/photos/14893517/medium.jpg?1523061035,Thespesia populnea
https://static.inaturalist.org/photos/14894063/medium.jpg?1523061935,Thespesia populnea
https://static.inaturalist.org/photos/14896389/medium.jpg?1523066944,Thespesia populnea
https://static.inaturalist.org/photos/15244998/medium.jpg?1523642210,Thespesia acutiloba
https://static.inaturalist.org/photos/15604146/medium.jpg?1523964065,Thespesia acutiloba
https://static.inaturalist.org/photos/16286954/medium.jpg?1524671003,Thespesia populnea
https://static.inaturalist.org/photos/16488375/medium.jpg?1524869069,Thespesia populnea
https://static.inaturalist.org/photos/16578077/medium.jpg?1524925953,Thespesia populnea
https://static.inaturalist.org/photos/16734486/medium.jpg?1524970324,Thespesia populnea
https://static.inaturalist.org/photos/16776450/medium.jpeg?1525002840,Thespesia populnea
https://static.inaturalist.org/photos/17017448/medium.jpg?1525104232,Thespesia populnea
https://static.inaturalist.org/photos/17019680/medium.jpg?1525105230,Thespesia populnea
https://static.inaturalist.org/photos/17019853/medium.jpg?1525105283,Thespesia populnea
https://static.inaturalist.org/photos/17279186/medium.jpg?1525285211,Thespesia populnea
https://static.inaturalist.org/photos/17369356/medium.jpg?1525386173,Thespesia populnea
https://static.inaturalist.org/photos/17386814/medium.jpg?1525405052,Thespesia populnea
https://static.inaturalist.org/photos/17483937/medium.jpg?1525562270,Thespesia populnea
https://static.inaturalist.org/photos/17688466/medium.jpg?1525880360,Thespesia populnea
https://static.inaturalist.org/photos/17974475/medium.jpeg?1526328514,Thespesia populnea
https://static.inaturalist.org/photos/18208435/medium.jpg?1526703673,Thespesia populnea
https://static.inaturalist.org/photos/18494073/medium.jpeg?1527142050,Thespesia populnea
https://static.inaturalist.org/photos/18594952/medium.jpg?1527317713,Thespesia populnea
https://static.inaturalist.org/photos/18718269/medium.jpg?1527517410,Thespesia populnea
https://static.inaturalist.org/photos/18726321/medium.jpg?1527526356,Thespesia populnea
https://static.inaturalist.org/photos/18766930/medium.jpeg?1527573340,Thespesia beatensis
https://static.inaturalist.org/photos/18806014/medium.jpeg?1527640607,Thespesia populnea
https://static.inaturalist.org/photos/18876361/medium.jpeg?1527774472,Thespesia populnea
https://static.inaturalist.org/photos/19123739/medium.jpg?1528135914,Thespesia populnea
https://static.inaturalist.org/photos/19179326/medium.jpg?1528221315,Thespesia populnea
https://static.inaturalist.org/photos/19523116/medium.jpg?1528697989,Thespesia populnea
https://static.inaturalist.org/photos/19673775/medium.jpg?1528937882,Thespesia populnea
https://static.inaturalist.org/photos/19785587/medium.jpeg?1529142013,Thespesia populnea
https://static.inaturalist.org/photos/19934680/medium.jpeg?1529350550,Thespesia populnea
https://static.inaturalist.org/photos/19966351/medium.jpeg?1529399401,Thespesia populnea
https://static.inaturalist.org/photos/20153596/medium.jpg?1529708171,Thespesia populnea
https://static.inaturalist.org/photos/20348464/medium.jpg?1530004766,Thespesia populnea
https://static.inaturalist.org/photos/20397959/medium.jpg?1530077001,Thespesia populnea
https://static.inaturalist.org/photos/20424420/medium.jpg?1530132048,Thespesia populnea
https://static.inaturalist.org/photos/20455469/medium.jpeg?1530195728,Thespesia populnea
https://static.inaturalist.org/photos/20487131/medium.jpg?1530240639,Thespesia populnea
https://static.inaturalist.org/photos/20491476/medium.jpg?1530247587,Thespesia populnea
https://static.inaturalist.org/photos/20541265/medium.jpg?1530342915,Thespesia populnea
https://static.inaturalist.org/photos/20582841/medium.jpg?1530402716,Thespesia populnea
https://static.inaturalist.org/photos/20663706/medium.jpg?1530525402,Azanza garckeana
https://static.inaturalist.org/photos/20750787/medium.jpg?1530660112,Thespesia populnea
https://static.inaturalist.org/photos/20955805/medium.jpg?1530993563,Thespesia populnea
https://static.inaturalist.org/photos/21065485/medium.jpg?1531155743,Thespesia populnea
https://static.inaturalist.org/photos/21187618/medium.jpg?1531347055,Thespesia populnea
https://static.inaturalist.org/photos/21281526/medium.jpg?1531510834,Thespesia populnea
https://static.inaturalist.org/photos/21285483/medium.jpg?1531516001,Thespesia populnea
https://static.inaturalist.org/photos/21287419/medium.jpg?1531518847,Thespesia populnea
https://static.inaturalist.org/photos/21386305/medium.jpg?1531667668,Thespesia populnea
https://static.inaturalist.org/photos/21419114/medium.jpg?1531702655,Thespesia populnea
https://static.inaturalist.org/photos/21549140/medium.jpeg?1531921621,Thespesia populnea
https://static.inaturalist.org/photos/21557564/medium.jpeg?1531931284,Thespesia populnea
https://static.inaturalist.org/photos/21589166/medium.jpg?1531966410,Thespesia populnea
https://static.inaturalist.org/photos/21593565/medium.jpg?1531971450,Thespesia populnea
https://static.inaturalist.org/photos/21631280/medium.jpg?1532038455,Thespesia populnea
https://static.inaturalist.org/photos/21804117/medium.jpg?1532299825,Thespesia populnea
https://static.inaturalist.org/photos/22238813/medium.jpg?1532893192,Thespesia populnea
https://static.inaturalist.org/photos/22510588/medium.jpeg?1533311199,Thespesia populnea
https://static.inaturalist.org/photos/22543825/medium.jpg?1533351270,Thespesia populnea
https://static.inaturalist.org/photos/22642087/medium.jpg?1533502716,Thespesia populnea
https://static.inaturalist.org/photos/22771542/medium.jpeg?1533707632,Thespesia gummiflua
https://static.inaturalist.org/photos/22829569/medium.jpeg?1533812465,Thespesia gummiflua
https://static.inaturalist.org/photos/22916997/medium.jpeg?1533952549,Thespesia populnea
https://static.inaturalist.org/photos/22919774/medium.jpg?1533957755,Thespesia populnea
https://static.inaturalist.org/photos/22948287/medium.jpg?1534010999,Thespesia populnea
https://static.inaturalist.org/photos/22952263/medium.jpeg?1534015753,Thespesia populnea
https://static.inaturalist.org/photos/22952289/medium.jpeg?1534015774,Thespesia populnea
https://static.inaturalist.org/photos/22952333/medium.jpeg?1534015821,Thespesia populnea
https://static.inaturalist.org/photos/22952311/medium.jpeg?1534015798,Thespesia populnea
https://static.inaturalist.org/photos/22952354/medium.jpeg?1534015845,Thespesia populnea
https://static.inaturalist.org/photos/22952381/medium.jpeg?1534015866,Thespesia populnea
https://static.inaturalist.org/photos/22952397/medium.jpeg?1534015891,Thespesia populnea
https://static.inaturalist.org/photos/22952436/medium.jpeg?1534015913,Thespesia populnea
https://static.inaturalist.org/photos/23001737/medium.jpg?1534091194,Thespesia acutiloba
https://static.inaturalist.org/photos/23014223/medium.jpg?1534103142,Thespesia populnea
https://static.inaturalist.org/photos/23178873/medium.jpg?1534349899,Thespesia populnea
https://static.inaturalist.org/photos/23241683/medium.jpeg?1534445901,Thespesia populnea
https://static.inaturalist.org/photos/23253878/medium.jpg?1534459179,Thespesia populnea
https://static.inaturalist.org/photos/23376127/medium.jpeg?1534632802,Thespesia populnea
https://static.inaturalist.org/photos/23398111/medium.jpg?1534664680,Thespesia populnea
https://static.inaturalist.org/photos/23566173/medium.jpeg?1534904634,Thespesia populnea
https://static.inaturalist.org/photos/23576837/medium.jpg?1534936106,Thespesia populnea
https://static.inaturalist.org/photos/23678909/medium.jpg?1535102320,Thespesia populnea
https://static.inaturalist.org/photos/23680702/medium.jpeg?1535106732,Thespesia populneoides
https://static.inaturalist.org/photos/23738897/medium.jpg?1535209940,Thespesia populnea
https://static.inaturalist.org/photos/23843451/medium.jpeg?1535342768,Thespesia populneoides
https://static.inaturalist.org/photos/24114296/medium.jpg?1535809754,Thespesia populnea
https://static.inaturalist.org/photos/24294986/medium.jpeg?1536039472,Thespesia populnea
https://static.inaturalist.org/photos/24417330/medium.jpg?1536256333,Thespesia populnea
https://static.inaturalist.org/photos/24568813/medium.jpg?1536470683,Thespesia populnea
https://static.inaturalist.org/photos/24605652/medium.jpg?1536525347,Thespesia populnea
https://static.inaturalist.org/photos/24911938/medium.jpg?1536992407,Thespesia populnea
https://static.inaturalist.org/photos/24966549/medium.jpg?1537065594,Thespesia populnea
https://static.inaturalist.org/photos/24997453/medium.jpg?1537116274,Thespesia populnea
https://static.inaturalist.org/photos/25106789/medium.jpeg?1537256498,Thespesia populnea
https://static.inaturalist.org/photos/25249012/medium.jpg?1537484892,Thespesia populnea
https://static.inaturalist.org/photos/25480436/medium.jpg?1537801482,Thespesia populnea
https://static.inaturalist.org/photos/25636048/medium.jpeg?1538049579,Thespesia populnea
https://static.inaturalist.org/photos/25685752/medium.jpeg?1538114925,Thespesia gummiflua
https://static.inaturalist.org/photos/25689140/medium.jpeg?1538127535,Thespesia populnea
https://static.inaturalist.org/photos/25690454/medium.jpeg?1538132392,Thespesia populnea
https://static.inaturalist.org/photos/25690878/medium.jpeg?1538133592,Thespesia gummiflua
https://static.inaturalist.org/photos/25759012/medium.jpg?1538237863,Thespesia populnea
https://static.inaturalist.org/photos/25762074/medium.jpg?1538240965,Thespesia populnea
https://static.inaturalist.org/photos/25810930/medium.jpeg?1538299804,Thespesia populnea
https://static.inaturalist.org/photos/25877804/medium.jpeg?1538381637,Thespesia
https://static.inaturalist.org/photos/25970094/medium.jpeg?1538526020,Thespesia populnea
https://static.inaturalist.org/photos/26301439/medium.jpg?1539028292,Thespesia populnea
https://static.inaturalist.org/photos/26358826/medium.jpg?1539115404,Thespesia populnea
https://static.inaturalist.org/photos/26407932/medium.jpeg?1539197502,Thespesia populnea
https://static.inaturalist.org/photos/26408647/medium.jpg?1539198283,Thespesia populnea
https://static.inaturalist.org/photos/26444622/medium.jpg?1539266708,Thespesia populnea
https://static.inaturalist.org/photos/26445278/medium.jpg?1539267399,Thespesia populnea
https://static.inaturalist.org/photos/26445389/medium.jpg?1539267522,Thespesia populnea
https://static.inaturalist.org/photos/26445594/medium.jpg?1539267725,Thespesia populnea
https://static.inaturalist.org/photos/26594414/medium.jpg?1539484809,Thespesia populnea
https://static.inaturalist.org/photos/26605910/medium.jpg?1539505954,Thespesia populnea
https://static.inaturalist.org/photos/26617372/medium.jpg?1539528242,Thespesia
https://static.inaturalist.org/photos/26859338/medium.jpg?1539902035,Thespesia populnea
https://static.inaturalist.org/photos/26927906/medium.jpeg?1540023754,Thespesia populnea
https://static.inaturalist.org/photos/26928287/medium.jpg?1540025269,Thespesia populnea
https://static.inaturalist.org/photos/26979197/medium.jpg?1540091576,Thespesia populnea
https://static.inaturalist.org/photos/27004679/medium.jpg?1540143063,Thespesia populnea
https://static.inaturalist.org/photos/27076008/medium.jpg?1540240150,Thespesia populnea
https://static.inaturalist.org/photos/27093249/medium.jpg?1540264341,Thespesia populnea
https://static.inaturalist.org/photos/27115904/medium.jpg?1540317976,Thespesia populnea
https://static.inaturalist.org/photos/27115988/medium.jpg?1540318089,Thespesia grandiflora
https://static.inaturalist.org/photos/27213727/medium.jpg?1540490966,Thespesia populnea
https://static.inaturalist.org/photos/27361829/medium.jpeg?1540758252,Thespesia populnea
https://static.inaturalist.org/photos/27374887/medium.jpg?1540772371,Thespesia populnea
https://static.inaturalist.org/photos/27408043/medium.jpg?1540836708,Thespesia grandiflora
https://static.inaturalist.org/photos/27494682/medium.jpeg?1541001389,Thespesia populnea
https://static.inaturalist.org/photos/27525906/medium.jpg?1541073470,Thespesia populnea
https://static.inaturalist.org/photos/27597548/medium.jpeg?1541223543,Thespesia populnea
https://static.inaturalist.org/photos/27625854/medium.jpg?1541276784,Thespesia populnea
https://static.inaturalist.org/photos/27626005/medium.jpg?1541276903,Thespesia populnea
https://static.inaturalist.org/photos/27647200/medium.jpg?1541304799,Thespesia populnea
https://static.inaturalist.org/photos/27649281/medium.jpg?1541309532,Thespesia populnea
https://static.inaturalist.org/photos/27661429/medium.jpeg?1541346013,Thespesia populnea
https://static.inaturalist.org/photos/27667250/medium.jpg?1541355104,Thespesia populnea
https://static.inaturalist.org/photos/27689812/medium.jpeg?1541381665,Thespesia populnea
https://static.inaturalist.org/photos/27793914/medium.jpg?1541551464,Thespesia populnea
https://static.inaturalist.org/photos/27930522/medium.jpg?1541767478,Thespesia populnea
https://static.inaturalist.org/photos/27982380/medium.jpeg?1541886422,Thespesia populnea
https://static.inaturalist.org/photos/28044515/medium.jpg?1542026572,Thespesia populnea
https://static.inaturalist.org/photos/28116002/medium.jpg?1542223426,Thespesia populnea
https://static.inaturalist.org/photos/28223060/medium.jpg?1542495341,Thespesia populnea
https://static.inaturalist.org/photos/28228922/medium.jpeg?1542505357,Thespesia populnea
https://static.inaturalist.org/photos/28267214/medium.jpeg?1542584315,Thespesia populnea
https://static.inaturalist.org/photos/28389853/medium.jpg?1542896549,Thespesia populnea
https://static.inaturalist.org/photos/28450366/medium.jpeg?1543029700,Thespesia populnea
https://static.inaturalist.org/photos/28461330/medium.jpeg?1543068414,Thespesia populnea
https://static.inaturalist.org/photos/28535056/medium.jpeg?1543200895,Thespesia populnea
https://static.inaturalist.org/photos/28552228/medium.jpg?1543247800,Thespesia populnea
https://static.inaturalist.org/photos/28592748/medium.jpg?1543343721,Thespesia populnea
https://static.inaturalist.org/photos/28653752/medium.jpg?1543495519,Thespesia populnea
https://static.inaturalist.org/photos/28693270/medium.jpg?1543604617,Thespesia populnea
https://static.inaturalist.org/photos/28739663/medium.jpg?1543712979,Thespesia populnea
https://static.inaturalist.org/photos/28754806/medium.jpeg?1543757293,Thespesia populnea
https://static.inaturalist.org/photos/28803239/medium.jpeg?1543859038,Thespesia lampas
https://static.inaturalist.org/photos/28858874/medium.jpg?1543993409,Thespesia populnea
https://static.inaturalist.org/photos/28878965/medium.jpg?1544048459,Thespesia populnea
https://static.inaturalist.org/photos/28956786/medium.jpeg?1544276458,Thespesia populnea
https://static.inaturalist.org/photos/28972468/medium.jpeg?1544306045,Thespesia populnea
https://static.inaturalist.org/photos/28988911/medium.jpeg?1544338580,Thespesia populnea
https://static.inaturalist.org/photos/29008200/medium.jpg?1544385167,Thespesia populnea
https://static.inaturalist.org/photos/29039590/medium.jpg?1544464514,Thespesia populnea
https://static.inaturalist.org/photos/29077752/medium.jpg?1544558906,Thespesia populnea
https://static.inaturalist.org/photos/29077755/medium.jpg?1544558914,Thespesia populnea
https://static.inaturalist.org/photos/29162460/medium.jpg?1544812160,Thespesia populnea
https://static.inaturalist.org/photos/29202722/medium.jpg?1544922854,Thespesia populnea
https://static.inaturalist.org/photos/29210218/medium.jpg?1544940393,Thespesia populnea
https://static.inaturalist.org/photos/29210350/medium.jpeg?1544940864,Thespesia populnea
https://static.inaturalist.org/photos/29291067/medium.jpg?1545160824,Thespesia populnea
https://static.inaturalist.org/photos/29405678/medium.jpg?1545484822,Thespesia populnea
https://static.inaturalist.org/photos/29452926/medium.jpg?1545593398,Thespesia populnea
https://static.inaturalist.org/photos/29454220/medium.jpg?1545595256,Thespesia populnea
https://static.inaturalist.org/photos/29467050/medium.jpg?1545617254,Thespesia populnea
https://static.inaturalist.org/photos/29492676/medium.jpg?1545687085,Thespesia populnea
https://static.inaturalist.org/photos/29495381/medium.jpeg?1545691839,Thespesia populnea
https://static.inaturalist.org/photos/29528504/medium.jpg?1545787062,Thespesia populnea
https://static.inaturalist.org/photos/29691406/medium.jpg?1546193618,Thespesia populnea
https://static.inaturalist.org/photos/29542366/medium.jpg?1545833786,Thespesia populnea
https://static.inaturalist.org/photos/29546073/medium.jpg?1545843660,Thespesia populnea
https://static.inaturalist.org/photos/29547337/medium.jpg?1545846486,Thespesia populnea
https://static.inaturalist.org/photos/29547912/medium.jpg?1545847556,Thespesia populnea
https://static.inaturalist.org/photos/29553067/medium.jpg?1545858215,Thespesia grandiflora
https://static.inaturalist.org/photos/29560532/medium.jpg?1545872671,Thespesia populnea
https://static.inaturalist.org/photos/29619292/medium.jpeg?1546022882,Thespesia populnea
https://static.inaturalist.org/photos/29682608/medium.jpg?1546172708,Thespesia populnea
https://static.inaturalist.org/photos/29693968/medium.jpg?1546198890,Thespesia populnea
https://static.inaturalist.org/photos/29706319/medium.jpg?1546219811,Thespesia populnea
https://static.inaturalist.org/photos/29725434/medium.jpg?1546266665,Thespesia populnea
https://static.inaturalist.org/photos/29761154/medium.jpeg?1546358436,Thespesia populnea
https://static.inaturalist.org/photos/29764126/medium.jpg?1546365326,Thespesia populnea
https://static.inaturalist.org/photos/29764147/medium.jpg?1546365352,Thespesia populnea
https://static.inaturalist.org/photos/29770341/medium.jpeg?1546374856,Thespesia populnea
https://static.inaturalist.org/photos/29782421/medium.jpeg?1546393957,Thespesia populnea
https://static.inaturalist.org/photos/29806340/medium.jpg?1546456884,Thespesia populnea
https://static.inaturalist.org/photos/29822731/medium.jpg?1546486815,Thespesia populnea
https://static.inaturalist.org/photos/29886268/medium.jpg?1546643755,Thespesia populnea
https://static.inaturalist.org/photos/29916350/medium.jpg?1546712382,Thespesia populnea
https://static.inaturalist.org/photos/29918124/medium.jpg?1546715576,Thespesia populnea
https://static.inaturalist.org/photos/29933401/medium.jpeg?1546741785,Thespesia populnea
https://static.inaturalist.org/photos/29966673/medium.jpg?1546812959,Thespesia populnea
https://static.inaturalist.org/photos/29991616/medium.jpg?1546872695,Thespesia populnea
https://static.inaturalist.org/photos/29992489/medium.jpg?1546874814,Thespesia populnea
https://static.inaturalist.org/photos/29995699/medium.jpeg?1546881898,Thespesia populnea
https://static.inaturalist.org/photos/30030596/medium.jpg?1546966580,Thespesia populnea
https://static.inaturalist.org/photos/30049525/medium.jpeg?1547007196,Thespesia populnea
https://static.inaturalist.org/photos/30049655/medium.jpeg?1547007482,Thespesia populnea
https://static.inaturalist.org/photos/30061247/medium.jpeg?1547047826,Thespesia populnea
https://static.inaturalist.org/photos/30125661/medium.jpeg?1547217703,Thespesia populnea
https://static.inaturalist.org/photos/30143934/medium.jpg?1547259213,Thespesia populnea
https://static.inaturalist.org/photos/30144571/medium.jpg?1547261198,Thespesia populnea
https://static.inaturalist.org/photos/30216815/medium.jpeg?1547419983,Thespesia populnea
https://static.inaturalist.org/photos/30220682/medium.jpg?1547426131,Thespesia populnea
https://static.inaturalist.org/photos/30290774/medium.jpg?1547602637,Thespesia populnea
https://static.inaturalist.org/photos/30320870/medium.jpg?1547689068,Thespesia populnea
https://static.inaturalist.org/photos/30410459/medium.jpeg?1547932115,Thespesia populnea
https://static.inaturalist.org/photos/30470766/medium.jpg?1548044085,Thespesia populnea
https://static.inaturalist.org/photos/30484414/medium.jpeg?1548089242,Thespesia populnea
https://static.inaturalist.org/photos/30484814/medium.jpeg?1548089985,Thespesia populnea
https://static.inaturalist.org/photos/30490743/medium.jpg?1548101009,Thespesia populnea
https://static.inaturalist.org/photos/30558377/medium.jpg?1548261809,Thespesia populnea
https://static.inaturalist.org/photos/30565623/medium.jpg?1548277379,Thespesia populnea
https://static.inaturalist.org/photos/30574459/medium.jpeg?1548292888,Thespesia populnea
https://static.inaturalist.org/photos/30646866/medium.jpeg?1548477030,Thespesia populnea
https://static.inaturalist.org/photos/30646904/medium.jpeg?1548477136,Thespesia populnea
https://static.inaturalist.org/photos/30655741/medium.jpg?1548508464,Thespesia populnea
https://static.inaturalist.org/photos/30700376/medium.jpg?1548600945,Thespesia populnea
https://static.inaturalist.org/photos/30823231/medium.jpg?1548878942,Thespesia populnea
https://static.inaturalist.org/photos/30826506/medium.jpg?1548885512,Thespesia populnea
https://static.inaturalist.org/photos/30826555/medium.jpg?1548885568,Thespesia populnea
https://static.inaturalist.org/photos/30960116/medium.jpeg?1549191537,Thespesia populnea
https://static.inaturalist.org/photos/31088003/medium.jpeg?1549460368,Thespesia populnea
https://static.inaturalist.org/photos/31192809/medium.jpeg?1549656566,Thespesia populnea
https://static.inaturalist.org/photos/31216620/medium.jpg?1549717718,Thespesia populnea
https://static.inaturalist.org/photos/31469726/medium.jpg?1550287145,Thespesia populnea
https://static.inaturalist.org/photos/31507730/medium.jpeg?1550367260,Thespesia populnea
https://static.inaturalist.org/photos/31507990/medium.jpeg?1550367864,Thespesia populnea
https://static.inaturalist.org/photos/31568305/medium.jpeg?1550478612,Thespesia acutiloba
https://static.inaturalist.org/photos/31585094/medium.jpeg?1550519234,Thespesia populnea
https://static.inaturalist.org/photos/31587407/medium.jpg?1550522972,Thespesia populnea
https://static.inaturalist.org/photos/31653850/medium.jpg?1550665572,Thespesia populnea
https://static.inaturalist.org/photos/31670971/medium.jpg?1550701114,Thespesia populnea
https://static.inaturalist.org/photos/31680229/medium.jpg?1550717315,Thespesia populnea
https://static.inaturalist.org/photos/31914354/medium.jpg?1550947727,Thespesia populnea
https://static.inaturalist.org/photos/31915287/medium.jpg?1550948729,Thespesia populnea
https://static.inaturalist.org/photos/32000540/medium.jpeg?1551098180,Thespesia populnea
https://static.inaturalist.org/photos/32037594/medium.jpeg?1551160889,Thespesia populnea
https://static.inaturalist.org/photos/32050865/medium.jpg?1551200880,Thespesia populnea
https://static.inaturalist.org/photos/32058468/medium.jpg?1551214545,Thespesia populnea
https://static.inaturalist.org/photos/32137133/medium.jpg?1551381574,Thespesia populnea
https://static.inaturalist.org/photos/32293250/medium.jpeg?1551649948,Thespesia populnea
https://static.inaturalist.org/photos/32299785/medium.jpg?1551656543,Thespesia populnea
https://static.inaturalist.org/photos/32326073/medium.jpeg?1551699681,Thespesia populnea
https://static.inaturalist.org/photos/32327491/medium.jpeg?1551704376,Thespesia populnea
https://static.inaturalist.org/photos/32333239/medium.jpg?1551715424,Thespesia populnea
https://static.inaturalist.org/photos/32565807/medium.jpeg?1552119145,Thespesia populnea
https://static.inaturalist.org/photos/32800075/medium.jpg?1552523862,Thespesia populnea
https://static.inaturalist.org/photos/32853877/medium.jpg?1552623255,Thespesia populnea
https://static.inaturalist.org/photos/32931032/medium.jpeg?1552769920,Thespesia populnea
https://static.inaturalist.org/photos/32938945/medium.jpg?1552778501,Thespesia populnea
https://static.inaturalist.org/photos/32963158/medium.jpg?1552823830,Thespesia populnea
https://static.inaturalist.org/photos/32963408/medium.jpg?1552824426,Thespesia populnea
https://static.inaturalist.org/photos/33002006/medium.jpeg?1552865427,Thespesia populnea
https://static.inaturalist.org/photos/33090559/medium.jpg?1553015325,Thespesia populnea
https://static.inaturalist.org/photos/33098529/medium.jpg?1553025310,Thespesia populnea
https://static.inaturalist.org/photos/33099484/medium.jpg?1553026479,Thespesia populnea
https://static.inaturalist.org/photos/33100864/medium.jpg?1553028256,Thespesia populnea
https://static.inaturalist.org/photos/33152385/medium.jpeg?1553112267,Thespesia populnea
https://static.inaturalist.org/photos/33191937/medium.jpg?1553183752,Thespesia populnea
https://static.inaturalist.org/photos/33309002/medium.jpeg?1553368657,Thespesia populnea
https://static.inaturalist.org/photos/33337646/medium.jpg?1553394634,Thespesia populnea
https://static.inaturalist.org/photos/33363658/medium.jpg?1553442072,Thespesia populnea
https://static.inaturalist.org/photos/33364328/medium.jpg?1553442809,Thespesia populnea
https://static.inaturalist.org/photos/33365468/medium.jpg?1553444136,Thespesia populnea
https://static.inaturalist.org/photos/33401873/medium.jpg?1553475381,Thespesia populnea
https://static.inaturalist.org/photos/33420890/medium.jpg?1553500788,Thespesia populnea
https://static.inaturalist.org/photos/33474697/medium.jpg?1553576248,Thespesia populnea
https://static.inaturalist.org/photos/33534390/medium.jpg?1553671978,Thespesia populnea
https://static.inaturalist.org/photos/33540932/medium.jpg?1553692913,Thespesia populnea
https://static.inaturalist.org/photos/33728697/medium.jpg?1553955033,Thespesia populnea
https://static.inaturalist.org/photos/33731149/medium.jpeg?1553957184,Thespesia populnea
https://static.inaturalist.org/photos/33753032/medium.jpg?1553972718,Thespesia populnea
https://static.inaturalist.org/photos/33753739/medium.jpg?1553973319,Thespesia populnea
https://static.inaturalist.org/photos/33754752/medium.jpg?1553974037,Thespesia populnea
https://static.inaturalist.org/photos/33755367/medium.jpg?1553974389,Thespesia populnea
https://static.inaturalist.org/photos/33760334/medium.jpg?1553977648,Thespesia populnea
https://static.inaturalist.org/photos/33832428/medium.jpg?1554059942,Thespesia populnea
https://static.inaturalist.org/photos/33864831/medium.jpg?1554087704,Thespesia populnea
https://static.inaturalist.org/photos/33892186/medium.jpg?1554135043,Thespesia populnea
https://static.inaturalist.org/photos/33892285/medium.jpg?1554135131,Thespesia populnea
https://static.inaturalist.org/photos/33892299/medium.jpg?1554135148,Thespesia populnea
https://static.inaturalist.org/photos/33919536/medium.jpeg?1554163568,Thespesia populnea
https://static.inaturalist.org/photos/34012861/medium.jpg?1554305299,Thespesia populnea
https://static.inaturalist.org/photos/34029525/medium.jpg?1554323444,Thespesia populnea
https://static.inaturalist.org/photos/34101657/medium.jpg?1554420375,Thespesia populnea
https://static.inaturalist.org/photos/34149416/medium.jpg?1554492650,Thespesia populnea
https://static.inaturalist.org/photos/34301665/medium.jpg?1554665936,Thespesia populnea
https://static.inaturalist.org/photos/34393961/medium.jpeg?1554761700,Thespesia populnea
https://static.inaturalist.org/photos/34448820/medium.jpg?1554832905,Thespesia populnea
https://static.inaturalist.org/photos/34474542/medium.jpg?1554855752,Thespesia populnea
https://static.inaturalist.org/photos/34573935/medium.jpg?1554990457,Thespesia populnea
https://static.inaturalist.org/photos/34595534/medium.jpeg?1555009445,Thespesia populnea
https://static.inaturalist.org/photos/34650529/medium.jpg?1555084968,Thespesia populnea
https://static.inaturalist.org/photos/34835612/medium.jpeg?1555280535,Thespesia populnea
https://static.inaturalist.org/photos/34969091/medium.jpeg?1555442198,Thespesia populnea
https://static.inaturalist.org/photos/34994681/medium.jpeg?1555462352,Thespesia populnea
https://static.inaturalist.org/photos/35016665/medium.jpg?1555499024,Thespesia populnea
https://static.inaturalist.org/photos/35047609/medium.jpg?1555528309,Thespesia populnea
https://static.inaturalist.org/photos/35066806/medium.jpg?1555543329,Thespesia populnea
https://static.inaturalist.org/photos/35068267/medium.jpeg?1555544439,Thespesia populnea
https://static.inaturalist.org/photos/35083855/medium.jpeg?1555558201,Thespesia populnea
https://static.inaturalist.org/photos/35126448/medium.jpg?1555614293,Thespesia populnea
https://static.inaturalist.org/photos/35383282/medium.jpg?1555871272,Thespesia grandiflora
https://static.inaturalist.org/photos/35445530/medium.jpg?1555909633,Thespesia populnea
https://static.inaturalist.org/photos/35469068/medium.jpg?1555944088,Thespesia populnea
https://static.inaturalist.org/photos/35477643/medium.jpg?1555949848,Thespesia populnea
https://static.inaturalist.org/photos/35524775/medium.jpg?1555981855,Thespesia populnea
https://static.inaturalist.org/photos/35730019/medium.jpg?1556196918,Azanza garckeana
https://static.inaturalist.org/photos/35926175/medium.jpg?1556301467,Thespesia populnea
https://static.inaturalist.org/photos/35955299/medium.jpg?1556307193,Thespesia populnea
https://static.inaturalist.org/photos/36196500/medium.jpg?1556374595,Thespesia populnea
https://static.inaturalist.org/photos/36196562/medium.jpg?1556374610,Thespesia populnea
https://static.inaturalist.org/photos/36196634/medium.jpg?1556374624,Thespesia populnea
https://static.inaturalist.org/photos/36197173/medium.jpg?1556374736,Thespesia populnea
https://static.inaturalist.org/photos/36197291/medium.jpg?1556374761,Thespesia populnea
https://static.inaturalist.org/photos/36197415/medium.jpg?1556374786,Thespesia populnea
https://static.inaturalist.org/photos/36198327/medium.jpg?1556374986,Thespesia populnea
https://static.inaturalist.org/photos/36199010/medium.jpg?1556375113,Thespesia populnea
https://static.inaturalist.org/photos/36202658/medium.jpeg?1556375759,Thespesia populnea
https://static.inaturalist.org/photos/36202956/medium.jpg?1556375807,Thespesia populnea
https://static.inaturalist.org/photos/36206004/medium.jpg?1556376320,Thespesia populnea
https://static.inaturalist.org/photos/36209743/medium.jpg?1556376941,Thespesia populnea
https://static.inaturalist.org/photos/36213771/medium.jpeg?1556377629,Thespesia populnea
https://static.inaturalist.org/photos/36214089/medium.jpg?1556377679,Thespesia populnea
https://static.inaturalist.org/photos/36214431/medium.jpg?1556377736,Thespesia populnea
https://static.inaturalist.org/photos/36217481/medium.jpg?1556378263,Thespesia populnea
https://static.inaturalist.org/photos/36218913/medium.jpg?1556378502,Thespesia populnea
https://static.inaturalist.org/photos/36329518/medium.jpg?1556396407,Thespesia populnea
https://static.inaturalist.org/photos/36397412/medium.jpg?1556407603,Thespesia populnea
https://static.inaturalist.org/photos/36397699/medium.jpg?1556407654,Thespesia populnea
https://static.inaturalist.org/photos/36527925/medium.jpeg?1556441329,Thespesia populnea
https://static.inaturalist.org/photos/36527972/medium.jpg?1556441356,Thespesia populnea
https://static.inaturalist.org/photos/36565393/medium.jpg?1556457153,Thespesia populnea
https://static.inaturalist.org/photos/36583930/medium.jpg?1556461530,Thespesia populnea
https://static.inaturalist.org/photos/36598019/medium.jpg?1556464110,Thespesia populnea
https://static.inaturalist.org/photos/36750425/medium.jpg?1556488142,Thespesia populnea
https://static.inaturalist.org/photos/36932686/medium.jpg?1556521979,Thespesia populnea
https://static.inaturalist.org/photos/37022413/medium.jpeg?1556550214,Thespesia populnea
https://static.inaturalist.org/photos/37287370/medium.jpg?1556590889,Thespesia populnea
https://static.inaturalist.org/photos/37349367/medium.jpeg?1556601635,Thespesia populnea
https://static.inaturalist.org/photos/37468195/medium.jpeg?1556665236,Thespesia populnea
https://static.inaturalist.org/photos/37479448/medium.jpg?1556670574,Thespesia populnea
https://static.inaturalist.org/photos/37542168/medium.jpeg?1556718769,Thespesia populnea
https://static.inaturalist.org/photos/37491222/medium.jpeg?1556676402,Thespesia populnea
https://static.inaturalist.org/photos/37508447/medium.jpeg?1556685098,Thespesia populnea
https://static.inaturalist.org/photos/37597149/medium.jpg?1556743233,Thespesia populnea
https://static.inaturalist.org/photos/37889810/medium.jpg?1556969564,Thespesia populnea
https://static.inaturalist.org/photos/37914799/medium.jpg?1556987737,Thespesia populnea
https://static.inaturalist.org/photos/38079768/medium.jpeg?1557096360,Thespesia populnea
https://static.inaturalist.org/photos/38442530/medium.jpeg?1557434955,Thespesia populnea
https://static.inaturalist.org/photos/38518912/medium.jpg?1557525121,Thespesia populnea
https://static.inaturalist.org/photos/38654344/medium.jpeg?1557643350,Thespesia populnea
https://static.inaturalist.org/photos/38665149/medium.jpg?1557662118,Thespesia populnea
https://static.inaturalist.org/photos/38681026/medium.jpg?1557675154,Thespesia populnea
https://static.inaturalist.org/photos/38692631/medium.jpg?1557681788,Thespesia populnea
https://static.inaturalist.org/photos/38723812/medium.jpeg?1557699340,Thespesia populnea
https://static.inaturalist.org/photos/38782293/medium.jpg?1557761541,Thespesia populnea
https://static.inaturalist.org/photos/38935251/medium.jpg?1557918286,Thespesia populnea
https://static.inaturalist.org/photos/39523692/medium.jpg?1558460486,Thespesia acutiloba
https://static.inaturalist.org/photos/39795978/medium.jpeg?1558710554,Thespesia populnea
https://static.inaturalist.org/photos/39907612/medium.jpg?1558803076,Thespesia populnea
https://static.inaturalist.org/photos/39913455/medium.jpeg?1558805955,Thespesia populnea
https://static.inaturalist.org/photos/40116703/medium.jpg?1558957433,Thespesia populnea
https://static.inaturalist.org/photos/40185845/medium.jpg?1558999824,Thespesia populnea
https://static.inaturalist.org/photos/40277125/medium.jpg?1559082790,Thespesia populnea
https://static.inaturalist.org/photos/40351383/medium.jpg?1559152880,Thespesia populnea
https://static.inaturalist.org/photos/40489943/medium.jpg?1559271306,Thespesia populnea
https://static.inaturalist.org/photos/40508247/medium.jpg?1559296495,Thespesia populnea
https://static.inaturalist.org/photos/40703774/medium.jpeg?1559443035,Thespesia populnea
https://static.inaturalist.org/photos/40710584/medium.jpeg?1559447933,Thespesia populnea
https://static.inaturalist.org/photos/40811523/medium.jpg?1559519737,Thespesia populnea
https://static.inaturalist.org/photos/41025979/medium.jpeg?1559702362,Thespesia populnea
https://static.inaturalist.org/photos/41486177/medium.jpeg?1560119155,Thespesia populnea
https://static.inaturalist.org/photos/41633086/medium.jpg?1560251713,Thespesia populnea
https://static.inaturalist.org/photos/41654185/medium.jpg?1560270869,Thespesia populnea
https://static.inaturalist.org/photos/41661493/medium.jpeg?1560275508,Thespesia populnea
https://static.inaturalist.org/photos/41791387/medium.jpeg?1560390116,Thespesia populnea
https://static.inaturalist.org/photos/42003606/medium.jpeg?1560611448,Thespesia populnea
https://static.inaturalist.org/photos/42072570/medium.jpeg?1560653702,Thespesia populnea
https://static.inaturalist.org/photos/42072616/medium.jpeg?1560653732,Thespesia populnea
https://static.inaturalist.org/photos/42180464/medium.jpg?1560737282,Thespesia populnea
https://static.inaturalist.org/photos/42238301/medium.jpg?1560795573,Thespesia populnea
https://static.inaturalist.org/photos/42281355/medium.jpeg?1560825998,Thespesia populnea
https://static.inaturalist.org/photos/42354574/medium.jpeg?1560896015,Thespesia populnea
https://static.inaturalist.org/photos/42377038/medium.jpg?1560913489,Thespesia populnea
https://static.inaturalist.org/photos/42388287/medium.jpg?1560927064,Thespesia populnea
https://static.inaturalist.org/photos/42437000/medium.jpeg?1560975191,Thespesia populnea
https://static.inaturalist.org/photos/42437013/medium.jpeg?1560975201,Thespesia populnea
https://static.inaturalist.org/photos/42437038/medium.jpeg?1560975222,Thespesia populnea
https://static.inaturalist.org/photos/42902020/medium.jpeg?1561381332,Thespesia populnea
https://static.inaturalist.org/photos/42952676/medium.jpeg?1561414607,Thespesia populnea
https://static.inaturalist.org/photos/42971929/medium.jpg?1561427324,Thespesia populnea
https://static.inaturalist.org/photos/43106138/medium.jpg?1561549264,Azanza garckeana
https://static.inaturalist.org/photos/43149170/medium.jpeg?1561579757,Thespesia populnea
https://static.inaturalist.org/photos/43271149/medium.jpg?1561684202,Thespesia populnea
https://static.inaturalist.org/photos/43332423/medium.jpg?1561747463,Thespesia populnea
https://static.inaturalist.org/photos/43332466/medium.jpg?1561747487,Thespesia populnea
https://static.inaturalist.org/photos/43402725/medium.jpg?1561817820,Thespesia
https://static.inaturalist.org/photos/43444941/medium.jpg?1561844417,Thespesia populnea
https://static.inaturalist.org/photos/43445448/medium.jpg?1561844755,Thespesia populnea
https://static.inaturalist.org/photos/43521508/medium.jpeg?1561915071,Thespesia populnea
https://static.inaturalist.org/photos/43596329/medium.jpeg?1561971109,Thespesia populnea
https://static.inaturalist.org/photos/43662392/medium.jpg?1562024872,Azanza garckeana
https://static.inaturalist.org/photos/43771125/medium.jpg?1562117511,Thespesia populnea
https://static.inaturalist.org/photos/44062675/medium.jpeg?1562385755,Thespesia populnea
https://static.inaturalist.org/photos/44147039/medium.jpg?1562454133,Thespesia populnea
https://static.inaturalist.org/photos/44258931/medium.jpeg?1562536199,Thespesia populnea
https://static.inaturalist.org/photos/44501082/medium.jpg?1562740131,Thespesia populnea
https://static.inaturalist.org/photos/44514611/medium.jpeg?1562762856,Thespesia populnea
https://static.inaturalist.org/photos/44515695/medium.jpg?1562763933,Thespesia populnea
https://static.inaturalist.org/photos/44516738/medium.jpeg?1562764776,Thespesia populnea
https://static.inaturalist.org/photos/44547532/medium.jpg?1562786233,Thespesia populnea
https://static.inaturalist.org/photos/44810608/medium.jpg?1563031006,Thespesia populnea
https://static.inaturalist.org/photos/45132565/medium.jpeg?1563287083,Thespesia populnea
https://static.inaturalist.org/photos/45269147/medium.jpg?1563397678,Thespesia acutiloba
https://static.inaturalist.org/photos/45269264/medium.jpg?1563397754,Thespesia populnea
https://static.inaturalist.org/photos/45269760/medium.jpg?1563398035,Thespesia populnea
https://static.inaturalist.org/photos/45269911/medium.jpg?1563398133,Thespesia populnea
https://static.inaturalist.org/photos/45304907/medium.jpg?1563427713,Thespesia populnea
https://static.inaturalist.org/photos/45533410/medium.jpg?1563642293,Thespesia acutiloba
https://static.inaturalist.org/photos/45902028/medium.jpg?1563923879,Thespesia populnea
https://static.inaturalist.org/photos/46038345/medium.jpeg?1564036691,Thespesia populnea
https://static.inaturalist.org/photos/46089212/medium.jpeg?1564083944,Thespesia populnea
https://static.inaturalist.org/photos/46318476/medium.jpeg?1564269824,Thespesia populnea
https://static.inaturalist.org/photos/46589324/medium.jpg?1564468607,Thespesia populnea
https://static.inaturalist.org/photos/46846572/medium.jpg?1564690608,Thespesia populnea
https://static.inaturalist.org/photos/46892088/medium.jpeg?1564726843,Thespesia populnea
https://static.inaturalist.org/photos/46918056/medium.jpg?1564759814,Thespesia populnea
https://static.inaturalist.org/photos/46925430/medium.jpg?1564764259,Thespesia populnea
https://static.inaturalist.org/photos/46988634/medium.jpeg?1564817274,Thespesia populnea
https://static.inaturalist.org/photos/46988637/medium.jpeg?1564817280,Thespesia populnea
https://static.inaturalist.org/photos/46988642/medium.jpg?1564817293,Thespesia populnea
https://static.inaturalist.org/photos/46988680/medium.jpeg?1564817384,Thespesia populnea
https://static.inaturalist.org/photos/47002069/medium.jpeg?1564836109,Thespesia populnea
https://static.inaturalist.org/photos/47090569/medium.jpg?1564891691,Thespesia populnea
https://static.inaturalist.org/photos/47090806/medium.jpg?1564891917,Thespesia populnea
https://static.inaturalist.org/photos/47343981/medium.jpeg?1565102948,Thespesia populnea
https://static.inaturalist.org/photos/47348300/medium.jpeg?1565106061,Thespesia populnea
https://static.inaturalist.org/photos/47604392/medium.jpg?1565332852,Thespesia populnea
https://static.inaturalist.org/photos/47734354/medium.jpg?1565456951,Thespesia populnea
https://static.inaturalist.org/photos/47798379/medium.jpg?1565495097,Thespesia populnea
https://static.inaturalist.org/photos/48415945/medium.jpg?1566004159,Thespesia populnea
https://static.inaturalist.org/photos/48591796/medium.jpeg?1566154572,Thespesia populnea
https://static.inaturalist.org/photos/48667500/medium.jpeg?1566220465,Thespesia grandiflora
https://static.inaturalist.org/photos/48671248/medium.jpg?1566223514,Thespesia populnea
https://static.inaturalist.org/photos/48684202/medium.jpg?1566232371,Thespesia populnea
https://static.inaturalist.org/photos/48728660/medium.jpeg?1566264340,Thespesia populnea
https://static.inaturalist.org/photos/48822780/medium.jpg?1566348205,Thespesia populnea
https://static.inaturalist.org/photos/48829946/medium.jpg?1566353977,Thespesia populnea
https://static.inaturalist.org/photos/49107105/medium.jpg?1566609033,Thespesia populnea
https://static.inaturalist.org/photos/49109317/medium.jpg?1566611098,Thespesia populnea
https://static.inaturalist.org/photos/49250062/medium.jpg?1566735670,Thespesia populnea
https://static.inaturalist.org/photos/49302292/medium.jpeg?1566763942,Azanza garckeana
https://static.inaturalist.org/photos/49361809/medium.jpeg?1566802861,Thespesia populnea
https://static.inaturalist.org/photos/49512079/medium.jpg?1566930175,Thespesia populnea
https://static.inaturalist.org/photos/49565939/medium.jpg?1566970123,Thespesia populnea
https://static.inaturalist.org/photos/49915933/medium.jpg?1567277693,Thespesia populnea
https://static.inaturalist.org/photos/50012751/medium.jpg?1567353670,Thespesia populnea
https://static.inaturalist.org/photos/50187815/medium.jpeg?1567471875,Thespesia populnea
https://static.inaturalist.org/photos/50270591/medium.jpg?1567547378,Thespesia populnea
https://static.inaturalist.org/photos/50311730/medium.jpg?1567594173,Thespesia populnea
https://static.inaturalist.org/photos/50364250/medium.jpg?1567635420,Thespesia populnea
https://static.inaturalist.org/photos/50364627/medium.jpg?1567635661,Thespesia populnea
https://static.inaturalist.org/photos/50424748/medium.jpg?1567700269,Thespesia populnea
https://static.inaturalist.org/photos/50573575/medium.jpeg?1567833654,Thespesia populnea
https://static.inaturalist.org/photos/51008327/medium.jpeg?1568189596,Thespesia populnea
https://static.inaturalist.org/photos/51090906/medium.jpeg?1568254449,Thespesia populnea
https://static.inaturalist.org/photos/51389711/medium.jpeg?1568532505,Thespesia populnea
https://static.inaturalist.org/photos/51414512/medium.jpg?1568559619,Thespesia populnea
https://static.inaturalist.org/photos/51505038/medium.jpeg?1568621876,Thespesia populnea
https://static.inaturalist.org/photos/51603389/medium.jpg?1568703535,Thespesia populnea
https://static.inaturalist.org/photos/51657427/medium.jpeg?1568754553,Thespesia populnea
https://static.inaturalist.org/photos/51782397/medium.jpg?1568862525,Thespesia populnea
https://static.inaturalist.org/photos/51800629/medium.jpg?1568894565,Thespesia populnea
https://static.inaturalist.org/photos/51866907/medium.jpg?1568943744,Thespesia populnea
https://static.inaturalist.org/photos/51877289/medium.jpg?1568952862,Thespesia populnea
https://static.inaturalist.org/photos/51947174/medium.jpg?1569013298,Thespesia populnea
https://static.inaturalist.org/photos/52168639/medium.jpg?1569193922,Thespesia populnea
https://static.inaturalist.org/photos/52290926/medium.jpeg?1569300234,Thespesia gummiflua
https://static.inaturalist.org/photos/52435903/medium.jpg?1569439541,Thespesia populnea
https://static.inaturalist.org/photos/52485380/medium.jpeg?1569489435,Thespesia populnea
https://static.inaturalist.org/photos/52485391/medium.jpg?1569489450,Thespesia populnea
https://static.inaturalist.org/photos/52485403/medium.jpeg?1569489461,Thespesia populnea
https://static.inaturalist.org/photos/52488955/medium.jpeg?1569496861,Thespesia populnea
https://static.inaturalist.org/photos/52510236/medium.jpeg?1569514796,Thespesia populnea
https://static.inaturalist.org/photos/52523492/medium.jpg?1569523256,Thespesia populnea
https://static.inaturalist.org/photos/52636240/medium.jpg?1569635147,Thespesia populnea
https://static.inaturalist.org/photos/52669908/medium.jpg?1569683616,Thespesia populnea
https://static.inaturalist.org/photos/52737598/medium.jpg?1569726252,Thespesia populnea
https://static.inaturalist.org/photos/52856086/medium.jpeg?1569833589,Thespesia populnea
https://static.inaturalist.org/photos/52937159/medium.jpg?1569905988,Thespesia populnea
https://static.inaturalist.org/photos/52987373/medium.jpg?1569961238,Thespesia populnea
https://static.inaturalist.org/photos/53334251/medium.jpeg?1570321334,Thespesia populnea
https://static.inaturalist.org/photos/53471235/medium.jpeg?1570450385,Thespesia populnea
https://static.inaturalist.org/photos/53601114/medium.jpg?1570567865,Thespesia populnea
https://static.inaturalist.org/photos/53689550/medium.jpg?1570662631,Thespesia populnea
https://static.inaturalist.org/photos/53711459/medium.jpg?1570693147,Thespesia populnea
https://static.inaturalist.org/photos/53783949/medium.jpg?1570769975,Thespesia
https://static.inaturalist.org/photos/53784350/medium.jpg?1570770677,Thespesia
https://static.inaturalist.org/photos/53875077/medium.jpeg?1570890127,Thespesia populnea
https://static.inaturalist.org/photos/53875375/medium.jpeg?1570890354,Thespesia populnea
https://static.inaturalist.org/photos/54015980/medium.jpeg?1571008803,Thespesia populnea
https://static.inaturalist.org/photos/54019527/medium.jpg?1571010996,Thespesia populnea
https://static.inaturalist.org/photos/54299698/medium.jpg?1571324827,Thespesia populnea
https://static.inaturalist.org/photos/54308381/medium.jpg?1571332187,Thespesia populnea
https://static.inaturalist.org/photos/54411591/medium.jpeg?1571450014,Thespesia populnea
https://static.inaturalist.org/photos/54523648/medium.jpeg?1571582227,Thespesia populnea
https://static.inaturalist.org/photos/54745200/medium.jpg?1571788066,Thespesia populnea
https://static.inaturalist.org/photos/54755791/medium.jpeg?1571797458,Thespesia populnea
https://static.inaturalist.org/photos/54939027/medium.jpeg?1572015299,Thespesia populnea
https://static.inaturalist.org/photos/55461604/medium.jpg?1572673358,Thespesia populnea
https://static.inaturalist.org/photos/55462634/medium.jpg?1572675319,Thespesia populnea
https://static.inaturalist.org/photos/55558806/medium.jpg?1572805648,Thespesia populnea
https://static.inaturalist.org/photos/55607110/medium.jpg?1572846571,Thespesia populnea
https://static.inaturalist.org/photos/55741002/medium.jpeg?1573009569,Thespesia populnea
https://static.inaturalist.org/photos/55985617/medium.jpg?1573333830,Thespesia populnea
https://static.inaturalist.org/photos/55809656/medium.jpg?1573094598,Thespesia populnea
https://static.inaturalist.org/photos/55917820/medium.jpg?1573245628,Thespesia populnea
https://static.inaturalist.org/photos/55920579/medium.jpeg?1573248575,Thespesia populnea
https://static.inaturalist.org/photos/56044802/medium.jpg?1573410383,Thespesia populnea
https://static.inaturalist.org/photos/56155580/medium.jpeg?1573542297,Thespesia populnea
https://static.inaturalist.org/photos/56220786/medium.jpeg?1573653378,Thespesia populnea
https://static.inaturalist.org/photos/56284682/medium.jpg?1573754617,Thespesia populnea
https://static.inaturalist.org/photos/56306724/medium.jpg?1573782846,Thespesia populnea
https://static.inaturalist.org/photos/56316847/medium.jpeg?1573800914,Thespesia populnea
https://static.inaturalist.org/photos/56343318/medium.jpg?1573844269,Thespesia populnea
https://static.inaturalist.org/photos/56386099/medium.jpeg?1573910562,Azanza garckeana
https://static.inaturalist.org/photos/56443366/medium.jpeg?1573983375,Thespesia populneoides
https://static.inaturalist.org/photos/56484146/medium.jpeg?1574028982,Thespesia populnea
https://static.inaturalist.org/photos/56488799/medium.jpeg?1574033086,Thespesia populnea
https://static.inaturalist.org/photos/56539225/medium.jpg?1574104105,Thespesia populnea
https://static.inaturalist.org/photos/56538948/medium.jpg?1574103873,Thespesia populnea
https://static.inaturalist.org/photos/56606689/medium.jpg?1574199432,Thespesia populnea
https://static.inaturalist.org/photos/56705605/medium.jpg?1574356584,Thespesia populnea
https://static.inaturalist.org/photos/56741402/medium.jpg?1574401862,Thespesia populnea
https://static.inaturalist.org/photos/56743706/medium.jpeg?1574408512,Thespesia populnea
https://static.inaturalist.org/photos/56774068/medium.jpg?1574459184,Thespesia populnea
https://static.inaturalist.org/photos/56834375/medium.jpg?1574547266,Thespesia populnea
https://static.inaturalist.org/photos/56918453/medium.jpeg?1574642443,Thespesia populnea
https://static.inaturalist.org/photos/56919795/medium.jpg?1574643508,Thespesia populnea
https://static.inaturalist.org/photos/56970431/medium.jpg?1574712232,Thespesia populnea
https://static.inaturalist.org/photos/57016245/medium.jpeg?1574780322,Thespesia populnea
https://static.inaturalist.org/photos/57069941/medium.jpeg?1574853248,Thespesia populnea
https://static.inaturalist.org/photos/57079134/medium.jpeg?1574870503,Thespesia populnea
https://static.inaturalist.org/photos/57080055/medium.jpg?1574871692,Thespesia populnea
https://static.inaturalist.org/photos/57079176/medium.jpeg?1574870563,Thespesia populnea
https://static.inaturalist.org/photos/57087447/medium.jpg?1574880749,Thespesia populnea
https://static.inaturalist.org/photos/57122699/medium.jpeg?1574945156,Thespesia populnea
https://static.inaturalist.org/photos/57143740/medium.jpeg?1574977981,Thespesia populnea
https://static.inaturalist.org/photos/57146280/medium.jpeg?1574981284,Thespesia populnea
https://static.inaturalist.org/photos/57228932/medium.jpeg?1575130218,Thespesia populnea
https://static.inaturalist.org/photos/57262285/medium.jpg?1575167550,Thespesia populnea
https://static.inaturalist.org/photos/57325356/medium.jpeg?1575253508,Thespesia populnea
https://static.inaturalist.org/photos/57339028/medium.jpg?1575281185,Thespesia populnea
https://static.inaturalist.org/photos/57363714/medium.jpg?1575322802,Thespesia populnea
https://static.inaturalist.org/photos/57386544/medium.jpg?1575355537,Thespesia populnea
https://static.inaturalist.org/photos/57467066/medium.jpg?1575496709,Thespesia populnea
https://static.inaturalist.org/photos/57471747/medium.jpg?1575502794,Thespesia populnea
https://static.inaturalist.org/photos/57479713/medium.jpg?1575515047,Thespesia populnea
https://static.inaturalist.org/photos/57504610/medium.jpeg?1575566754,Thespesia populnea
https://static.inaturalist.org/photos/57504693/medium.jpeg?1575566920,Thespesia populnea
https://static.inaturalist.org/photos/57508633/medium.jpg?1575572499,Thespesia populnea
https://static.inaturalist.org/photos/57509523/medium.jpeg?1575573592,Thespesia populnea
https://static.inaturalist.org/photos/57536126/medium.jpeg?1575615269,Thespesia populnea
https://static.inaturalist.org/photos/57540474/medium.jpg?1575629948,Thespesia populnea
https://static.inaturalist.org/photos/57563922/medium.jpg?1575671579,Thespesia populnea
https://static.inaturalist.org/photos/57592339/medium.jpg?1575728993,Thespesia populnea
https://static.inaturalist.org/photos/57594634/medium.jpg?1575733057,Thespesia populnea
https://static.inaturalist.org/photos/57594838/medium.jpg?1575733324,Thespesia populnea
https://static.inaturalist.org/photos/57686808/medium.jpeg?1575862241,Thespesia populnea
https://static.inaturalist.org/photos/57689352/medium.jpg?1575866394,Thespesia populnea
https://static.inaturalist.org/photos/57696031/medium.jpg?1575879037,Thespesia populnea
https://static.inaturalist.org/photos/57706983/medium.jpeg?1575903707,Thespesia populnea
https://static.inaturalist.org/photos/57707271/medium.jpeg?1575904227,Thespesia populnea
https://static.inaturalist.org/photos/57707520/medium.jpg?1575904550,Thespesia populnea
https://static.inaturalist.org/photos/57809685/medium.jpg?1576081390,Thespesia populnea
https://static.inaturalist.org/photos/57819726/medium.jpeg?1576094939,Thespesia populnea
https://static.inaturalist.org/photos/57832134/medium.jpg?1576112120,Thespesia populnea
https://static.inaturalist.org/photos/58030756/medium.jpg?1576455345,Thespesia populnea
https://static.inaturalist.org/photos/58069319/medium.jpeg?1576525392,Thespesia populnea
https://static.inaturalist.org/photos/58079992/medium.jpeg?1576541202,Thespesia populnea
https://static.inaturalist.org/photos/58115420/medium.jpeg?1576612720,Thespesia populnea
https://static.inaturalist.org/photos/58196228/medium.jpeg?1576781473,Thespesia populnea
https://static.inaturalist.org/photos/58214623/medium.jpeg?1576811774,Thespesia populnea
https://static.inaturalist.org/photos/58215041/medium.jpeg?1576812578,Thespesia populnea
https://static.inaturalist.org/photos/58231132/medium.jpg?1576853316,Thespesia populnea
https://static.inaturalist.org/photos/58253358/medium.jpeg?1576889661,Thespesia populnea
https://static.inaturalist.org/photos/58255165/medium.jpeg?1576892847,Thespesia populnea
https://static.inaturalist.org/photos/58278702/medium.jpg?1576947561,Thespesia populnea
https://static.inaturalist.org/photos/58319674/medium.jpeg?1577016561,Thespesia gummiflua
https://static.inaturalist.org/photos/58328970/medium.jpeg?1577032431,Thespesia populnea
https://static.inaturalist.org/photos/58345660/medium.jpg?1577052313,Thespesia populnea
https://static.inaturalist.org/photos/58347145/medium.jpg?1577054011,Thespesia populnea
https://static.inaturalist.org/photos/58350262/medium.jpg?1577058113,Thespesia populnea
https://static.inaturalist.org/photos/58357479/medium.jpeg?1577067549,Thespesia populnea
https://static.inaturalist.org/photos/58503588/medium.jpg?1577328138,Thespesia populnea
https://static.inaturalist.org/photos/58521341/medium.jpeg?1577368322,Thespesia populnea
https://static.inaturalist.org/photos/58555347/medium.jpeg?1577410255,Thespesia populnea
https://static.inaturalist.org/photos/58555632/medium.jpeg?1577410606,Thespesia populnea
https://static.inaturalist.org/photos/58589901/medium.jpg?1577471985,Thespesia populnea
https://static.inaturalist.org/photos/58640695/medium.jpg?1577551063,Thespesia populnea
https://static.inaturalist.org/photos/58662503/medium.jpg?1577575525,Thespesia populnea
https://static.inaturalist.org/photos/58761586/medium.jpg?1577724615,Thespesia populnea
https://static.inaturalist.org/photos/58772440/medium.jpg?1577738118,Thespesia populnea
https://static.inaturalist.org/photos/58794349/medium.jpg?1577765316,Thespesia populnea
https://static.inaturalist.org/photos/58822269/medium.jpeg?1577817376,Thespesia populnea
https://static.inaturalist.org/photos/58823744/medium.jpg?1577819513,Thespesia populnea
https://static.inaturalist.org/photos/58850195/medium.jpg?1577864070,Thespesia populnea
https://static.inaturalist.org/photos/58863655/medium.jpg?1577894516,Thespesia populnea
https://static.inaturalist.org/photos/58921466/medium.jpg?1577976318,Thespesia populnea
https://static.inaturalist.org/photos/58937204/medium.jpg?1577995890,Thespesia populnea
https://static.inaturalist.org/photos/59014139/medium.jpeg?1578100063,Thespesia populnea
https://static.inaturalist.org/photos/59088467/medium.jpg?1578197106,Thespesia populnea
https://static.inaturalist.org/photos/59097619/medium.jpg?1578213982,Thespesia populnea
https://static.inaturalist.org/photos/59108168/medium.jpg?1578236424,Thespesia populnea
https://static.inaturalist.org/photos/59139329/medium.jpg?1578268619,Thespesia populnea
https://static.inaturalist.org/photos/59168958/medium.jpeg?1578314692,Thespesia populnea
https://static.inaturalist.org/photos/59177229/medium.jpg?1578327365,Thespesia populnea
https://static.inaturalist.org/photos/59178703/medium.jpg?1578329486,Thespesia populnea
https://static.inaturalist.org/photos/59198587/medium.jpg?1578352586,Thespesia populnea
https://static.inaturalist.org/photos/59235206/medium.jpg?1578414015,Thespesia populnea
https://static.inaturalist.org/photos/59239817/medium.jpg?1578419424,Thespesia populnea
https://static.inaturalist.org/photos/59240187/medium.jpg?1578420029,Thespesia populnea
https://static.inaturalist.org/photos/59256815/medium.jpeg?1578443620,Thespesia populnea
https://static.inaturalist.org/photos/59294405/medium.jpg?1578513640,Thespesia populnea
https://static.inaturalist.org/photos/59281807/medium.jpg?1578495260,Thespesia populnea
https://static.inaturalist.org/photos/59290572/medium.jpg?1578508191,Thespesia populnea
https://static.inaturalist.org/photos/59312187/medium.jpeg?1578539078,Thespesia populnea
https://static.inaturalist.org/photos/59336005/medium.jpg?1578588933,Thespesia populnea
https://static.inaturalist.org/photos/59346236/medium.jpg?1578601878,Thespesia populnea
https://static.inaturalist.org/photos/59391170/medium.jpeg?1578681670,Thespesia populnea
https://static.inaturalist.org/photos/59468435/medium.jpg?1578790926,Thespesia populnea
https://static.inaturalist.org/photos/59498061/medium.jpeg?1578835344,Thespesia populnea
https://static.inaturalist.org/photos/59511377/medium.jpg?1578852090,Thespesia populnea
https://static.inaturalist.org/photos/59511424/medium.jpg?1578852132,Thespesia populnea
https://static.inaturalist.org/photos/59521482/medium.jpg?1578862947,Thespesia populnea
https://static.inaturalist.org/photos/59531403/medium.jpeg?1578872607,Thespesia populnea
https://static.inaturalist.org/photos/59621323/medium.jpg?1579025912,Thespesia populnea
https://static.inaturalist.org/photos/59680933/medium.jpg?1579119591,Thespesia populnea
https://static.inaturalist.org/photos/59680860/medium.jpeg?1579119525,Thespesia populnea
https://static.inaturalist.org/photos/59763913/medium.jpeg?1579226265,Thespesia populnea
https://static.inaturalist.org/photos/59929619/medium.jpeg?1579478647,Thespesia populnea
https://static.inaturalist.org/photos/60037731/medium.jpg?1579635934,Thespesia populnea
https://static.inaturalist.org/photos/60080358/medium.jpg?1579711691,Thespesia populnea
https://static.inaturalist.org/photos/60139892/medium.jpeg?1579807345,Thespesia populnea
https://static.inaturalist.org/photos/60548086/medium.jpg?1580410827,Thespesia populnea
https://static.inaturalist.org/photos/60534538/medium.jpeg?1580388469,Thespesia populnea
https://static.inaturalist.org/photos/60950517/medium.jpeg?1580995521,Thespesia grandiflora
https://static.inaturalist.org/photos/60958297/medium.jpeg?1581007519,Thespesia populnea
https://static.inaturalist.org/photos/61021219/medium.jpeg?1581106338,Thespesia populnea
https://static.inaturalist.org/photos/61022916/medium.jpeg?1581108409,Thespesia populnea
https://static.inaturalist.org/photos/61027961/medium.jpg?1581114768,Thespesia populnea
https://static.inaturalist.org/photos/61101317/medium.jpeg?1581207877,Thespesia populnea
https://static.inaturalist.org/photos/61208510/medium.jpeg?1581349415,Thespesia populnea
https://static.inaturalist.org/photos/61329395/medium.jpeg?1581532772,Azanza garckeana
https://static.inaturalist.org/photos/61362484/medium.jpeg?1581574298,Thespesia populnea
https://static.inaturalist.org/photos/61371984/medium.jpg?1581596539,Thespesia populnea
https://static.inaturalist.org/photos/61373644/medium.jpeg?1581600113,Thespesia populnea
https://static.inaturalist.org/photos/61460965/medium.jpeg?1581723673,Thespesia populnea
https://static.inaturalist.org/photos/61465570/medium.jpeg?1581729623,Thespesia populnea
https://static.inaturalist.org/photos/61467303/medium.jpeg?1581731716,Thespesia populnea
https://static.inaturalist.org/photos/61472005/medium.jpg?1581738012,Thespesia populnea
https://static.inaturalist.org/photos/61560454/medium.jpg?1581858291,Thespesia populnea
https://static.inaturalist.org/photos/61995262/medium.jpg?1582424810,Thespesia populnea
https://static.inaturalist.org/photos/62017360/medium.jpeg?1582461539,Thespesia populnea
https://static.inaturalist.org/photos/62031124/medium.jpg?1582478628,Thespesia grandiflora
https://static.inaturalist.org/photos/62175693/medium.jpg?1582648850,Thespesia populnea
https://static.inaturalist.org/photos/62297960/medium.jpeg?1582815867,Thespesia populnea
https://static.inaturalist.org/photos/62381576/medium.jpg?1582928361,Thespesia populnea
https://static.inaturalist.org/photos/62457987/medium.jpeg?1583017144,Thespesia populnea
https://static.inaturalist.org/photos/62472323/medium.jpeg?1583028905,Thespesia populnea
https://static.inaturalist.org/photos/62523569/medium.jpg?1583085875,Thespesia populnea
https://static.inaturalist.org/photos/62534411/medium.jpg?1583094446,Thespesia populnea
https://static.inaturalist.org/photos/62562179/medium.jpg?1583114671,Thespesia populnea
https://static.inaturalist.org/photos/62701718/medium.jpg?1583289500,Thespesia populnea
https://static.inaturalist.org/photos/63025336/medium.jpg?1583689799,Thespesia populnea
https://static.inaturalist.org/photos/63063683/medium.jpg?1583714854,Thespesia populnea
https://static.inaturalist.org/photos/63065743/medium.jpeg?1583716159,Thespesia populnea
https://static.inaturalist.org/photos/63302653/medium.jpg?1583990780,Thespesia populnea
https://static.inaturalist.org/photos/63315094/medium.jpg?1584013199,Thespesia populnea
https://static.inaturalist.org/photos/63423205/medium.jpeg?1584138494,Thespesia populneoides
https://static.inaturalist.org/photos/63728249/medium.jpg?1584438318,Thespesia populnea
https://static.inaturalist.org/photos/63658778/medium.jpg?1584371478,Thespesia populnea
https://static.inaturalist.org/photos/63670750/medium.jpg?1584381624,Thespesia populnea
https://static.inaturalist.org/photos/63711052/medium.jpeg?1584412449,Thespesia populnea
https://static.inaturalist.org/photos/63895036/medium.jpeg?1584596473,Thespesia populnea
https://static.inaturalist.org/photos/63900416/medium.jpg?1584608486,Thespesia populnea
https://static.inaturalist.org/photos/63951656/medium.jpg?1584654007,Thespesia populnea
https://static.inaturalist.org/photos/63951947/medium.jpg?1584654175,Thespesia populnea
https://static.inaturalist.org/photos/64003564/medium.jpg?1584710922,Thespesia populnea
https://static.inaturalist.org/photos/64198785/medium.jpeg?1584860583,Thespesia populnea
https://static.inaturalist.org/photos/64280900/medium.jpg?1584921715,Thespesia populnea
https://static.inaturalist.org/photos/64345929/medium.jpg?1584990737,Thespesia populnea
https://static.inaturalist.org/photos/64346723/medium.jpg?1584991183,Thespesia populnea
https://static.inaturalist.org/photos/64425365/medium.jpeg?1585068732,Thespesia populnea
https://static.inaturalist.org/photos/64509987/medium.jpg?1585148769,Thespesia populnea
https://static.inaturalist.org/photos/64684166/medium.jpeg?1585289678,Thespesia populnea
https://static.inaturalist.org/photos/64848930/medium.jpeg?1585422177,Thespesia populnea
https://static.inaturalist.org/photos/65031500/medium.jpg?1585534500,Thespesia populnea
https://static.inaturalist.org/photos/65040808/medium.jpg?1585540224,Thespesia populnea
https://static.inaturalist.org/photos/65135420/medium.jpeg?1585615034,Thespesia populnea
https://static.inaturalist.org/photos/65162059/medium.jpeg?1585642701,Thespesia populnea
https://static.inaturalist.org/photos/65451314/medium.jpeg?1585873898,Thespesia populnea
https://static.inaturalist.org/photos/65459040/medium.jpeg?1585878873,Thespesia populnea
https://static.inaturalist.org/photos/65490538/medium.jpeg?1585916838,Thespesia populnea
https://static.inaturalist.org/photos/65521297/medium.jpg?1585938334,Thespesia populnea
https://static.inaturalist.org/photos/65916175/medium.jpg?1586197806,Thespesia populnea
https://static.inaturalist.org/photos/66361955/medium.jpeg?1586526702,Thespesia grandiflora
https://static.inaturalist.org/photos/66363163/medium.jpeg?1586527415,Thespesia grandiflora
https://static.inaturalist.org/photos/66391548/medium.jpg?1586541670,Thespesia grandiflora
https://static.inaturalist.org/photos/66524250/medium.jpg?1586626759,Thespesia grandiflora
https://static.inaturalist.org/photos/66537111/medium.jpg?1586631651,Thespesia grandiflora
https://static.inaturalist.org/photos/66674576/medium.jpg?1586711315,Thespesia populnea
https://static.inaturalist.org/photos/66768294/medium.jpg?1586753132,Thespesia populnea
https://static.inaturalist.org/photos/66779572/medium.jpeg?1586765337,Thespesia populnea
https://static.inaturalist.org/photos/66813799/medium.jpg?1586792395,Thespesia populnea
https://static.inaturalist.org/photos/66851378/medium.jpeg?1586811322,Thespesia grandiflora
https://static.inaturalist.org/photos/66866416/medium.jpg?1586819320,Thespesia populnea
https://static.inaturalist.org/photos/66874744/medium.jpg?1586823811,Thespesia populnea
https://static.inaturalist.org/photos/67148829/medium.jpg?1587014667,Thespesia populnea
https://static.inaturalist.org/photos/67225286/medium.jpg?1587070418,Thespesia populnea
https://static.inaturalist.org/photos/67226442/medium.jpg?1587070958,Thespesia populnea
https://static.inaturalist.org/photos/67279145/medium.jpg?1587104158,Thespesia populnea
https://static.inaturalist.org/photos/67396331/medium.jpg?1587180484,Thespesia populnea
https://static.inaturalist.org/photos/67452266/medium.jpeg?1587224822,Thespesia populnea
https://static.inaturalist.org/photos/67463806/medium.jpeg?1587230006,Thespesia grandiflora
https://static.inaturalist.org/photos/67500282/medium.jpg?1587243833,Thespesia grandiflora
https://static.inaturalist.org/photos/67518729/medium.jpg?1587251475,Thespesia populnea
https://static.inaturalist.org/photos/67678993/medium.jpg?1587336115,Thespesia grandiflora
https://static.inaturalist.org/photos/67772754/medium.jpg?1587399671,Thespesia populnea
https://static.inaturalist.org/photos/67783175/medium.jpg?1587404236,Thespesia populnea
https://static.inaturalist.org/photos/68053102/medium.jpg?1587570693,Thespesia populnea
https://static.inaturalist.org/photos/68124268/medium.jpg?1587595751,Thespesia populnea
https://static.inaturalist.org/photos/68225409/medium.jpg?1587660067,Thespesia
https://static.inaturalist.org/photos/68327292/medium.png?1587706700,Thespesia populnea
https://static.inaturalist.org/photos/68327464/medium.png?1587706800,Thespesia populnea
https://static.inaturalist.org/photos/68327574/medium.png?1587706878,Thespesia populnea
https://static.inaturalist.org/photos/68482155/medium.jpeg?1587753873,Thespesia populnea
https://static.inaturalist.org/photos/68564536/medium.jpeg?1587768102,Thespesia populnea
https://static.inaturalist.org/photos/68703915/medium.jpeg?1587808432,Thespesia populnea
https://static.inaturalist.org/photos/69056154/medium.jpeg?1587868948,Thespesia populnea
https://static.inaturalist.org/photos/69321449/medium.jpeg?1587929314,Thespesia populnea
https://static.inaturalist.org/photos/69451144/medium.jpg?1587948435,Thespesia populnea
https://static.inaturalist.org/photos/69467947/medium.jpeg?1587951295,Thespesia populnea
https://static.inaturalist.org/photos/69616476/medium.jpg?1587998572,Thespesia populnea
https://static.inaturalist.org/photos/69737566/medium.jpg?1588019186,Thespesia populnea
https://static.inaturalist.org/photos/70267536/medium.jpeg?1588206566,Thespesia populnea
https://static.inaturalist.org/photos/70572133/medium.jpg?1588363508,Thespesia populnea
https://static.inaturalist.org/photos/71685038/medium.jpg?1588890201,Thespesia populnea
https://static.inaturalist.org/photos/71729269/medium.jpeg?1588912124,Thespesia populnea
https://static.inaturalist.org/photos/71847188/medium.jpg?1588977121,Thespesia grandiflora
https://static.inaturalist.org/photos/72041984/medium.jpg?1589072095,Thespesia populnea
https://static.inaturalist.org/photos/72433779/medium.jpeg?1589285263,Thespesia populnea
https://static.inaturalist.org/photos/72508894/medium.jpg?1589317760,Thespesia populnea
https://static.inaturalist.org/photos/72588651/medium.jpg?1589372801,Thespesia populnea
https://static.inaturalist.org/photos/72877428/medium.jpg?1589522705,Thespesia populnea
https://static.inaturalist.org/photos/73014341/medium.jpg?1589591385,Thespesia populnea
https://static.inaturalist.org/photos/73206552/medium.jpg?1589670389,Thespesia populnea
https://static.inaturalist.org/photos/73508648/medium.jpeg?1589783569,Thespesia populnea
https://static.inaturalist.org/photos/73637751/medium.jpg?1589841536,Thespesia populnea
https://static.inaturalist.org/photos/74056068/medium.jpeg?1590040198,Thespesia populnea
https://static.inaturalist.org/photos/74180973/medium.jpg?1590098097,Thespesia populnea
https://static.inaturalist.org/photos/74231314/medium.jpg?1590119420,Thespesia populnea
https://static.inaturalist.org/photos/74341590/medium.jpg?1590174771,Thespesia populnea
https://static.inaturalist.org/photos/74666220/medium.jpeg?1590302162,Thespesia populnea
https://static.inaturalist.org/photos/74797804/medium.jpg?1590348672,Thespesia populnea
https://static.inaturalist.org/photos/74849380/medium.jpeg?1590361691,Thespesia populnea
https://static.inaturalist.org/photos/74902852/medium.jpeg?1590380372,Thespesia populnea
https://static.inaturalist.org/photos/75138258/medium.jpeg?1590476008,Thespesia populnea
https://static.inaturalist.org/photos/75182386/medium.jpeg?1590504964,Thespesia populnea
https://static.inaturalist.org/photos/75214123/medium.jpg?1590516299,Thespesia populnea
https://static.inaturalist.org/photos/75317730/medium.jpeg?1590563538,Thespesia populnea
https://static.inaturalist.org/photos/75682381/medium.jpg?1590739349,Thespesia populnea
https://static.inaturalist.org/photos/76170270/medium.jpeg?1590950019,Thespesia populnea
https://static.inaturalist.org/photos/76282046/medium.jpeg?1590985324,Thespesia populnea
https://static.inaturalist.org/photos/76429784/medium.jpeg?1591052899,Thespesia populnea
https://static.inaturalist.org/photos/77201235/medium.jpeg?1591451132,Thespesia populnea
https://static.inaturalist.org/photos/77245475/medium.jpg?1591465141,Azanza garckeana
https://static.inaturalist.org/photos/77600174/medium.jpg?1591610167,Thespesia populnea
https://static.inaturalist.org/photos/77643508/medium.jpeg?1591632008,Thespesia populnea
https://static.inaturalist.org/photos/77755172/medium.jpeg?1591675275,Thespesia populnea
https://static.inaturalist.org/photos/78055072/medium.jpeg?1591830116,Thespesia populnea
https://static.inaturalist.org/photos/78394794/medium.jpg?1592005530,Thespesia populnea
https://static.inaturalist.org/photos/78439658/medium.jpeg?1592030291,Thespesia populnea
https://static.inaturalist.org/photos/78440882/medium.jpeg?1592031424,Thespesia populnea
https://static.inaturalist.org/photos/78463250/medium.jpg?1592049040,Thespesia populnea
https://static.inaturalist.org/photos/78539853/medium.jpeg?1592074459,Thespesia populnea
https://static.inaturalist.org/photos/79265530/medium.jpg?1592377185,Thespesia populnea
https://static.inaturalist.org/photos/79515135/medium.jpg?1592506687,Thespesia populnea
https://static.inaturalist.org/photos/79517893/medium.jpg?1592507676,Thespesia populnea
https://static.inaturalist.org/photos/79713478/medium.jpg?1592604769,Thespesia populnea
https://static.inaturalist.org/photos/80422422/medium.jpeg?1592894384,Thespesia populnea
https://static.inaturalist.org/photos/80838488/medium.jpg?1593101768,Thespesia populnea
https://static.inaturalist.org/photos/82275840/medium.jpg?1593758606,Thespesia populnea
https://static.inaturalist.org/photos/82415773/medium.jpg?1593825019,Thespesia populnea
https://static.inaturalist.org/photos/82487757/medium.jpeg?1593871772,Thespesia populnea
https://static.inaturalist.org/photos/82849030/medium.jpeg?1594027660,Thespesia lampas
https://static.inaturalist.org/photos/83075312/medium.jpg?1594136154,Thespesia populnea
https://static.inaturalist.org/photos/83235415/medium.jpg?1594215771,Thespesia populnea
https://static.inaturalist.org/photos/83403088/medium.jpeg?1594300567,Thespesia populnea
https://static.inaturalist.org/photos/83583564/medium.jpeg?1594389920,Thespesia lampas
https://static.inaturalist.org/photos/83685263/medium.jpg?1594432645,Thespesia populnea
https://static.inaturalist.org/photos/83858864/medium.jpeg?1594510395,Thespesia populnea
https://static.inaturalist.org/photos/83899570/medium.jpeg?1594529232,Thespesia populnea
https://static.inaturalist.org/photos/84021856/medium.jpg?1594580097,Thespesia grandiflora
https://static.inaturalist.org/photos/84069413/medium.jpg?1594592955,Thespesia populnea
https://static.inaturalist.org/photos/84075975/medium.jpeg?1594595035,Thespesia populnea
https://static.inaturalist.org/photos/84164910/medium.jpg?1594643689,Thespesia populnea
https://static.inaturalist.org/photos/84342970/medium.jpeg?1594728310,Thespesia populnea
https://static.inaturalist.org/photos/84476746/medium.jpeg?1594784195,Thespesia populnea
https://static.inaturalist.org/photos/84598527/medium.jpeg?1594849218,Thespesia populnea
https://static.inaturalist.org/photos/84598619/medium.jpeg?1594849254,Thespesia populnea
https://static.inaturalist.org/photos/84609811/medium.jpg?1594854050,Thespesia populnea
https://static.inaturalist.org/photos/84619916/medium.jpg?1594858327,Thespesia populnea
https://static.inaturalist.org/photos/84672766/medium.jpeg?1594895764,Thespesia populnea
https://static.inaturalist.org/photos/84971219/medium.jpeg?1595033227,Thespesia populnea
https://static.inaturalist.org/photos/85118821/medium.jpeg?1595102288,Thespesia populnea
https://static.inaturalist.org/photos/85247399/medium.jpeg?1595165484,Thespesia populnea
https://static.inaturalist.org/photos/85543286/medium.jpg?1595281818,Thespesia populnea
https://static.inaturalist.org/photos/86236036/medium.jpeg?1595626846,Thespesia populnea
