image_url,scientific_name
https://static.inaturalist.org/photos/719255/medium.JPG?1444779850,Chrysophyllum cainito
https://static.inaturalist.org/photos/786565/medium.JPG?1444784126,Chrysophyllum cainito
https://static.inaturalist.org/photos/1614659/medium.jpg?1426114962,Chrysophyllum cainito
https://static.inaturalist.org/photos/1614660/medium.jpg?1426114993,Chrysophyllum cainito
https://static.inaturalist.org/photos/2849465/medium.JPG?1452031080,Chrysophyllum cainito
https://static.inaturalist.org/photos/4317241/medium.jpg?1469122657,Chrysophyllum cainito
https://static.inaturalist.org/photos/4916595/medium.jpeg?1474134231,Chrysophyllum cainito
https://static.inaturalist.org/photos/6189587/medium.jpg?1486181716,Chrysophyllum cainito
https://static.inaturalist.org/photos/6341753/medium.jpg?1487700247,Chrysophyllum cainito
https://static.inaturalist.org/photos/6613169/medium.jpeg?1489802263,Chrysophyllum cainito
https://static.inaturalist.org/photos/11724276/medium.jpeg?1510194844,Chrysophyllum cainito
https://static.inaturalist.org/photos/12053872/medium.jpeg?1511734222,Chrysophyllum cainito
https://static.inaturalist.org/photos/12160197/medium.jpg?1512229174,Chrysophyllum cainito
https://static.inaturalist.org/photos/12383171/medium.jpeg?1513286712,Chrysophyllum cainito
https://static.inaturalist.org/photos/12594330/medium.jpeg?1514518453,Chrysophyllum cainito
https://static.inaturalist.org/photos/13338944/medium.jpg?1517867273,Chrysophyllum cainito
https://static.inaturalist.org/photos/13692878/medium.jpeg?1519412555,Chrysophyllum cainito
https://static.inaturalist.org/photos/13805461/medium.jpeg?1519851087,Chrysophyllum cainito
https://static.inaturalist.org/photos/13982439/medium.jpg?1520504529,Chrysophyllum cainito
https://static.inaturalist.org/photos/16157597/medium.jpeg?1524441700,Chrysophyllum cainito
https://static.inaturalist.org/photos/17836653/medium.jpeg?1526133827,Chrysophyllum cainito
https://static.inaturalist.org/photos/19471177/medium.jpg?1528642598,Chrysophyllum cainito
https://static.inaturalist.org/photos/19638669/medium.jpeg?1528891011,Chrysophyllum cainito
https://static.inaturalist.org/photos/24294112/medium.jpeg?1536037197,Chrysophyllum cainito
https://static.inaturalist.org/photos/28596653/medium.jpg?1543350178,Chrysophyllum cainito
https://static.inaturalist.org/photos/29595236/medium.jpeg?1545959627,Chrysophyllum cainito
https://static.inaturalist.org/photos/30148470/medium.jpg?1547271008,Chrysophyllum cainito
https://static.inaturalist.org/photos/30148472/medium.jpg?1547271013,Chrysophyllum cainito
https://static.inaturalist.org/photos/30148475/medium.jpg?1547271018,Chrysophyllum cainito
https://static.inaturalist.org/photos/30275150/medium.jpg?1547569763,Chrysophyllum cainito
https://static.inaturalist.org/photos/31005319/medium.jpg?1549291182,Chrysophyllum cainito
https://static.inaturalist.org/photos/31033388/medium.jpeg?1549344293,Chrysophyllum cainito
https://static.inaturalist.org/photos/31235269/medium.jpeg?1549749808,Chrysophyllum cainito
https://static.inaturalist.org/photos/32414659/medium.jpg?1551847472,Chrysophyllum cainito
https://static.inaturalist.org/photos/32553249/medium.jpeg?1552095663,Chrysophyllum cainito
https://static.inaturalist.org/photos/33467222/medium.jpg?1553566422,Chrysophyllum cainito
https://static.inaturalist.org/photos/34165819/medium.jpeg?1554509806,Chrysophyllum cainito
https://static.inaturalist.org/photos/34191631/medium.jpg?1554556317,Chrysophyllum cainito
https://static.inaturalist.org/photos/34301315/medium.jpeg?1554665737,Chrysophyllum cainito
https://static.inaturalist.org/photos/36046652/medium.jpeg?1556325503,Chrysophyllum cainito
https://static.inaturalist.org/photos/36354956/medium.jpeg?1556400385,Chrysophyllum cainito
https://static.inaturalist.org/photos/36383628/medium.jpg?1556405162,Chrysophyllum cainito
https://static.inaturalist.org/photos/36825909/medium.jpg?1556499427,Chrysophyllum cainito
https://static.inaturalist.org/photos/36893912/medium.jpeg?1556511087,Chrysophyllum cainito
https://static.inaturalist.org/photos/37242763/medium.jpeg?1556584529,Chrysophyllum cainito
https://static.inaturalist.org/photos/37437253/medium.jpeg?1556652086,Chrysophyllum cainito
https://static.inaturalist.org/photos/37830344/medium.jpeg?1556917025,Chrysophyllum cainito
https://static.inaturalist.org/photos/38120690/medium.jpg?1557123506,Chrysophyllum cainito
https://static.inaturalist.org/photos/38915896/medium.jpg?1557886319,Chrysophyllum cainito
https://static.inaturalist.org/photos/39127956/medium.jpg?1558118408,Chrysophyllum cainito
https://static.inaturalist.org/photos/39274083/medium.jpeg?1558238942,Chrysophyllum cainito
https://static.inaturalist.org/photos/39796360/medium.jpeg?1558710910,Chrysophyllum cainito
https://static.inaturalist.org/photos/39957477/medium.jpeg?1558831141,Chrysophyllum cainito
https://static.inaturalist.org/photos/39957788/medium.jpeg?1558831332,Chrysophyllum cainito
https://static.inaturalist.org/photos/40132597/medium.jpg?1558970035,Chrysophyllum cainito
https://static.inaturalist.org/photos/40578104/medium.jpeg?1559352472,Chrysophyllum cainito
https://static.inaturalist.org/photos/40578108/medium.jpeg?1559352476,Chrysophyllum cainito
https://static.inaturalist.org/photos/42288500/medium.jpg?1560832606,Chrysophyllum cainito
https://static.inaturalist.org/photos/44513195/medium.jpg?1562761255,Chrysophyllum cainito
https://static.inaturalist.org/photos/47361896/medium.jpeg?1565115046,Chrysophyllum cainito
https://static.inaturalist.org/photos/48659831/medium.jpeg?1566211045,Chrysophyllum cainito
https://static.inaturalist.org/photos/48912203/medium.jpg?1566430419,Chrysophyllum cainito
https://static.inaturalist.org/photos/50396432/medium.jpeg?1567665678,Chrysophyllum cainito
https://static.inaturalist.org/photos/50477901/medium.jpeg?1567737523,Chrysophyllum cainito
https://static.inaturalist.org/photos/53011933/medium.jpeg?1569979710,Chrysophyllum cainito
https://static.inaturalist.org/photos/53134878/medium.jpeg?1570124888,Chrysophyllum cainito
https://static.inaturalist.org/photos/54261619/medium.jpg?1571262459,Chrysophyllum cainito
https://static.inaturalist.org/photos/57215497/medium.jpg?1575103403,Chrysophyllum cainito
https://static.inaturalist.org/photos/57467364/medium.jpg?1575497158,Chrysophyllum cainito
https://static.inaturalist.org/photos/59876864/medium.jpeg?1579405113,Chrysophyllum cainito
https://static.inaturalist.org/photos/61475241/medium.jpeg?1581743335,Chrysophyllum cainito
https://static.inaturalist.org/photos/62412000/medium.jpeg?1582973937,Chrysophyllum cainito
https://static.inaturalist.org/photos/62415337/medium.jpeg?1582978645,Chrysophyllum cainito
https://static.inaturalist.org/photos/62416260/medium.jpeg?1582979913,Chrysophyllum cainito
https://static.inaturalist.org/photos/62417793/medium.jpeg?1582981579,Chrysophyllum cainito
https://static.inaturalist.org/photos/62499613/medium.jpg?1583056680,Chrysophyllum cainito
https://static.inaturalist.org/photos/62998268/medium.jpg?1583659148,Chrysophyllum cainito
https://static.inaturalist.org/photos/63381505/medium.jpeg?1584090487,Chrysophyllum cainito
https://static.inaturalist.org/photos/64813411/medium.jpeg?1585404577,Chrysophyllum cainito
https://static.inaturalist.org/photos/65176230/medium.jpg?1585663621,Chrysophyllum cainito
https://static.inaturalist.org/photos/65748641/medium.jpg?1586098224,Chrysophyllum cainito
https://static.inaturalist.org/photos/66313401/medium.jpg?1586474203,Chrysophyllum cainito
https://static.inaturalist.org/photos/66396991/medium.jpg?1586544426,Chrysophyllum cainito
https://static.inaturalist.org/photos/66423086/medium.jpg?1586556747,Chrysophyllum cainito
https://static.inaturalist.org/photos/66442800/medium.jpeg?1586566576,Chrysophyllum cainito
https://static.inaturalist.org/photos/67335534/medium.jpeg?1587148675,Chrysophyllum cainito
https://static.inaturalist.org/photos/67642577/medium.jpeg?1587323733,Chrysophyllum cainito
https://static.inaturalist.org/photos/67874115/medium.jpg?1587454841,Chrysophyllum cainito
https://static.inaturalist.org/photos/68331264/medium.jpg?1587709439,Chrysophyllum cainito
https://static.inaturalist.org/photos/68422563/medium.jpeg?1587743269,Chrysophyllum cainito
https://static.inaturalist.org/photos/68759588/medium.jpeg?1587823918,Chrysophyllum cainito
https://static.inaturalist.org/photos/68881046/medium.jpeg?1587841524,Chrysophyllum cainito
https://static.inaturalist.org/photos/69060155/medium.jpg?1587869749,Chrysophyllum cainito
https://static.inaturalist.org/photos/69193936/medium.jpeg?1587910265,Chrysophyllum cainito
https://static.inaturalist.org/photos/69354603/medium.jpeg?1587933958,Chrysophyllum cainito
https://static.inaturalist.org/photos/69373832/medium.jpeg?1587936621,Chrysophyllum cainito
https://static.inaturalist.org/photos/69448276/medium.jpeg?1587947978,Chrysophyllum cainito
https://static.inaturalist.org/photos/69795575/medium.jpeg?1588028978,Chrysophyllum cainito
https://static.inaturalist.org/photos/69871024/medium.jpg?1588042433,Chrysophyllum cainito
https://static.inaturalist.org/photos/69906575/medium.jpeg?1588052673,Chrysophyllum cainito
https://static.inaturalist.org/photos/70903003/medium.jpg?1588512841,Chrysophyllum cainito
https://static.inaturalist.org/photos/72605961/medium.jpeg?1589382881,Chrysophyllum cainito
https://static.inaturalist.org/photos/74396466/medium.jpg?1590193820,Chrysophyllum cainito
https://static.inaturalist.org/photos/80364192/medium.jpeg?1592865123,Chrysophyllum cainito
https://static.inaturalist.org/photos/84693224/medium.jpeg?1594907371,Chrysophyllum cainito
