image_url,scientific_name
https://static.inaturalist.org/photos/637115/medium.JPG?1389660726,Maranta arundinacea
https://static.inaturalist.org/photos/2261952/medium.jpg?1439501320,Maranta arundinacea
https://static.inaturalist.org/photos/2726300/medium.JPG?1449012723,Maranta arundinacea
https://static.inaturalist.org/photos/3916108/medium.JPG?1465150170,Maranta arundinacea
https://static.inaturalist.org/photos/5318196/medium.jpg?1477259019,Maranta arundinacea
https://static.inaturalist.org/photos/5331105/medium.jpg?1477362384,Maranta arundinacea
https://static.inaturalist.org/photos/6139569/medium.jpeg?1485634397,Maranta arundinacea
https://static.inaturalist.org/photos/8841972/medium.jpg?1499213436,Maranta arundinacea
https://static.inaturalist.org/photos/9079226/medium.jpeg?1500172686,Maranta arundinacea
https://static.inaturalist.org/photos/10142594/medium.jpeg?1504216074,Maranta arundinacea
https://static.inaturalist.org/photos/10503290/medium.jpeg?1505598061,Maranta arundinacea
https://static.inaturalist.org/photos/10930270/medium.jpg?1507068563,Maranta arundinacea
https://static.inaturalist.org/photos/11144345/medium.jpeg?1507859410,Maranta arundinacea
https://static.inaturalist.org/photos/11621991/medium.jpeg?1509776836,Maranta arundinacea
https://static.inaturalist.org/photos/18277830/medium.jpg?1526819591,Maranta arundinacea
https://static.inaturalist.org/photos/20907596/medium.jpeg?1530914363,Maranta arundinacea
https://static.inaturalist.org/photos/23330219/medium.jpg?1534570468,Maranta arundinacea
https://static.inaturalist.org/photos/23388119/medium.jpg?1534646353,Maranta arundinacea
https://static.inaturalist.org/photos/24026518/medium.jpg?1535659793,Maranta arundinacea
https://static.inaturalist.org/photos/24032488/medium.jpg?1535666751,Maranta arundinacea
https://static.inaturalist.org/photos/24047799/medium.jpeg?1535687198,Maranta arundinacea
https://static.inaturalist.org/photos/24447387/medium.jpg?1536301427,Maranta arundinacea
https://static.inaturalist.org/photos/24474177/medium.jpeg?1536348595,Maranta arundinacea
https://static.inaturalist.org/photos/24742635/medium.jpg?1536724040,Maranta arundinacea
https://static.inaturalist.org/photos/24744171/medium.jpg?1536726500,Maranta arundinacea
https://static.inaturalist.org/photos/24888029/medium.jpg?1536955253,Maranta arundinacea
https://static.inaturalist.org/photos/25087309/medium.jpeg?1537224804,Maranta arundinacea
https://static.inaturalist.org/photos/25624195/medium.jpg?1538014648,Maranta arundinacea
https://static.inaturalist.org/photos/26529964/medium.jpg?1539389257,Maranta arundinacea
https://static.inaturalist.org/photos/27135016/medium.jpg?1540344775,Maranta arundinacea
https://static.inaturalist.org/photos/28451065/medium.jpg?1543031478,Maranta arundinacea
https://static.inaturalist.org/photos/28451390/medium.jpg?1543032003,Maranta arundinacea
https://static.inaturalist.org/photos/34904050/medium.jpeg?1555364077,Maranta arundinacea
https://static.inaturalist.org/photos/37618503/medium.jpeg?1556754461,Maranta arundinacea
https://static.inaturalist.org/photos/37662656/medium.jpeg?1556785014,Maranta arundinacea
https://static.inaturalist.org/photos/46232551/medium.jpeg?1564199118,Maranta arundinacea
https://static.inaturalist.org/photos/46386376/medium.jpeg?1564328537,Maranta arundinacea
https://static.inaturalist.org/photos/50086556/medium.jpeg?1567395909,Maranta arundinacea
https://static.inaturalist.org/photos/50086419/medium.jpeg?1567395773,Maranta arundinacea
https://static.inaturalist.org/photos/51385623/medium.jpg?1568525688,Maranta arundinacea
https://static.inaturalist.org/photos/51385641/medium.jpg?1568525703,Maranta arundinacea
https://static.inaturalist.org/photos/51386154/medium.jpg?1568526491,Maranta arundinacea
https://static.inaturalist.org/photos/53391588/medium.jpeg?1570380402,Maranta arundinacea
https://static.inaturalist.org/photos/57434404/medium.jpg?1575439729,Maranta arundinacea
https://static.inaturalist.org/photos/57993651/medium.jpg?1576403060,Maranta arundinacea
https://static.inaturalist.org/photos/64249733/medium.jpeg?1584905631,Maranta arundinacea
https://static.inaturalist.org/photos/76378814/medium.jpg?1591034744,Maranta arundinacea
https://static.inaturalist.org/photos/82042504/medium.jpeg?1593639794,Maranta arundinacea
https://static.inaturalist.org/photos/83198599/medium.jpg?1594187771,Maranta arundinacea
