image_url,scientific_name
https://static.inaturalist.org/photos/459649/medium.JPG?1376719165,Aegle marmelos
https://static.inaturalist.org/photos/1761218/medium.JPG?1429985433,Aegle marmelos
https://static.inaturalist.org/photos/7831213/medium.jpeg?1494908558,Aegle marmelos
https://static.inaturalist.org/photos/16961747/medium.jpeg?1525065723,Aegle marmelos
https://static.inaturalist.org/photos/18653157/medium.jpg?1527417120,Aegle marmelos
https://static.inaturalist.org/photos/20671012/medium.jpeg?1530540919,Aegle marmelos
https://static.inaturalist.org/photos/25576753/medium.jpg?1537948639,Aegle marmelos
https://static.inaturalist.org/photos/27358475/medium.jpg?1540755104,Aegle marmelos
https://static.inaturalist.org/photos/30650862/medium.jpg?1548488600,Aegle marmelos
https://static.inaturalist.org/photos/36123478/medium.jpeg?1556342948,Aegle marmelos
https://static.inaturalist.org/photos/38581890/medium.jpeg?1557591009,Aegle marmelos
https://static.inaturalist.org/photos/45617409/medium.jpeg?1563711747,Aegle marmelos
https://static.inaturalist.org/photos/51407689/medium.jpg?1568555448,Aegle marmelos
https://static.inaturalist.org/photos/51408461/medium.jpg?1568555963,Aegle marmelos
https://static.inaturalist.org/photos/51434775/medium.jpeg?1568570323,Aegle marmelos
https://static.inaturalist.org/photos/52661114/medium.jpeg?1569677055,Aegle marmelos
https://static.inaturalist.org/photos/53460751/medium.jpeg?1570432893,Aegle marmelos
https://static.inaturalist.org/photos/54620460/medium.jpg?1571663832,Aegle marmelos
https://static.inaturalist.org/photos/54622877/medium.jpg?1571666079,Aegle marmelos
https://static.inaturalist.org/photos/55071822/medium.jpeg?1572161350,Aegle marmelos
https://static.inaturalist.org/photos/57733540/medium.jpg?1575938204,Aegle marmelos
https://static.inaturalist.org/photos/58924996/medium.jpeg?1577980473,Aegle marmelos
https://static.inaturalist.org/photos/62081735/medium.jpeg?1582522783,Aegle marmelos
https://static.inaturalist.org/photos/63438274/medium.jpeg?1584152916,Aegle marmelos
https://static.inaturalist.org/photos/65267210/medium.jpeg?1585733943,Aegle marmelos
https://static.inaturalist.org/photos/67408405/medium.jpeg?1587191870,Aegle marmelos
https://static.inaturalist.org/photos/71561538/medium.jpg?1588820349,Aegle marmelos
https://static.inaturalist.org/photos/74234874/medium.jpeg?1590121624,Aegle marmelos
https://static.inaturalist.org/photos/77402664/medium.jpeg?1591534619,Aegle marmelos
https://static.inaturalist.org/photos/78935118/medium.jpeg?1592231746,Aegle marmelos
https://static.inaturalist.org/photos/79310583/medium.jpeg?1592408000,Aegle marmelos
https://static.inaturalist.org/photos/81040309/medium.jpeg?1593201161,Aegle marmelos
https://static.inaturalist.org/photos/83046205/medium.jpg?1594123844,Aegle marmelos
https://static.inaturalist.org/photos/83366940/medium.jpg?1594273223,Aegle marmelos
