image_url,scientific_name
https://static.inaturalist.org/photos/1180211/medium.jpg?1444467206,Berberis oiwakensis
https://static.inaturalist.org/photos/1180217/medium.jpg?1444467245,Berberis oiwakensis
https://static.inaturalist.org/photos/1217609/medium.?1413304090,Berberis oiwakensis
https://static.inaturalist.org/photos/1218305/medium.?1413305625,Berberis oiwakensis
https://static.inaturalist.org/photos/1227114/medium.?1413330777,Berberis oiwakensis
https://static.inaturalist.org/photos/1242080/medium.?1413371193,Berberis oiwakensis
https://static.inaturalist.org/photos/1195485/medium.jpg?1444580829,Berberis oiwakensis
https://static.inaturalist.org/photos/1196854/medium.jpg?1444591523,Berberis oiwakensis
https://static.inaturalist.org/photos/1268744/medium.?1413429372,Berberis oiwakensis
https://static.inaturalist.org/photos/1198763/medium.jpg?1444610567,Berberis oiwakensis
https://static.inaturalist.org/photos/1427119/medium.jpg?1444709507,Berberis oiwakensis
https://static.inaturalist.org/photos/1464973/medium.jpg?1444696268,Berberis oiwakensis
https://static.inaturalist.org/photos/1603209/medium.jpg?1425758498,Berberis oiwakensis
https://static.inaturalist.org/photos/1874600/medium.jpg?1432070859,Berberis oiwakensis
https://static.inaturalist.org/photos/2168846/medium.jpg?1437600136,Berberis oiwakensis
https://static.inaturalist.org/photos/2829408/medium.jpg?1451548252,Berberis oiwakensis
https://static.inaturalist.org/photos/3276271/medium.jpg?1459641290,Berberis oiwakensis
https://static.inaturalist.org/photos/3381901/medium.jpg?1460832426,Berberis oiwakensis
https://static.inaturalist.org/photos/3401977/medium.jpg?1460958331,Berberis oiwakensis
https://static.inaturalist.org/photos/3873881/medium.jpg?1464769915,Berberis oiwakensis
https://static.inaturalist.org/photos/6197152/medium.jpg?1486262046,Berberis oiwakensis
https://static.inaturalist.org/photos/7062206/medium.jpeg?1492207312,Berberis oiwakensis
https://static.inaturalist.org/photos/7983307/medium.jpeg?1495566710,Berberis oiwakensis
https://static.inaturalist.org/photos/8162604/medium.jpg?1496342991,Berberis oiwakensis
https://static.inaturalist.org/photos/8781261/medium.jpeg?1498982962,Berberis oiwakensis
https://static.inaturalist.org/photos/9587928/medium.jpg?1502073296,Berberis oiwakensis
https://static.inaturalist.org/photos/9812001/medium.jpeg?1502925886,Berberis oiwakensis
https://static.inaturalist.org/photos/9933609/medium.jpg?1503397774,Berberis oiwakensis
https://static.inaturalist.org/photos/12160152/medium.jpg?1512228905,Berberis oiwakensis
https://static.inaturalist.org/photos/12972543/medium.jpg?1516266543,Berberis oiwakensis
https://static.inaturalist.org/photos/13581625/medium.jpeg?1518938285,Berberis oiwakensis
https://static.inaturalist.org/photos/15352067/medium.jpg?1523736474,Berberis oiwakensis
https://static.inaturalist.org/photos/17752550/medium.jpeg?1525984086,Berberis oiwakensis
https://static.inaturalist.org/photos/18048862/medium.jpg?1526436344,Berberis oiwakensis
https://static.inaturalist.org/photos/19246095/medium.jpg?1528294953,Berberis oiwakensis
https://static.inaturalist.org/photos/19782147/medium.jpeg?1529128777,Berberis oiwakensis
https://static.inaturalist.org/photos/21154564/medium.jpg?1531292327,Berberis oiwakensis
https://static.inaturalist.org/photos/21154568/medium.jpg?1531292343,Berberis oiwakensis
https://static.inaturalist.org/photos/21282061/medium.jpg?1531511576,Berberis oiwakensis
https://static.inaturalist.org/photos/21718428/medium.jpg?1532191407,Berberis oiwakensis
https://static.inaturalist.org/photos/21742300/medium.jpeg?1532216730,Berberis oiwakensis
https://static.inaturalist.org/photos/22125716/medium.jpeg?1532761604,Berberis oiwakensis
https://static.inaturalist.org/photos/22680111/medium.jpeg?1533563966,Berberis oiwakensis
https://static.inaturalist.org/photos/23049587/medium.jpg?1534138675,Berberis oiwakensis
https://static.inaturalist.org/photos/23164007/medium.jpg?1534318220,Berberis oiwakensis
https://static.inaturalist.org/photos/23164218/medium.jpg?1534319347,Berberis oiwakensis
https://static.inaturalist.org/photos/23271939/medium.jpg?1534485606,Berberis oiwakensis
https://static.inaturalist.org/photos/23272039/medium.jpg?1534485910,Berberis oiwakensis
https://static.inaturalist.org/photos/23680685/medium.jpg?1535106680,Berberis oiwakensis
https://static.inaturalist.org/photos/23479858/medium.jpg?1534782029,Berberis oiwakensis
https://static.inaturalist.org/photos/23771605/medium.jpg?1535245524,Berberis oiwakensis
https://static.inaturalist.org/photos/24137285/medium.jpg?1535834293,Berberis oiwakensis
https://static.inaturalist.org/photos/24161259/medium.jpg?1535863014,Berberis oiwakensis
https://static.inaturalist.org/photos/24161768/medium.jpg?1535863978,Berberis oiwakensis
https://static.inaturalist.org/photos/24162100/medium.jpg?1535864721,Berberis oiwakensis
https://static.inaturalist.org/photos/24691954/medium.jpg?1536653670,Berberis oiwakensis
https://static.inaturalist.org/photos/25104338/medium.jpeg?1537247762,Berberis oiwakensis
https://static.inaturalist.org/photos/25156755/medium.jpg?1537331961,Berberis oiwakensis
https://static.inaturalist.org/photos/25156820/medium.jpg?1537332138,Berberis oiwakensis
https://static.inaturalist.org/photos/25156902/medium.jpg?1537332401,Berberis oiwakensis
https://static.inaturalist.org/photos/25157002/medium.jpg?1537332686,Berberis oiwakensis
https://static.inaturalist.org/photos/25157771/medium.jpg?1537335081,Berberis oiwakensis
https://static.inaturalist.org/photos/25272606/medium.jpeg?1537534181,Berberis oiwakensis
https://static.inaturalist.org/photos/26123612/medium.jpeg?1538777259,Berberis oiwakensis
https://static.inaturalist.org/photos/27392432/medium.jpeg?1540799492,Berberis oiwakensis
https://static.inaturalist.org/photos/28439021/medium.jpeg?1543010703,Berberis oiwakensis
https://static.inaturalist.org/photos/28784022/medium.jpg?1543806993,Berberis oiwakensis
https://static.inaturalist.org/photos/28815539/medium.jpg?1543881848,Berberis oiwakensis
https://static.inaturalist.org/photos/29061593/medium.jpg?1544511899,Berberis oiwakensis
https://static.inaturalist.org/photos/30688824/medium.jpg?1548566580,Berberis oiwakensis
https://static.inaturalist.org/photos/30912674/medium.jpeg?1549089039,Berberis oiwakensis
https://static.inaturalist.org/photos/31041643/medium.jpg?1549368470,Berberis oiwakensis
https://static.inaturalist.org/photos/31077618/medium.jpg?1549433471,Berberis oiwakensis
https://static.inaturalist.org/photos/31478084/medium.jpeg?1550316954,Berberis oiwakensis
https://static.inaturalist.org/photos/32198834/medium.jpg?1551498579,Berberis oiwakensis
https://static.inaturalist.org/photos/32410394/medium.jpeg?1551841224,Berberis oiwakensis
https://static.inaturalist.org/photos/32411287/medium.jpeg?1551842489,Berberis oiwakensis
https://static.inaturalist.org/photos/32622811/medium.jpeg?1552211457,Berberis oiwakensis
https://static.inaturalist.org/photos/33221200/medium.jpg?1553220219,Berberis oiwakensis
https://static.inaturalist.org/photos/33344547/medium.jpeg?1553403021,Berberis oiwakensis
https://static.inaturalist.org/photos/34178800/medium.jpeg?1554525867,Berberis oiwakensis
https://static.inaturalist.org/photos/35051958/medium.jpeg?1555531794,Berberis oiwakensis
https://static.inaturalist.org/photos/35250646/medium.jpg?1555748159,Berberis oiwakensis
https://static.inaturalist.org/photos/35557625/medium.jpeg?1556026408,Berberis oiwakensis
https://static.inaturalist.org/photos/36108134/medium.jpeg?1556338178,Berberis oiwakensis
https://static.inaturalist.org/photos/36240990/medium.jpeg?1556382363,Berberis oiwakensis
https://static.inaturalist.org/photos/36291675/medium.jpeg?1556390405,Berberis oiwakensis
https://static.inaturalist.org/photos/36557429/medium.jpg?1556454419,Berberis oiwakensis
https://static.inaturalist.org/photos/37326643/medium.jpg?1556597111,Berberis oiwakensis
https://static.inaturalist.org/photos/37347683/medium.jpg?1556601100,Berberis oiwakensis
https://static.inaturalist.org/photos/37350179/medium.jpg?1556601902,Berberis oiwakensis
https://static.inaturalist.org/photos/37473366/medium.jpg?1556667560,Berberis oiwakensis
https://static.inaturalist.org/photos/37634250/medium.jpg?1556763692,Berberis oiwakensis
https://static.inaturalist.org/photos/37812587/medium.jpg?1556906795,Berberis oiwakensis
https://static.inaturalist.org/photos/37996202/medium.jpg?1557033376,Berberis oiwakensis
https://static.inaturalist.org/photos/38305872/medium.jpeg?1557287644,Berberis oiwakensis
https://static.inaturalist.org/photos/38453356/medium.jpeg?1557444393,Berberis oiwakensis
https://static.inaturalist.org/photos/38558060/medium.jpeg?1557566071,Berberis oiwakensis
https://static.inaturalist.org/photos/39372451/medium.jpg?1558320231,Berberis oiwakensis
https://static.inaturalist.org/photos/39382929/medium.jpg?1558331310,Berberis oiwakensis
https://static.inaturalist.org/photos/41564123/medium.jpg?1560185676,Berberis oiwakensis
https://static.inaturalist.org/photos/41824570/medium.jpeg?1560436833,Berberis oiwakensis
https://static.inaturalist.org/photos/45240823/medium.jpg?1563378684,Berberis oiwakensis
https://static.inaturalist.org/photos/45304019/medium.jpeg?1563426642,Berberis oiwakensis
https://static.inaturalist.org/photos/47218723/medium.jpg?1564990396,Berberis oiwakensis
https://static.inaturalist.org/photos/47218757/medium.jpeg?1564990471,Berberis oiwakensis
https://static.inaturalist.org/photos/49187692/medium.jpg?1566680331,Berberis oiwakensis
https://static.inaturalist.org/photos/49365432/medium.jpg?1566808720,Berberis oiwakensis
https://static.inaturalist.org/photos/50883469/medium.jpg?1568072445,Berberis oiwakensis
https://static.inaturalist.org/photos/51748311/medium.jpeg?1568836841,Berberis oiwakensis
https://static.inaturalist.org/photos/53182675/medium.jpg?1570178306,Berberis oiwakensis
https://static.inaturalist.org/photos/53262913/medium.jpg?1570265638,Berberis oiwakensis
https://static.inaturalist.org/photos/54191859/medium.jpg?1571184162,Berberis oiwakensis
https://static.inaturalist.org/photos/54384685/medium.jpg?1571425086,Berberis oiwakensis
https://static.inaturalist.org/photos/54503942/medium.jpeg?1571559608,Berberis oiwakensis
https://static.inaturalist.org/photos/54981961/medium.jpg?1572056395,Berberis oiwakensis
https://static.inaturalist.org/photos/54982366/medium.jpg?1572056816,Berberis oiwakensis
https://static.inaturalist.org/photos/54982988/medium.jpg?1572057554,Berberis oiwakensis
https://static.inaturalist.org/photos/54992395/medium.jpg?1572076679,Berberis oiwakensis
https://static.inaturalist.org/photos/55062418/medium.jpg?1572145342,Berberis oiwakensis
https://static.inaturalist.org/photos/55293518/medium.jpg?1572420281,Berberis oiwakensis
https://static.inaturalist.org/photos/55293596/medium.jpg?1572420493,Berberis oiwakensis
https://static.inaturalist.org/photos/55293469/medium.jpg?1572420100,Berberis oiwakensis
https://static.inaturalist.org/photos/55294430/medium.jpg?1572423202,Berberis oiwakensis
https://static.inaturalist.org/photos/55408966/medium.jpg?1572601108,Berberis oiwakensis
https://static.inaturalist.org/photos/55408996/medium.jpg?1572601222,Berberis oiwakensis
https://static.inaturalist.org/photos/55409066/medium.jpg?1572601441,Berberis oiwakensis
https://static.inaturalist.org/photos/55409621/medium.jpg?1572603031,Berberis oiwakensis
https://static.inaturalist.org/photos/55509252/medium.jpg?1572736097,Berberis oiwakensis
https://static.inaturalist.org/photos/55978307/medium.jpg?1573327340,Berberis oiwakensis
https://static.inaturalist.org/photos/56031913/medium.jpeg?1573396775,Berberis oiwakensis
https://static.inaturalist.org/photos/56476812/medium.jpg?1574023320,Berberis oiwakensis
https://static.inaturalist.org/photos/56669871/medium.jpg?1574290462,Berberis oiwakensis
https://static.inaturalist.org/photos/56713181/medium.jpg?1574365091,Berberis oiwakensis
https://static.inaturalist.org/photos/56779794/medium.jpg?1574466737,Berberis oiwakensis
https://static.inaturalist.org/photos/56780109/medium.jpg?1574467309,Berberis oiwakensis
https://static.inaturalist.org/photos/56781596/medium.jpg?1574469281,Berberis oiwakensis
https://static.inaturalist.org/photos/56781672/medium.jpg?1574469394,Berberis oiwakensis
https://static.inaturalist.org/photos/56781797/medium.jpg?1574469531,Berberis oiwakensis
https://static.inaturalist.org/photos/56781912/medium.jpg?1574469684,Berberis oiwakensis
https://static.inaturalist.org/photos/56831731/medium.jpg?1574544858,Berberis oiwakensis
https://static.inaturalist.org/photos/56832478/medium.jpg?1574545550,Berberis oiwakensis
https://static.inaturalist.org/photos/57209028/medium.jpg?1575087858,Berberis oiwakensis
https://static.inaturalist.org/photos/57333078/medium.jpeg?1575266922,Berberis oiwakensis
https://static.inaturalist.org/photos/57338039/medium.jpg?1575279049,Berberis oiwakensis
https://static.inaturalist.org/photos/57354803/medium.jpg?1575311230,Berberis oiwakensis
https://static.inaturalist.org/photos/57363996/medium.jpg?1575323294,Berberis oiwakensis
https://static.inaturalist.org/photos/59160562/medium.jpg?1578293608,Berberis oiwakensis
https://static.inaturalist.org/photos/59319259/medium.jpg?1578550691,Berberis oiwakensis
https://static.inaturalist.org/photos/59415063/medium.jpg?1578715716,Berberis oiwakensis
https://static.inaturalist.org/photos/59466218/medium.jpg?1578788784,Berberis oiwakensis
https://static.inaturalist.org/photos/60443105/medium.jpg?1580237223,Berberis oiwakensis
https://static.inaturalist.org/photos/60871824/medium.jpeg?1580861665,Berberis oiwakensis
https://static.inaturalist.org/photos/61410204/medium.jpg?1581644641,Berberis oiwakensis
https://static.inaturalist.org/photos/62403223/medium.jpg?1582956130,Berberis oiwakensis
https://static.inaturalist.org/photos/62455648/medium.jpg?1583015045,Berberis oiwakensis
https://static.inaturalist.org/photos/63102230/medium.jpg?1583765633,Berberis oiwakensis
https://static.inaturalist.org/photos/63328781/medium.jpg?1584030208,Berberis oiwakensis
https://static.inaturalist.org/photos/63792823/medium.jpg?1584497556,Berberis oiwakensis
https://static.inaturalist.org/photos/63968639/medium.jpg?1584665789,Berberis oiwakensis
https://static.inaturalist.org/photos/64006455/medium.jpeg?1584713737,Berberis oiwakensis
https://static.inaturalist.org/photos/64315637/medium.jpeg?1584962298,Berberis oiwakensis
https://static.inaturalist.org/photos/64317827/medium.jpeg?1584966212,Berberis oiwakensis
https://static.inaturalist.org/photos/64422669/medium.jpg?1585066510,Berberis oiwakensis
https://static.inaturalist.org/photos/64526436/medium.jpeg?1585160437,Berberis oiwakensis
https://static.inaturalist.org/photos/64583002/medium.jpeg?1585201977,Berberis oiwakensis
https://static.inaturalist.org/photos/65147265/medium.jpg?1585623455,Berberis oiwakensis
https://static.inaturalist.org/photos/65237608/medium.jpeg?1585701723,Berberis oiwakensis
https://static.inaturalist.org/photos/65530473/medium.jpg?1585943434,Berberis oiwakensis
https://static.inaturalist.org/photos/65669315/medium.jpg?1586037737,Berberis oiwakensis
https://static.inaturalist.org/photos/66552134/medium.jpg?1586636973,Berberis oiwakensis
https://static.inaturalist.org/photos/66617223/medium.jpg?1586667951,Berberis oiwakensis
https://static.inaturalist.org/photos/66718402/medium.jpg?1586727566,Berberis oiwakensis
https://static.inaturalist.org/photos/66719013/medium.jpg?1586727778,Berberis oiwakensis
https://static.inaturalist.org/photos/66741035/medium.jpg?1586737278,Berberis oiwakensis
https://static.inaturalist.org/photos/67052643/medium.jpeg?1586961848,Berberis oiwakensis
https://static.inaturalist.org/photos/67668150/medium.jpg?1587332246,Berberis oiwakensis
https://static.inaturalist.org/photos/67833564/medium.jpeg?1587425313,Berberis oiwakensis
https://static.inaturalist.org/photos/67860094/medium.jpeg?1587440331,Berberis oiwakensis
https://static.inaturalist.org/photos/68165417/medium.jpg?1587618094,Berberis oiwakensis
https://static.inaturalist.org/photos/68464778/medium.jpg?1587750770,Berberis oiwakensis
https://static.inaturalist.org/photos/68574689/medium.jpeg?1587769930,Berberis oiwakensis
https://static.inaturalist.org/photos/68639224/medium.jpeg?1587783785,Berberis oiwakensis
https://static.inaturalist.org/photos/69117990/medium.jpeg?1587889292,Berberis oiwakensis
https://static.inaturalist.org/photos/69474576/medium.jpg?1587952535,Berberis oiwakensis
https://static.inaturalist.org/photos/69529778/medium.jpg?1587966424,Berberis oiwakensis
https://static.inaturalist.org/photos/69560709/medium.jpeg?1587981411,Berberis oiwakensis
https://static.inaturalist.org/photos/69575237/medium.jpeg?1587987755,Berberis oiwakensis
https://static.inaturalist.org/photos/69621936/medium.jpeg?1587999640,Berberis oiwakensis
https://static.inaturalist.org/photos/69832494/medium.jpg?1588035397,Berberis oiwakensis
https://static.inaturalist.org/photos/69905815/medium.jpeg?1588052285,Berberis oiwakensis
https://static.inaturalist.org/photos/70643698/medium.jpg?1588393998,Berberis oiwakensis
https://static.inaturalist.org/photos/72578624/medium.jpg?1589363472,Berberis oiwakensis
https://static.inaturalist.org/photos/72626089/medium.jpeg?1589391200,Berberis oiwakensis
https://static.inaturalist.org/photos/73226591/medium.jpg?1589677251,Berberis oiwakensis
https://static.inaturalist.org/photos/73458474/medium.jpg?1589760072,Berberis oiwakensis
https://static.inaturalist.org/photos/74055489/medium.jpg?1590039710,Berberis oiwakensis
https://static.inaturalist.org/photos/74120109/medium.jpg?1590076354,Berberis oiwakensis
https://static.inaturalist.org/photos/74210900/medium.jpg?1590109627,Berberis oiwakensis
https://static.inaturalist.org/photos/75317541/medium.jpeg?1590563383,Berberis oiwakensis
https://static.inaturalist.org/photos/75483493/medium.jpg?1590638225,Berberis oiwakensis
https://static.inaturalist.org/photos/76337003/medium.jpg?1591020847,Berberis oiwakensis
https://static.inaturalist.org/photos/78392802/medium.jpg?1592004718,Berberis oiwakensis
https://static.inaturalist.org/photos/79191211/medium.jpg?1592339683,Berberis oiwakensis
https://static.inaturalist.org/photos/80587817/medium.jpg?1592968902,Berberis oiwakensis
https://static.inaturalist.org/photos/81286975/medium.jpeg?1593305926,Berberis oiwakensis
https://static.inaturalist.org/photos/81287133/medium.jpeg?1593305981,Berberis oiwakensis
https://static.inaturalist.org/photos/81446571/medium.jpeg?1593373618,Berberis oiwakensis
https://static.inaturalist.org/photos/82408686/medium.jpeg?1593821941,Berberis oiwakensis
https://static.inaturalist.org/photos/83152090/medium.jpg?1594163685,Berberis oiwakensis
https://static.inaturalist.org/photos/83196137/medium.jpeg?1594185638,Berberis oiwakensis
https://static.inaturalist.org/photos/84123857/medium.jpg?1594614235,Berberis oiwakensis
https://static.inaturalist.org/photos/85940727/medium.jpg?1595475695,Berberis oiwakensis
