image_url,scientific_name
https://static.inaturalist.org/photos/719177/medium.jpg?1444779766,Psophocarpus tetragonolobus
https://static.inaturalist.org/photos/16922897/medium.jpeg?1525052291,Psophocarpus tetragonolobus
https://static.inaturalist.org/photos/26727939/medium.jpeg?1539681190,Psophocarpus tetragonolobus
https://static.inaturalist.org/photos/26727942/medium.jpeg?1539681202,Psophocarpus tetragonolobus
https://static.inaturalist.org/photos/26818803/medium.jpeg?1539827024,Psophocarpus tetragonolobus
https://static.inaturalist.org/photos/26818851/medium.jpeg?1539827070,Psophocarpus tetragonolobus
https://static.inaturalist.org/photos/27090456/medium.jpg?1540259640,Psophocarpus tetragonolobus
https://static.inaturalist.org/photos/28155509/medium.jpg?1542325943,Psophocarpus tetragonolobus
https://static.inaturalist.org/photos/28608901/medium.jpg?1543372922,Psophocarpus tetragonolobus
https://static.inaturalist.org/photos/28644892/medium.jpg?1543463224,Psophocarpus tetragonolobus
https://static.inaturalist.org/photos/29129545/medium.jpeg?1544714825,Psophocarpus tetragonolobus
https://static.inaturalist.org/photos/29130263/medium.jpeg?1544717162,Psophocarpus tetragonolobus
https://static.inaturalist.org/photos/29443993/medium.jpg?1545574976,Psophocarpus tetragonolobus
https://static.inaturalist.org/photos/30057434/medium.jpg?1547035860,Psophocarpus tetragonolobus
https://static.inaturalist.org/photos/30619330/medium.jpg?1548406982,Psophocarpus tetragonolobus
https://static.inaturalist.org/photos/30877825/medium.jpeg?1549006376,Psophocarpus tetragonolobus
https://static.inaturalist.org/photos/30877987/medium.jpeg?1549007203,Psophocarpus tetragonolobus
https://static.inaturalist.org/photos/30963848/medium.jpg?1549204078,Psophocarpus tetragonolobus
https://static.inaturalist.org/photos/31427699/medium.jpeg?1550188163,Psophocarpus tetragonolobus
https://static.inaturalist.org/photos/31654616/medium.jpeg?1550668787,Psophocarpus tetragonolobus
https://static.inaturalist.org/photos/34352201/medium.jpg?1554713415,Psophocarpus tetragonolobus
https://static.inaturalist.org/photos/35251790/medium.jpeg?1555750828,Psophocarpus tetragonolobus
https://static.inaturalist.org/photos/42743603/medium.jpeg?1561246680,Psophocarpus tetragonolobus
https://static.inaturalist.org/photos/53357154/medium.jpeg?1570345028,Psophocarpus tetragonolobus
https://static.inaturalist.org/photos/53357447/medium.jpeg?1570345550,Psophocarpus tetragonolobus
https://static.inaturalist.org/photos/53649120/medium.jpg?1570629498,Psophocarpus tetragonolobus
https://static.inaturalist.org/photos/54992825/medium.jpg?1572077690,Psophocarpus tetragonolobus
https://static.inaturalist.org/photos/56026355/medium.jpeg?1573388887,Psophocarpus tetragonolobus
https://static.inaturalist.org/photos/56103221/medium.jpeg?1573487165,Psophocarpus tetragonolobus
https://static.inaturalist.org/photos/57054756/medium.jpeg?1574823241,Psophocarpus tetragonolobus
https://static.inaturalist.org/photos/57592335/medium.jpeg?1575728990,Psophocarpus tetragonolobus
https://static.inaturalist.org/photos/57690856/medium.jpg?1575868951,Psophocarpus tetragonolobus
https://static.inaturalist.org/photos/57991958/medium.jpg?1576397493,Psophocarpus tetragonolobus
https://static.inaturalist.org/photos/60075401/medium.jpeg?1579704571,Psophocarpus tetragonolobus
https://static.inaturalist.org/photos/66473469/medium.jpg?1586591137,Psophocarpus tetragonolobus
https://static.inaturalist.org/photos/68321183/medium.jpeg?1587702839,Psophocarpus tetragonolobus
https://static.inaturalist.org/photos/79824773/medium.jpg?1592663552,Psophocarpus tetragonolobus
