image_url,scientific_name
https://static.inaturalist.org/photos/8503011/medium.jpeg?1497791560,Antidesma bunius
https://static.inaturalist.org/photos/17000459/medium.jpeg?1525097604,Antidesma bunius
https://static.inaturalist.org/photos/19886715/medium.jpeg?1529275613,Antidesma bunius
https://static.inaturalist.org/photos/24076252/medium.jpeg?1535740896,Antidesma bunius
https://static.inaturalist.org/photos/24076771/medium.jpeg?1535741443,Antidesma bunius
https://static.inaturalist.org/photos/25237839/medium.jpg?1537471832,Antidesma bunius
https://static.inaturalist.org/photos/30583558/medium.jpeg?1548313890,Antidesma bunius
https://static.inaturalist.org/photos/41389425/medium.jpeg?1560044268,Antidesma bunius
https://static.inaturalist.org/photos/50307899/medium.jpg?1567586206,Antidesma bunius
https://static.inaturalist.org/photos/56321561/medium.jpeg?1573812934,Antidesma bunius
https://static.inaturalist.org/photos/62492814/medium.jpeg?1583047147,Antidesma bunius
https://static.inaturalist.org/photos/62495134/medium.jpeg?1583049633,Antidesma bunius
