image_url,scientific_name
https://static.inaturalist.org/photos/1284029/medium.jpg?1444625763,Lycium chinense
https://static.inaturalist.org/photos/2500029/medium.jpg?1444397043,Lycium chinense
https://static.inaturalist.org/photos/5056330/medium.jpg?1475182424,Lycium chinense
https://static.inaturalist.org/photos/6556889/medium.jpeg?1489422950,Lycium chinense
https://static.inaturalist.org/photos/9035490/medium.jpg?1499985287,Lycium chinense
https://static.inaturalist.org/photos/9818657/medium.jpg?1502951499,Lycium chinense
https://static.inaturalist.org/photos/9849866/medium.jpg?1503097221,Lycium chinense
https://static.inaturalist.org/photos/9999871/medium.jpg?1503665974,Lycium chinense
https://static.inaturalist.org/photos/10917986/medium.jpg?1507030210,Lycium chinense
https://static.inaturalist.org/photos/11441155/medium.jpeg?1509044690,Lycium chinense
https://static.inaturalist.org/photos/12473093/medium.jpg?1513802687,Lycium chinense
https://static.inaturalist.org/photos/21006893/medium.jpeg?1531067281,Lycium chinense
https://static.inaturalist.org/photos/23732239/medium.jpeg?1535197751,Lycium chinense
https://static.inaturalist.org/photos/23949878/medium.jpg?1535525125,Lycium chinense
https://static.inaturalist.org/photos/24177586/medium.jpeg?1535899620,Lycium chinense
https://static.inaturalist.org/photos/24232530/medium.jpeg?1535968372,Lycium chinense
https://static.inaturalist.org/photos/24574961/medium.jpeg?1536482685,Lycium chinense
https://static.inaturalist.org/photos/24750197/medium.jpg?1536747852,Lycium chinense
https://static.inaturalist.org/photos/24861072/medium.jpg?1536919100,Lycium chinense
https://static.inaturalist.org/photos/24927449/medium.jpeg?1537026704,Lycium chinense
https://static.inaturalist.org/photos/25619015/medium.jpg?1538007085,Lycium chinense
https://static.inaturalist.org/photos/25943897/medium.jpeg?1538493242,Lycium chinense
https://static.inaturalist.org/photos/26562011/medium.jpg?1539450418,Lycium chinense
https://static.inaturalist.org/photos/27335942/medium.jpeg?1540711921,Lycium chinense
https://static.inaturalist.org/photos/27513856/medium.jpg?1541032101,Lycium chinense
https://static.inaturalist.org/photos/27641038/medium.jpg?1541293939,Lycium chinense
https://static.inaturalist.org/photos/28277571/medium.jpeg?1542601136,Lycium chinense
https://static.inaturalist.org/photos/28418088/medium.jpeg?1542957891,Lycium chinense
https://static.inaturalist.org/photos/29174633/medium.jpeg?1544844131,Lycium chinense
https://static.inaturalist.org/photos/29212212/medium.jpg?1544947793,Lycium chinense
https://static.inaturalist.org/photos/29340558/medium.jpeg?1545296443,Lycium chinense
https://static.inaturalist.org/photos/29666175/medium.jpg?1546130469,Lycium chinense
https://static.inaturalist.org/photos/31503604/medium.jpeg?1550361326,Lycium chinense
https://static.inaturalist.org/photos/36173087/medium.jpeg?1556368637,Lycium chinense
https://static.inaturalist.org/photos/36544386/medium.jpg?1556449122,Lycium chinense
https://static.inaturalist.org/photos/37485145/medium.jpeg?1556673484,Lycium chinense
https://static.inaturalist.org/photos/46804332/medium.jpeg?1564659194,Lycium chinense
https://static.inaturalist.org/photos/49150219/medium.jpg?1566660948,Lycium chinense
https://static.inaturalist.org/photos/50841858/medium.jpg?1568046466,Lycium chinense
https://static.inaturalist.org/photos/52443278/medium.jpeg?1569444224,Lycium chinense
https://static.inaturalist.org/photos/52698897/medium.jpeg?1569700544,Lycium chinense
https://static.inaturalist.org/photos/53147012/medium.jpeg?1570134937,Lycium chinense
https://static.inaturalist.org/photos/53693044/medium.jpg?1570666354,Lycium chinense
https://static.inaturalist.org/photos/53974139/medium.jpeg?1570980865,Lycium chinense
https://static.inaturalist.org/photos/54291022/medium.jpeg?1571312375,Lycium chinense
https://static.inaturalist.org/photos/54305588/medium.jpg?1571329945,Lycium chinense
https://static.inaturalist.org/photos/54353852/medium.jpg?1571388395,Lycium chinense
https://static.inaturalist.org/photos/54517815/medium.jpg?1571577801,Lycium chinense
https://static.inaturalist.org/photos/56270025/medium.jpg?1573733133,Lycium chinense
https://static.inaturalist.org/photos/57055474/medium.jpg?1574824000,Lycium chinense
https://static.inaturalist.org/photos/57055504/medium.jpeg?1574824041,Lycium chinense
https://static.inaturalist.org/photos/57055507/medium.jpg?1574824044,Lycium chinense
https://static.inaturalist.org/photos/57126326/medium.jpeg?1574952580,Lycium chinense
https://static.inaturalist.org/photos/58065817/medium.jpg?1576520656,Lycium chinense
https://static.inaturalist.org/photos/58314351/medium.jpeg?1577002005,Lycium chinense
https://static.inaturalist.org/photos/63539209/medium.jpg?1584250216,Lycium chinense
https://static.inaturalist.org/photos/65356832/medium.jpg?1585798622,Lycium chinense
https://static.inaturalist.org/photos/65489748/medium.jpg?1585915988,Lycium chinense
https://static.inaturalist.org/photos/66234089/medium.jpeg?1586418706,Lycium chinense
https://static.inaturalist.org/photos/67280848/medium.jpeg?1587106111,Lycium chinense
https://static.inaturalist.org/photos/67421600/medium.jpg?1587206573,Lycium chinense
