image_url,scientific_name
https://static.inaturalist.org/photos/267328/medium.jpg?1444680586,Scirpoides holoschoenus
https://static.inaturalist.org/photos/1656345/medium.jpg?1427295009,Scirpoides holoschoenus
https://static.inaturalist.org/photos/1656363/medium.jpg?1427295326,Scirpoides holoschoenus
https://static.inaturalist.org/photos/2044384/medium.jpg?1444454878,Scirpoides holoschoenus
https://static.inaturalist.org/photos/2770917/medium.jpg?1450021495,Scirpoides holoschoenus
https://static.inaturalist.org/photos/3569921/medium.JPG?1462352016,Scirpoides holoschoenus
https://static.inaturalist.org/photos/3596492/medium.JPG?1462546530,Scirpoides holoschoenus
https://static.inaturalist.org/photos/3930334/medium.jpeg?1465252895,Scirpoides holoschoenus
https://static.inaturalist.org/photos/3967891/medium.JPG?1465544022,Scirpoides holoschoenus
https://static.inaturalist.org/photos/3990560/medium.jpg?1465742895,Scirpoides holoschoenus
https://static.inaturalist.org/photos/4109521/medium.jpg?1466968909,Scirpoides holoschoenus
https://static.inaturalist.org/photos/4820075/medium.jpeg?1473371881,Scirpoides holoschoenus
https://static.inaturalist.org/photos/4903880/medium.jpg?1474039668,Scirpoides holoschoenus
https://static.inaturalist.org/photos/5034903/medium.jpeg?1475017230,Scirpoides holoschoenus
https://static.inaturalist.org/photos/5097396/medium.jpg?1475490539,Scirpoides holoschoenus
https://static.inaturalist.org/photos/5097420/medium.jpg?1475490993,Scirpoides holoschoenus
https://static.inaturalist.org/photos/7319811/medium.jpeg?1492716373,Scirpoides holoschoenus
https://static.inaturalist.org/photos/7500870/medium.jpeg?1493407131,Scirpoides holoschoenus
https://static.inaturalist.org/photos/7621154/medium.jpg?1493932086,Scirpoides holoschoenus
https://static.inaturalist.org/photos/7706972/medium.jpeg?1494323657,Scirpoides holoschoenus
https://static.inaturalist.org/photos/7718547/medium.jpeg?1494382358,Scirpoides holoschoenus
https://static.inaturalist.org/photos/7722660/medium.jpeg?1494410679,Scirpoides holoschoenus
https://static.inaturalist.org/photos/8806500/medium.jpeg?1499085148,Scirpoides holoschoenus
https://static.inaturalist.org/photos/8806565/medium.jpeg?1499085735,Scirpoides holoschoenus
https://static.inaturalist.org/photos/8888548/medium.jpeg?1499416087,Scirpoides holoschoenus
https://static.inaturalist.org/photos/8908308/medium.jpeg?1499499291,Scirpoides holoschoenus
https://static.inaturalist.org/photos/9826241/medium.jpeg?1502994466,Scirpoides holoschoenus
https://static.inaturalist.org/photos/9888991/medium.jpeg?1503250572,Scirpoides holoschoenus
https://static.inaturalist.org/photos/9931372/medium.jpg?1503379582,Scirpoides holoschoenus
https://static.inaturalist.org/photos/10403072/medium.jpg?1505214467,Scirpoides holoschoenus
https://static.inaturalist.org/photos/10603366/medium.jpeg?1505927727,Scirpoides holoschoenus
https://static.inaturalist.org/photos/10732629/medium.jpg?1506371312,Scirpoides holoschoenus
https://static.inaturalist.org/photos/11577683/medium.jpg?1509572415,Scirpoides holoschoenus
https://static.inaturalist.org/photos/11753151/medium.jpg?1510348992,Scirpoides holoschoenus
https://static.inaturalist.org/photos/12641850/medium.jpeg?1514741519,Scirpoides holoschoenus
https://static.inaturalist.org/photos/12847069/medium.jpeg?1515751181,Scirpoides holoschoenus
https://static.inaturalist.org/photos/12850609/medium.jpg?1515776994,Scirpoides holoschoenus
https://static.inaturalist.org/photos/12850613/medium.jpeg?1515777005,Scirpoides holoschoenus
https://static.inaturalist.org/photos/12907929/medium.jpeg?1516025215,Scirpoides holoschoenus
https://static.inaturalist.org/photos/13395773/medium.jpeg?1518132084,Scirpoides holoschoenus
https://static.inaturalist.org/photos/13893280/medium.png?1520183551,Scirpoides holoschoenus
https://static.inaturalist.org/photos/14452109/medium.jpeg?1521949807,Scirpoides holoschoenus
https://static.inaturalist.org/photos/14759256/medium.jpeg?1522737840,Scirpoides holoschoenus
https://static.inaturalist.org/photos/16399335/medium.jpg?1524835844,Scirpoides holoschoenus
https://static.inaturalist.org/photos/18577973/medium.jpeg?1527286670,Scirpoides holoschoenus
https://static.inaturalist.org/photos/19066395/medium.jpeg?1528055661,Scirpoides holoschoenus
https://static.inaturalist.org/photos/19103832/medium.jpeg?1528101165,Scirpoides holoschoenus
https://static.inaturalist.org/photos/19615547/medium.jpg?1528842864,Scirpoides holoschoenus
https://static.inaturalist.org/photos/20122905/medium.jpeg?1529670217,Scirpoides holoschoenus
https://static.inaturalist.org/photos/20242437/medium.jpg?1529851557,Scirpoides holoschoenus
https://static.inaturalist.org/photos/20843705/medium.jpeg?1530815158,Scirpoides holoschoenus
https://static.inaturalist.org/photos/21106067/medium.jpeg?1531217247,Scirpoides holoschoenus
https://static.inaturalist.org/photos/22019313/medium.jpeg?1532633250,Scirpoides holoschoenus
https://static.inaturalist.org/photos/22067807/medium.jpeg?1532700563,Scirpoides holoschoenus
https://static.inaturalist.org/photos/22070112/medium.jpeg?1532703233,Scirpoides holoschoenus
https://static.inaturalist.org/photos/22143814/medium.jpeg?1532791934,Scirpoides holoschoenus
https://static.inaturalist.org/photos/22145438/medium.jpeg?1532793382,Scirpoides holoschoenus
https://static.inaturalist.org/photos/22170755/medium.jpeg?1532814997,Scirpoides holoschoenus
https://static.inaturalist.org/photos/22216841/medium.jpeg?1532876171,Scirpoides holoschoenus
https://static.inaturalist.org/photos/22260688/medium.jpeg?1532909689,Scirpoides holoschoenus
https://static.inaturalist.org/photos/22318732/medium.jpeg?1532983441,Scirpoides holoschoenus
https://static.inaturalist.org/photos/22688891/medium.jpeg?1533575861,Scirpoides holoschoenus
https://static.inaturalist.org/photos/22792823/medium.jpeg?1533751046,Scirpoides holoschoenus
https://static.inaturalist.org/photos/22792860/medium.jpeg?1533751093,Scirpoides holoschoenus
https://static.inaturalist.org/photos/25422811/medium.jpg?1537721062,Scirpoides holoschoenus
https://static.inaturalist.org/photos/25232226/medium.jpeg?1537465556,Scirpoides holoschoenus
https://static.inaturalist.org/photos/25231035/medium.jpeg?1537464088,Scirpoides holoschoenus
https://static.inaturalist.org/photos/25230996/medium.jpeg?1537464025,Scirpoides holoschoenus
https://static.inaturalist.org/photos/22806822/medium.jpeg?1533766287,Scirpoides holoschoenus
https://static.inaturalist.org/photos/22806839/medium.jpeg?1533766311,Scirpoides holoschoenus
https://static.inaturalist.org/photos/22806897/medium.jpeg?1533766390,Scirpoides holoschoenus
https://static.inaturalist.org/photos/23300780/medium.jpeg?1534531531,Scirpoides holoschoenus
https://static.inaturalist.org/photos/23302229/medium.jpeg?1534533236,Scirpoides holoschoenus
https://static.inaturalist.org/photos/23313385/medium.jpeg?1534545682,Scirpoides holoschoenus
https://static.inaturalist.org/photos/23326693/medium.jpeg?1534562846,Scirpoides holoschoenus
https://static.inaturalist.org/photos/23329809/medium.jpeg?1534569149,Scirpoides holoschoenus
https://static.inaturalist.org/photos/23366771/medium.jpeg?1534624019,Scirpoides holoschoenus
https://static.inaturalist.org/photos/23397197/medium.jpeg?1534662529,Scirpoides holoschoenus
https://static.inaturalist.org/photos/23397242/medium.jpeg?1534662636,Scirpoides holoschoenus
https://static.inaturalist.org/photos/23397346/medium.jpeg?1534662838,Scirpoides holoschoenus
https://static.inaturalist.org/photos/23407592/medium.jpeg?1534687479,Scirpoides holoschoenus
https://static.inaturalist.org/photos/23525494/medium.jpeg?1534854317,Scirpoides holoschoenus
https://static.inaturalist.org/photos/23914900/medium.jpeg?1535471392,Scirpoides holoschoenus
https://static.inaturalist.org/photos/24111478/medium.jpeg?1535804883,Scirpoides holoschoenus
https://static.inaturalist.org/photos/25068510/medium.jpeg?1537204057,Scirpoides holoschoenus
https://static.inaturalist.org/photos/26548028/medium.jpeg?1539425709,Scirpoides holoschoenus
https://static.inaturalist.org/photos/27494347/medium.jpeg?1541000940,Scirpoides holoschoenus
https://static.inaturalist.org/photos/28387547/medium.jpeg?1542889076,Scirpoides holoschoenus
https://static.inaturalist.org/photos/28626407/medium.jpeg?1543425779,Scirpoides holoschoenus
https://static.inaturalist.org/photos/28650728/medium.jpeg?1543481013,Scirpoides holoschoenus
https://static.inaturalist.org/photos/29520311/medium.jpeg?1545770279,Scirpoides holoschoenus
https://static.inaturalist.org/photos/30270217/medium.jpg?1547555950,Scirpoides holoschoenus
https://static.inaturalist.org/photos/30730612/medium.jpg?1548646868,Scirpoides holoschoenus
https://static.inaturalist.org/photos/30921255/medium.jpg?1549117418,Scirpoides holoschoenus
https://static.inaturalist.org/photos/31652911/medium.jpeg?1550661791,Scirpoides holoschoenus
https://static.inaturalist.org/photos/31678845/medium.jpeg?1550715199,Scirpoides holoschoenus
https://static.inaturalist.org/photos/31699708/medium.jpg?1550774125,Scirpoides holoschoenus
https://static.inaturalist.org/photos/31881517/medium.jpg?1550932148,Scirpoides holoschoenus
https://static.inaturalist.org/photos/32162688/medium.jpeg?1551434277,Scirpoides holoschoenus
https://static.inaturalist.org/photos/32689878/medium.jpeg?1552321359,Scirpoides holoschoenus
https://static.inaturalist.org/photos/33500509/medium.jpeg?1553628393,Scirpoides holoschoenus
https://static.inaturalist.org/photos/33593152/medium.jpg?1553764010,Scirpoides holoschoenus
https://static.inaturalist.org/photos/34955467/medium.jpg?1555430844,Scirpoides holoschoenus
https://static.inaturalist.org/photos/35504412/medium.jpg?1555966963,Scirpoides holoschoenus
https://static.inaturalist.org/photos/35512296/medium.jpeg?1555972499,Scirpoides holoschoenus
https://static.inaturalist.org/photos/36311353/medium.jpeg?1556393493,Scirpoides holoschoenus
https://static.inaturalist.org/photos/36341156/medium.jpeg?1556398247,Scirpoides holoschoenus
https://static.inaturalist.org/photos/39484227/medium.jpeg?1558414510,Scirpoides holoschoenus
https://static.inaturalist.org/photos/39537342/medium.jpg?1558469123,Scirpoides holoschoenus
https://static.inaturalist.org/photos/39994186/medium.jpeg?1558866855,Scirpoides holoschoenus
https://static.inaturalist.org/photos/39996651/medium.jpeg?1558869814,Scirpoides holoschoenus
https://static.inaturalist.org/photos/40459637/medium.jpeg?1559247767,Scirpoides holoschoenus
https://static.inaturalist.org/photos/40607841/medium.jpg?1559385681,Scirpoides holoschoenus
https://static.inaturalist.org/photos/40646502/medium.jpeg?1559410916,Scirpoides holoschoenus
https://static.inaturalist.org/photos/40791971/medium.jpeg?1559509700,Scirpoides holoschoenus
https://static.inaturalist.org/photos/41309528/medium.jpeg?1559985365,Scirpoides holoschoenus
https://static.inaturalist.org/photos/41331397/medium.jpg?1560007863,Scirpoides holoschoenus
https://static.inaturalist.org/photos/41598736/medium.jpeg?1560209576,Scirpoides holoschoenus
https://static.inaturalist.org/photos/41669668/medium.jpeg?1560280902,Scirpoides holoschoenus
https://static.inaturalist.org/photos/41736006/medium.jpg?1560350723,Scirpoides holoschoenus
https://static.inaturalist.org/photos/41835649/medium.jpg?1560445877,Scirpoides holoschoenus
https://static.inaturalist.org/photos/41933568/medium.jpg?1560542020,Scirpoides holoschoenus
https://static.inaturalist.org/photos/42242549/medium.jpeg?1560798359,Scirpoides holoschoenus
https://static.inaturalist.org/photos/42393965/medium.jpg?1560938149,Scirpoides holoschoenus
https://static.inaturalist.org/photos/42775832/medium.jpg?1561273200,Scirpoides holoschoenus
https://static.inaturalist.org/photos/42896593/medium.jpg?1561374972,Scirpoides holoschoenus
https://static.inaturalist.org/photos/42930159/medium.jpeg?1561400206,Scirpoides holoschoenus
https://static.inaturalist.org/photos/42996861/medium.jpg?1561460039,Scirpoides holoschoenus
https://static.inaturalist.org/photos/43037452/medium.jpg?1561488935,Scirpoides holoschoenus
https://static.inaturalist.org/photos/43038616/medium.jpeg?1561489700,Scirpoides holoschoenus
https://static.inaturalist.org/photos/43049027/medium.jpeg?1561495861,Scirpoides holoschoenus
https://static.inaturalist.org/photos/43485513/medium.jpeg?1561882720,Scirpoides holoschoenus
https://static.inaturalist.org/photos/43552982/medium.jpeg?1561932803,Scirpoides holoschoenus
https://static.inaturalist.org/photos/43697860/medium.jpeg?1562062094,Scirpoides holoschoenus
https://static.inaturalist.org/photos/43808051/medium.jpg?1562164131,Scirpoides holoschoenus
https://static.inaturalist.org/photos/43939742/medium.jpeg?1562277111,Scirpoides holoschoenus
https://static.inaturalist.org/photos/44433868/medium.jpg?1562686794,Scirpoides holoschoenus
https://static.inaturalist.org/photos/44547790/medium.jpeg?1562786379,Scirpoides holoschoenus
https://static.inaturalist.org/photos/44968705/medium.jpeg?1563145903,Scirpoides holoschoenus
https://static.inaturalist.org/photos/45316082/medium.jpg?1563449398,Scirpoides holoschoenus
https://static.inaturalist.org/photos/45371764/medium.jpeg?1563486533,Scirpoides holoschoenus
https://static.inaturalist.org/photos/45456626/medium.jpeg?1563569786,Scirpoides holoschoenus
https://static.inaturalist.org/photos/45835841/medium.jpg?1563876136,Scirpoides holoschoenus
https://static.inaturalist.org/photos/46076338/medium.jpeg?1564075181,Scirpoides holoschoenus
https://static.inaturalist.org/photos/46184030/medium.jpg?1564165614,Scirpoides holoschoenus
https://static.inaturalist.org/photos/46289123/medium.jpeg?1564253046,Scirpoides holoschoenus
https://static.inaturalist.org/photos/46307439/medium.jpeg?1564263601,Scirpoides holoschoenus
https://static.inaturalist.org/photos/46411999/medium.jpeg?1564340491,Scirpoides holoschoenus
https://static.inaturalist.org/photos/46419400/medium.jpeg?1564344120,Scirpoides holoschoenus
https://static.inaturalist.org/photos/46490309/medium.jpg?1564400803,Scirpoides holoschoenus
https://static.inaturalist.org/photos/46753738/medium.jpg?1564607447,Scirpoides holoschoenus
https://static.inaturalist.org/photos/46993700/medium.jpeg?1564825663,Scirpoides holoschoenus
https://static.inaturalist.org/photos/47116146/medium.jpeg?1564924752,Scirpoides holoschoenus
https://static.inaturalist.org/photos/47178422/medium.jpeg?1564957967,Scirpoides holoschoenus
https://static.inaturalist.org/photos/47353245/medium.jpeg?1565109196,Scirpoides holoschoenus
https://static.inaturalist.org/photos/47359778/medium.jpeg?1565113803,Scirpoides holoschoenus
https://static.inaturalist.org/photos/47419092/medium.jpeg?1565162780,Scirpoides holoschoenus
https://static.inaturalist.org/photos/47559940/medium.jpg?1565293271,Scirpoides holoschoenus
https://static.inaturalist.org/photos/47657413/medium.jpeg?1565383635,Scirpoides holoschoenus
https://static.inaturalist.org/photos/47733721/medium.jpeg?1565456605,Scirpoides holoschoenus
https://static.inaturalist.org/photos/47879774/medium.jpeg?1565556948,Scirpoides holoschoenus
https://static.inaturalist.org/photos/47956880/medium.jpeg?1565623730,Scirpoides holoschoenus
https://static.inaturalist.org/photos/48079473/medium.jpeg?1565719525,Scirpoides holoschoenus
https://static.inaturalist.org/photos/48304136/medium.jpeg?1565906645,Scirpoides holoschoenus
https://static.inaturalist.org/photos/48576318/medium.jpg?1566145819,Scirpoides holoschoenus
https://static.inaturalist.org/photos/48782838/medium.jpeg?1566320210,Scirpoides holoschoenus
https://static.inaturalist.org/photos/48992616/medium.jpeg?1566507263,Scirpoides holoschoenus
https://static.inaturalist.org/photos/49538011/medium.jpeg?1566946223,Scirpoides holoschoenus
https://static.inaturalist.org/photos/49574613/medium.jpeg?1566989112,Scirpoides holoschoenus
https://static.inaturalist.org/photos/49690919/medium.jpeg?1567091583,Scirpoides holoschoenus
https://static.inaturalist.org/photos/49731700/medium.jpeg?1567115763,Scirpoides holoschoenus
https://static.inaturalist.org/photos/49787256/medium.jpeg?1567173452,Scirpoides holoschoenus
https://static.inaturalist.org/photos/49922422/medium.jpeg?1567281074,Scirpoides holoschoenus
https://static.inaturalist.org/photos/50034281/medium.jpg?1567364556,Scirpoides holoschoenus
https://static.inaturalist.org/photos/50101989/medium.jpeg?1567418724,Scirpoides holoschoenus
https://static.inaturalist.org/photos/50342346/medium.jpg?1567620426,Scirpoides holoschoenus
https://static.inaturalist.org/photos/50349647/medium.jpeg?1567625326,Scirpoides holoschoenus
https://static.inaturalist.org/photos/50830219/medium.jpg?1568038554,Scirpoides holoschoenus
https://static.inaturalist.org/photos/50852490/medium.jpg?1568052591,Scirpoides holoschoenus
https://static.inaturalist.org/photos/51363379/medium.jpg?1568506409,Scirpoides holoschoenus
https://static.inaturalist.org/photos/51650668/medium.jpeg?1568749723,Scirpoides holoschoenus
https://static.inaturalist.org/photos/51800937/medium.jpg?1568894863,Scirpoides holoschoenus
https://static.inaturalist.org/photos/52957771/medium.jpg?1569939534,Scirpoides holoschoenus
https://static.inaturalist.org/photos/52981381/medium.jpeg?1569956826,Scirpoides holoschoenus
https://static.inaturalist.org/photos/53073348/medium.jpeg?1570050435,Scirpoides holoschoenus
https://static.inaturalist.org/photos/53137369/medium.jpeg?1570127176,Scirpoides holoschoenus
https://static.inaturalist.org/photos/53194975/medium.jpeg?1570198473,Scirpoides holoschoenus
https://static.inaturalist.org/photos/53818235/medium.jpeg?1570818801,Scirpoides holoschoenus
https://static.inaturalist.org/photos/54004794/medium.jpeg?1571001494,Scirpoides holoschoenus
https://static.inaturalist.org/photos/54096867/medium.jpeg?1571085501,Scirpoides holoschoenus
https://static.inaturalist.org/photos/54236044/medium.jpeg?1571243180,Scirpoides holoschoenus
https://static.inaturalist.org/photos/54297090/medium.jpeg?1571321913,Scirpoides holoschoenus
https://static.inaturalist.org/photos/55328047/medium.jpeg?1572467991,Scirpoides holoschoenus
https://static.inaturalist.org/photos/55491691/medium.jpeg?1572720327,Scirpoides holoschoenus
https://static.inaturalist.org/photos/55564904/medium.jpeg?1572810659,Scirpoides holoschoenus
https://static.inaturalist.org/photos/55723038/medium.jpg?1572991458,Scirpoides holoschoenus
https://static.inaturalist.org/photos/56447152/medium.jpeg?1573991479,Scirpoides holoschoenus
https://static.inaturalist.org/photos/56463253/medium.jpeg?1574013090,Scirpoides holoschoenus
https://static.inaturalist.org/photos/56903312/medium.jpeg?1574628975,Scirpoides holoschoenus
https://static.inaturalist.org/photos/57353892/medium.jpg?1575310152,Scirpoides holoschoenus
https://static.inaturalist.org/photos/57451813/medium.jpeg?1575477648,Scirpoides holoschoenus
https://static.inaturalist.org/photos/57522794/medium.jpeg?1575590576,Scirpoides holoschoenus
https://static.inaturalist.org/photos/57930065/medium.jpeg?1576288185,Scirpoides holoschoenus
https://static.inaturalist.org/photos/58707023/medium.jpeg?1577643657,Scirpoides holoschoenus
https://static.inaturalist.org/photos/58769409/medium.jpeg?1577734705,Scirpoides holoschoenus
https://static.inaturalist.org/photos/59901027/medium.jpeg?1579447448,Scirpoides holoschoenus
https://static.inaturalist.org/photos/60383625/medium.jpg?1580145816,Scirpoides holoschoenus
https://static.inaturalist.org/photos/61056996/medium.jpg?1581163797,Scirpoides holoschoenus
https://static.inaturalist.org/photos/61076175/medium.jpg?1581185186,Scirpoides holoschoenus
https://static.inaturalist.org/photos/61320088/medium.jpeg?1581521999,Scirpoides holoschoenus
https://static.inaturalist.org/photos/61507775/medium.jpeg?1581793743,Scirpoides holoschoenus
https://static.inaturalist.org/photos/63408169/medium.jpeg?1584125790,Scirpoides holoschoenus
https://static.inaturalist.org/photos/63675295/medium.jpeg?1584384594,Scirpoides holoschoenus
https://static.inaturalist.org/photos/65622725/medium.jpg?1586016209,Scirpoides holoschoenus
https://static.inaturalist.org/photos/66828483/medium.jpg?1586799752,Scirpoides holoschoenus
https://static.inaturalist.org/photos/67344570/medium.jpg?1587153068,Scirpoides holoschoenus
https://static.inaturalist.org/photos/67564929/medium.jpeg?1587280498,Scirpoides holoschoenus
https://static.inaturalist.org/photos/67641816/medium.jpeg?1587323483,Scirpoides holoschoenus
https://static.inaturalist.org/photos/67913104/medium.jpg?1587485993,Scirpoides holoschoenus
https://static.inaturalist.org/photos/68267173/medium.jpeg?1587677226,Scirpoides holoschoenus
https://static.inaturalist.org/photos/70592343/medium.jpg?1588371041,Scirpoides holoschoenus
https://static.inaturalist.org/photos/70728687/medium.jpg?1588440556,Scirpoides holoschoenus
https://static.inaturalist.org/photos/70728714/medium.jpg?1588440566,Scirpoides holoschoenus
https://static.inaturalist.org/photos/71007955/medium.jpg?1588539328,Scirpoides holoschoenus
https://static.inaturalist.org/photos/71021982/medium.jpg?1588542579,Scirpoides holoschoenus
https://static.inaturalist.org/photos/71912363/medium.jpeg?1589021273,Scirpoides holoschoenus
https://static.inaturalist.org/photos/72465373/medium.jpeg?1589301401,Scirpoides holoschoenus
https://static.inaturalist.org/photos/72728572/medium.jpg?1589447355,Scirpoides holoschoenus
https://static.inaturalist.org/photos/73268124/medium.jpg?1589697486,Scirpoides holoschoenus
https://static.inaturalist.org/photos/73268252/medium.jpg?1589697582,Scirpoides holoschoenus
https://static.inaturalist.org/photos/73269893/medium.jpg?1589698727,Scirpoides holoschoenus
https://static.inaturalist.org/photos/73269901/medium.jpg?1589698731,Scirpoides holoschoenus
https://static.inaturalist.org/photos/73270178/medium.jpg?1589698893,Scirpoides holoschoenus
https://static.inaturalist.org/photos/73415578/medium.jpeg?1589747869,Scirpoides holoschoenus
https://static.inaturalist.org/photos/73433017/medium.jpeg?1589752313,Scirpoides holoschoenus
https://static.inaturalist.org/photos/73452870/medium.jpeg?1589758240,Scirpoides holoschoenus
https://static.inaturalist.org/photos/73470316/medium.jpg?1589764131,Scirpoides holoschoenus
https://static.inaturalist.org/photos/73510049/medium.jpeg?1589784637,Scirpoides holoschoenus
https://static.inaturalist.org/photos/73546287/medium.jpeg?1589810033,Scirpoides holoschoenus
https://static.inaturalist.org/photos/73561310/medium.jpg?1589815751,Scirpoides holoschoenus
https://static.inaturalist.org/photos/73765647/medium.jpeg?1589910607,Scirpoides holoschoenus
https://static.inaturalist.org/photos/74463525/medium.jpeg?1590233284,Scirpoides holoschoenus
https://static.inaturalist.org/photos/75064067/medium.jpeg?1590443858,Scirpoides holoschoenus
https://static.inaturalist.org/photos/75609109/medium.jpeg?1590702182,Scirpoides holoschoenus
https://static.inaturalist.org/photos/75675374/medium.jpg?1590733746,Scirpoides holoschoenus
https://static.inaturalist.org/photos/75910159/medium.jpg?1590853030,Scirpoides holoschoenus
https://static.inaturalist.org/photos/75963066/medium.jpeg?1590868015,Scirpoides holoschoenus
https://static.inaturalist.org/photos/75959851/medium.jpeg?1590867129,Scirpoides holoschoenus
https://static.inaturalist.org/photos/76074043/medium.jpg?1590915048,Scirpoides holoschoenus
https://static.inaturalist.org/photos/76076705/medium.jpeg?1590917075,Scirpoides holoschoenus
https://static.inaturalist.org/photos/76088592/medium.jpg?1590924394,Scirpoides holoschoenus
https://static.inaturalist.org/photos/76127755/medium.jpg?1590938956,Scirpoides holoschoenus
https://static.inaturalist.org/photos/76652618/medium.jpeg?1591166628,Scirpoides holoschoenus
https://static.inaturalist.org/photos/76833137/medium.jpg?1591264879,Scirpoides holoschoenus
https://static.inaturalist.org/photos/76852748/medium.jpeg?1591278387,Scirpoides holoschoenus
https://static.inaturalist.org/photos/76974113/medium.jpeg?1591328301,Scirpoides holoschoenus
https://static.inaturalist.org/photos/77096953/medium.jpeg?1591393646,Scirpoides holoschoenus
https://static.inaturalist.org/photos/77200025/medium.jpeg?1591450718,Scirpoides holoschoenus
https://static.inaturalist.org/photos/77203480/medium.jpeg?1591451952,Scirpoides holoschoenus
https://static.inaturalist.org/photos/77369958/medium.jpg?1591514533,Scirpoides holoschoenus
https://static.inaturalist.org/photos/77381554/medium.jpeg?1591523311,Scirpoides holoschoenus
https://static.inaturalist.org/photos/77424285/medium.jpeg?1591542385,Scirpoides holoschoenus
https://static.inaturalist.org/photos/77461704/medium.jpg?1591552626,Scirpoides holoschoenus
https://static.inaturalist.org/photos/77867355/medium.jpeg?1591733824,Scirpoides holoschoenus
https://static.inaturalist.org/photos/77884858/medium.jpg?1591741458,Scirpoides holoschoenus
https://static.inaturalist.org/photos/78538865/medium.jpeg?1592074219,Scirpoides holoschoenus
https://static.inaturalist.org/photos/78806550/medium.jpeg?1592170329,Scirpoides holoschoenus
https://static.inaturalist.org/photos/78914387/medium.jpeg?1592222224,Scirpoides holoschoenus
https://static.inaturalist.org/photos/79179396/medium.jpeg?1592335647,Scirpoides holoschoenus
https://static.inaturalist.org/photos/79598177/medium.jpeg?1592545984,Scirpoides holoschoenus
https://static.inaturalist.org/photos/79759726/medium.jpeg?1592625875,Scirpoides holoschoenus
https://static.inaturalist.org/photos/79786976/medium.jpg?1592647016,Scirpoides holoschoenus
https://static.inaturalist.org/photos/80016708/medium.jpeg?1592737862,Scirpoides holoschoenus
https://static.inaturalist.org/photos/80061904/medium.jpeg?1592754197,Scirpoides holoschoenus
https://static.inaturalist.org/photos/80092756/medium.jpeg?1592761752,Scirpoides holoschoenus
https://static.inaturalist.org/photos/80305125/medium.jpg?1592847299,Scirpoides holoschoenus
https://static.inaturalist.org/photos/80966330/medium.jpeg?1593167145,Scirpoides holoschoenus
https://static.inaturalist.org/photos/81123231/medium.jpg?1593241612,Scirpoides holoschoenus
https://static.inaturalist.org/photos/81124470/medium.jpg?1593242887,Scirpoides holoschoenus
https://static.inaturalist.org/photos/81171775/medium.jpeg?1593270078,Scirpoides holoschoenus
https://static.inaturalist.org/photos/81589361/medium.jpg?1593438255,Scirpoides holoschoenus
https://static.inaturalist.org/photos/81655171/medium.jpg?1593461382,Scirpoides holoschoenus
https://static.inaturalist.org/photos/81652783/medium.jpeg?1593460546,Scirpoides holoschoenus
https://static.inaturalist.org/photos/82175914/medium.jpeg?1593710924,Scirpoides holoschoenus
https://static.inaturalist.org/photos/82214889/medium.jpeg?1593725888,Scirpoides holoschoenus
https://static.inaturalist.org/photos/82228738/medium.jpeg?1593731598,Scirpoides holoschoenus
https://static.inaturalist.org/photos/82638163/medium.jpeg?1593937987,Scirpoides holoschoenus
https://static.inaturalist.org/photos/83267028/medium.jpeg?1594227510,Scirpoides holoschoenus
https://static.inaturalist.org/photos/83749714/medium.jpeg?1594474957,Scirpoides holoschoenus
https://static.inaturalist.org/photos/84496778/medium.jpeg?1594802585,Scirpoides holoschoenus
https://static.inaturalist.org/photos/84587648/medium.jpg?1594845047,Scirpoides holoschoenus
https://static.inaturalist.org/photos/84997312/medium.jpg?1595047033,Scirpoides holoschoenus
https://static.inaturalist.org/photos/85245066/medium.jpeg?1595164593,Scirpoides holoschoenus
https://static.inaturalist.org/photos/85256633/medium.jpg?1595168558,Scirpoides holoschoenus
https://static.inaturalist.org/photos/85796052/medium.jpeg?1595414203,Scirpoides holoschoenus
