image_url,scientific_name
https://static.inaturalist.org/photos/495372/medium.JPG?1379040930,Ipomoea batatas
https://static.inaturalist.org/photos/534576/medium.jpg?1381419280,Ipomoea batatas
https://static.inaturalist.org/photos/537612/medium.jpg?1381619020,Ipomoea batatas
https://static.inaturalist.org/photos/716190/medium.jpg?1444779379,Ipomoea batatas
https://static.inaturalist.org/photos/716191/medium.jpg?1444779380,Ipomoea batatas
https://static.inaturalist.org/photos/719173/medium.jpg?1444779760,Ipomoea batatas
https://static.inaturalist.org/photos/719176/medium.jpg?1444779765,Ipomoea batatas
https://static.inaturalist.org/photos/770930/medium.jpg?1396841463,Ipomoea batatas
https://static.inaturalist.org/photos/1122755/medium.jpg?1411079711,Ipomoea batatas
https://static.inaturalist.org/photos/1160955/medium.jpg?1412550135,Ipomoea batatas
https://static.inaturalist.org/photos/1457145/medium.JPG?1420161721,Ipomoea batatas
https://static.inaturalist.org/photos/1471969/medium.jpg?1420749991,Ipomoea batatas
https://static.inaturalist.org/photos/1634244/medium.jpg?1426721832,Ipomoea batatas
https://static.inaturalist.org/photos/2217526/medium.JPG?1438578266,Ipomoea batatas
https://static.inaturalist.org/photos/2229451/medium.JPG?1438813924,Ipomoea batatas
https://static.inaturalist.org/photos/2246152/medium.jpg?1439153956,Ipomoea batatas
https://static.inaturalist.org/photos/2410682/medium.JPG?1442803095,Ipomoea batatas
https://static.inaturalist.org/photos/2411057/medium.JPG?1442810956,Ipomoea batatas
https://static.inaturalist.org/photos/2557942/medium.jpg?1445553877,Ipomoea batatas
https://static.inaturalist.org/photos/2576396/medium.JPG?1445962401,Ipomoea batatas
https://static.inaturalist.org/photos/2604957/medium.jpg?1446582853,Ipomoea batatas
https://static.inaturalist.org/photos/2606603/medium.jpg?1446611405,Ipomoea batatas
https://static.inaturalist.org/photos/2634732/medium.jpg?1447131942,Ipomoea batatas
https://static.inaturalist.org/photos/2648867/medium.JPG?1447451558,Ipomoea batatas
https://static.inaturalist.org/photos/2708255/medium.JPG?1448654045,Ipomoea batatas
https://static.inaturalist.org/photos/2750476/medium.JPG?1449513074,Ipomoea batatas
https://static.inaturalist.org/photos/2758076/medium.jpg?1449709115,Ipomoea batatas
https://static.inaturalist.org/photos/2825911/medium.JPG?1451440886,Ipomoea batatas
https://static.inaturalist.org/photos/2830884/medium.JPG?1451600424,Ipomoea batatas
https://static.inaturalist.org/photos/2867112/medium.jpeg?1452464125,Ipomoea batatas
https://static.inaturalist.org/photos/3069728/medium.JPG?1456593476,Ipomoea batatas
https://static.inaturalist.org/photos/3447846/medium.jpg?1461279114,Ipomoea batatas
https://static.inaturalist.org/photos/3586018/medium.jpg?1462469025,Ipomoea batatas
https://static.inaturalist.org/photos/3587656/medium.jpg?1462479277,Ipomoea batatas
https://static.inaturalist.org/photos/3587662/medium.jpg?1462479307,Ipomoea batatas
https://static.inaturalist.org/photos/3588460/medium.jpg?1462481760,Ipomoea batatas
https://static.inaturalist.org/photos/3593288/medium.jpg?1462509974,Ipomoea batatas
https://static.inaturalist.org/photos/3652746/medium.jpg?1463089453,Ipomoea batatas
https://static.inaturalist.org/photos/3797216/medium.JPG?1464040523,Ipomoea batatas
https://static.inaturalist.org/photos/3870642/medium.jpg?1464739031,Ipomoea batatas
https://static.inaturalist.org/photos/4317200/medium.jpg?1469122455,Ipomoea batatas
https://static.inaturalist.org/photos/4370413/medium.jpg?1469637574,Ipomoea batatas
https://static.inaturalist.org/photos/4475024/medium.jpg?1470603852,Ipomoea batatas
https://static.inaturalist.org/photos/4700962/medium.jpg?1472425876,Ipomoea batatas
https://static.inaturalist.org/photos/4734144/medium.jpg?1472724203,Ipomoea batatas
https://static.inaturalist.org/photos/4729748/medium.jpeg?1472680279,Ipomoea batatas
https://static.inaturalist.org/photos/4767169/medium.jpg?1473002356,Ipomoea batatas
https://static.inaturalist.org/photos/4983485/medium.jpg?1474661702,Ipomoea batatas
https://static.inaturalist.org/photos/5139084/medium.jpeg?1475791562,Ipomoea batatas
https://static.inaturalist.org/photos/5148760/medium.jpg?1475873400,Ipomoea batatas
https://static.inaturalist.org/photos/5177306/medium.jpeg?1476068504,Ipomoea batatas
https://static.inaturalist.org/photos/5241957/medium.jpeg?1476657587,Ipomoea batatas
https://static.inaturalist.org/photos/5379325/medium.jpg?1477839229,Ipomoea batatas
https://static.inaturalist.org/photos/5418823/medium.jpg?1478183300,Ipomoea batatas
https://static.inaturalist.org/photos/5423440/medium.jpg?1478215744,Ipomoea batatas
https://static.inaturalist.org/photos/5470164/medium.jpeg?1478637931,Ipomoea batatas
https://static.inaturalist.org/photos/5482563/medium.jpeg?1478799387,Ipomoea batatas
https://static.inaturalist.org/photos/5555598/medium.jpg?1479514736,Ipomoea batatas
https://static.inaturalist.org/photos/5577606/medium.jpg?1479751746,Ipomoea batatas
https://static.inaturalist.org/photos/5639109/medium.jpg?1480378710,Ipomoea batatas
https://static.inaturalist.org/photos/5704992/medium.jpeg?1480959749,Ipomoea batatas
https://static.inaturalist.org/photos/5757756/medium.jpg?1481326010,Ipomoea batatas
https://static.inaturalist.org/photos/5774166/medium.jpg?1481365032,Ipomoea batatas
https://static.inaturalist.org/photos/5778989/medium.jpg?1481376988,Ipomoea batatas
https://static.inaturalist.org/photos/5797187/medium.jpg?1481561948,Ipomoea batatas
https://static.inaturalist.org/photos/5879916/medium.jpeg?1482696658,Ipomoea batatas
https://static.inaturalist.org/photos/5975568/medium.jpeg?1483827698,Ipomoea batatas
https://static.inaturalist.org/photos/6087361/medium.jpg?1485024650,Ipomoea batatas
https://static.inaturalist.org/photos/6116080/medium.jpg?1485316709,Ipomoea batatas
https://static.inaturalist.org/photos/6160477/medium.jpeg?1485835911,Ipomoea batatas
https://static.inaturalist.org/photos/6177765/medium.jpeg?1486054640,Ipomoea batatas
https://static.inaturalist.org/photos/6201634/medium.jpg?1486312548,Ipomoea batatas
https://static.inaturalist.org/photos/6238692/medium.jpeg?1486667720,Ipomoea batatas
https://static.inaturalist.org/photos/6285182/medium.jpeg?1487122988,Ipomoea batatas
https://static.inaturalist.org/photos/6335293/medium.jpeg?1487636760,Ipomoea batatas
https://static.inaturalist.org/photos/6335305/medium.jpeg?1487636800,Ipomoea batatas
https://static.inaturalist.org/photos/6377744/medium.jpeg?1487989207,Ipomoea batatas
https://static.inaturalist.org/photos/6439387/medium.jpeg?1488503284,Ipomoea batatas
https://static.inaturalist.org/photos/6439426/medium.jpeg?1488503411,Ipomoea batatas
https://static.inaturalist.org/photos/6498021/medium.jpg?1489003986,Ipomoea batatas
https://static.inaturalist.org/photos/6520914/medium.jpeg?1489178230,Ipomoea batatas
https://static.inaturalist.org/photos/6523510/medium.jpeg?1489190554,Ipomoea batatas
https://static.inaturalist.org/photos/6531674/medium.jpeg?1489257569,Ipomoea batatas
https://static.inaturalist.org/photos/6608994/medium.jpeg?1489781726,Ipomoea batatas
https://static.inaturalist.org/photos/6618079/medium.jpg?1489848731,Ipomoea batatas
https://static.inaturalist.org/photos/6742542/medium.jpg?1490590311,Ipomoea batatas
https://static.inaturalist.org/photos/6765461/medium.jpg?1490732628,Ipomoea batatas
https://static.inaturalist.org/photos/6849814/medium.jpg?1491184135,Ipomoea batatas
https://static.inaturalist.org/photos/6884596/medium.jpg?1491360457,Ipomoea batatas
https://static.inaturalist.org/photos/6907683/medium.jpeg?1491507539,Ipomoea batatas
https://static.inaturalist.org/photos/6907704/medium.jpeg?1491507599,Ipomoea batatas
https://static.inaturalist.org/photos/6953562/medium.jpeg?1491750330,Ipomoea batatas
https://static.inaturalist.org/photos/6964966/medium.jpg?1491784234,Ipomoea batatas
https://static.inaturalist.org/photos/7186201/medium.jpeg?1492413919,Ipomoea batatas
https://static.inaturalist.org/photos/7265746/medium.jpeg?1492564519,Ipomoea batatas
https://static.inaturalist.org/photos/7529097/medium.jpg?1493517304,Ipomoea batatas
https://static.inaturalist.org/photos/7749455/medium.jpeg?1494550116,Ipomoea batatas
https://static.inaturalist.org/photos/7846895/medium.jpeg?1494985241,Ipomoea batatas
https://static.inaturalist.org/photos/7867841/medium.jpg?1495085657,Ipomoea batatas
https://static.inaturalist.org/photos/7867847/medium.jpg?1495085687,Ipomoea batatas
https://static.inaturalist.org/photos/7867852/medium.jpg?1495085705,Ipomoea batatas
https://static.inaturalist.org/photos/7985554/medium.jpg?1495574132,Ipomoea batatas
https://static.inaturalist.org/photos/8131446/medium.jpg?1496189904,Ipomoea batatas
https://static.inaturalist.org/photos/8131449/medium.jpg?1496189920,Ipomoea batatas
https://static.inaturalist.org/photos/8200501/medium.jpg?1496518588,Ipomoea batatas
https://static.inaturalist.org/photos/8305616/medium.jpeg?1496949017,Ipomoea batatas
https://static.inaturalist.org/photos/8573100/medium.jpeg?1498092719,Ipomoea batatas
https://static.inaturalist.org/photos/8609766/medium.jpg?1498271557,Ipomoea batatas
https://static.inaturalist.org/photos/8687185/medium.jpeg?1498585215,Ipomoea batatas
https://static.inaturalist.org/photos/9011880/medium.jpeg?1499886781,Ipomoea batatas
https://static.inaturalist.org/photos/9021756/medium.jpg?1499915137,Ipomoea batatas
https://static.inaturalist.org/photos/9033813/medium.jpeg?1499980003,Ipomoea batatas
https://static.inaturalist.org/photos/9313106/medium.jpg?1501071113,Ipomoea batatas
https://static.inaturalist.org/photos/9334068/medium.jpg?1501136090,Ipomoea batatas
https://static.inaturalist.org/photos/9497001/medium.jpg?1501747139,Ipomoea batatas
https://static.inaturalist.org/photos/9774477/medium.jpeg?1502765694,Ipomoea batatas
https://static.inaturalist.org/photos/9801720/medium.jpeg?1502888538,Ipomoea batatas
https://static.inaturalist.org/photos/9844841/medium.jpeg?1503080069,Ipomoea batatas
https://static.inaturalist.org/photos/9848366/medium.jpeg?1503092206,Ipomoea batatas
https://static.inaturalist.org/photos/10017481/medium.jpg?1503722949,Ipomoea batatas
https://static.inaturalist.org/photos/10078516/medium.jpg?1503949482,Ipomoea batatas
https://static.inaturalist.org/photos/10095906/medium.jpeg?1504026192,Ipomoea batatas
https://static.inaturalist.org/photos/10333510/medium.jpeg?1504973657,Ipomoea batatas
https://static.inaturalist.org/photos/10382797/medium.jpeg?1505141898,Ipomoea batatas
https://static.inaturalist.org/photos/10429094/medium.jpeg?1505328313,Ipomoea batatas
https://static.inaturalist.org/photos/10429238/medium.jpeg?1505328824,Ipomoea batatas
https://static.inaturalist.org/photos/10532867/medium.jpg?1505688261,Ipomoea batatas
https://static.inaturalist.org/photos/10608998/medium.jpg?1505947745,Ipomoea batatas
https://static.inaturalist.org/photos/10786795/medium.jpeg?1506565005,Ipomoea batatas
https://static.inaturalist.org/photos/10823367/medium.jpeg?1506713671,Ipomoea batatas
https://static.inaturalist.org/photos/10928706/medium.jpg?1507065268,Ipomoea batatas
https://static.inaturalist.org/photos/10942432/medium.jpg?1507121636,Ipomoea batatas
https://static.inaturalist.org/photos/10967451/medium.jpg?1507215575,Ipomoea batatas
https://static.inaturalist.org/photos/11044745/medium.jpeg?1507501034,Ipomoea batatas
https://static.inaturalist.org/photos/11059069/medium.jpg?1507560216,Ipomoea batatas
https://static.inaturalist.org/photos/11141134/medium.jpg?1507848273,Ipomoea batatas
https://static.inaturalist.org/photos/11141470/medium.jpg?1507849332,Ipomoea batatas
https://static.inaturalist.org/photos/11142103/medium.jpeg?1507851554,Ipomoea batatas
https://static.inaturalist.org/photos/11144481/medium.jpg?1507859720,Ipomoea batatas
https://static.inaturalist.org/photos/11144654/medium.jpg?1507860269,Ipomoea batatas
https://static.inaturalist.org/photos/11145079/medium.jpg?1507861882,Ipomoea batatas
https://static.inaturalist.org/photos/11151541/medium.jpg?1507904484,Ipomoea batatas
https://static.inaturalist.org/photos/11179031/medium.jpeg?1508007994,Ipomoea batatas
https://static.inaturalist.org/photos/11261997/medium.jpeg?1508319865,Ipomoea batatas
https://static.inaturalist.org/photos/11268105/medium.jpg?1508350264,Ipomoea batatas
https://static.inaturalist.org/photos/11268111/medium.jpg?1508350280,Ipomoea batatas
https://static.inaturalist.org/photos/11268115/medium.jpg?1508350294,Ipomoea batatas
https://static.inaturalist.org/photos/11268124/medium.jpg?1508350332,Ipomoea batatas
https://static.inaturalist.org/photos/11283703/medium.jpeg?1508417712,Ipomoea batatas
https://static.inaturalist.org/photos/11305911/medium.jpg?1508516453,Ipomoea batatas
https://static.inaturalist.org/photos/11309934/medium.jpeg?1508531151,Ipomoea batatas
https://static.inaturalist.org/photos/11319046/medium.jpeg?1508563680,Ipomoea batatas
https://static.inaturalist.org/photos/11322650/medium.jpg?1508593892,Ipomoea batatas
https://static.inaturalist.org/photos/11373862/medium.jpeg?1508773094,Ipomoea batatas
https://static.inaturalist.org/photos/11339891/medium.jpeg?1508644260,Ipomoea batatas
https://static.inaturalist.org/photos/11351027/medium.jpeg?1508691950,Ipomoea batatas
https://static.inaturalist.org/photos/11358275/medium.jpeg?1508708754,Ipomoea batatas
https://static.inaturalist.org/photos/11378900/medium.jpg?1508788043,Ipomoea batatas
https://static.inaturalist.org/photos/11389971/medium.jpg?1508824763,Ipomoea batatas
https://static.inaturalist.org/photos/11392979/medium.jpeg?1508852562,Ipomoea batatas
https://static.inaturalist.org/photos/11406714/medium.jpeg?1508895482,Ipomoea batatas
https://static.inaturalist.org/photos/11439466/medium.jpg?1509040053,Ipomoea batatas
https://static.inaturalist.org/photos/11446409/medium.jpg?1509058186,Ipomoea batatas
https://static.inaturalist.org/photos/11446469/medium.jpg?1509058389,Ipomoea batatas
https://static.inaturalist.org/photos/11460489/medium.jpg?1509127252,Ipomoea batatas
https://static.inaturalist.org/photos/11507784/medium.jpg?1509312369,Ipomoea batatas
https://static.inaturalist.org/photos/11529943/medium.jpg?1509389105,Ipomoea batatas
https://static.inaturalist.org/photos/11593154/medium.jpeg?1509649092,Ipomoea batatas
https://static.inaturalist.org/photos/11599242/medium.jpg?1509669415,Ipomoea batatas
https://static.inaturalist.org/photos/11679948/medium.jpg?1509990066,Ipomoea batatas
https://static.inaturalist.org/photos/11679950/medium.jpg?1509990084,Ipomoea batatas
https://static.inaturalist.org/photos/11723540/medium.jpg?1510191820,Ipomoea batatas
https://static.inaturalist.org/photos/11757298/medium.jpg?1510363289,Ipomoea batatas
https://static.inaturalist.org/photos/11833274/medium.jpg?1510703473,Ipomoea batatas
https://static.inaturalist.org/photos/11870622/medium.jpeg?1510898403,Ipomoea batatas
https://static.inaturalist.org/photos/11987861/medium.jpeg?1511443090,Ipomoea batatas
https://static.inaturalist.org/photos/11988027/medium.jpeg?1511444081,Ipomoea batatas
https://static.inaturalist.org/photos/12112976/medium.jpg?1511986077,Ipomoea batatas
https://static.inaturalist.org/photos/12269081/medium.jpeg?1512703634,Ipomoea batatas
https://static.inaturalist.org/photos/12269215/medium.jpeg?1512704100,Ipomoea batatas
https://static.inaturalist.org/photos/12274283/medium.jpeg?1512744296,Ipomoea batatas
https://static.inaturalist.org/photos/12274326/medium.jpeg?1512744506,Ipomoea batatas
https://static.inaturalist.org/photos/12328952/medium.jpg?1513007452,Ipomoea batatas
https://static.inaturalist.org/photos/12414362/medium.jpeg?1513477880,Ipomoea batatas
https://static.inaturalist.org/photos/12420141/medium.jpeg?1513526153,Ipomoea batatas
https://static.inaturalist.org/photos/12471784/medium.jpeg?1513796214,Ipomoea batatas
https://static.inaturalist.org/photos/12550805/medium.jpeg?1514301751,Ipomoea batatas
https://static.inaturalist.org/photos/12618441/medium.jpg?1514648934,Ipomoea batatas
https://static.inaturalist.org/photos/12636282/medium.jpeg?1514706574,Ipomoea batatas
https://static.inaturalist.org/photos/12701956/medium.jpeg?1515014430,Ipomoea batatas
https://static.inaturalist.org/photos/12785083/medium.jpg?1515426461,Ipomoea batatas
https://static.inaturalist.org/photos/12812675/medium.jpg?1515559842,Ipomoea batatas
https://static.inaturalist.org/photos/12807919/medium.jpeg?1515539114,Ipomoea batatas
https://static.inaturalist.org/photos/12841100/medium.jpeg?1515717330,Ipomoea batatas
https://static.inaturalist.org/photos/12933402/medium.jpeg?1516104693,Ipomoea batatas
https://static.inaturalist.org/photos/12933903/medium.jpeg?1516108077,Ipomoea batatas
https://static.inaturalist.org/photos/12936971/medium.jpeg?1516123541,Ipomoea batatas
https://static.inaturalist.org/photos/12945785/medium.jpeg?1516150479,Ipomoea batatas
https://static.inaturalist.org/photos/12956856/medium.jpeg?1516197095,Ipomoea batatas
https://static.inaturalist.org/photos/12977506/medium.jpeg?1516297229,Ipomoea batatas
https://static.inaturalist.org/photos/13060015/medium.jpg?1516670838,Ipomoea batatas
https://static.inaturalist.org/photos/13184916/medium.jpg?1517195171,Ipomoea batatas
https://static.inaturalist.org/photos/13237169/medium.jpg?1517430614,Ipomoea batatas
https://static.inaturalist.org/photos/13237883/medium.jpg?1517432209,Ipomoea batatas
https://static.inaturalist.org/photos/13247800/medium.jpeg?1517457825,Ipomoea batatas
https://static.inaturalist.org/photos/13280561/medium.jpg?1517621169,Ipomoea batatas
https://static.inaturalist.org/photos/13331083/medium.jpeg?1517837561,Ipomoea batatas
https://static.inaturalist.org/photos/13382891/medium.jpeg?1518069541,Ipomoea batatas
https://static.inaturalist.org/photos/13578605/medium.jpeg?1518926589,Ipomoea batatas
https://static.inaturalist.org/photos/13654786/medium.jpg?1519232291,Ipomoea batatas
https://static.inaturalist.org/photos/13806258/medium.jpeg?1519852981,Ipomoea batatas
https://static.inaturalist.org/photos/13842325/medium.jpg?1520017116,Ipomoea batatas
https://static.inaturalist.org/photos/13842461/medium.jpg?1520017367,Ipomoea batatas
https://static.inaturalist.org/photos/13842388/medium.jpg?1520017233,Ipomoea batatas
https://static.inaturalist.org/photos/13904374/medium.jpg?1520209958,Ipomoea batatas
https://static.inaturalist.org/photos/13906137/medium.jpg?1520214135,Ipomoea batatas
https://static.inaturalist.org/photos/13974075/medium.jpeg?1520465043,Ipomoea batatas
https://static.inaturalist.org/photos/14185810/medium.jpeg?1521167802,Ipomoea batatas
https://static.inaturalist.org/photos/14192822/medium.jpg?1521206383,Ipomoea batatas
https://static.inaturalist.org/photos/14289442/medium.jpeg?1521488920,Ipomoea batatas
https://static.inaturalist.org/photos/14305399/medium.jpeg?1521523490,Ipomoea batatas
https://static.inaturalist.org/photos/14375711/medium.png?1521750560,Ipomoea batatas
https://static.inaturalist.org/photos/14375723/medium.png?1521750572,Ipomoea batatas
https://static.inaturalist.org/photos/14375730/medium.png?1521750583,Ipomoea batatas
https://static.inaturalist.org/photos/14419561/medium.jpg?1521875116,Ipomoea batatas
https://static.inaturalist.org/photos/14682903/medium.jpg?1522575684,Ipomoea batatas
https://static.inaturalist.org/photos/14852315/medium.jpeg?1522963662,Ipomoea batatas
https://static.inaturalist.org/photos/16134055/medium.jpg?1524423554,Ipomoea batatas
https://static.inaturalist.org/photos/16186183/medium.jpeg?1524488780,Ipomoea batatas
https://static.inaturalist.org/photos/16213137/medium.jpg?1524527281,Ipomoea batatas
https://static.inaturalist.org/photos/16341525/medium.jpg?1524762408,Ipomoea batatas
https://static.inaturalist.org/photos/16495959/medium.jpg?1524872146,Ipomoea batatas
https://static.inaturalist.org/photos/16713233/medium.jpg?1524962499,Ipomoea batatas
https://static.inaturalist.org/photos/16747005/medium.jpeg?1524974907,Ipomoea batatas
https://static.inaturalist.org/photos/16920246/medium.jpeg?1525051388,Ipomoea batatas
https://static.inaturalist.org/photos/16995639/medium.jpeg?1525095374,Ipomoea batatas
https://static.inaturalist.org/photos/17120153/medium.jpeg?1525140342,Ipomoea batatas
https://static.inaturalist.org/photos/17141873/medium.jpg?1525147792,Ipomoea batatas
https://static.inaturalist.org/photos/17354361/medium.jpeg?1525372109,Ipomoea batatas
https://static.inaturalist.org/photos/17753150/medium.jpg?1525984570,Ipomoea batatas
https://static.inaturalist.org/photos/17753227/medium.jpg?1525984631,Ipomoea batatas
https://static.inaturalist.org/photos/17753670/medium.jpg?1525984968,Ipomoea batatas
https://static.inaturalist.org/photos/17754288/medium.jpg?1525985584,Ipomoea batatas
https://static.inaturalist.org/photos/17754462/medium.jpg?1525985732,Ipomoea batatas
https://static.inaturalist.org/photos/17754456/medium.jpg?1525985729,Ipomoea batatas
https://static.inaturalist.org/photos/17754581/medium.jpg?1525985840,Ipomoea batatas
https://static.inaturalist.org/photos/17756525/medium.jpg?1525987670,Ipomoea batatas
https://static.inaturalist.org/photos/17764469/medium.jpg?1525996724,Ipomoea batatas
https://static.inaturalist.org/photos/17982030/medium.jpg?1526337620,Ipomoea batatas
https://static.inaturalist.org/photos/17990199/medium.jpeg?1526347719,Ipomoea batatas
https://static.inaturalist.org/photos/18026904/medium.jpg?1526410394,Ipomoea batatas
https://static.inaturalist.org/photos/18027886/medium.jpg?1526411216,Ipomoea batatas
https://static.inaturalist.org/photos/18132029/medium.jpg?1526583486,Ipomoea batatas
https://static.inaturalist.org/photos/18132849/medium.jpg?1526584276,Ipomoea batatas
https://static.inaturalist.org/photos/18136917/medium.jpg?1526588692,Ipomoea batatas
https://static.inaturalist.org/photos/18352930/medium.jpeg?1526918983,Ipomoea batatas
https://static.inaturalist.org/photos/18501495/medium.jpg?1527166363,Ipomoea batatas
https://static.inaturalist.org/photos/18533424/medium.jpeg?1527208019,Ipomoea batatas
https://static.inaturalist.org/photos/18853572/medium.jpg?1527723817,Ipomoea batatas
https://static.inaturalist.org/photos/18947031/medium.jpg?1527889201,Ipomoea batatas
https://static.inaturalist.org/photos/18986449/medium.jpg?1527958470,Ipomoea batatas
https://static.inaturalist.org/photos/19697272/medium.jpg?1528990424,Ipomoea batatas
https://static.inaturalist.org/photos/20060615/medium.jpg?1529549081,Ipomoea batatas
https://static.inaturalist.org/photos/20251943/medium.jpeg?1529860983,Ipomoea batatas
https://static.inaturalist.org/photos/20269320/medium.jpg?1529878289,Ipomoea batatas
https://static.inaturalist.org/photos/20292565/medium.jpeg?1529904817,Ipomoea batatas
https://static.inaturalist.org/photos/20306793/medium.jpg?1529940643,Ipomoea batatas
https://static.inaturalist.org/photos/20380602/medium.jpg?1530052095,Ipomoea batatas
https://static.inaturalist.org/photos/20481389/medium.jpg?1530231188,Ipomoea batatas
https://static.inaturalist.org/photos/20566311/medium.jpeg?1530384537,Ipomoea batatas
https://static.inaturalist.org/photos/20661379/medium.jpg?1530514750,Ipomoea batatas
https://static.inaturalist.org/photos/20859093/medium.jpeg?1530832961,Ipomoea batatas
https://static.inaturalist.org/photos/20859811/medium.jpeg?1530834072,Ipomoea batatas
https://static.inaturalist.org/photos/20859873/medium.jpeg?1530834167,Ipomoea batatas
https://static.inaturalist.org/photos/20889929/medium.jpg?1530893363,Ipomoea batatas
https://static.inaturalist.org/photos/21013348/medium.jpeg?1531074166,Ipomoea batatas
https://static.inaturalist.org/photos/21169681/medium.jpeg?1531325310,Ipomoea batatas
https://static.inaturalist.org/photos/21197362/medium.jpeg?1531360072,Ipomoea batatas
https://static.inaturalist.org/photos/21211148/medium.jpg?1531396878,Ipomoea batatas
https://static.inaturalist.org/photos/21528371/medium.jpg?1531875691,Ipomoea batatas
https://static.inaturalist.org/photos/21540367/medium.jpeg?1531895486,Ipomoea batatas
https://static.inaturalist.org/photos/21630659/medium.jpeg?1532037601,Ipomoea batatas
https://static.inaturalist.org/photos/22118032/medium.jpeg?1532749895,Ipomoea batatas
https://static.inaturalist.org/photos/22142051/medium.jpg?1532789983,Ipomoea batatas
https://static.inaturalist.org/photos/22579085/medium.jpg?1533413923,Ipomoea batatas
https://static.inaturalist.org/photos/22824589/medium.jpg?1533792133,Ipomoea batatas
https://static.inaturalist.org/photos/22887692/medium.jpg?1533916040,Ipomoea batatas
https://static.inaturalist.org/photos/22910525/medium.jpg?1533943428,Ipomoea batatas
https://static.inaturalist.org/photos/22973358/medium.jpg?1534039784,Ipomoea batatas
https://static.inaturalist.org/photos/22975240/medium.jpg?1534041932,Ipomoea batatas
https://static.inaturalist.org/photos/23000075/medium.jpeg?1534089416,Ipomoea batatas
https://static.inaturalist.org/photos/23180435/medium.jpg?1534351976,Ipomoea batatas
https://static.inaturalist.org/photos/23199707/medium.jpeg?1534375992,Ipomoea batatas
https://static.inaturalist.org/photos/23313464/medium.jpeg?1534545776,Ipomoea batatas
https://static.inaturalist.org/photos/23391275/medium.jpg?1534650787,Ipomoea batatas
https://static.inaturalist.org/photos/23600703/medium.jpg?1534969097,Ipomoea batatas
https://static.inaturalist.org/photos/23652178/medium.jpg?1535054734,Ipomoea batatas
https://static.inaturalist.org/photos/23693068/medium.jpeg?1535128818,Ipomoea batatas
https://static.inaturalist.org/photos/23693108/medium.jpeg?1535128885,Ipomoea batatas
https://static.inaturalist.org/photos/23824550/medium.jpeg?1535322981,Ipomoea batatas
https://static.inaturalist.org/photos/23860434/medium.jpeg?1535381865,Ipomoea batatas
https://static.inaturalist.org/photos/24016794/medium.jpg?1535647546,Ipomoea batatas
https://static.inaturalist.org/photos/24340538/medium.jpg?1536112238,Ipomoea batatas
https://static.inaturalist.org/photos/24392906/medium.jpeg?1536203490,Ipomoea batatas
https://static.inaturalist.org/photos/24418268/medium.jpeg?1536257529,Ipomoea batatas
https://static.inaturalist.org/photos/24423992/medium.jpeg?1536264668,Ipomoea batatas
https://static.inaturalist.org/photos/24496086/medium.jpg?1536374022,Ipomoea batatas
https://static.inaturalist.org/photos/24605545/medium.jpeg?1536525245,Ipomoea batatas
https://static.inaturalist.org/photos/24640292/medium.jpeg?1536572902,Ipomoea batatas
https://static.inaturalist.org/photos/24673154/medium.jpeg?1536620224,Ipomoea batatas
https://static.inaturalist.org/photos/24735153/medium.jpeg?1536714506,Ipomoea batatas
https://static.inaturalist.org/photos/24780472/medium.jpg?1536788555,Ipomoea batatas
https://static.inaturalist.org/photos/25028110/medium.jpg?1537141808,Ipomoea batatas
https://static.inaturalist.org/photos/25165363/medium.jpeg?1537363873,Ipomoea batatas
https://static.inaturalist.org/photos/25182942/medium.jpg?1537386404,Ipomoea batatas
https://static.inaturalist.org/photos/25191096/medium.jpg?1537395429,Ipomoea batatas
https://static.inaturalist.org/photos/25301942/medium.jpg?1537556061,Ipomoea batatas
https://static.inaturalist.org/photos/25314406/medium.jpeg?1537566423,Ipomoea batatas
https://static.inaturalist.org/photos/25356476/medium.jpeg?1537633505,Ipomoea batatas
https://static.inaturalist.org/photos/25417101/medium.jpg?1537714614,Ipomoea batatas
https://static.inaturalist.org/photos/25422935/medium.jpg?1537721156,Ipomoea batatas
https://static.inaturalist.org/photos/25423831/medium.jpeg?1537722058,Ipomoea batatas
https://static.inaturalist.org/photos/25424753/medium.jpg?1537723034,Ipomoea batatas
https://static.inaturalist.org/photos/25429846/medium.jpg?1537728190,Ipomoea batatas
https://static.inaturalist.org/photos/25501740/medium.jpg?1537824654,Ipomoea batatas
https://static.inaturalist.org/photos/25500582/medium.jpeg?1537823193,Ipomoea batatas
https://static.inaturalist.org/photos/25830035/medium.jpeg?1538326825,Ipomoea batatas
https://static.inaturalist.org/photos/26094280/medium.jpg?1538740613,Ipomoea batatas
https://static.inaturalist.org/photos/26145875/medium.jpg?1538825731,Ipomoea batatas
https://static.inaturalist.org/photos/26155113/medium.jpg?1538839006,Ipomoea batatas
https://static.inaturalist.org/photos/26206663/medium.jpeg?1538897633,Ipomoea batatas
https://static.inaturalist.org/photos/26226114/medium.jpg?1538932918,Ipomoea batatas
https://static.inaturalist.org/photos/26277117/medium.jpeg?1538994897,Ipomoea batatas
https://static.inaturalist.org/photos/26351620/medium.jpeg?1539107965,Ipomoea batatas
https://static.inaturalist.org/photos/26406383/medium.jpeg?1539195527,Ipomoea batatas
https://static.inaturalist.org/photos/26406399/medium.jpeg?1539195559,Ipomoea batatas
https://static.inaturalist.org/photos/26451031/medium.jpeg?1539274212,Ipomoea batatas
https://static.inaturalist.org/photos/26482360/medium.jpg?1539311369,Ipomoea batatas
https://static.inaturalist.org/photos/26711715/medium.jpg?1539647339,Ipomoea batatas
https://static.inaturalist.org/photos/26760017/medium.jpeg?1539729310,Ipomoea batatas
https://static.inaturalist.org/photos/26765412/medium.jpg?1539736613,Ipomoea batatas
https://static.inaturalist.org/photos/26782127/medium.jpg?1539778393,Ipomoea batatas
https://static.inaturalist.org/photos/26874602/medium.jpeg?1539929426,Ipomoea batatas
https://static.inaturalist.org/photos/26926503/medium.jpg?1540018259,Ipomoea batatas
https://static.inaturalist.org/photos/26952846/medium.jpg?1540062450,Ipomoea batatas
https://static.inaturalist.org/photos/26975634/medium.jpg?1540087165,Ipomoea batatas
https://static.inaturalist.org/photos/27001029/medium.jpg?1540139137,Ipomoea batatas
https://static.inaturalist.org/photos/27023180/medium.jpeg?1540160488,Ipomoea batatas
https://static.inaturalist.org/photos/27041910/medium.jpg?1540178326,Ipomoea batatas
https://static.inaturalist.org/photos/27151611/medium.jpeg?1540389534,Ipomoea batatas
https://static.inaturalist.org/photos/27168433/medium.jpeg?1540411571,Ipomoea batatas
https://static.inaturalist.org/photos/27219730/medium.jpeg?1540497843,Ipomoea batatas
https://static.inaturalist.org/photos/27230829/medium.jpg?1540512121,Ipomoea batatas
https://static.inaturalist.org/photos/27256376/medium.jpeg?1540574401,Ipomoea batatas
https://static.inaturalist.org/photos/27261569/medium.jpeg?1540581586,Ipomoea batatas
https://static.inaturalist.org/photos/27273924/medium.jpg?1540599121,Ipomoea batatas
https://static.inaturalist.org/photos/27304289/medium.jpg?1540663745,Ipomoea batatas
https://static.inaturalist.org/photos/27311993/medium.jpeg?1540673232,Ipomoea batatas
https://static.inaturalist.org/photos/27424065/medium.jpg?1540856341,Ipomoea batatas
https://static.inaturalist.org/photos/27543574/medium.jpg?1541106214,Ipomoea batatas
https://static.inaturalist.org/photos/27595828/medium.jpeg?1541219229,Ipomoea batatas
https://static.inaturalist.org/photos/27599915/medium.jpg?1541230178,Ipomoea batatas
https://static.inaturalist.org/photos/27657472/medium.jpeg?1541336804,Ipomoea batatas
https://static.inaturalist.org/photos/27660026/medium.jpg?1541343533,Ipomoea batatas
https://static.inaturalist.org/photos/27675029/medium.jpeg?1541364635,Ipomoea batatas
https://static.inaturalist.org/photos/27683790/medium.jpg?1541374340,Ipomoea batatas
https://static.inaturalist.org/photos/27707432/medium.jpg?1541405938,Ipomoea batatas
https://static.inaturalist.org/photos/27745326/medium.jpeg?1541468117,Ipomoea batatas
https://static.inaturalist.org/photos/27755281/medium.jpeg?1541482742,Ipomoea batatas
https://static.inaturalist.org/photos/27821903/medium.jpeg?1541588436,Ipomoea batatas
https://static.inaturalist.org/photos/27772236/medium.jpg?1541515952,Ipomoea batatas
https://static.inaturalist.org/photos/27795032/medium.jpeg?1541552360,Ipomoea batatas
https://static.inaturalist.org/photos/27798471/medium.jpeg?1541555992,Ipomoea batatas
https://static.inaturalist.org/photos/27821614/medium.jpeg?1541587283,Ipomoea batatas
https://static.inaturalist.org/photos/27888775/medium.jpg?1541678779,Ipomoea batatas
https://static.inaturalist.org/photos/27922586/medium.jpg?1541736481,Ipomoea batatas
https://static.inaturalist.org/photos/27971003/medium.jpg?1541868362,Ipomoea batatas
https://static.inaturalist.org/photos/28058654/medium.jpeg?1542058302,Ipomoea batatas
https://static.inaturalist.org/photos/28212254/medium.jpeg?1542480642,Ipomoea batatas
https://static.inaturalist.org/photos/28260916/medium.jpeg?1542574653,Ipomoea batatas
https://static.inaturalist.org/photos/28291605/medium.jpeg?1542645882,Ipomoea batatas
https://static.inaturalist.org/photos/28328559/medium.jpeg?1542735541,Ipomoea batatas
https://static.inaturalist.org/photos/28340603/medium.jpeg?1542759207,Ipomoea batatas
https://static.inaturalist.org/photos/28399982/medium.jpg?1542915533,Ipomoea batatas
https://static.inaturalist.org/photos/28517032/medium.jpeg?1543176751,Ipomoea batatas
https://static.inaturalist.org/photos/28534647/medium.jpg?1543200326,Ipomoea batatas
https://static.inaturalist.org/photos/28542232/medium.jpg?1543215585,Ipomoea batatas
https://static.inaturalist.org/photos/28542366/medium.jpeg?1543215764,Ipomoea batatas
https://static.inaturalist.org/photos/28543088/medium.jpeg?1543217422,Ipomoea batatas
https://static.inaturalist.org/photos/28543777/medium.jpg?1543219789,Ipomoea batatas
https://static.inaturalist.org/photos/28547785/medium.jpg?1543235663,Ipomoea batatas
https://static.inaturalist.org/photos/28547896/medium.jpeg?1543236055,Ipomoea batatas
https://static.inaturalist.org/photos/28549333/medium.jpg?1543240975,Ipomoea batatas
https://static.inaturalist.org/photos/28577147/medium.jpeg?1543292140,Ipomoea batatas
https://static.inaturalist.org/photos/28577152/medium.jpg?1543292148,Ipomoea batatas
https://static.inaturalist.org/photos/28589140/medium.jpeg?1543335215,Ipomoea batatas
https://static.inaturalist.org/photos/28625261/medium.jpeg?1543422899,Ipomoea batatas
https://static.inaturalist.org/photos/28659118/medium.jpg?1543510896,Ipomoea batatas
https://static.inaturalist.org/photos/28788223/medium.jpeg?1543814476,Ipomoea batatas
https://static.inaturalist.org/photos/28801823/medium.jpeg?1543855535,Ipomoea batatas
https://static.inaturalist.org/photos/28822480/medium.jpg?1543894561,Ipomoea batatas
https://static.inaturalist.org/photos/28857178/medium.jpg?1543987172,Ipomoea batatas
https://static.inaturalist.org/photos/28950327/medium.jpeg?1544248569,Ipomoea batatas
https://static.inaturalist.org/photos/28965212/medium.jpeg?1544294721,Ipomoea batatas
https://static.inaturalist.org/photos/29113284/medium.jpg?1544659647,Ipomoea batatas
https://static.inaturalist.org/photos/29114687/medium.jpg?1544662276,Ipomoea batatas
https://static.inaturalist.org/photos/29291018/medium.jpg?1545160720,Ipomoea batatas
https://static.inaturalist.org/photos/29313337/medium.jpg?1545232759,Ipomoea batatas
https://static.inaturalist.org/photos/29340541/medium.jpeg?1545296331,Ipomoea batatas
https://static.inaturalist.org/photos/29366350/medium.jpeg?1545372741,Ipomoea batatas
https://static.inaturalist.org/photos/29366912/medium.jpg?1545374172,Ipomoea batatas
https://static.inaturalist.org/photos/29617325/medium.jpeg?1546019490,Ipomoea batatas
https://static.inaturalist.org/photos/29790710/medium.jpg?1546408726,Ipomoea batatas
https://static.inaturalist.org/photos/29859666/medium.jpg?1546577797,Ipomoea batatas
https://static.inaturalist.org/photos/29870405/medium.jpeg?1546614128,Ipomoea batatas
https://static.inaturalist.org/photos/29903424/medium.jpg?1546679569,Ipomoea batatas
https://static.inaturalist.org/photos/29914721/medium.jpg?1546709317,Ipomoea batatas
https://static.inaturalist.org/photos/29939380/medium.jpeg?1546751845,Ipomoea batatas
https://static.inaturalist.org/photos/29942899/medium.jpg?1546761239,Ipomoea batatas
https://static.inaturalist.org/photos/30037478/medium.jpeg?1546982204,Ipomoea batatas
https://static.inaturalist.org/photos/30039104/medium.jpeg?1546985249,Ipomoea batatas
https://static.inaturalist.org/photos/30073862/medium.jpeg?1547074059,Ipomoea batatas
https://static.inaturalist.org/photos/30161288/medium.jpg?1547315220,Ipomoea batatas
https://static.inaturalist.org/photos/30161741/medium.jpeg?1547315871,Ipomoea batatas
https://static.inaturalist.org/photos/30181332/medium.jpeg?1547345560,Ipomoea batatas
https://static.inaturalist.org/photos/30181351/medium.jpeg?1547345585,Ipomoea batatas
https://static.inaturalist.org/photos/30181366/medium.jpeg?1547345609,Ipomoea batatas
https://static.inaturalist.org/photos/30242100/medium.jpg?1547482712,Ipomoea batatas
https://static.inaturalist.org/photos/30269400/medium.jpg?1547552770,Ipomoea batatas
https://static.inaturalist.org/photos/30276588/medium.jpeg?1547573025,Ipomoea batatas
https://static.inaturalist.org/photos/30337609/medium.jpg?1547744256,Ipomoea batatas
https://static.inaturalist.org/photos/30341496/medium.jpeg?1547753242,Ipomoea batatas
https://static.inaturalist.org/photos/30393044/medium.jpeg?1547889514,Ipomoea batatas
https://static.inaturalist.org/photos/30393049/medium.jpeg?1547889533,Ipomoea batatas
https://static.inaturalist.org/photos/30436095/medium.jpeg?1547976102,Ipomoea batatas
https://static.inaturalist.org/photos/30567338/medium.jpg?1548279685,Ipomoea batatas
https://static.inaturalist.org/photos/30575513/medium.jpg?1548294748,Ipomoea batatas
https://static.inaturalist.org/photos/30592003/medium.jpg?1548346924,Ipomoea batatas
https://static.inaturalist.org/photos/30616685/medium.jpeg?1548397438,Ipomoea batatas
https://static.inaturalist.org/photos/30630881/medium.jpg?1548444320,Ipomoea batatas
https://static.inaturalist.org/photos/30691912/medium.jpg?1548574609,Ipomoea batatas
https://static.inaturalist.org/photos/30694744/medium.jpeg?1548581797,Ipomoea batatas
https://static.inaturalist.org/photos/30759878/medium.jpeg?1548720541,Ipomoea batatas
https://static.inaturalist.org/photos/30799268/medium.jpeg?1548814139,Ipomoea batatas
https://static.inaturalist.org/photos/30863944/medium.jpg?1548975796,Ipomoea batatas
https://static.inaturalist.org/photos/30877738/medium.jpeg?1549006007,Ipomoea batatas
https://static.inaturalist.org/photos/30877742/medium.jpeg?1549006016,Ipomoea batatas
https://static.inaturalist.org/photos/30987048/medium.jpeg?1549240104,Ipomoea batatas
https://static.inaturalist.org/photos/31112415/medium.jpg?1549495235,Ipomoea batatas
https://static.inaturalist.org/photos/31228901/medium.jpg?1549741101,Ipomoea batatas
https://static.inaturalist.org/photos/31325554/medium.jpg?1549933282,Ipomoea batatas
https://static.inaturalist.org/photos/31611343/medium.jpeg?1550562343,Ipomoea batatas
https://static.inaturalist.org/photos/31641796/medium.jpg?1550629498,Ipomoea batatas
https://static.inaturalist.org/photos/31652311/medium.jpg?1550659288,Ipomoea batatas
https://static.inaturalist.org/photos/31653019/medium.jpg?1550662123,Ipomoea batatas
https://static.inaturalist.org/photos/31923932/medium.jpg?1550959097,Ipomoea batatas
https://static.inaturalist.org/photos/31941274/medium.jpeg?1550980502,Ipomoea batatas
https://static.inaturalist.org/photos/32036342/medium.jpeg?1551158189,Ipomoea batatas
https://static.inaturalist.org/photos/32067123/medium.jpg?1551228533,Ipomoea batatas
https://static.inaturalist.org/photos/32099638/medium.jpg?1551299426,Ipomoea batatas
https://static.inaturalist.org/photos/32196646/medium.jpeg?1551495246,Ipomoea batatas
https://static.inaturalist.org/photos/32285521/medium.jpeg?1551642001,Ipomoea batatas
https://static.inaturalist.org/photos/32444628/medium.jpg?1551909692,Ipomoea batatas
https://static.inaturalist.org/photos/32450581/medium.jpg?1551917748,Ipomoea batatas
https://static.inaturalist.org/photos/32450612/medium.jpg?1551917768,Ipomoea batatas
https://static.inaturalist.org/photos/32501738/medium.jpg?1552009985,Ipomoea batatas
https://static.inaturalist.org/photos/32501819/medium.jpg?1552010093,Ipomoea batatas
https://static.inaturalist.org/photos/32545868/medium.jpg?1552085766,Ipomoea batatas
https://static.inaturalist.org/photos/32743764/medium.jpeg?1552421034,Ipomoea batatas
https://static.inaturalist.org/photos/32874991/medium.jpeg?1552674293,Ipomoea batatas
https://static.inaturalist.org/photos/32878968/medium.jpeg?1552679973,Ipomoea batatas
https://static.inaturalist.org/photos/32957775/medium.jpeg?1552805261,Ipomoea batatas
https://static.inaturalist.org/photos/33068078/medium.jpg?1552965754,Ipomoea batatas
https://static.inaturalist.org/photos/33103302/medium.jpeg?1553031272,Ipomoea batatas
https://static.inaturalist.org/photos/33214455/medium.jpeg?1553211820,Ipomoea batatas
https://static.inaturalist.org/photos/33389646/medium.jpg?1553464331,Ipomoea batatas
https://static.inaturalist.org/photos/33458749/medium.jpg?1553556591,Ipomoea batatas
https://static.inaturalist.org/photos/33647413/medium.jpeg?1553838459,Ipomoea batatas
https://static.inaturalist.org/photos/33732818/medium.jpeg?1553958568,Ipomoea batatas
https://static.inaturalist.org/photos/33799597/medium.jpg?1554016586,Ipomoea batatas
https://static.inaturalist.org/photos/33874552/medium.jpg?1554098203,Ipomoea batatas
https://static.inaturalist.org/photos/33895827/medium.jpeg?1554138933,Ipomoea batatas
https://static.inaturalist.org/photos/33903458/medium.jpeg?1554147039,Ipomoea batatas
https://static.inaturalist.org/photos/33980149/medium.jpg?1554249372,Ipomoea batatas
https://static.inaturalist.org/photos/34048294/medium.jpeg?1554342408,Ipomoea batatas
https://static.inaturalist.org/photos/34071731/medium.jpeg?1554389406,Ipomoea batatas
https://static.inaturalist.org/photos/34114202/medium.jpg?1554433986,Ipomoea batatas
https://static.inaturalist.org/photos/34117951/medium.jpg?1554438409,Ipomoea batatas
https://static.inaturalist.org/photos/34449305/medium.jpeg?1554833302,Ipomoea batatas
https://static.inaturalist.org/photos/34533871/medium.jpg?1554931262,Ipomoea batatas
https://static.inaturalist.org/photos/34676213/medium.jpeg?1555110040,Ipomoea batatas
https://static.inaturalist.org/photos/34891808/medium.jpg?1555352647,Ipomoea batatas
https://static.inaturalist.org/photos/34948044/medium.jpeg?1555424126,Ipomoea batatas
https://static.inaturalist.org/photos/34994416/medium.jpeg?1555462144,Ipomoea batatas
https://static.inaturalist.org/photos/35207565/medium.jpeg?1555702135,Ipomoea batatas
https://static.inaturalist.org/photos/35328484/medium.jpeg?1555815281,Ipomoea batatas
https://static.inaturalist.org/photos/35339513/medium.jpeg?1555826096,Ipomoea batatas
https://static.inaturalist.org/photos/35432831/medium.jpg?1555898728,Ipomoea batatas
https://static.inaturalist.org/photos/35558331/medium.jpg?1556027159,Ipomoea batatas
https://static.inaturalist.org/photos/35739718/medium.jpg?1556205410,Ipomoea batatas
https://static.inaturalist.org/photos/35855119/medium.jpeg?1556286461,Ipomoea batatas
https://static.inaturalist.org/photos/35886659/medium.jpg?1556294059,Ipomoea batatas
https://static.inaturalist.org/photos/35889915/medium.jpeg?1556294706,Ipomoea batatas
https://static.inaturalist.org/photos/35893308/medium.jpeg?1556295350,Ipomoea batatas
https://static.inaturalist.org/photos/35923099/medium.jpg?1556300857,Ipomoea batatas
https://static.inaturalist.org/photos/35929381/medium.jpeg?1556302097,Ipomoea batatas
https://static.inaturalist.org/photos/35931218/medium.jpeg?1556302495,Ipomoea batatas
https://static.inaturalist.org/photos/35937865/medium.jpeg?1556303855,Ipomoea batatas
https://static.inaturalist.org/photos/35948753/medium.jpeg?1556305925,Ipomoea batatas
https://static.inaturalist.org/photos/35964284/medium.jpeg?1556308925,Ipomoea batatas
https://static.inaturalist.org/photos/35960565/medium.jpeg?1556308233,Ipomoea batatas
https://static.inaturalist.org/photos/35986482/medium.jpeg?1556313192,Ipomoea batatas
https://static.inaturalist.org/photos/35991896/medium.jpeg?1556314302,Ipomoea batatas
https://static.inaturalist.org/photos/35980374/medium.jpeg?1556311991,Ipomoea batatas
https://static.inaturalist.org/photos/36027460/medium.jpeg?1556321356,Ipomoea batatas
https://static.inaturalist.org/photos/36057016/medium.jpeg?1556327615,Ipomoea batatas
https://static.inaturalist.org/photos/36127196/medium.jpeg?1556344477,Ipomoea batatas
https://static.inaturalist.org/photos/36143310/medium.jpg?1556353348,Ipomoea batatas
https://static.inaturalist.org/photos/36168258/medium.jpeg?1556367033,Ipomoea batatas
https://static.inaturalist.org/photos/36200532/medium.jpg?1556375391,Ipomoea batatas
https://static.inaturalist.org/photos/36302669/medium.jpeg?1556392193,Ipomoea batatas
https://static.inaturalist.org/photos/36264536/medium.jpeg?1556386325,Ipomoea batatas
https://static.inaturalist.org/photos/36348013/medium.jpeg?1556399296,Ipomoea batatas
https://static.inaturalist.org/photos/36402605/medium.jpeg?1556408565,Ipomoea batatas
https://static.inaturalist.org/photos/36488323/medium.jpg?1556425064,Ipomoea batatas
https://static.inaturalist.org/photos/36610250/medium.jpeg?1556466203,Ipomoea batatas
https://static.inaturalist.org/photos/36765987/medium.jpeg?1556490379,Ipomoea batatas
https://static.inaturalist.org/photos/36884231/medium.jpeg?1556509325,Ipomoea batatas
https://static.inaturalist.org/photos/36928592/medium.jpeg?1556520258,Ipomoea batatas
https://static.inaturalist.org/photos/36936841/medium.jpeg?1556524082,Ipomoea batatas
https://static.inaturalist.org/photos/36976572/medium.jpeg?1556541056,Ipomoea batatas
https://static.inaturalist.org/photos/37021075/medium.jpeg?1556549972,Ipomoea batatas
https://static.inaturalist.org/photos/37030694/medium.jpeg?1556551701,Ipomoea batatas
https://static.inaturalist.org/photos/37041335/medium.jpg?1556553102,Ipomoea batatas
https://static.inaturalist.org/photos/37056672/medium.jpeg?1556555542,Ipomoea batatas
https://static.inaturalist.org/photos/37122748/medium.jpg?1556566599,Ipomoea batatas
https://static.inaturalist.org/photos/37265420/medium.jpg?1556587788,Ipomoea batatas
https://static.inaturalist.org/photos/37284624/medium.jpg?1556590487,Ipomoea batatas
https://static.inaturalist.org/photos/37307298/medium.jpeg?1556594055,Ipomoea batatas
https://static.inaturalist.org/photos/37305662/medium.jpeg?1556593814,Ipomoea batatas
https://static.inaturalist.org/photos/37344034/medium.jpg?1556600198,Ipomoea batatas
https://static.inaturalist.org/photos/37352682/medium.jpeg?1556602766,Ipomoea batatas
https://static.inaturalist.org/photos/37396587/medium.jpeg?1556634520,Ipomoea batatas
https://static.inaturalist.org/photos/37436642/medium.jpg?1556651811,Ipomoea batatas
https://static.inaturalist.org/photos/37505644/medium.jpg?1556683727,Ipomoea batatas
https://static.inaturalist.org/photos/37535544/medium.jpeg?1556714228,Ipomoea batatas
https://static.inaturalist.org/photos/37560488/medium.jpeg?1556726924,Ipomoea batatas
https://static.inaturalist.org/photos/37700583/medium.jpeg?1556818377,Ipomoea batatas
https://static.inaturalist.org/photos/37713381/medium.jpg?1556825106,Ipomoea batatas
https://static.inaturalist.org/photos/37713732/medium.jpg?1556825275,Ipomoea batatas
https://static.inaturalist.org/photos/37729011/medium.jpg?1556834539,Ipomoea batatas
https://static.inaturalist.org/photos/37828065/medium.jpg?1556915790,Ipomoea batatas
https://static.inaturalist.org/photos/37868098/medium.jpg?1556940970,Ipomoea batatas
https://static.inaturalist.org/photos/37886290/medium.jpg?1556964044,Ipomoea batatas
https://static.inaturalist.org/photos/37901614/medium.jpg?1556980096,Ipomoea batatas
https://static.inaturalist.org/photos/37924389/medium.jpeg?1556993573,Ipomoea batatas
https://static.inaturalist.org/photos/37970159/medium.jpg?1557016899,Ipomoea batatas
https://static.inaturalist.org/photos/38048162/medium.jpeg?1557080890,Ipomoea batatas
https://static.inaturalist.org/photos/38071895/medium.jpg?1557092755,Ipomoea batatas
https://static.inaturalist.org/photos/38071979/medium.jpg?1557092797,Ipomoea batatas
https://static.inaturalist.org/photos/38313474/medium.jpg?1557301862,Ipomoea batatas
https://static.inaturalist.org/photos/38377258/medium.jpg?1557362811,Ipomoea batatas
https://static.inaturalist.org/photos/38675577/medium.jpg?1557671718,Ipomoea batatas
https://static.inaturalist.org/photos/38849452/medium.jpeg?1557825615,Ipomoea batatas
https://static.inaturalist.org/photos/38875587/medium.jpeg?1557855660,Ipomoea batatas
https://static.inaturalist.org/photos/38876133/medium.jpeg?1557856054,Ipomoea batatas
https://static.inaturalist.org/photos/39006079/medium.jpeg?1557977551,Ipomoea batatas
https://static.inaturalist.org/photos/39374331/medium.jpeg?1558322012,Ipomoea batatas
https://static.inaturalist.org/photos/39520920/medium.jpg?1558458374,Ipomoea batatas
https://static.inaturalist.org/photos/39799305/medium.jpeg?1558713246,Ipomoea batatas
https://static.inaturalist.org/photos/39823123/medium.jpeg?1558730005,Ipomoea batatas
https://static.inaturalist.org/photos/39989759/medium.jpeg?1558859710,Ipomoea batatas
https://static.inaturalist.org/photos/39989786/medium.jpeg?1558859763,Ipomoea batatas
https://static.inaturalist.org/photos/40015371/medium.jpeg?1558884152,Ipomoea batatas
https://static.inaturalist.org/photos/40197222/medium.jpeg?1559006433,Ipomoea batatas
https://static.inaturalist.org/photos/40243176/medium.jpg?1559059103,Ipomoea batatas
https://static.inaturalist.org/photos/40466014/medium.jpeg?1559252692,Ipomoea batatas
https://static.inaturalist.org/photos/40549621/medium.jpg?1559331995,Ipomoea batatas
https://static.inaturalist.org/photos/40853409/medium.jpeg?1559552185,Ipomoea batatas
https://static.inaturalist.org/photos/41041429/medium.jpg?1559725108,Ipomoea batatas
https://static.inaturalist.org/photos/41098187/medium.jpg?1559775684,Ipomoea batatas
https://static.inaturalist.org/photos/41128898/medium.jpeg?1559808730,Ipomoea batatas
https://static.inaturalist.org/photos/41136761/medium.jpeg?1559822447,Ipomoea batatas
https://static.inaturalist.org/photos/41147417/medium.jpeg?1559833184,Ipomoea batatas
https://static.inaturalist.org/photos/41210491/medium.jpg?1559881269,Ipomoea batatas
https://static.inaturalist.org/photos/41306470/medium.jpg?1559979009,Ipomoea batatas
https://static.inaturalist.org/photos/41402607/medium.jpeg?1560054315,Ipomoea batatas
https://static.inaturalist.org/photos/41411061/medium.jpg?1560063684,Ipomoea batatas
https://static.inaturalist.org/photos/41485524/medium.jpg?1560118741,Ipomoea batatas
https://static.inaturalist.org/photos/41532057/medium.jpeg?1560158125,Ipomoea batatas
https://static.inaturalist.org/photos/41751633/medium.jpeg?1560361839,Ipomoea batatas
https://static.inaturalist.org/photos/41803512/medium.jpg?1560402814,Ipomoea batatas
https://static.inaturalist.org/photos/42043792/medium.jpeg?1560634453,Ipomoea batatas
https://static.inaturalist.org/photos/42157520/medium.jpg?1560723256,Ipomoea batatas
https://static.inaturalist.org/photos/42284603/medium.jpeg?1560828960,Ipomoea batatas
https://static.inaturalist.org/photos/43005049/medium.jpeg?1561468645,Ipomoea batatas
https://static.inaturalist.org/photos/43029856/medium.jpeg?1561484603,Ipomoea batatas
https://static.inaturalist.org/photos/43219323/medium.jpg?1561646754,Ipomoea batatas
https://static.inaturalist.org/photos/43303665/medium.jpg?1561727047,Ipomoea batatas
https://static.inaturalist.org/photos/43359078/medium.jpeg?1561765780,Ipomoea batatas
https://static.inaturalist.org/photos/43370190/medium.jpg?1561774031,Ipomoea batatas
https://static.inaturalist.org/photos/43510205/medium.jpeg?1561908510,Ipomoea batatas
https://static.inaturalist.org/photos/43537202/medium.jpg?1561923791,Ipomoea batatas
https://static.inaturalist.org/photos/43551303/medium.jpeg?1561931829,Ipomoea batatas
https://static.inaturalist.org/photos/43668552/medium.jpeg?1562028782,Ipomoea batatas
https://static.inaturalist.org/photos/43832464/medium.jpeg?1562182234,Ipomoea batatas
https://static.inaturalist.org/photos/43868291/medium.jpg?1562208024,Ipomoea batatas
https://static.inaturalist.org/photos/43891632/medium.jpg?1562241729,Ipomoea batatas
https://static.inaturalist.org/photos/43930223/medium.jpeg?1562270869,Ipomoea batatas
https://static.inaturalist.org/photos/43949852/medium.jpg?1562284271,Ipomoea batatas
https://static.inaturalist.org/photos/43967683/medium.jpg?1562298743,Ipomoea batatas
https://static.inaturalist.org/photos/44181159/medium.jpg?1562477767,Ipomoea batatas
https://static.inaturalist.org/photos/44341359/medium.jpeg?1562606180,Ipomoea batatas
https://static.inaturalist.org/photos/44367635/medium.jpg?1562622118,Ipomoea batatas
https://static.inaturalist.org/photos/44873905/medium.jpeg?1563071383,Ipomoea batatas
https://static.inaturalist.org/photos/44961311/medium.jpg?1563141675,Ipomoea batatas
https://static.inaturalist.org/photos/45028115/medium.jpg?1563204084,Ipomoea batatas
https://static.inaturalist.org/photos/45031674/medium.jpg?1563206626,Ipomoea batatas
https://static.inaturalist.org/photos/45078623/medium.jpeg?1563236247,Ipomoea batatas
https://static.inaturalist.org/photos/45206467/medium.jpg?1563334624,Ipomoea batatas
https://static.inaturalist.org/photos/45444167/medium.jpeg?1563561724,Ipomoea batatas
https://static.inaturalist.org/photos/45487868/medium.jpeg?1563592867,Ipomoea batatas
https://static.inaturalist.org/photos/45488440/medium.jpeg?1563593404,Ipomoea batatas
https://static.inaturalist.org/photos/45488462/medium.jpeg?1563593424,Ipomoea batatas
https://static.inaturalist.org/photos/45616294/medium.jpeg?1563710895,Ipomoea batatas
https://static.inaturalist.org/photos/45676270/medium.jpg?1563744234,Ipomoea batatas
https://static.inaturalist.org/photos/45794801/medium.jpeg?1563834628,Ipomoea batatas
https://static.inaturalist.org/photos/45818268/medium.jpg?1563852188,Ipomoea batatas
https://static.inaturalist.org/photos/45866317/medium.jpg?1563902375,Ipomoea batatas
https://static.inaturalist.org/photos/46054715/medium.jpg?1564060535,Ipomoea batatas
https://static.inaturalist.org/photos/46059771/medium.jpg?1564064177,Ipomoea batatas
https://static.inaturalist.org/photos/46138942/medium.jpg?1564119864,Ipomoea batatas
https://static.inaturalist.org/photos/46247026/medium.jpeg?1564219439,Ipomoea batatas
https://static.inaturalist.org/photos/46313763/medium.jpeg?1564267095,Ipomoea batatas
https://static.inaturalist.org/photos/46449247/medium.jpg?1564359693,Ipomoea batatas
https://static.inaturalist.org/photos/46480573/medium.jpeg?1564384882,Ipomoea batatas
https://static.inaturalist.org/photos/46541834/medium.jpg?1564432462,Ipomoea batatas
https://static.inaturalist.org/photos/46609763/medium.jpg?1564494205,Ipomoea batatas
https://static.inaturalist.org/photos/46748976/medium.jpeg?1564604280,Ipomoea batatas
https://static.inaturalist.org/photos/46812878/medium.jpg?1564667753,Ipomoea batatas
https://static.inaturalist.org/photos/46946361/medium.jpg?1564777535,Ipomoea batatas
https://static.inaturalist.org/photos/46987558/medium.jpg?1564815204,Ipomoea batatas
https://static.inaturalist.org/photos/47184700/medium.jpg?1564961856,Ipomoea batatas
https://static.inaturalist.org/photos/47332715/medium.jpeg?1565093091,Ipomoea batatas
https://static.inaturalist.org/photos/47438026/medium.jpg?1565188819,Ipomoea batatas
https://static.inaturalist.org/photos/47491011/medium.jpeg?1565225139,Ipomoea batatas
https://static.inaturalist.org/photos/47583345/medium.jpeg?1565311174,Ipomoea batatas
https://static.inaturalist.org/photos/47594736/medium.jpeg?1565321016,Ipomoea batatas
https://static.inaturalist.org/photos/47766858/medium.jpg?1565474874,Ipomoea batatas
https://static.inaturalist.org/photos/47883652/medium.jpg?1565558977,Ipomoea batatas
https://static.inaturalist.org/photos/47913488/medium.jpeg?1565576620,Ipomoea batatas
https://static.inaturalist.org/photos/48116103/medium.jpg?1565743559,Ipomoea batatas
https://static.inaturalist.org/photos/48122247/medium.jpeg?1565747478,Ipomoea batatas
https://static.inaturalist.org/photos/48185382/medium.jpeg?1565809533,Ipomoea batatas
https://static.inaturalist.org/photos/48315874/medium.jpg?1565914625,Ipomoea batatas
https://static.inaturalist.org/photos/48583651/medium.jpg?1566149837,Ipomoea batatas
https://static.inaturalist.org/photos/48598353/medium.jpg?1566157784,Ipomoea batatas
https://static.inaturalist.org/photos/48674886/medium.jpg?1566226139,Ipomoea batatas
https://static.inaturalist.org/photos/48893485/medium.jpg?1566416173,Ipomoea batatas
https://static.inaturalist.org/photos/48959946/medium.jpg?1566484586,Ipomoea batatas
https://static.inaturalist.org/photos/48974649/medium.jpeg?1566494330,Ipomoea batatas
https://static.inaturalist.org/photos/49241008/medium.jpeg?1566723694,Ipomoea batatas
https://static.inaturalist.org/photos/49413868/medium.jpeg?1566846145,Ipomoea batatas
https://static.inaturalist.org/photos/49515952/medium.jpg?1566932212,Ipomoea batatas
https://static.inaturalist.org/photos/49595702/medium.jpg?1567007916,Ipomoea batatas
https://static.inaturalist.org/photos/49596199/medium.jpg?1567008256,Ipomoea batatas
https://static.inaturalist.org/photos/49780927/medium.jpg?1567168161,Ipomoea batatas
https://static.inaturalist.org/photos/50023003/medium.jpg?1567358922,Ipomoea batatas
https://static.inaturalist.org/photos/50449842/medium.jpg?1567716605,Ipomoea batatas
https://static.inaturalist.org/photos/50503747/medium.jpeg?1567777409,Ipomoea batatas
https://static.inaturalist.org/photos/50688699/medium.jpg?1567919709,Ipomoea batatas
https://static.inaturalist.org/photos/50803581/medium.jpeg?1568001240,Ipomoea batatas
https://static.inaturalist.org/photos/50887842/medium.jpg?1568076011,Ipomoea batatas
https://static.inaturalist.org/photos/50933978/medium.jpeg?1568130510,Ipomoea batatas
https://static.inaturalist.org/photos/50998573/medium.jpg?1568173031,Ipomoea batatas
https://static.inaturalist.org/photos/50999011/medium.jpg?1568173460,Ipomoea batatas
https://static.inaturalist.org/photos/51017430/medium.jpeg?1568205040,Ipomoea batatas
https://static.inaturalist.org/photos/51327573/medium.jpg?1568486220,Ipomoea batatas
https://static.inaturalist.org/photos/51409405/medium.jpeg?1568556604,Ipomoea batatas
https://static.inaturalist.org/photos/51420203/medium.jpeg?1568562953,Ipomoea batatas
https://static.inaturalist.org/photos/51438309/medium.jpg?1568572191,Ipomoea batatas
https://static.inaturalist.org/photos/51496125/medium.jpg?1568606557,Ipomoea batatas
https://static.inaturalist.org/photos/51718015/medium.jpg?1568817667,Ipomoea batatas
https://static.inaturalist.org/photos/51734197/medium.jpeg?1568827966,Ipomoea batatas
https://static.inaturalist.org/photos/51839009/medium.jpg?1568923153,Ipomoea batatas
https://static.inaturalist.org/photos/51870848/medium.jpeg?1568946852,Ipomoea batatas
https://static.inaturalist.org/photos/51873210/medium.jpg?1568948726,Ipomoea batatas
https://static.inaturalist.org/photos/52007741/medium.jpeg?1569076658,Ipomoea batatas
https://static.inaturalist.org/photos/52124896/medium.jpg?1569170694,Ipomoea batatas
https://static.inaturalist.org/photos/52128288/medium.jpeg?1569172600,Ipomoea batatas
https://static.inaturalist.org/photos/52239924/medium.jpeg?1569262085,Ipomoea batatas
https://static.inaturalist.org/photos/52426619/medium.jpeg?1569434236,Ipomoea batatas
https://static.inaturalist.org/photos/52430066/medium.jpeg?1569436389,Ipomoea batatas
https://static.inaturalist.org/photos/52454381/medium.jpeg?1569451831,Ipomoea batatas
https://static.inaturalist.org/photos/52472549/medium.jpg?1569466995,Ipomoea batatas
https://static.inaturalist.org/photos/52474710/medium.jpeg?1569469569,Ipomoea batatas
https://static.inaturalist.org/photos/52601862/medium.jpeg?1569605927,Ipomoea batatas
https://static.inaturalist.org/photos/52728607/medium.jpg?1569718891,Ipomoea batatas
https://static.inaturalist.org/photos/52847038/medium.jpg?1569815905,Ipomoea batatas
https://static.inaturalist.org/photos/52872199/medium.jpg?1569854978,Ipomoea batatas
https://static.inaturalist.org/photos/52927652/medium.jpg?1569895884,Ipomoea batatas
https://static.inaturalist.org/photos/52927687/medium.jpg?1569895929,Ipomoea batatas
https://static.inaturalist.org/photos/52964747/medium.jpeg?1569944856,Ipomoea batatas
https://static.inaturalist.org/photos/53013216/medium.jpg?1569980836,Ipomoea batatas
https://static.inaturalist.org/photos/53013231/medium.jpeg?1569980851,Ipomoea batatas
https://static.inaturalist.org/photos/53013818/medium.jpeg?1569981306,Ipomoea batatas
https://static.inaturalist.org/photos/53026436/medium.jpg?1569998515,Ipomoea batatas
https://static.inaturalist.org/photos/53028616/medium.jpg?1570003067,Ipomoea batatas
https://static.inaturalist.org/photos/53102328/medium.jpeg?1570079680,Ipomoea batatas
https://static.inaturalist.org/photos/53213332/medium.jpg?1570213150,Ipomoea batatas
https://static.inaturalist.org/photos/53225988/medium.jpg?1570222835,Ipomoea batatas
https://static.inaturalist.org/photos/53249112/medium.jpg?1570243294,Ipomoea batatas
https://static.inaturalist.org/photos/53256640/medium.jpg?1570252942,Ipomoea batatas
https://static.inaturalist.org/photos/53256657/medium.jpg?1570252972,Ipomoea batatas
https://static.inaturalist.org/photos/53257005/medium.jpg?1570253407,Ipomoea batatas
https://static.inaturalist.org/photos/53319346/medium.jpg?1570311191,Ipomoea batatas
https://static.inaturalist.org/photos/53347987/medium.jpeg?1570332935,Ipomoea batatas
https://static.inaturalist.org/photos/53349866/medium.jpg?1570334746,Ipomoea batatas
https://static.inaturalist.org/photos/53387024/medium.jpeg?1570377780,Ipomoea batatas
https://static.inaturalist.org/photos/53474990/medium.jpeg?1570454050,Ipomoea batatas
https://static.inaturalist.org/photos/53482356/medium.jpg?1570459862,Ipomoea batatas
https://static.inaturalist.org/photos/53629663/medium.jpg?1570594271,Ipomoea batatas
https://static.inaturalist.org/photos/53641843/medium.jpg?1570619533,Ipomoea batatas
https://static.inaturalist.org/photos/53666564/medium.jpg?1570644521,Ipomoea batatas
https://static.inaturalist.org/photos/53757620/medium.jpg?1570741860,Ipomoea batatas
https://static.inaturalist.org/photos/53804233/medium.jpeg?1570806734,Ipomoea batatas
https://static.inaturalist.org/photos/53819865/medium.jpg?1570820233,Ipomoea batatas batatas
https://static.inaturalist.org/photos/53897736/medium.jpeg?1570906308,Ipomoea batatas
https://static.inaturalist.org/photos/53952544/medium.jpeg?1570957693,Ipomoea batatas
https://static.inaturalist.org/photos/54176673/medium.jpeg?1571171437,Ipomoea batatas
https://static.inaturalist.org/photos/54208166/medium.jpeg?1571203562,Ipomoea batatas
https://static.inaturalist.org/photos/54251483/medium.jpg?1571255118,Ipomoea batatas
https://static.inaturalist.org/photos/54281383/medium.jpg?1571287248,Ipomoea batatas
https://static.inaturalist.org/photos/54275870/medium.jpeg?1571278635,Ipomoea batatas
https://static.inaturalist.org/photos/54285836/medium.jpg?1571298167,Ipomoea batatas
https://static.inaturalist.org/photos/54315095/medium.jpg?1571338288,Ipomoea batatas
https://static.inaturalist.org/photos/54326359/medium.jpeg?1571348156,Ipomoea batatas
https://static.inaturalist.org/photos/54326242/medium.jpeg?1571348052,Ipomoea batatas
https://static.inaturalist.org/photos/54333938/medium.jpg?1571356096,Ipomoea batatas
https://static.inaturalist.org/photos/54336324/medium.jpeg?1571358830,Ipomoea batatas
https://static.inaturalist.org/photos/54371897/medium.jpeg?1571414145,Ipomoea batatas
https://static.inaturalist.org/photos/54380110/medium.jpeg?1571421499,Ipomoea batatas
https://static.inaturalist.org/photos/54562685/medium.jpeg?1571605808,Ipomoea batatas
https://static.inaturalist.org/photos/54408333/medium.jpg?1571446476,Ipomoea batatas
https://static.inaturalist.org/photos/54489539/medium.jpeg?1571528401,Ipomoea batatas
https://static.inaturalist.org/photos/54544702/medium.jpeg?1571594856,Ipomoea batatas
https://static.inaturalist.org/photos/54559738/medium.jpeg?1571604167,Ipomoea batatas
https://static.inaturalist.org/photos/54594862/medium.jpeg?1571626116,Ipomoea batatas
https://static.inaturalist.org/photos/54622694/medium.jpg?1571665935,Ipomoea batatas
https://static.inaturalist.org/photos/54628450/medium.jpg?1571670402,Ipomoea batatas
https://static.inaturalist.org/photos/54647375/medium.jpeg?1571684632,Ipomoea batatas
https://static.inaturalist.org/photos/54752515/medium.jpg?1571794580,Ipomoea batatas
https://static.inaturalist.org/photos/54773798/medium.jpeg?1571828049,Ipomoea batatas
https://static.inaturalist.org/photos/54789226/medium.jpeg?1571845351,Ipomoea batatas
https://static.inaturalist.org/photos/54811962/medium.jpeg?1571863069,Ipomoea batatas
https://static.inaturalist.org/photos/54834245/medium.jpeg?1571881238,Ipomoea batatas
https://static.inaturalist.org/photos/54940630/medium.jpeg?1572016963,Ipomoea batatas
https://static.inaturalist.org/photos/55057302/medium.jpg?1572140325,Ipomoea batatas
https://static.inaturalist.org/photos/55076520/medium.jpg?1572171446,Ipomoea batatas
https://static.inaturalist.org/photos/55116395/medium.jpeg?1572206587,Ipomoea batatas
https://static.inaturalist.org/photos/55148908/medium.jpeg?1572233375,Ipomoea batatas
https://static.inaturalist.org/photos/55241013/medium.jpeg?1572360364,Ipomoea batatas
https://static.inaturalist.org/photos/55335274/medium.jpg?1572475406,Ipomoea batatas
https://static.inaturalist.org/photos/55341555/medium.jpeg?1572483363,Ipomoea batatas
https://static.inaturalist.org/photos/57313437/medium.jpg?1575239157,Ipomoea batatas
https://static.inaturalist.org/photos/55384719/medium.jpg?1572555052,Ipomoea batatas
https://static.inaturalist.org/photos/55469799/medium.jpeg?1572694145,Ipomoea batatas
https://static.inaturalist.org/photos/55512204/medium.jpg?1572739130,Ipomoea batatas
https://static.inaturalist.org/photos/55544264/medium.jpg?1572791830,Ipomoea batatas
https://static.inaturalist.org/photos/55655472/medium.jpg?1572905533,Ipomoea batatas
https://static.inaturalist.org/photos/55618140/medium.jpeg?1572862479,Ipomoea batatas
https://static.inaturalist.org/photos/55652003/medium.jpeg?1572902858,Ipomoea batatas
https://static.inaturalist.org/photos/55737895/medium.jpg?1573006209,Ipomoea batatas
https://static.inaturalist.org/photos/55738070/medium.jpg?1573006429,Ipomoea batatas
https://static.inaturalist.org/photos/55738221/medium.jpg?1573006581,Ipomoea batatas
https://static.inaturalist.org/photos/55745595/medium.jpeg?1573013933,Ipomoea batatas
https://static.inaturalist.org/photos/55816849/medium.jpg?1573104252,Ipomoea batatas
https://static.inaturalist.org/photos/55836612/medium.jpeg?1573141786,Ipomoea batatas
https://static.inaturalist.org/photos/55848708/medium.jpg?1573155423,Ipomoea batatas
https://static.inaturalist.org/photos/55942149/medium.jpeg?1573272494,Ipomoea batatas
https://static.inaturalist.org/photos/55945998/medium.jpg?1573279238,Ipomoea batatas
https://static.inaturalist.org/photos/55946337/medium.jpg?1573279649,Ipomoea batatas
https://static.inaturalist.org/photos/55946501/medium.jpg?1573279849,Ipomoea batatas
https://static.inaturalist.org/photos/55947107/medium.jpg?1573280717,Ipomoea batatas
https://static.inaturalist.org/photos/55947505/medium.jpg?1573281231,Ipomoea batatas
https://static.inaturalist.org/photos/55947508/medium.jpg?1573281232,Ipomoea batatas
https://static.inaturalist.org/photos/55947641/medium.jpg?1573281449,Ipomoea batatas
https://static.inaturalist.org/photos/55947845/medium.jpg?1573281724,Ipomoea batatas
https://static.inaturalist.org/photos/55948092/medium.jpg?1573282050,Ipomoea batatas
https://static.inaturalist.org/photos/55948944/medium.jpg?1573283112,Ipomoea batatas
https://static.inaturalist.org/photos/55949012/medium.jpg?1573283267,Ipomoea batatas
https://static.inaturalist.org/photos/55949054/medium.jpg?1573283346,Ipomoea batatas
https://static.inaturalist.org/photos/55961182/medium.jpeg?1573308874,Ipomoea batatas
https://static.inaturalist.org/photos/56001835/medium.jpg?1573349984,Ipomoea batatas
https://static.inaturalist.org/photos/56030459/medium.jpg?1573394957,Ipomoea batatas
https://static.inaturalist.org/photos/56120223/medium.jpeg?1573502986,Ipomoea batatas
https://static.inaturalist.org/photos/56147172/medium.jpeg?1573528924,Ipomoea batatas
https://static.inaturalist.org/photos/56283011/medium.jpeg?1573752108,Ipomoea batatas
https://static.inaturalist.org/photos/56320835/medium.jpeg?1573810938,Ipomoea batatas
https://static.inaturalist.org/photos/56539308/medium.jpeg?1574104161,Ipomoea batatas
https://static.inaturalist.org/photos/56591240/medium.jpg?1574183178,Ipomoea batatas
https://static.inaturalist.org/photos/56630840/medium.jpeg?1574231181,Ipomoea batatas
https://static.inaturalist.org/photos/56647969/medium.jpg?1574267704,Ipomoea batatas
https://static.inaturalist.org/photos/56656265/medium.jpg?1574276378,Ipomoea batatas
https://static.inaturalist.org/photos/56659508/medium.jpg?1574279495,Ipomoea batatas
https://static.inaturalist.org/photos/56659860/medium.jpg?1574279810,Ipomoea batatas
https://static.inaturalist.org/photos/56660586/medium.jpg?1574280454,Ipomoea batatas
https://static.inaturalist.org/photos/56714879/medium.jpg?1574367231,Ipomoea batatas
https://static.inaturalist.org/photos/56778288/medium.jpg?1574464734,Ipomoea batatas
https://static.inaturalist.org/photos/56849265/medium.jpg?1574561338,Ipomoea batatas
https://static.inaturalist.org/photos/56856600/medium.jpeg?1574568563,Ipomoea batatas
https://static.inaturalist.org/photos/56870637/medium.jpeg?1574591784,Ipomoea batatas
https://static.inaturalist.org/photos/56981385/medium.jpg?1574723563,Ipomoea batatas
https://static.inaturalist.org/photos/56990771/medium.jpg?1574733301,Ipomoea batatas
https://static.inaturalist.org/photos/56990906/medium.jpg?1574733471,Ipomoea batatas
https://static.inaturalist.org/photos/56993835/medium.jpg?1574736373,Ipomoea batatas
https://static.inaturalist.org/photos/57036084/medium.jpg?1574800602,Ipomoea batatas
https://static.inaturalist.org/photos/57055088/medium.jpeg?1574823601,Ipomoea batatas
https://static.inaturalist.org/photos/57055125/medium.jpg?1574823633,Ipomoea batatas
https://static.inaturalist.org/photos/57055186/medium.jpeg?1574823694,Ipomoea batatas
https://static.inaturalist.org/photos/57055525/medium.jpg?1574824074,Ipomoea batatas
https://static.inaturalist.org/photos/57055530/medium.jpg?1574824089,Ipomoea batatas
https://static.inaturalist.org/photos/57056355/medium.jpg?1574825173,Ipomoea batatas
https://static.inaturalist.org/photos/57063030/medium.jpeg?1574836591,Ipomoea batatas
https://static.inaturalist.org/photos/57095538/medium.jpg?1574890282,Ipomoea batatas
https://static.inaturalist.org/photos/57137157/medium.jpg?1574968815,Ipomoea batatas
https://static.inaturalist.org/photos/57211342/medium.jpg?1575092343,Ipomoea batatas
https://static.inaturalist.org/photos/57293581/medium.jpeg?1575220029,Ipomoea batatas
https://static.inaturalist.org/photos/57240817/medium.jpeg?1575144736,Ipomoea batatas
https://static.inaturalist.org/photos/57324408/medium.jpeg?1575252002,Ipomoea batatas
https://static.inaturalist.org/photos/57331392/medium.jpeg?1575263095,Ipomoea batatas
https://static.inaturalist.org/photos/57331394/medium.jpeg?1575263100,Ipomoea batatas
https://static.inaturalist.org/photos/57341717/medium.jpeg?1575288573,Ipomoea batatas
https://static.inaturalist.org/photos/57363796/medium.jpeg?1575322904,Ipomoea batatas
https://static.inaturalist.org/photos/57379707/medium.jpeg?1575344904,Ipomoea batatas
https://static.inaturalist.org/photos/57407011/medium.jpg?1575400055,Ipomoea batatas
https://static.inaturalist.org/photos/57425041/medium.jpeg?1575423171,Ipomoea batatas
https://static.inaturalist.org/photos/57425145/medium.jpeg?1575423311,Ipomoea batatas
https://static.inaturalist.org/photos/57426020/medium.jpg?1575424431,Ipomoea batatas
https://static.inaturalist.org/photos/57426296/medium.jpeg?1575424787,Ipomoea batatas
https://static.inaturalist.org/photos/57432680/medium.jpeg?1575436410,Ipomoea batatas
https://static.inaturalist.org/photos/57525060/medium.jpg?1575594256,Ipomoea batatas
https://static.inaturalist.org/photos/57554499/medium.jpeg?1575658970,Ipomoea batatas
https://static.inaturalist.org/photos/57615492/medium.jpg?1575759103,Ipomoea batatas
https://static.inaturalist.org/photos/57624575/medium.jpeg?1575769909,Ipomoea batatas
https://static.inaturalist.org/photos/57743902/medium.jpg?1575954251,Ipomoea batatas
https://static.inaturalist.org/photos/57755109/medium.jpeg?1575982838,Ipomoea batatas
https://static.inaturalist.org/photos/57986607/medium.jpg?1576386385,Ipomoea batatas
https://static.inaturalist.org/photos/57992849/medium.jpeg?1576400301,Ipomoea batatas
https://static.inaturalist.org/photos/58035813/medium.jpeg?1576461598,Ipomoea batatas
https://static.inaturalist.org/photos/58040773/medium.jpeg?1576468155,Ipomoea batatas
https://static.inaturalist.org/photos/58101742/medium.jpg?1576589040,Ipomoea batatas
https://static.inaturalist.org/photos/58131512/medium.jpg?1576639182,Ipomoea batatas
https://static.inaturalist.org/photos/58135271/medium.jpg?1576648273,Ipomoea batatas
https://static.inaturalist.org/photos/58174100/medium.jpeg?1576726416,Ipomoea batatas
https://static.inaturalist.org/photos/58193490/medium.jpg?1576776453,Ipomoea batatas
https://static.inaturalist.org/photos/58216049/medium.jpg?1576814296,Ipomoea batatas
https://static.inaturalist.org/photos/58216799/medium.jpeg?1576815683,Ipomoea batatas
https://static.inaturalist.org/photos/58341744/medium.jpeg?1577047426,Ipomoea batatas
https://static.inaturalist.org/photos/58364367/medium.jpg?1577080035,Ipomoea batatas
https://static.inaturalist.org/photos/58365277/medium.jpg?1577082421,Ipomoea batatas
https://static.inaturalist.org/photos/58431595/medium.jpeg?1577202278,Ipomoea batatas
https://static.inaturalist.org/photos/58461923/medium.jpeg?1577251754,Ipomoea batatas
https://static.inaturalist.org/photos/58564494/medium.jpg?1577421758,Ipomoea batatas
https://static.inaturalist.org/photos/58564498/medium.jpg?1577421783,Ipomoea batatas
https://static.inaturalist.org/photos/58564625/medium.jpeg?1577422094,Ipomoea batatas
https://static.inaturalist.org/photos/58720831/medium.jpeg?1577658760,Ipomoea batatas
https://static.inaturalist.org/photos/58899195/medium.jpg?1577933101,Ipomoea batatas
https://static.inaturalist.org/photos/58957698/medium.jpeg?1578018911,Ipomoea batatas
https://static.inaturalist.org/photos/58963474/medium.jpg?1578026529,Ipomoea batatas
https://static.inaturalist.org/photos/58966600/medium.jpg?1578032132,Ipomoea batatas
https://static.inaturalist.org/photos/59021860/medium.jpeg?1578107601,Ipomoea batatas
https://static.inaturalist.org/photos/59150428/medium.jpg?1578280655,Ipomoea batatas
https://static.inaturalist.org/photos/59168479/medium.jpeg?1578313574,Ipomoea batatas
https://static.inaturalist.org/photos/59217136/medium.jpeg?1578379008,Ipomoea batatas
https://static.inaturalist.org/photos/59216999/medium.jpeg?1578378849,Ipomoea batatas
https://static.inaturalist.org/photos/59335897/medium.jpg?1578588792,Ipomoea batatas
https://static.inaturalist.org/photos/59400731/medium.jpeg?1578694338,Ipomoea batatas
https://static.inaturalist.org/photos/59400946/medium.jpeg?1578694624,Ipomoea batatas
https://static.inaturalist.org/photos/59421389/medium.jpg?1578726858,Ipomoea batatas
https://static.inaturalist.org/photos/59427010/medium.jpeg?1578739114,Ipomoea batatas
https://static.inaturalist.org/photos/59590952/medium.jpeg?1578966199,Ipomoea batatas
https://static.inaturalist.org/photos/59816037/medium.jpg?1579316046,Ipomoea batatas
https://static.inaturalist.org/photos/59938345/medium.jpeg?1579487265,Ipomoea batatas
https://static.inaturalist.org/photos/59943470/medium.jpeg?1579491930,Ipomoea batatas
https://static.inaturalist.org/photos/60007229/medium.jpg?1579580412,Ipomoea batatas
https://static.inaturalist.org/photos/60104185/medium.jpeg?1579744158,Ipomoea batatas
https://static.inaturalist.org/photos/60162752/medium.jpeg?1579838069,Ipomoea batatas
https://static.inaturalist.org/photos/60164525/medium.jpeg?1579840862,Ipomoea batatas
https://static.inaturalist.org/photos/60166036/medium.jpg?1579843195,Ipomoea batatas
https://static.inaturalist.org/photos/60420360/medium.jpeg?1580193952,Ipomoea batatas
https://static.inaturalist.org/photos/60626727/medium.jpeg?1580535516,Ipomoea batatas
https://static.inaturalist.org/photos/60680629/medium.jpeg?1580607182,Ipomoea batatas
https://static.inaturalist.org/photos/60766916/medium.jpg?1580713491,Ipomoea batatas
https://static.inaturalist.org/photos/60983467/medium.jpeg?1581041321,Ipomoea batatas
https://static.inaturalist.org/photos/61084076/medium.jpeg?1581192885,Ipomoea batatas
https://static.inaturalist.org/photos/61085219/medium.jpeg?1581193769,Ipomoea batatas
https://static.inaturalist.org/photos/61390271/medium.jpeg?1581621692,Ipomoea batatas
https://static.inaturalist.org/photos/61618326/medium.jpeg?1581911522,Ipomoea batatas
https://static.inaturalist.org/photos/61677197/medium.jpg?1581981632,Ipomoea batatas
https://static.inaturalist.org/photos/61764964/medium.jpeg?1582106064,Ipomoea batatas
https://static.inaturalist.org/photos/61822315/medium.jpeg?1582181390,Ipomoea batatas
https://static.inaturalist.org/photos/61884901/medium.jpg?1582274980,Ipomoea batatas
https://static.inaturalist.org/photos/62140333/medium.jpeg?1582595592,Ipomoea batatas
https://static.inaturalist.org/photos/62297291/medium.jpeg?1582815003,Ipomoea batatas
https://static.inaturalist.org/photos/62364795/medium.jpg?1582910125,Ipomoea batatas
https://static.inaturalist.org/photos/62410462/medium.jpg?1582971121,Ipomoea batatas
https://static.inaturalist.org/photos/62495798/medium.jpeg?1583050586,Ipomoea batatas
https://static.inaturalist.org/photos/62664766/medium.jpg?1583249869,Ipomoea batatas
https://static.inaturalist.org/photos/62843436/medium.jpg?1583472871,Ipomoea batatas
https://static.inaturalist.org/photos/63301913/medium.jpeg?1583989579,Ipomoea batatas
https://static.inaturalist.org/photos/63411417/medium.jpg?1584128808,Ipomoea batatas
https://static.inaturalist.org/photos/63586788/medium.jpeg?1584300872,Ipomoea batatas
https://static.inaturalist.org/photos/63808028/medium.jpg?1584516741,Ipomoea batatas
https://static.inaturalist.org/photos/63991130/medium.jpeg?1584690949,Ipomoea batatas
https://static.inaturalist.org/photos/64257106/medium.jpg?1584909521,Ipomoea batatas
https://static.inaturalist.org/photos/64283201/medium.jpg?1584923114,Ipomoea batatas
https://static.inaturalist.org/photos/64388124/medium.jpeg?1585023290,Ipomoea batatas
https://static.inaturalist.org/photos/64394818/medium.jpg?1585032878,Ipomoea batatas
https://static.inaturalist.org/photos/64415771/medium.jpeg?1585061361,Ipomoea batatas
https://static.inaturalist.org/photos/64473459/medium.jpeg?1585100502,Ipomoea batatas
https://static.inaturalist.org/photos/64683812/medium.jpg?1585289142,Ipomoea batatas
https://static.inaturalist.org/photos/64842209/medium.jpeg?1585418826,Ipomoea batatas
https://static.inaturalist.org/photos/65324208/medium.jpg?1585778122,Ipomoea batatas
https://static.inaturalist.org/photos/65421880/medium.jpg?1585858071,Ipomoea batatas
https://static.inaturalist.org/photos/65828455/medium.jpeg?1586130303,Ipomoea batatas
https://static.inaturalist.org/photos/65844537/medium.jpg?1586138344,Ipomoea batatas
https://static.inaturalist.org/photos/66301971/medium.jpeg?1586467890,Ipomoea batatas
https://static.inaturalist.org/photos/66393894/medium.jpeg?1586542819,Ipomoea batatas
https://static.inaturalist.org/photos/66776518/medium.jpg?1586761384,Ipomoea batatas
https://static.inaturalist.org/photos/66657373/medium.jpg?1586703935,Ipomoea batatas
https://static.inaturalist.org/photos/66666382/medium.jpg?1586707836,Ipomoea batatas
https://static.inaturalist.org/photos/66850319/medium.jpg?1586810820,Ipomoea batatas
https://static.inaturalist.org/photos/66851920/medium.jpeg?1586811568,Ipomoea batatas
https://static.inaturalist.org/photos/66823982/medium.jpeg?1586797498,Ipomoea batatas
https://static.inaturalist.org/photos/66874416/medium.jpeg?1586823590,Ipomoea batatas
https://static.inaturalist.org/photos/67117595/medium.jpeg?1586993371,Ipomoea batatas
https://static.inaturalist.org/photos/67170668/medium.jpg?1587041499,Ipomoea batatas
https://static.inaturalist.org/photos/67239699/medium.jpeg?1587077114,Ipomoea batatas
https://static.inaturalist.org/photos/67263301/medium.jpeg?1587090597,Ipomoea batatas
https://static.inaturalist.org/photos/67265865/medium.jpeg?1587092183,Ipomoea batatas
https://static.inaturalist.org/photos/67266242/medium.jpeg?1587092433,Ipomoea batatas
https://static.inaturalist.org/photos/67266295/medium.jpeg?1587092467,Ipomoea batatas
https://static.inaturalist.org/photos/67266358/medium.jpeg?1587092501,Ipomoea batatas
https://static.inaturalist.org/photos/67344137/medium.jpeg?1587152818,Ipomoea batatas
https://static.inaturalist.org/photos/67638368/medium.jpeg?1587322385,Ipomoea batatas
https://static.inaturalist.org/photos/67681110/medium.jpeg?1587337092,Ipomoea batatas
https://static.inaturalist.org/photos/67681140/medium.jpeg?1587337108,Ipomoea batatas
https://static.inaturalist.org/photos/67683090/medium.jpeg?1587337925,Ipomoea batatas
https://static.inaturalist.org/photos/67972683/medium.jpg?1587512406,Ipomoea batatas
https://static.inaturalist.org/photos/68179421/medium.jpeg?1587632591,Ipomoea batatas
https://static.inaturalist.org/photos/68220103/medium.jpg?1587658038,Ipomoea batatas
https://static.inaturalist.org/photos/68220190/medium.jpg?1587658070,Ipomoea batatas
https://static.inaturalist.org/photos/68294420/medium.jpeg?1587688971,Ipomoea batatas
https://static.inaturalist.org/photos/68346960/medium.jpg?1587718797,Ipomoea batatas
https://static.inaturalist.org/photos/68350451/medium.jpg?1587720995,Ipomoea batatas
https://static.inaturalist.org/photos/68362381/medium.jpeg?1587727358,Ipomoea batatas
https://static.inaturalist.org/photos/68376205/medium.jpeg?1587733062,Ipomoea batatas
https://static.inaturalist.org/photos/68534947/medium.jpeg?1587762969,Ipomoea batatas
https://static.inaturalist.org/photos/68552399/medium.jpeg?1587765948,Ipomoea batatas
https://static.inaturalist.org/photos/68591747/medium.jpg?1587773090,Ipomoea batatas
https://static.inaturalist.org/photos/68615605/medium.jpg?1587778292,Ipomoea batatas
https://static.inaturalist.org/photos/68622376/medium.jpeg?1587779796,Ipomoea batatas
https://static.inaturalist.org/photos/68648916/medium.jpg?1587786220,Ipomoea batatas
https://static.inaturalist.org/photos/68706215/medium.jpeg?1587809145,Ipomoea batatas
https://static.inaturalist.org/photos/68756917/medium.jpg?1587823435,Ipomoea batatas
https://static.inaturalist.org/photos/68861778/medium.jpg?1587839080,Ipomoea batatas
https://static.inaturalist.org/photos/68974967/medium.jpeg?1587854126,Ipomoea batatas
https://static.inaturalist.org/photos/69011058/medium.jpg?1587860119,Ipomoea batatas
https://static.inaturalist.org/photos/69019337/medium.jpg?1587861695,Ipomoea batatas
https://static.inaturalist.org/photos/69019259/medium.jpg?1587861680,Ipomoea batatas
https://static.inaturalist.org/photos/69129554/medium.jpeg?1587893448,Ipomoea batatas
https://static.inaturalist.org/photos/69130097/medium.jpeg?1587893597,Ipomoea batatas
https://static.inaturalist.org/photos/69139739/medium.jpeg?1587896856,Ipomoea batatas
https://static.inaturalist.org/photos/69392843/medium.jpg?1587939208,Ipomoea batatas
https://static.inaturalist.org/photos/69419331/medium.jpeg?1587943352,Ipomoea batatas
https://static.inaturalist.org/photos/69438144/medium.jpg?1587946323,Ipomoea batatas
https://static.inaturalist.org/photos/69441008/medium.jpg?1587946810,Ipomoea batatas
https://static.inaturalist.org/photos/69461349/medium.jpg?1587950110,Ipomoea batatas
https://static.inaturalist.org/photos/69529933/medium.jpeg?1587966491,Ipomoea batatas
https://static.inaturalist.org/photos/69557360/medium.jpg?1587979977,Ipomoea batatas
https://static.inaturalist.org/photos/69610629/medium.jpg?1587997492,Ipomoea batatas
https://static.inaturalist.org/photos/69690370/medium.jpg?1588011614,Ipomoea batatas
https://static.inaturalist.org/photos/69750051/medium.jpg?1588021153,Ipomoea batatas
https://static.inaturalist.org/photos/69787351/medium.jpeg?1588027619,Ipomoea batatas
https://static.inaturalist.org/photos/69855289/medium.jpeg?1588039310,Ipomoea batatas
https://static.inaturalist.org/photos/69859043/medium.jpg?1588039984,Ipomoea batatas
https://static.inaturalist.org/photos/69865394/medium.jpg?1588041186,Ipomoea batatas
https://static.inaturalist.org/photos/69965250/medium.jpeg?1588085518,Ipomoea batatas
https://static.inaturalist.org/photos/70137119/medium.jpeg?1588153252,Ipomoea batatas
https://static.inaturalist.org/photos/70267621/medium.jpeg?1588206598,Ipomoea batatas
https://static.inaturalist.org/photos/70497499/medium.jpeg?1588332354,Ipomoea batatas
https://static.inaturalist.org/photos/70534146/medium.jpeg?1588350059,Ipomoea batatas
https://static.inaturalist.org/photos/70819526/medium.jpg?1588466316,Ipomoea batatas
https://static.inaturalist.org/photos/70856071/medium.jpg?1588482617,Ipomoea batatas
https://static.inaturalist.org/photos/70858201/medium.jpg?1588484341,Ipomoea batatas
https://static.inaturalist.org/photos/70966718/medium.jpg?1588529517,Ipomoea batatas
https://static.inaturalist.org/photos/71049487/medium.jpeg?1588551069,Ipomoea batatas
https://static.inaturalist.org/photos/71261044/medium.jpeg?1588653138,Ipomoea batatas
https://static.inaturalist.org/photos/71729695/medium.jpg?1588912474,Ipomoea batatas
https://static.inaturalist.org/photos/71883014/medium.jpg?1588994695,Ipomoea batatas
https://static.inaturalist.org/photos/72076842/medium.jpeg?1589090103,Ipomoea batatas
https://static.inaturalist.org/photos/72165742/medium.jpeg?1589136298,Ipomoea batatas
https://static.inaturalist.org/photos/73053304/medium.jpeg?1589613300,Ipomoea batatas
https://static.inaturalist.org/photos/73768843/medium.jpg?1589911623,Ipomoea batatas
https://static.inaturalist.org/photos/73856541/medium.jpg?1589946823,Ipomoea batatas
https://static.inaturalist.org/photos/73883075/medium.jpg?1589967130,Ipomoea batatas
https://static.inaturalist.org/photos/74092056/medium.jpg?1590066100,Ipomoea batatas
https://static.inaturalist.org/photos/74337254/medium.jpg?1590173364,Ipomoea batatas
https://static.inaturalist.org/photos/74394967/medium.jpeg?1590193200,Ipomoea batatas
https://static.inaturalist.org/photos/74418800/medium.jpg?1590203166,Ipomoea batatas
https://static.inaturalist.org/photos/74532877/medium.jpg?1590256769,Ipomoea batatas
https://static.inaturalist.org/photos/74800398/medium.jpg?1590349314,Ipomoea batatas
https://static.inaturalist.org/photos/74917300/medium.jpg?1590389145,Ipomoea batatas
https://static.inaturalist.org/photos/74971815/medium.jpeg?1590419243,Ipomoea batatas
https://static.inaturalist.org/photos/75169440/medium.jpeg?1590499660,Ipomoea batatas
https://static.inaturalist.org/photos/75446055/medium.jpeg?1590621118,Ipomoea batatas
https://static.inaturalist.org/photos/75475280/medium.jpeg?1590634075,Ipomoea batatas
https://static.inaturalist.org/photos/75581217/medium.jpg?1590693071,Ipomoea batatas
https://static.inaturalist.org/photos/75936254/medium.jpeg?1590860586,Ipomoea batatas
https://static.inaturalist.org/photos/76222411/medium.jpeg?1590963729,Ipomoea batatas
https://static.inaturalist.org/photos/76461849/medium.jpeg?1591066487,Ipomoea batatas
https://static.inaturalist.org/photos/77219211/medium.jpeg?1591457202,Ipomoea batatas
https://static.inaturalist.org/photos/77562097/medium.jpeg?1591583179,Ipomoea batatas
https://static.inaturalist.org/photos/77953423/medium.jpeg?1591786058,Ipomoea batatas
https://static.inaturalist.org/photos/78019736/medium.jpeg?1591816574,Ipomoea batatas
https://static.inaturalist.org/photos/78379530/medium.jpeg?1591999124,Ipomoea batatas
https://static.inaturalist.org/photos/78905461/medium.jpeg?1592216293,Ipomoea batatas
https://static.inaturalist.org/photos/79269309/medium.jpeg?1592381267,Ipomoea batatas
https://static.inaturalist.org/photos/79469155/medium.jpeg?1592489957,Ipomoea batatas
https://static.inaturalist.org/photos/79724040/medium.jpg?1592608952,Ipomoea batatas
https://static.inaturalist.org/photos/80706939/medium.jpeg?1593030477,Ipomoea batatas
https://static.inaturalist.org/photos/80919067/medium.jpg?1593133456,Ipomoea batatas
https://static.inaturalist.org/photos/80923202/medium.jpeg?1593135237,Ipomoea batatas
https://static.inaturalist.org/photos/80967891/medium.jpg?1593168525,Ipomoea batatas
https://static.inaturalist.org/photos/81024031/medium.jpg?1593195293,Ipomoea batatas
https://static.inaturalist.org/photos/81103143/medium.jpg?1593227388,Ipomoea batatas
https://static.inaturalist.org/photos/81169295/medium.jpg?1593269266,Ipomoea batatas
https://static.inaturalist.org/photos/81536494/medium.jpeg?1593402358,Ipomoea batatas
https://static.inaturalist.org/photos/81713527/medium.jpeg?1593484820,Ipomoea batatas
https://static.inaturalist.org/photos/81714330/medium.jpeg?1593485159,Ipomoea batatas
https://static.inaturalist.org/photos/81764070/medium.jpeg?1593519361,Ipomoea batatas
https://static.inaturalist.org/photos/81800294/medium.jpg?1593533354,Ipomoea batatas
https://static.inaturalist.org/photos/81865578/medium.jpeg?1593555002,Ipomoea batatas
https://static.inaturalist.org/photos/81897133/medium.jpeg?1593569088,Ipomoea batatas
https://static.inaturalist.org/photos/82093901/medium.jpeg?1593662340,Ipomoea batatas
https://static.inaturalist.org/photos/82218891/medium.jpg?1593727467,Ipomoea batatas
https://static.inaturalist.org/photos/82520210/medium.jpg?1593882812,Ipomoea batatas
https://static.inaturalist.org/photos/82881712/medium.jpeg?1594045670,Ipomoea batatas
https://static.inaturalist.org/photos/83034169/medium.jpg?1594114375,Ipomoea batatas
https://static.inaturalist.org/photos/83592738/medium.jpg?1594393792,Ipomoea batatas
https://static.inaturalist.org/photos/83664553/medium.jpeg?1594422480,Ipomoea batatas
https://static.inaturalist.org/photos/83700381/medium.jpg?1594440762,Ipomoea batatas
https://static.inaturalist.org/photos/83913810/medium.jpeg?1594540738,Ipomoea batatas
https://static.inaturalist.org/photos/84094612/medium.jpeg?1594601121,Ipomoea batatas
https://static.inaturalist.org/photos/84675829/medium.jpg?1594898192,Ipomoea batatas
https://static.inaturalist.org/photos/85112849/medium.jpeg?1595100540,Ipomoea batatas
https://static.inaturalist.org/photos/85187293/medium.jpeg?1595128240,Ipomoea batatas
https://static.inaturalist.org/photos/85899843/medium.jpg?1595457013,Ipomoea batatas
https://static.inaturalist.org/photos/86220693/medium.jpg?1595621135,Ipomoea batatas
https://static.inaturalist.org/photos/86249553/medium.jpg?1595632020,Ipomoea batatas
https://static.inaturalist.org/photos/86379618/medium.jpg?1595697289,Ipomoea batatas
