image_url,scientific_name
https://static.inaturalist.org/photos/125783/medium.jpg?1444504992,Vitis arizonica
https://static.inaturalist.org/photos/488917/medium.jpg?1378591596,Vitis arizonica
https://static.inaturalist.org/photos/491822/medium.jpg?1378772430,Vitis arizonica
https://static.inaturalist.org/photos/497661/medium.jpg?1379191669,Vitis arizonica
https://static.inaturalist.org/photos/532432/medium.JPG?1381277195,Vitis arizonica
https://static.inaturalist.org/photos/780134/medium.jpg?1444655894,Vitis arizonica
https://static.inaturalist.org/photos/786700/medium.jpg?1444536264,Vitis arizonica
https://static.inaturalist.org/photos/789293/medium.jpg?1444539010,Vitis arizonica
https://static.inaturalist.org/photos/967545/medium.JPG?1404579505,Vitis arizonica
https://static.inaturalist.org/photos/1049148/medium.jpg?1407966372,Vitis arizonica
https://static.inaturalist.org/photos/1122934/medium.JPG?1411083446,Vitis arizonica
https://static.inaturalist.org/photos/1123309/medium.jpg?1444401468,Vitis arizonica
https://static.inaturalist.org/photos/1123649/medium.jpg?1444401831,Vitis arizonica
https://static.inaturalist.org/photos/1124963/medium.jpg?1444402656,Vitis arizonica
https://static.inaturalist.org/photos/1138370/medium.JPG?1411688682,Vitis arizonica
https://static.inaturalist.org/photos/1303780/medium.jpg?1444642883,Vitis arizonica
https://static.inaturalist.org/photos/1361085/medium.jpg?1416521876,Vitis arizonica
https://static.inaturalist.org/photos/1434092/medium.jpg?1419103599,Vitis arizonica
https://static.inaturalist.org/photos/1736012/medium.JPG?1429393204,Vitis arizonica
https://static.inaturalist.org/photos/1982853/medium.jpg?1433906350,Vitis arizonica
https://static.inaturalist.org/photos/2234985/medium.jpg?1444474246,Vitis arizonica
https://static.inaturalist.org/photos/2412624/medium.jpg?1444671180,Vitis arizonica
https://static.inaturalist.org/photos/2438409/medium.JPG?1443323235,Vitis arizonica
https://static.inaturalist.org/photos/2464334/medium.jpg?1444699679,Vitis arizonica
https://static.inaturalist.org/photos/2470075/medium.JPG?1443897634,Vitis arizonica
https://static.inaturalist.org/photos/2517485/medium.jpg?1444687389,Vitis arizonica
https://static.inaturalist.org/photos/3150832/medium.jpg?1457930810,Vitis arizonica
https://static.inaturalist.org/photos/3369590/medium.JPG?1460724179,Vitis arizonica
https://static.inaturalist.org/photos/3525029/medium.jpg?1461986316,Vitis arizonica
https://static.inaturalist.org/photos/3563926/medium.jpg?1462302204,Vitis arizonica
https://static.inaturalist.org/photos/3610676/medium.jpeg?1462665272,Vitis arizonica
https://static.inaturalist.org/photos/3641735/medium.jpg?1462984497,Vitis arizonica
https://static.inaturalist.org/photos/3679050/medium.JPG?1463331363,Vitis arizonica
https://static.inaturalist.org/photos/3745474/medium.jpeg?1463787427,Vitis arizonica
https://static.inaturalist.org/photos/3745977/medium.jpg?1463789362,Vitis arizonica
https://static.inaturalist.org/photos/3795609/medium.JPG?1464032448,Vitis arizonica
https://static.inaturalist.org/photos/3800931/medium.jpg?1464064089,Vitis arizonica
https://static.inaturalist.org/photos/4016166/medium.jpg?1465962541,Vitis arizonica
https://static.inaturalist.org/photos/4051843/medium.JPG?1466365812,Vitis arizonica
https://static.inaturalist.org/photos/4134365/medium.jpg?1467220352,Vitis arizonica
https://static.inaturalist.org/photos/4134437/medium.jpg?1467220741,Vitis arizonica
https://static.inaturalist.org/photos/4170203/medium.jpg?1467561976,Vitis arizonica
https://static.inaturalist.org/photos/4329210/medium.jpg?1469237566,Vitis arizonica
https://static.inaturalist.org/photos/4359995/medium.jpg?1469514648,Vitis arizonica
https://static.inaturalist.org/photos/4365982/medium.jpeg?1469582291,Vitis arizonica
https://static.inaturalist.org/photos/4584495/medium.jpeg?1471387212,Vitis arizonica
https://static.inaturalist.org/photos/4600744/medium.jpg?1471544696,Vitis arizonica
https://static.inaturalist.org/photos/4609468/medium.jpeg?1471631435,Vitis arizonica
https://static.inaturalist.org/photos/4643724/medium.jpg?1471901065,Vitis arizonica
https://static.inaturalist.org/photos/4664709/medium.jpg?1472091573,Vitis arizonica
https://static.inaturalist.org/photos/4698748/medium.jpg?1472414144,Vitis arizonica
https://static.inaturalist.org/photos/4780018/medium.jpg?1473089798,Vitis arizonica
https://static.inaturalist.org/photos/4782292/medium.jpeg?1473102932,Vitis arizonica
https://static.inaturalist.org/photos/5142295/medium.jpg?1475809855,Vitis arizonica
https://static.inaturalist.org/photos/5312188/medium.jpeg?1477220378,Vitis arizonica
https://static.inaturalist.org/photos/5842882/medium.jpg?1482123429,Vitis arizonica
https://static.inaturalist.org/photos/7163087/medium.jpg?1492381471,Vitis arizonica
https://static.inaturalist.org/photos/7612192/medium.jpg?1493877326,Vitis arizonica
https://static.inaturalist.org/photos/7720291/medium.jpg?1494388916,Vitis arizonica
https://static.inaturalist.org/photos/7886893/medium.jpeg?1495172551,Vitis arizonica
https://static.inaturalist.org/photos/8079470/medium.jpg?1495999271,Vitis arizonica
https://static.inaturalist.org/photos/8090250/medium.jpg?1496024654,Vitis arizonica
https://static.inaturalist.org/photos/8135579/medium.jpeg?1496202260,Vitis arizonica
https://static.inaturalist.org/photos/8146058/medium.jpg?1496262127,Vitis arizonica
https://static.inaturalist.org/photos/8286372/medium.jpg?1496863470,Vitis arizonica
https://static.inaturalist.org/photos/8461464/medium.jpg?1497583184,Vitis arizonica
https://static.inaturalist.org/photos/8688729/medium.jpg?1498590297,Vitis arizonica
https://static.inaturalist.org/photos/8691659/medium.jpeg?1498600845,Vitis arizonica
https://static.inaturalist.org/photos/8701412/medium.jpg?1498643811,Vitis arizonica
https://static.inaturalist.org/photos/8710949/medium.jpg?1498686438,Vitis arizonica
https://static.inaturalist.org/photos/8724295/medium.jpg?1498751395,Vitis arizonica
https://static.inaturalist.org/photos/8822614/medium.jpg?1499133988,Vitis arizonica
https://static.inaturalist.org/photos/8847900/medium.jpg?1499235051,Vitis arizonica
https://static.inaturalist.org/photos/8944093/medium.jpg?1499639270,Vitis arizonica
https://static.inaturalist.org/photos/9029779/medium.jpg?1499966298,Vitis arizonica
https://static.inaturalist.org/photos/9326432/medium.jpg?1501112647,Vitis arizonica
https://static.inaturalist.org/photos/9417177/medium.jpg?1501445083,Vitis arizonica
https://static.inaturalist.org/photos/9432727/medium.jpg?1501487184,Vitis arizonica
https://static.inaturalist.org/photos/9818799/medium.jpg?1502953370,Vitis arizonica
https://static.inaturalist.org/photos/9931581/medium.jpg?1503381182,Vitis arizonica
https://static.inaturalist.org/photos/9978055/medium.jpg?1503582313,Vitis arizonica
https://static.inaturalist.org/photos/9997210/medium.jpg?1503643167,Vitis arizonica
https://static.inaturalist.org/photos/10042331/medium.jpg?1503808652,Vitis arizonica
https://static.inaturalist.org/photos/10057552/medium.jpg?1503870050,Vitis arizonica
https://static.inaturalist.org/photos/10069420/medium.jpg?1503902214,Vitis arizonica
https://static.inaturalist.org/photos/10089572/medium.jpg?1503983368,Vitis arizonica
https://static.inaturalist.org/photos/10105424/medium.jpeg?1504047493,Vitis arizonica
https://static.inaturalist.org/photos/10109474/medium.jpg?1504058231,Vitis arizonica
https://static.inaturalist.org/photos/10198414/medium.jpeg?1504461275,Vitis arizonica
https://static.inaturalist.org/photos/10343333/medium.jpg?1504997839,Vitis arizonica
https://static.inaturalist.org/photos/10399467/medium.jpeg?1505186148,Vitis arizonica
https://static.inaturalist.org/photos/10412726/medium.jpg?1505252329,Vitis arizonica
https://static.inaturalist.org/photos/10488122/medium.jpg?1505539205,Vitis arizonica
https://static.inaturalist.org/photos/10513465/medium.jpg?1505620778,Vitis arizonica
https://static.inaturalist.org/photos/10756025/medium.jpg?1506455958,Vitis arizonica
https://static.inaturalist.org/photos/10765976/medium.jpg?1506483330,Vitis arizonica
https://static.inaturalist.org/photos/10810908/medium.jpeg?1506654368,Vitis arizonica
https://static.inaturalist.org/photos/10927702/medium.jpg?1507062106,Vitis arizonica
https://static.inaturalist.org/photos/11034977/medium.jpeg?1507478280,Vitis arizonica
https://static.inaturalist.org/photos/11043101/medium.jpg?1507497756,Vitis arizonica
https://static.inaturalist.org/photos/11504513/medium.jpg?1509305774,Vitis arizonica
https://static.inaturalist.org/photos/11548056/medium.jpg?1509455389,Vitis arizonica
https://static.inaturalist.org/photos/11552789/medium.jpg?1509473839,Vitis arizonica
https://static.inaturalist.org/photos/11563575/medium.jpg?1509500493,Vitis arizonica
https://static.inaturalist.org/photos/11683486/medium.jpg?1510000871,Vitis arizonica
https://static.inaturalist.org/photos/11819360/medium.jpg?1510635400,Vitis arizonica
https://static.inaturalist.org/photos/11979397/medium.jpg?1511396351,Vitis arizonica
https://static.inaturalist.org/photos/11983822/medium.jpg?1511409947,Vitis arizonica
https://static.inaturalist.org/photos/12161518/medium.jpeg?1512235709,Vitis arizonica
https://static.inaturalist.org/photos/12249861/medium.jpg?1512613276,Vitis arizonica
https://static.inaturalist.org/photos/12291024/medium.jpg?1512828388,Vitis arizonica
https://static.inaturalist.org/photos/12335666/medium.jpg?1513034500,Vitis arizonica
https://static.inaturalist.org/photos/12340302/medium.jpg?1513054022,Vitis arizonica
https://static.inaturalist.org/photos/12352827/medium.jpg?1513120218,Vitis arizonica
https://static.inaturalist.org/photos/12597048/medium.jpg?1514529187,Vitis arizonica
https://static.inaturalist.org/photos/12745368/medium.jpeg?1515258471,Vitis arizonica
https://static.inaturalist.org/photos/13364234/medium.jpg?1517979791,Vitis arizonica
https://static.inaturalist.org/photos/13657023/medium.jpg?1519239528,Vitis arizonica
https://static.inaturalist.org/photos/14044888/medium.jpg?1520722354,Vitis arizonica
https://static.inaturalist.org/photos/14358955/medium.jpg?1521688361,Vitis arizonica
https://static.inaturalist.org/photos/14358958/medium.jpg?1521688367,Vitis arizonica
https://static.inaturalist.org/photos/14586326/medium.jpg?1522333937,Vitis arizonica
https://static.inaturalist.org/photos/14894553/medium.jpg?1523062889,Vitis arizonica
https://static.inaturalist.org/photos/15355757/medium.jpg?1523739021,Vitis arizonica
https://static.inaturalist.org/photos/15359752/medium.jpg?1523741911,Vitis arizonica
https://static.inaturalist.org/photos/15368569/medium.jpg?1523748461,Vitis arizonica
https://static.inaturalist.org/photos/16077784/medium.jpeg?1524364463,Vitis arizonica
https://static.inaturalist.org/photos/16154952/medium.jpg?1524439664,Vitis arizonica
https://static.inaturalist.org/photos/16659866/medium.jpeg?1524946802,Vitis arizonica
https://static.inaturalist.org/photos/16750096/medium.jpg?1524976339,Vitis arizonica
https://static.inaturalist.org/photos/16937942/medium.jpg?1525056870,Vitis arizonica
https://static.inaturalist.org/photos/17210168/medium.jpeg?1525208717,Vitis arizonica
https://static.inaturalist.org/photos/17321596/medium.jpeg?1525321619,Vitis arizonica
https://static.inaturalist.org/photos/17416596/medium.jpeg?1525461762,Vitis arizonica
https://static.inaturalist.org/photos/17496522/medium.jpg?1525576472,Vitis arizonica
https://static.inaturalist.org/photos/17671902/medium.jpg?1525836484,Vitis arizonica
https://static.inaturalist.org/photos/17933187/medium.jpg?1526259778,Vitis arizonica
https://static.inaturalist.org/photos/18050809/medium.jpg?1526439007,Vitis arizonica
https://static.inaturalist.org/photos/18322775/medium.jpg?1526865136,Vitis arizonica
https://static.inaturalist.org/photos/18578119/medium.jpeg?1527286920,Vitis arizonica
https://static.inaturalist.org/photos/18680005/medium.jpeg?1527453661,Vitis arizonica
https://static.inaturalist.org/photos/18865870/medium.jpg?1527739790,Vitis arizonica
https://static.inaturalist.org/photos/19081892/medium.jpeg?1528070429,Vitis arizonica
https://static.inaturalist.org/photos/19107532/medium.jpg?1528113409,Vitis arizonica
https://static.inaturalist.org/photos/19516946/medium.jpg?1528686606,Vitis arizonica
https://static.inaturalist.org/photos/20148108/medium.jpeg?1529701694,Vitis arizonica
https://static.inaturalist.org/photos/20168724/medium.jpeg?1529731954,Vitis arizonica
https://static.inaturalist.org/photos/20182960/medium.jpg?1529766786,Vitis arizonica
https://static.inaturalist.org/photos/20183200/medium.jpg?1529766997,Vitis arizonica
https://static.inaturalist.org/photos/20262383/medium.jpg?1529871113,Vitis arizonica
https://static.inaturalist.org/photos/20309015/medium.jpg?1529943236,Vitis arizonica
https://static.inaturalist.org/photos/20328998/medium.jpeg?1529968032,Vitis arizonica
https://static.inaturalist.org/photos/20439273/medium.jpg?1530152013,Vitis arizonica
https://static.inaturalist.org/photos/20689246/medium.jpg?1530561033,Vitis arizonica
https://static.inaturalist.org/photos/20962907/medium.jpg?1531000419,Vitis arizonica
https://static.inaturalist.org/photos/21036924/medium.jpg?1531098317,Vitis arizonica
https://static.inaturalist.org/photos/21127451/medium.jpeg?1531250727,Vitis arizonica
https://static.inaturalist.org/photos/21588268/medium.jpg?1531965335,Vitis arizonica
https://static.inaturalist.org/photos/21639771/medium.jpg?1532049197,Vitis arizonica
https://static.inaturalist.org/photos/21699705/medium.jpg?1532151683,Vitis arizonica
https://static.inaturalist.org/photos/22024097/medium.jpg?1532637241,Vitis arizonica
https://static.inaturalist.org/photos/22250674/medium.jpg?1532901432,Vitis arizonica
https://static.inaturalist.org/photos/22390014/medium.jpg?1533093029,Vitis arizonica
https://static.inaturalist.org/photos/22411211/medium.jpeg?1533139068,Vitis arizonica
https://static.inaturalist.org/photos/22537916/medium.jpg?1533343406,Vitis arizonica
https://static.inaturalist.org/photos/22755162/medium.jpg?1533682850,Vitis arizonica
https://static.inaturalist.org/photos/22867219/medium.jpeg?1533866798,Vitis arizonica
https://static.inaturalist.org/photos/22867750/medium.jpeg?1533867648,Vitis arizonica
https://static.inaturalist.org/photos/23005563/medium.jpeg?1534095307,Vitis arizonica
https://static.inaturalist.org/photos/23005788/medium.jpeg?1534095492,Vitis arizonica
https://static.inaturalist.org/photos/23005839/medium.jpeg?1534095517,Vitis arizonica
https://static.inaturalist.org/photos/23005854/medium.jpeg?1534095532,Vitis arizonica
https://static.inaturalist.org/photos/23042898/medium.jpg?1534129221,Vitis arizonica
https://static.inaturalist.org/photos/23043802/medium.jpeg?1534130147,Vitis arizonica
https://static.inaturalist.org/photos/23043855/medium.jpeg?1534130184,Vitis arizonica
https://static.inaturalist.org/photos/23044010/medium.jpeg?1534130346,Vitis arizonica
https://static.inaturalist.org/photos/23241548/medium.jpeg?1534445739,Vitis arizonica
https://static.inaturalist.org/photos/23352599/medium.jpeg?1534610162,Vitis arizonica
https://static.inaturalist.org/photos/23369664/medium.jpg?1534626453,Vitis arizonica
https://static.inaturalist.org/photos/24082704/medium.jpg?1535749182,Vitis arizonica
https://static.inaturalist.org/photos/24562900/medium.jpeg?1536461857,Vitis arizonica
https://static.inaturalist.org/photos/24915423/medium.jpg?1537008584,Vitis arizonica
https://static.inaturalist.org/photos/25754359/medium.jpeg?1538232674,Vitis arizonica
https://static.inaturalist.org/photos/25922310/medium.jpg?1538443502,Vitis arizonica
https://static.inaturalist.org/photos/26377358/medium.jpg?1539139612,Vitis arizonica
https://static.inaturalist.org/photos/26658449/medium.jpg?1539565312,Vitis arizonica
https://static.inaturalist.org/photos/26984459/medium.jpg?1540100657,Vitis arizonica
https://static.inaturalist.org/photos/28070382/medium.jpg?1542080868,Vitis arizonica
https://static.inaturalist.org/photos/28272502/medium.jpg?1542592347,Vitis arizonica
https://static.inaturalist.org/photos/28273839/medium.jpg?1542594636,Vitis arizonica
https://static.inaturalist.org/photos/28657914/medium.jpg?1543508466,Vitis arizonica
https://static.inaturalist.org/photos/28751783/medium.jpeg?1543745409,Vitis arizonica
https://static.inaturalist.org/photos/29080124/medium.jpeg?1544563911,Vitis arizonica
https://static.inaturalist.org/photos/29692577/medium.jpg?1546196057,Vitis arizonica
https://static.inaturalist.org/photos/30159860/medium.jpg?1547312452,Vitis arizonica
https://static.inaturalist.org/photos/31642947/medium.jpeg?1550631814,Vitis arizonica
https://static.inaturalist.org/photos/32944862/medium.jpg?1552785103,Vitis arizonica
https://static.inaturalist.org/photos/35319579/medium.jpeg?1555808557,Vitis arizonica
https://static.inaturalist.org/photos/35401424/medium.jpg?1555880741,Vitis arizonica
https://static.inaturalist.org/photos/35534895/medium.jpg?1555989838,Vitis arizonica
https://static.inaturalist.org/photos/36194948/medium.jpg?1556374293,Vitis arizonica
https://static.inaturalist.org/photos/36512340/medium.jpeg?1556432797,Vitis arizonica
https://static.inaturalist.org/photos/36512443/medium.jpeg?1556432854,Vitis arizonica
https://static.inaturalist.org/photos/37001868/medium.jpg?1556546628,Vitis arizonica
https://static.inaturalist.org/photos/37103840/medium.jpg?1556563395,Vitis arizonica
https://static.inaturalist.org/photos/37411733/medium.jpeg?1556641114,Vitis arizonica
https://static.inaturalist.org/photos/37730073/medium.jpg?1556835087,Vitis arizonica
https://static.inaturalist.org/photos/37946671/medium.jpg?1557004910,Vitis arizonica
https://static.inaturalist.org/photos/37956878/medium.jpg?1557009879,Vitis arizonica
https://static.inaturalist.org/photos/38101309/medium.jpeg?1557108412,Vitis arizonica
https://static.inaturalist.org/photos/38177886/medium.jpg?1557175553,Vitis arizonica
https://static.inaturalist.org/photos/38572429/medium.jpg?1557585130,Vitis arizonica
https://static.inaturalist.org/photos/38625084/medium.jpg?1557618191,Vitis arizonica
https://static.inaturalist.org/photos/39229741/medium.jpeg?1558209303,Vitis arizonica
https://static.inaturalist.org/photos/39775934/medium.jpg?1558684302,Vitis arizonica
https://static.inaturalist.org/photos/40258108/medium.jpeg?1559069066,Vitis arizonica
https://static.inaturalist.org/photos/40444222/medium.jpg?1559236791,Vitis arizonica
https://static.inaturalist.org/photos/40551451/medium.jpg?1559333249,Vitis arizonica
https://static.inaturalist.org/photos/40922519/medium.jpg?1559605413,Vitis arizonica
https://static.inaturalist.org/photos/41390105/medium.jpg?1560044800,Vitis arizonica
https://static.inaturalist.org/photos/41436402/medium.jpg?1560091665,Vitis arizonica
https://static.inaturalist.org/photos/41647002/medium.jpeg?1560265519,Vitis arizonica
https://static.inaturalist.org/photos/41760103/medium.jpg?1560367809,Vitis arizonica
https://static.inaturalist.org/photos/42058407/medium.jpg?1560643830,Vitis arizonica
https://static.inaturalist.org/photos/42381266/medium.jpg?1560917339,Vitis arizonica
https://static.inaturalist.org/photos/42568176/medium.jpg?1561089994,Vitis arizonica
https://static.inaturalist.org/photos/42692656/medium.jpg?1561217596,Vitis arizonica
https://static.inaturalist.org/photos/42763398/medium.jpg?1561260480,Vitis arizonica
https://static.inaturalist.org/photos/43735221/medium.jpeg?1562093066,Vitis arizonica
https://static.inaturalist.org/photos/43755369/medium.jpg?1562105225,Vitis arizonica
https://static.inaturalist.org/photos/44157757/medium.jpeg?1562460288,Vitis arizonica
https://static.inaturalist.org/photos/44157804/medium.jpeg?1562460318,Vitis arizonica
https://static.inaturalist.org/photos/44183274/medium.jpg?1562480126,Vitis arizonica
https://static.inaturalist.org/photos/44572847/medium.jpeg?1562804495,Vitis arizonica
https://static.inaturalist.org/photos/44828300/medium.jpg?1563041795,Vitis arizonica
https://static.inaturalist.org/photos/44861917/medium.jpg?1563062414,Vitis arizonica
https://static.inaturalist.org/photos/45282670/medium.jpeg?1563407991,Vitis arizonica
https://static.inaturalist.org/photos/46684537/medium.jpg?1564545673,Vitis arizonica
https://static.inaturalist.org/photos/46719048/medium.jpg?1564585746,Vitis arizonica
https://static.inaturalist.org/photos/46752638/medium.jpg?1564606683,Vitis arizonica
https://static.inaturalist.org/photos/47052831/medium.jpeg?1564865938,Vitis arizonica
https://static.inaturalist.org/photos/47176600/medium.jpg?1564956867,Vitis arizonica
https://static.inaturalist.org/photos/47914152/medium.jpg?1565577056,Vitis arizonica
https://static.inaturalist.org/photos/47914671/medium.jpg?1565577514,Vitis arizonica
https://static.inaturalist.org/photos/48230851/medium.jpg?1565841615,Vitis arizonica
https://static.inaturalist.org/photos/49541416/medium.jpg?1566948409,Vitis arizonica
https://static.inaturalist.org/photos/50001964/medium.jpg?1567347400,Vitis arizonica
https://static.inaturalist.org/photos/50187536/medium.jpg?1567471732,Vitis arizonica
https://static.inaturalist.org/photos/50220783/medium.jpg?1567509468,Vitis arizonica
https://static.inaturalist.org/photos/50623060/medium.jpg?1567881159,Vitis arizonica
https://static.inaturalist.org/photos/50646315/medium.jpg?1567891783,Vitis arizonica
https://static.inaturalist.org/photos/50975449/medium.jpg?1568156412,Vitis arizonica
https://static.inaturalist.org/photos/51035948/medium.jpeg?1568218492,Vitis arizonica
https://static.inaturalist.org/photos/51065925/medium.jpeg?1568236879,Vitis arizonica
https://static.inaturalist.org/photos/51595550/medium.jpg?1568691417,Vitis arizonica
https://static.inaturalist.org/photos/51691127/medium.jpg?1568784285,Vitis arizonica
https://static.inaturalist.org/photos/51938988/medium.jpeg?1569008113,Vitis arizonica
https://static.inaturalist.org/photos/52061186/medium.jpg?1569107467,Vitis arizonica
https://static.inaturalist.org/photos/52285413/medium.jpg?1569294356,Vitis arizonica
https://static.inaturalist.org/photos/52629726/medium.jpeg?1569629473,Vitis arizonica
https://static.inaturalist.org/photos/52648614/medium.jpg?1569652952,Vitis arizonica
https://static.inaturalist.org/photos/52706346/medium.jpg?1569704814,Vitis arizonica
https://static.inaturalist.org/photos/52715660/medium.jpg?1569710159,Vitis arizonica
https://static.inaturalist.org/photos/52769042/medium.jpg?1569767560,Vitis arizonica
https://static.inaturalist.org/photos/52919350/medium.jpg?1569889255,Vitis arizonica
https://static.inaturalist.org/photos/53346360/medium.jpeg?1570331215,Vitis arizonica
https://static.inaturalist.org/photos/53508166/medium.jpeg?1570477452,Vitis arizonica
https://static.inaturalist.org/photos/53846020/medium.jpg?1570846307,Vitis arizonica
https://static.inaturalist.org/photos/53854644/medium.jpg?1570859555,Vitis arizonica
https://static.inaturalist.org/photos/53856342/medium.jpg?1570863355,Vitis arizonica
https://static.inaturalist.org/photos/54196101/medium.jpg?1571188124,Vitis arizonica
https://static.inaturalist.org/photos/54204812/medium.jpg?1571197682,Vitis arizonica
https://static.inaturalist.org/photos/54233749/medium.jpg?1571241268,Vitis arizonica
https://static.inaturalist.org/photos/54417907/medium.jpeg?1571459032,Vitis arizonica
https://static.inaturalist.org/photos/55174849/medium.jpg?1572275468,Vitis arizonica
https://static.inaturalist.org/photos/55347359/medium.jpeg?1572490694,Vitis arizonica
https://static.inaturalist.org/photos/55750197/medium.jpg?1573021952,Vitis arizonica
https://static.inaturalist.org/photos/56633277/medium.jpg?1574236797,Vitis arizonica
https://static.inaturalist.org/photos/56633513/medium.jpg?1574237249,Vitis arizonica
https://static.inaturalist.org/photos/56633666/medium.jpg?1574237621,Vitis arizonica
https://static.inaturalist.org/photos/57028399/medium.jpg?1574793139,Vitis arizonica
https://static.inaturalist.org/photos/57370185/medium.jpeg?1575331911,Vitis arizonica
https://static.inaturalist.org/photos/57413494/medium.jpg?1575407747,Vitis arizonica
https://static.inaturalist.org/photos/58291932/medium.jpg?1576965474,Vitis arizonica
https://static.inaturalist.org/photos/61601508/medium.jpg?1581896073,Vitis arizonica
https://static.inaturalist.org/photos/62465244/medium.jpg?1583022820,Vitis arizonica
https://static.inaturalist.org/photos/62653669/medium.jpg?1583228692,Vitis arizonica
https://static.inaturalist.org/photos/63698710/medium.jpg?1584402425,Vitis arizonica
https://static.inaturalist.org/photos/65857098/medium.jpg?1586146953,Vitis arizonica
https://static.inaturalist.org/photos/65982704/medium.jpg?1586239675,Vitis arizonica
https://static.inaturalist.org/photos/66336702/medium.jpg?1586502843,Vitis arizonica
https://static.inaturalist.org/photos/67777309/medium.jpeg?1587401739,Vitis arizonica
https://static.inaturalist.org/photos/69775882/medium.jpeg?1588025495,Vitis arizonica
https://static.inaturalist.org/photos/69897361/medium.jpeg?1588049182,Vitis arizonica
https://static.inaturalist.org/photos/70376232/medium.jpg?1588268824,Vitis arizonica
https://static.inaturalist.org/photos/71325349/medium.jpeg?1588697624,Vitis arizonica
https://static.inaturalist.org/photos/71587959/medium.jpg?1588845504,Vitis arizonica
https://static.inaturalist.org/photos/71828660/medium.jpg?1588969636,Vitis arizonica
https://static.inaturalist.org/photos/71972930/medium.jpg?1589048518,Vitis arizonica
https://static.inaturalist.org/photos/72054550/medium.jpg?1589077078,Vitis arizonica
https://static.inaturalist.org/photos/72708965/medium.jpg?1589427006,Vitis arizonica
https://static.inaturalist.org/photos/72759571/medium.jpg?1589469318,Vitis arizonica
https://static.inaturalist.org/photos/72868155/medium.jpg?1589514921,Vitis arizonica
https://static.inaturalist.org/photos/73010374/medium.jpg?1589589753,Vitis arizonica
https://static.inaturalist.org/photos/73015781/medium.jpeg?1589592076,Vitis arizonica
https://static.inaturalist.org/photos/73315171/medium.jpeg?1589722182,Vitis arizonica
https://static.inaturalist.org/photos/73380898/medium.jpeg?1589739370,Vitis arizonica
https://static.inaturalist.org/photos/73495271/medium.jpg?1589774144,Vitis arizonica
https://static.inaturalist.org/photos/73585045/medium.jpg?1589823603,Vitis arizonica
https://static.inaturalist.org/photos/74053800/medium.jpg?1590038181,Vitis arizonica
https://static.inaturalist.org/photos/74063507/medium.jpg?1590046823,Vitis arizonica
https://static.inaturalist.org/photos/75122476/medium.jpg?1590464976,Vitis arizonica
https://static.inaturalist.org/photos/75467542/medium.jpg?1590630425,Vitis arizonica
https://static.inaturalist.org/photos/75471317/medium.jpg?1590632131,Vitis arizonica
https://static.inaturalist.org/photos/75650051/medium.jpg?1590718951,Vitis arizonica
https://static.inaturalist.org/photos/76727486/medium.jpeg?1591208002,Vitis arizonica
https://static.inaturalist.org/photos/77656002/medium.jpeg?1591636583,Vitis arizonica
https://static.inaturalist.org/photos/78133527/medium.jpg?1591882435,Vitis arizonica
https://static.inaturalist.org/photos/78392715/medium.jpg?1592004688,Vitis arizonica
https://static.inaturalist.org/photos/79027203/medium.jpg?1592261250,Vitis arizonica
https://static.inaturalist.org/photos/79192999/medium.jpg?1592340510,Vitis arizonica
https://static.inaturalist.org/photos/79721710/medium.jpeg?1592608013,Vitis arizonica
https://static.inaturalist.org/photos/81279242/medium.jpg?1593302969,Vitis arizonica
https://static.inaturalist.org/photos/81717546/medium.jpeg?1593486773,Vitis arizonica
https://static.inaturalist.org/photos/86590564/medium.jpg?1595784780,Vitis arizonica
https://static.inaturalist.org/photos/82223618/medium.jpg?1593729308,Vitis arizonica
https://static.inaturalist.org/photos/82306454/medium.jpg?1593783038,Vitis arizonica
https://static.inaturalist.org/photos/82985962/medium.jpeg?1594082486,Vitis arizonica
https://static.inaturalist.org/photos/83020112/medium.jpg?1594100421,Vitis arizonica
https://static.inaturalist.org/photos/83951453/medium.jpeg?1594561401,Vitis arizonica
https://static.inaturalist.org/photos/84085200/medium.jpg?1594597919,Vitis arizonica
https://static.inaturalist.org/photos/84428086/medium.jpeg?1594761248,Vitis arizonica
https://static.inaturalist.org/photos/84560863/medium.jpg?1594835065,Vitis arizonica
https://static.inaturalist.org/photos/84592966/medium.jpeg?1594847132,Vitis arizonica
https://static.inaturalist.org/photos/84597685/medium.jpg?1594848928,Vitis arizonica
https://static.inaturalist.org/photos/84804165/medium.jpeg?1594950572,Vitis arizonica
https://static.inaturalist.org/photos/84953008/medium.jpg?1595025444,Vitis arizonica
https://static.inaturalist.org/photos/85166731/medium.jpg?1595119304,Vitis arizonica
https://static.inaturalist.org/photos/85810414/medium.jpg?1595422790,Vitis arizonica
