image_url,scientific_name
https://static.inaturalist.org/photos/22860/medium.jpg,Capparis spinosa
https://static.inaturalist.org/photos/37466/medium.JPG,Capparis spinosa
https://static.inaturalist.org/photos/191410/medium.jpg?1444792422,Capparis spinosa
https://static.inaturalist.org/photos/562260/medium.jpg?1444312319,Capparis spinosa
https://static.inaturalist.org/photos/822267/medium.JPG?1398965732,Capparis spinosa
https://static.inaturalist.org/photos/836647/medium.JPG?1399405427,Capparis spinosa
https://static.inaturalist.org/photos/931777/medium.jpg?1403018475,Capparis spinosa
https://static.inaturalist.org/photos/934357/medium.jpg?1403110771,Capparis spinosa spinosa
https://static.inaturalist.org/photos/1019540/medium.JPG?1406728117,Capparis spinosa
https://static.inaturalist.org/photos/1111028/medium.jpg?1410701536,Capparis spinosa
https://static.inaturalist.org/photos/1111035/medium.jpg?1410701567,Capparis spinosa
https://static.inaturalist.org/photos/1111036/medium.jpg?1410701569,Capparis spinosa
https://static.inaturalist.org/photos/1123824/medium.JPG?1411111928,Capparis spinosa
https://static.inaturalist.org/photos/1152397/medium.jpg?1412141694,Capparis spinosa
https://static.inaturalist.org/photos/1159899/medium.JPG?1412512710,Capparis spinosa
https://static.inaturalist.org/photos/1164348/medium.JPG?1412696269,Capparis spinosa
https://static.inaturalist.org/photos/1178689/medium.JPG?1413232792,Capparis spinosa
https://static.inaturalist.org/photos/1285642/medium.jpg?1413715694,Capparis spinosa
https://static.inaturalist.org/photos/1315411/medium.jpg?1414773873,Capparis spinosa
https://static.inaturalist.org/photos/1483703/medium.JPG?1421185433,Capparis spinosa
https://static.inaturalist.org/photos/1485193/medium.JPG?1421267736,Capparis spinosa
https://static.inaturalist.org/photos/1677475/medium.jpg?1427885794,Capparis spinosa spinosa
https://static.inaturalist.org/photos/1826609/medium.JPG?1431264559,Capparis spinosa
https://static.inaturalist.org/photos/1895530/medium.jpg?1432366264,Capparis spinosa
https://static.inaturalist.org/photos/2041885/medium.jpg?1444453252,Capparis spinosa
https://static.inaturalist.org/photos/2079242/medium.JPG?1435869038,Capparis spinosa
https://static.inaturalist.org/photos/2148895/medium.jpg?1444708771,Capparis spinosa
https://static.inaturalist.org/photos/2274274/medium.JPG?1439797656,Capparis spinosa
https://static.inaturalist.org/photos/2285804/medium.jpg?1544677185,Capparis spinosa
https://static.inaturalist.org/photos/2482366/medium.jpg?1444056169,Capparis spinosa
https://static.inaturalist.org/photos/2836664/medium.jpg?1451720894,Capparis spinosa spinosa
https://static.inaturalist.org/photos/2887992/medium.JPG?1452952215,Capparis spinosa
https://static.inaturalist.org/photos/2901564/medium.jpg?1453198436,Capparis spinosa
https://static.inaturalist.org/photos/2989264/medium.JPG?1455013975,Capparis spinosa
https://static.inaturalist.org/photos/2995922/medium.JPG?1455129158,Capparis spinosa
https://static.inaturalist.org/photos/3116114/medium.JPG?1457382446,Capparis spinosa
https://static.inaturalist.org/photos/3196075/medium.jpg?1458548655,Capparis spinosa
https://static.inaturalist.org/photos/3379526/medium.jpg?1460823921,Capparis spinosa
https://static.inaturalist.org/photos/3455435/medium.jpg?1461343948,Capparis spinosa
https://static.inaturalist.org/photos/3494459/medium.jpeg?1461651234,Capparis spinosa
https://static.inaturalist.org/photos/3538957/medium.jpeg?1462082182,Capparis spinosa
https://static.inaturalist.org/photos/3552415/medium.JPG?1462202060,Capparis spinosa
https://static.inaturalist.org/photos/3680527/medium.jpeg?1463339814,Capparis spinosa
https://static.inaturalist.org/photos/3757702/medium.JPG?1463846348,Capparis spinosa
https://static.inaturalist.org/photos/3791276/medium.jpeg?1463999582,Capparis spinosa
https://static.inaturalist.org/photos/3803226/medium.jpeg?1464103904,Capparis spinosa
https://static.inaturalist.org/photos/3845914/medium.JPG?1464500576,Capparis spinosa
https://static.inaturalist.org/photos/3855482/medium.jpeg?1464597552,Capparis spinosa
https://static.inaturalist.org/photos/3855505/medium.jpeg?1464598644,Capparis spinosa
https://static.inaturalist.org/photos/3873988/medium.jpg?1464777114,Capparis spinosa
https://static.inaturalist.org/photos/3883169/medium.JPG?1464868358,Capparis spinosa
https://static.inaturalist.org/photos/3927392/medium.jpg?1465232447,Capparis spinosa
https://static.inaturalist.org/photos/3950421/medium.jpg?1465418002,Capparis spinosa
https://static.inaturalist.org/photos/4065442/medium.jpeg?1466490225,Capparis spinosa
https://static.inaturalist.org/photos/4091448/medium.jpg?1466775549,Capparis spinosa
https://static.inaturalist.org/photos/4120113/medium.jpeg?1467071140,Capparis spinosa
https://static.inaturalist.org/photos/4146909/medium.jpeg?1467330627,Capparis spinosa
https://static.inaturalist.org/photos/4150406/medium.jpg?1467382881,Capparis spinosa
https://static.inaturalist.org/photos/4212267/medium.JPG?1467982370,Capparis spinosa
https://static.inaturalist.org/photos/4244007/medium.JPG?1468301433,Capparis spinosa
https://static.inaturalist.org/photos/4291092/medium.jpg?1468824404,Capparis spinosa
https://static.inaturalist.org/photos/4300836/medium.jpg?1468946561,Capparis spinosa
https://static.inaturalist.org/photos/4316817/medium.jpeg?1469119821,Capparis spinosa
https://static.inaturalist.org/photos/4323432/medium.jpg?1469183714,Capparis spinosa
https://static.inaturalist.org/photos/4360211/medium.jpeg?1469525734,Capparis spinosa
https://static.inaturalist.org/photos/4360217/medium.jpeg?1469525927,Capparis spinosa
https://static.inaturalist.org/photos/4394384/medium.jpeg?1469893212,Capparis spinosa
https://static.inaturalist.org/photos/4534228/medium.jpeg?1471018484,Capparis spinosa
https://static.inaturalist.org/photos/4538805/medium.jpeg?1471044356,Capparis spinosa
https://static.inaturalist.org/photos/4666923/medium.jpeg?1472125255,Capparis spinosa
https://static.inaturalist.org/photos/4715600/medium.jpeg?1472541360,Capparis spinosa
https://static.inaturalist.org/photos/4722533/medium.jpg?1472606396,Capparis spinosa
https://static.inaturalist.org/photos/4768629/medium.jpg?1473012328,Capparis spinosa
https://static.inaturalist.org/photos/4843587/medium.jpg?1473560301,Capparis spinosa
https://static.inaturalist.org/photos/4891882/medium.jpg?1473946919,Capparis spinosa
https://static.inaturalist.org/photos/5084366/medium.jpg?1475398356,Capparis spinosa
https://static.inaturalist.org/photos/5096975/medium.jpg?1475481857,Capparis spinosa
https://static.inaturalist.org/photos/5291642/medium.jpg?1477040199,Capparis spinosa
https://static.inaturalist.org/photos/5582475/medium.jpg?1479801058,Capparis spinosa
https://static.inaturalist.org/photos/5628467/medium.jpg?1480283091,Capparis spinosa
https://static.inaturalist.org/photos/5628664/medium.jpg?1480284722,Capparis spinosa
https://static.inaturalist.org/photos/5883346/medium.jpg?1482758617,Capparis spinosa
https://static.inaturalist.org/photos/5886337/medium.jpeg?1482793170,Capparis spinosa
https://static.inaturalist.org/photos/5966582/medium.jpeg?1483723950,Capparis spinosa
https://static.inaturalist.org/photos/5997272/medium.jpeg?1484036692,Capparis spinosa
https://static.inaturalist.org/photos/7668899/medium.jpeg?1494163592,Capparis spinosa
https://static.inaturalist.org/photos/7669865/medium.jpeg?1494168432,Capparis spinosa
https://static.inaturalist.org/photos/7669891/medium.jpeg?1494168597,Capparis spinosa
https://static.inaturalist.org/photos/7687766/medium.jpeg?1494224139,Capparis spinosa
https://static.inaturalist.org/photos/7789521/medium.jpeg?1494742145,Capparis spinosa
https://static.inaturalist.org/photos/7831541/medium.jpg?1494909919,Capparis spinosa
https://static.inaturalist.org/photos/7890243/medium.jpg?1495208438,Capparis spinosa
https://static.inaturalist.org/photos/7953153/medium.jpeg?1495434404,Capparis spinosa
https://static.inaturalist.org/photos/7953320/medium.jpg?1495436350,Capparis spinosa
https://static.inaturalist.org/photos/7954110/medium.jpg?1495446584,Capparis spinosa
https://static.inaturalist.org/photos/8006917/medium.jpeg?1495667693,Capparis spinosa
https://static.inaturalist.org/photos/8013672/medium.jpeg?1495707724,Capparis spinosa
https://static.inaturalist.org/photos/8016952/medium.jpg?1495727856,Capparis spinosa
https://static.inaturalist.org/photos/8030809/medium.jpeg?1495779257,Capparis spinosa
https://static.inaturalist.org/photos/8031611/medium.jpg?1495788914,Capparis spinosa
https://static.inaturalist.org/photos/8056398/medium.jpg?1495907685,Capparis spinosa
https://static.inaturalist.org/photos/8068473/medium.jpg?1495944649,Capparis spinosa
https://static.inaturalist.org/photos/8146459/medium.jpg?1496263282,Capparis spinosa spinosa
https://static.inaturalist.org/photos/8386729/medium.jpeg?1497262120,Capparis spinosa
https://static.inaturalist.org/photos/8408995/medium.jpg?1497339342,Capparis spinosa
https://static.inaturalist.org/photos/8444945/medium.jpg?1497504975,Capparis spinosa
https://static.inaturalist.org/photos/8448030/medium.jpg?1497535880,Capparis spinosa
https://static.inaturalist.org/photos/8464461/medium.jpeg?1497606722,Capparis spinosa
https://static.inaturalist.org/photos/8464496/medium.jpeg?1497607198,Capparis spinosa
https://static.inaturalist.org/photos/8486240/medium.jpeg?1497717593,Capparis spinosa
https://static.inaturalist.org/photos/8499929/medium.jpeg?1497764629,Capparis spinosa
https://static.inaturalist.org/photos/8502010/medium.jpeg?1497783838,Capparis spinosa
https://static.inaturalist.org/photos/8520096/medium.jpg?1497848547,Capparis spinosa
https://static.inaturalist.org/photos/8520529/medium.jpeg?1497850376,Capparis spinosa
https://static.inaturalist.org/photos/8542867/medium.jpg?1497962268,Capparis spinosa
https://static.inaturalist.org/photos/8560203/medium.jpeg?1498037202,Capparis spinosa
https://static.inaturalist.org/photos/8564977/medium.jpg?1498063626,Capparis spinosa
https://static.inaturalist.org/photos/8812589/medium.jpg?1499104170,Capparis spinosa
https://static.inaturalist.org/photos/8603016/medium.jpg?1498250522,Capparis spinosa
https://static.inaturalist.org/photos/8667647/medium.jpeg?1498504904,Capparis spinosa
https://static.inaturalist.org/photos/8698124/medium.jpg?1498622152,Capparis spinosa
https://static.inaturalist.org/photos/8701668/medium.jpeg?1498647009,Capparis spinosa
https://static.inaturalist.org/photos/8722238/medium.jpeg?1498742257,Capparis spinosa
https://static.inaturalist.org/photos/8725028/medium.jpg?1498754138,Capparis spinosa
https://static.inaturalist.org/photos/8739776/medium.jpg?1498813778,Capparis spinosa
https://static.inaturalist.org/photos/8812603/medium.jpg?1499104190,Capparis spinosa
https://static.inaturalist.org/photos/8826540/medium.jpg?1499149605,Capparis spinosa
https://static.inaturalist.org/photos/8826885/medium.jpg?1499152510,Capparis spinosa
https://static.inaturalist.org/photos/8831781/medium.jpg?1499183082,Capparis spinosa
https://static.inaturalist.org/photos/8848618/medium.jpg?1499243153,Capparis spinosa
https://static.inaturalist.org/photos/8926739/medium.jpeg?1499571337,Capparis spinosa
https://static.inaturalist.org/photos/8928911/medium.jpg?1499579613,Capparis spinosa
https://static.inaturalist.org/photos/8930466/medium.jpeg?1499596001,Capparis spinosa
https://static.inaturalist.org/photos/8935003/medium.jpeg?1499618675,Capparis spinosa
https://static.inaturalist.org/photos/8986249/medium.jpeg?1499768798,Capparis spinosa
https://static.inaturalist.org/photos/9009984/medium.jpeg?1499880506,Capparis spinosa
https://static.inaturalist.org/photos/9034734/medium.jpeg?1499982868,Capparis spinosa
https://static.inaturalist.org/photos/9124416/medium.jpg?1500353334,Capparis spinosa
https://static.inaturalist.org/photos/9226054/medium.jpeg?1500755276,Capparis spinosa
https://static.inaturalist.org/photos/9242862/medium.jpg?1500822713,Capparis spinosa
https://static.inaturalist.org/photos/9252200/medium.jpeg?1500846514,Capparis spinosa
https://static.inaturalist.org/photos/9287610/medium.jpeg?1500977126,Capparis spinosa
https://static.inaturalist.org/photos/9290166/medium.jpeg?1500992862,Capparis spinosa
https://static.inaturalist.org/photos/9306245/medium.jpeg?1501037207,Capparis spinosa
https://static.inaturalist.org/photos/9389563/medium.jpg?1501357062,Capparis spinosa
https://static.inaturalist.org/photos/9592994/medium.jpeg?1502096062,Capparis spinosa
https://static.inaturalist.org/photos/9432208/medium.jpeg?1501482992,Capparis spinosa
https://static.inaturalist.org/photos/9519971/medium.jpeg?1501839727,Capparis spinosa
https://static.inaturalist.org/photos/9592315/medium.jpg?1502088729,Capparis spinosa
https://static.inaturalist.org/photos/9592341/medium.jpeg?1502088915,Capparis spinosa
https://static.inaturalist.org/photos/9780632/medium.jpeg?1502805746,Capparis spinosa
https://static.inaturalist.org/photos/9838019/medium.jpg?1503042661,Capparis spinosa
https://static.inaturalist.org/photos/9973868/medium.jpeg?1503552729,Capparis spinosa
https://static.inaturalist.org/photos/9977426/medium.jpg?1503579200,Capparis spinosa
https://static.inaturalist.org/photos/9986848/medium.jpg?1503606476,Capparis spinosa
https://static.inaturalist.org/photos/9995404/medium.jpg?1503632702,Capparis spinosa
https://static.inaturalist.org/photos/10116101/medium.jpg?1504100665,Capparis spinosa
https://static.inaturalist.org/photos/10133823/medium.jpeg?1504173216,Capparis spinosa
https://static.inaturalist.org/photos/10171533/medium.jpeg?1504351639,Capparis spinosa
https://static.inaturalist.org/photos/10219170/medium.jpg?1504534914,Capparis spinosa
https://static.inaturalist.org/photos/10285130/medium.jpg?1504772962,Capparis spinosa
https://static.inaturalist.org/photos/10351343/medium.jpg?1505024062,Capparis spinosa
https://static.inaturalist.org/photos/10379968/medium.jpeg?1505122891,Capparis spinosa
https://static.inaturalist.org/photos/10424618/medium.jpg?1505313685,Capparis spinosa
https://static.inaturalist.org/photos/10463558/medium.jpeg?1505456388,Capparis spinosa
https://static.inaturalist.org/photos/10487472/medium.jpeg?1505536382,Capparis spinosa
https://static.inaturalist.org/photos/10544683/medium.jpeg?1505712309,Capparis spinosa
https://static.inaturalist.org/photos/10619278/medium.jpg?1505981865,Capparis spinosa
https://static.inaturalist.org/photos/10644336/medium.jpg?1506092447,Capparis spinosa
https://static.inaturalist.org/photos/10776017/medium.jpeg?1506533892,Capparis spinosa
https://static.inaturalist.org/photos/10872166/medium.jpeg?1506883505,Capparis spinosa
https://static.inaturalist.org/photos/10922347/medium.jpg?1507046847,Capparis spinosa
https://static.inaturalist.org/photos/10941959/medium.jpeg?1507117245,Capparis spinosa
https://static.inaturalist.org/photos/10945322/medium.jpg?1507132308,Capparis spinosa
https://static.inaturalist.org/photos/11054937/medium.jpeg?1507527068,Capparis spinosa
https://static.inaturalist.org/photos/11148267/medium.jpg?1507876884,Capparis spinosa
https://static.inaturalist.org/photos/11194147/medium.jpeg?1508060540,Capparis spinosa
https://static.inaturalist.org/photos/11249037/medium.jpeg?1508269778,Capparis spinosa
https://static.inaturalist.org/photos/11288000/medium.jpeg?1508435749,Capparis spinosa
https://static.inaturalist.org/photos/11328375/medium.jpeg?1508611855,Capparis spinosa
https://static.inaturalist.org/photos/11441557/medium.jpeg?1509045715,Capparis spinosa
https://static.inaturalist.org/photos/11453947/medium.jpeg?1509086736,Capparis spinosa
https://static.inaturalist.org/photos/11492784/medium.jpeg?1509252273,Capparis spinosa
https://static.inaturalist.org/photos/11526182/medium.jpeg?1509380956,Capparis spinosa
https://static.inaturalist.org/photos/11529500/medium.jpeg?1509388052,Capparis spinosa
https://static.inaturalist.org/photos/11545845/medium.jpeg?1509428877,Capparis spinosa
https://static.inaturalist.org/photos/11710436/medium.jpg?1510117983,Capparis spinosa
https://static.inaturalist.org/photos/11728724/medium.jpeg?1510226556,Capparis spinosa
https://static.inaturalist.org/photos/11972172/medium.jpeg?1511372127,Capparis spinosa
https://static.inaturalist.org/photos/11972175/medium.jpeg?1511372140,Capparis spinosa
https://static.inaturalist.org/photos/11972675/medium.jpeg?1511374081,Capparis spinosa
https://static.inaturalist.org/photos/11975009/medium.jpeg?1511382212,Capparis spinosa
https://static.inaturalist.org/photos/12005788/medium.jpeg?1511528301,Capparis spinosa
https://static.inaturalist.org/photos/12025371/medium.jpg?1511616776,Capparis spinosa
https://static.inaturalist.org/photos/12294288/medium.jpeg?1512846778,Capparis spinosa
https://static.inaturalist.org/photos/12304645/medium.jpg?1512885207,Capparis spinosa
https://static.inaturalist.org/photos/12330830/medium.jpeg?1513016199,Capparis spinosa
https://static.inaturalist.org/photos/12349538/medium.jpg?1513111644,Capparis spinosa
https://static.inaturalist.org/photos/12566730/medium.jpg?1514392901,Capparis spinosa
https://static.inaturalist.org/photos/12590302/medium.jpeg?1514504286,Capparis spinosa
https://static.inaturalist.org/photos/12782034/medium.jpeg?1515400680,Capparis spinosa
https://static.inaturalist.org/photos/12848683/medium.jpg?1515767020,Capparis spinosa
https://static.inaturalist.org/photos/12848851/medium.jpg?1515767686,Capparis spinosa
https://static.inaturalist.org/photos/12848916/medium.jpg?1515768163,Capparis spinosa
https://static.inaturalist.org/photos/12935358/medium.jpg?1516116982,Capparis spinosa
https://static.inaturalist.org/photos/12990409/medium.jpg?1516354070,Capparis spinosa
https://static.inaturalist.org/photos/13048713/medium.jpg?1516611041,Capparis spinosa
https://static.inaturalist.org/photos/13146160/medium.jpeg?1517042551,Capparis spinosa
https://static.inaturalist.org/photos/14278391/medium.jpg?1521450343,Capparis spinosa
https://static.inaturalist.org/photos/15220169/medium.jpg?1523620804,Capparis spinosa
https://static.inaturalist.org/photos/16564282/medium.jpg?1524919069,Capparis spinosa
https://static.inaturalist.org/photos/17201361/medium.jpg?1525202897,Capparis spinosa
https://static.inaturalist.org/photos/17395597/medium.jpg?1525424868,Capparis spinosa
https://static.inaturalist.org/photos/17457836/medium.jpg?1525535772,Capparis spinosa
https://static.inaturalist.org/photos/17504075/medium.jpg?1525592469,Capparis spinosa
https://static.inaturalist.org/photos/17568985/medium.jpg?1525676673,Capparis spinosa
https://static.inaturalist.org/photos/17625505/medium.jpg?1525756048,Capparis spinosa
https://static.inaturalist.org/photos/17625717/medium.jpg?1525756849,Capparis spinosa
https://static.inaturalist.org/photos/17675687/medium.jpeg?1525844864,Capparis spinosa
https://static.inaturalist.org/photos/17676760/medium.jpg?1525847483,Capparis spinosa
https://static.inaturalist.org/photos/17726300/medium.jpg?1525933448,Capparis spinosa
https://static.inaturalist.org/photos/17752160/medium.jpeg?1525983718,Capparis spinosa
https://static.inaturalist.org/photos/17883520/medium.jpg?1526186203,Capparis spinosa
https://static.inaturalist.org/photos/28140527/medium.jpg?1542295242,Capparis spinosa
https://static.inaturalist.org/photos/17896918/medium.jpeg?1526221820,Capparis spinosa
https://static.inaturalist.org/photos/17957531/medium.jpg?1526308005,Capparis spinosa
https://static.inaturalist.org/photos/28140240/medium.jpg?1542294559,Capparis spinosa
https://static.inaturalist.org/photos/18002064/medium.jpeg?1526371222,Capparis spinosa
https://static.inaturalist.org/photos/18261768/medium.jpg?1526783731,Capparis spinosa
https://static.inaturalist.org/photos/18273628/medium.jpg?1526807976,Capparis spinosa
https://static.inaturalist.org/photos/18274002/medium.jpg?1526809163,Capparis spinosa
https://static.inaturalist.org/photos/18277051/medium.jpg?1526817837,Capparis spinosa
https://static.inaturalist.org/photos/18495561/medium.jpeg?1527147067,Capparis spinosa
https://static.inaturalist.org/photos/18508708/medium.jpeg?1527176503,Capparis spinosa
https://static.inaturalist.org/photos/18653209/medium.jpeg?1527417352,Capparis spinosa
https://static.inaturalist.org/photos/18706464/medium.jpg?1527484809,Capparis spinosa
https://static.inaturalist.org/photos/18724907/medium.jpeg?1527525040,Capparis spinosa
https://static.inaturalist.org/photos/18744224/medium.jpg?1527544047,Capparis spinosa
https://static.inaturalist.org/photos/18772632/medium.jpg?1527593597,Capparis spinosa
https://static.inaturalist.org/photos/18782553/medium.jpg?1527610820,Capparis spinosa
https://static.inaturalist.org/photos/18934809/medium.jpg?1527873496,Capparis spinosa
https://static.inaturalist.org/photos/18966056/medium.jpg?1527919192,Capparis spinosa
https://static.inaturalist.org/photos/18969507/medium.jpg?1527930531,Capparis spinosa
https://static.inaturalist.org/photos/19020065/medium.jpg?1527988109,Capparis spinosa
https://static.inaturalist.org/photos/19120573/medium.jpg?1528132167,Capparis spinosa
https://static.inaturalist.org/photos/19170219/medium.jpg?1528211955,Capparis spinosa
https://static.inaturalist.org/photos/19204042/medium.jpg?1528241869,Capparis spinosa
https://static.inaturalist.org/photos/19224543/medium.jpg?1528260160,Capparis spinosa
https://static.inaturalist.org/photos/19270624/medium.jpg?1528316396,Capparis spinosa
https://static.inaturalist.org/photos/19371824/medium.jpg?1528490756,Capparis spinosa
https://static.inaturalist.org/photos/19462040/medium.jpg?1528627507,Capparis spinosa
https://static.inaturalist.org/photos/19506454/medium.jpeg?1528675048,Capparis spinosa
https://static.inaturalist.org/photos/19525037/medium.jpg?1528703710,Capparis spinosa
https://static.inaturalist.org/photos/19527740/medium.jpg?1528713470,Capparis spinosa
https://static.inaturalist.org/photos/19540298/medium.jpeg?1528733197,Capparis spinosa
https://static.inaturalist.org/photos/19596524/medium.jpeg?1528820724,Capparis spinosa
https://static.inaturalist.org/photos/19633323/medium.jpg?1528870513,Capparis spinosa
https://static.inaturalist.org/photos/19634395/medium.jpg?1528874805,Capparis spinosa
https://static.inaturalist.org/photos/19679464/medium.jpeg?1528945368,Capparis spinosa
https://static.inaturalist.org/photos/19687227/medium.jpeg?1528961353,Capparis spinosa
https://static.inaturalist.org/photos/19688088/medium.jpg?1528965850,Capparis spinosa
https://static.inaturalist.org/photos/19695746/medium.jpg?1528988084,Capparis spinosa
https://static.inaturalist.org/photos/19702049/medium.jpeg?1528997298,Capparis spinosa
https://static.inaturalist.org/photos/19802957/medium.jpeg?1529171393,Capparis spinosa
https://static.inaturalist.org/photos/19820205/medium.jpeg?1529187318,Capparis spinosa
https://static.inaturalist.org/photos/28139276/medium.jpg?1542292228,Capparis spinosa
https://static.inaturalist.org/photos/19908599/medium.jpg?1529306140,Capparis spinosa
https://static.inaturalist.org/photos/19920328/medium.jpeg?1529334736,Capparis spinosa
https://static.inaturalist.org/photos/20091542/medium.jpg?1529611940,Capparis spinosa
https://static.inaturalist.org/photos/20096703/medium.jpeg?1529618337,Capparis spinosa
https://static.inaturalist.org/photos/20115254/medium.jpeg?1529648124,Capparis spinosa
https://static.inaturalist.org/photos/20116615/medium.jpg?1529652344,Capparis spinosa
https://static.inaturalist.org/photos/20232146/medium.jpg?1529831811,Capparis spinosa
https://static.inaturalist.org/photos/20288800/medium.jpg?1529898220,Capparis spinosa
https://static.inaturalist.org/photos/20304303/medium.jpeg?1529937408,Capparis spinosa
https://static.inaturalist.org/photos/20307245/medium.jpeg?1529941105,Capparis spinosa
https://static.inaturalist.org/photos/28143147/medium.jpg?1542300323,Capparis spinosa
https://static.inaturalist.org/photos/20371583/medium.jpg?1530041317,Capparis spinosa
https://static.inaturalist.org/photos/20771469/medium.jpg?1530702654,Capparis spinosa
https://static.inaturalist.org/photos/20433447/medium.jpeg?1530143473,Capparis spinosa
https://static.inaturalist.org/photos/20460168/medium.jpeg?1530201757,Capparis spinosa
https://static.inaturalist.org/photos/20460810/medium.jpg?1530202819,Capparis spinosa
https://static.inaturalist.org/photos/20546437/medium.jpeg?1530360454,Capparis spinosa
https://static.inaturalist.org/photos/20566207/medium.jpeg?1530384440,Capparis spinosa
https://static.inaturalist.org/photos/20596996/medium.jpg?1530422392,Capparis spinosa
https://static.inaturalist.org/photos/20600304/medium.jpeg?1530431895,Capparis spinosa
https://static.inaturalist.org/photos/20666193/medium.jpg?1530532208,Capparis spinosa
https://static.inaturalist.org/photos/20679788/medium.jpeg?1530551295,Capparis spinosa
https://static.inaturalist.org/photos/20714816/medium.jpeg?1530596139,Capparis spinosa
https://static.inaturalist.org/photos/20724338/medium.jpg?1530626224,Capparis spinosa
https://static.inaturalist.org/photos/20889189/medium.jpeg?1530892528,Capparis spinosa
https://static.inaturalist.org/photos/20995716/medium.jpg?1531052969,Capparis spinosa
https://static.inaturalist.org/photos/21068463/medium.jpg?1531159312,Capparis spinosa
https://static.inaturalist.org/photos/21078007/medium.jpeg?1531170071,Capparis spinosa
https://static.inaturalist.org/photos/21123256/medium.jpeg?1531245139,Capparis spinosa
https://static.inaturalist.org/photos/21183054/medium.jpeg?1531341579,Capparis spinosa
https://static.inaturalist.org/photos/21254461/medium.jpg?1531466754,Capparis spinosa
https://static.inaturalist.org/photos/21318001/medium.jpg?1531577019,Capparis spinosa
https://static.inaturalist.org/photos/21486232/medium.jpg?1531807682,Capparis spinosa
https://static.inaturalist.org/photos/23165614/medium.jpg?1534325549,Capparis spinosa
https://static.inaturalist.org/photos/21656800/medium.jpg?1532092767,Capparis spinosa
https://static.inaturalist.org/photos/21763418/medium.jpeg?1532248869,Capparis spinosa
https://static.inaturalist.org/photos/21768117/medium.jpeg?1532261684,Capparis spinosa
https://static.inaturalist.org/photos/21786359/medium.jpeg?1532282706,Capparis spinosa
https://static.inaturalist.org/photos/21845462/medium.jpeg?1532366113,Capparis spinosa
https://static.inaturalist.org/photos/21902174/medium.jpg?1532449432,Capparis spinosa
https://static.inaturalist.org/photos/21992138/medium.jpg?1532582136,Capparis spinosa
https://static.inaturalist.org/photos/21994666/medium.jpg?1532591189,Capparis spinosa
https://static.inaturalist.org/photos/22122300/medium.jpeg?1532755374,Capparis spinosa
https://static.inaturalist.org/photos/22224627/medium.jpeg?1532882202,Capparis spinosa
https://static.inaturalist.org/photos/22312698/medium.jpg?1532977741,Capparis spinosa
https://static.inaturalist.org/photos/22448600/medium.jpg?1533194159,Capparis spinosa
https://static.inaturalist.org/photos/22504537/medium.jpg?1533302089,Capparis spinosa
https://static.inaturalist.org/photos/22670980/medium.jpeg?1533544191,Capparis spinosa
https://static.inaturalist.org/photos/22699844/medium.jpg?1533590402,Capparis spinosa
https://static.inaturalist.org/photos/22766724/medium.jpeg?1533698042,Capparis spinosa
https://static.inaturalist.org/photos/22832756/medium.jpeg?1533820330,Capparis spinosa
https://static.inaturalist.org/photos/22832752/medium.jpeg?1533820323,Capparis spinosa
https://static.inaturalist.org/photos/22933673/medium.jpg?1533995570,Capparis spinosa
https://static.inaturalist.org/photos/22951724/medium.jpeg?1534015036,Capparis spinosa
https://static.inaturalist.org/photos/23004259/medium.jpg?1534093925,Capparis spinosa
https://static.inaturalist.org/photos/23138157/medium.jpg?1534279315,Capparis spinosa
https://static.inaturalist.org/photos/23307726/medium.jpeg?1534539131,Capparis spinosa
https://static.inaturalist.org/photos/23351717/medium.jpeg?1534609321,Capparis spinosa
https://static.inaturalist.org/photos/23399591/medium.jpg?1534668865,Capparis spinosa
https://static.inaturalist.org/photos/23544181/medium.jpg?1534878353,Capparis spinosa
https://static.inaturalist.org/photos/23631734/medium.jpeg?1535029031,Capparis spinosa
https://static.inaturalist.org/photos/23972599/medium.jpeg?1535568842,Capparis spinosa
https://static.inaturalist.org/photos/24003448/medium.jpeg?1535624102,Capparis spinosa
https://static.inaturalist.org/photos/24158845/medium.jpg?1535859135,Capparis spinosa
https://static.inaturalist.org/photos/24207504/medium.jpg?1535928774,Capparis spinosa
https://static.inaturalist.org/photos/24297305/medium.jpg?1536048339,Capparis spinosa
https://static.inaturalist.org/photos/24401724/medium.jpg?1536230229,Capparis spinosa
https://static.inaturalist.org/photos/24493423/medium.jpeg?1536370342,Capparis spinosa
https://static.inaturalist.org/photos/24571405/medium.jpeg?1536475369,Capparis spinosa
https://static.inaturalist.org/photos/24588620/medium.jpeg?1536509139,Capparis spinosa
https://static.inaturalist.org/photos/24913218/medium.jpg?1536997959,Capparis spinosa
https://static.inaturalist.org/photos/24972416/medium.jpeg?1537075540,Capparis spinosa
https://static.inaturalist.org/photos/25159804/medium.jpg?1537345693,Capparis spinosa
https://static.inaturalist.org/photos/25473083/medium.jpeg?1537787986,Capparis spinosa
https://static.inaturalist.org/photos/25473791/medium.jpg?1537790067,Capparis spinosa
https://static.inaturalist.org/photos/25728624/medium.jpeg?1538177443,Capparis spinosa
https://static.inaturalist.org/photos/29625024/medium.jpg?1546033737,Capparis spinosa
https://static.inaturalist.org/photos/25781621/medium.jpg?1538257000,Capparis spinosa
https://static.inaturalist.org/photos/26040341/medium.jpg?1538643307,Capparis spinosa
https://static.inaturalist.org/photos/26382988/medium.jpeg?1539150682,Capparis spinosa
https://static.inaturalist.org/photos/26494959/medium.jpeg?1539347655,Capparis spinosa
https://static.inaturalist.org/photos/26644071/medium.jpeg?1539552797,Capparis spinosa
https://static.inaturalist.org/photos/27362033/medium.jpeg?1540758486,Capparis spinosa
https://static.inaturalist.org/photos/27485957/medium.jpeg?1540975339,Capparis spinosa
https://static.inaturalist.org/photos/27487253/medium.jpg?1540981933,Capparis spinosa
https://static.inaturalist.org/photos/27618041/medium.jpg?1541267766,Capparis spinosa
https://static.inaturalist.org/photos/27623315/medium.jpg?1541273693,Capparis spinosa
https://static.inaturalist.org/photos/27623814/medium.jpg?1541274165,Capparis spinosa
https://static.inaturalist.org/photos/27657686/medium.jpg?1541337463,Capparis spinosa
https://static.inaturalist.org/photos/27790126/medium.jpeg?1541545487,Capparis spinosa
https://static.inaturalist.org/photos/28115350/medium.jpg?1542222146,Capparis spinosa
https://static.inaturalist.org/photos/28201841/medium.jpeg?1542459033,Capparis spinosa
https://static.inaturalist.org/photos/28237025/medium.jpg?1542518420,Capparis spinosa
https://static.inaturalist.org/photos/28302380/medium.jpg?1542664521,Capparis spinosa
https://static.inaturalist.org/photos/28317611/medium.jpg?1542698394,Capparis spinosa
https://static.inaturalist.org/photos/28327807/medium.jpeg?1542734473,Capparis spinosa
https://static.inaturalist.org/photos/28329587/medium.jpeg?1542737271,Capparis spinosa
https://static.inaturalist.org/photos/28363485/medium.jpeg?1542825141,Capparis spinosa
https://static.inaturalist.org/photos/28366398/medium.jpeg?1542830201,Capparis spinosa
https://static.inaturalist.org/photos/28466881/medium.jpeg?1543081797,Capparis spinosa
https://static.inaturalist.org/photos/28472288/medium.jpeg?1543089967,Capparis spinosa
https://static.inaturalist.org/photos/28472555/medium.jpeg?1543090253,Capparis spinosa
https://static.inaturalist.org/photos/28501538/medium.jpeg?1543146483,Capparis spinosa
https://static.inaturalist.org/photos/28550698/medium.jpeg?1543244363,Capparis spinosa
https://static.inaturalist.org/photos/28552600/medium.jpeg?1543248568,Capparis spinosa
https://static.inaturalist.org/photos/28552996/medium.jpeg?1543249321,Capparis spinosa
https://static.inaturalist.org/photos/28589697/medium.jpeg?1543336429,Capparis spinosa
https://static.inaturalist.org/photos/28613768/medium.jpeg?1543382829,Capparis spinosa
https://static.inaturalist.org/photos/28630769/medium.jpeg?1543434262,Capparis spinosa
https://static.inaturalist.org/photos/28636098/medium.jpeg?1543444530,Capparis spinosa
https://static.inaturalist.org/photos/28645895/medium.jpeg?1543465589,Capparis spinosa
https://static.inaturalist.org/photos/28675178/medium.jpeg?1543546245,Capparis spinosa
https://static.inaturalist.org/photos/28697821/medium.jpeg?1543613658,Capparis spinosa spinosa
https://static.inaturalist.org/photos/28736497/medium.jpeg?1543706738,Capparis spinosa
https://static.inaturalist.org/photos/28737394/medium.jpeg?1543708443,Capparis spinosa
https://static.inaturalist.org/photos/28804690/medium.jpeg?1543862225,Capparis spinosa
https://static.inaturalist.org/photos/28827260/medium.jpg?1543908651,Capparis spinosa
https://static.inaturalist.org/photos/28930640/medium.jpg?1544202935,Capparis spinosa
https://static.inaturalist.org/photos/29511780/medium.jpg?1545749312,Capparis spinosa
https://static.inaturalist.org/photos/29648031/medium.jpeg?1546097302,Capparis spinosa
https://static.inaturalist.org/photos/29972779/medium.jpg?1546823128,Capparis spinosa
https://static.inaturalist.org/photos/30448677/medium.jpeg?1548009434,Capparis spinosa
https://static.inaturalist.org/photos/31043373/medium.jpeg?1549373882,Capparis spinosa
https://static.inaturalist.org/photos/31271098/medium.jpg?1549826423,Capparis spinosa
https://static.inaturalist.org/photos/31421331/medium.jpeg?1550175823,Capparis spinosa
https://static.inaturalist.org/photos/31565326/medium.jpeg?1550468637,Capparis spinosa
https://static.inaturalist.org/photos/31651942/medium.jpeg?1550657738,Capparis spinosa
https://static.inaturalist.org/photos/31836017/medium.jpeg?1550918421,Capparis spinosa
https://static.inaturalist.org/photos/32138617/medium.jpg?1551383842,Capparis spinosa
https://static.inaturalist.org/photos/32896937/medium.jpg?1552707613,Capparis spinosa spinosa
https://static.inaturalist.org/photos/32983279/medium.jpeg?1552849111,Capparis spinosa
https://static.inaturalist.org/photos/34648229/medium.jpeg?1555082492,Capparis spinosa
https://static.inaturalist.org/photos/34769342/medium.jpg?1555209881,Capparis spinosa
https://static.inaturalist.org/photos/35199697/medium.jpg?1555696633,Capparis spinosa
https://static.inaturalist.org/photos/35270245/medium.jpeg?1555775339,Capparis spinosa
https://static.inaturalist.org/photos/35270705/medium.jpeg?1555775674,Capparis spinosa
https://static.inaturalist.org/photos/35758870/medium.jpg?1556219797,Capparis spinosa
https://static.inaturalist.org/photos/36569326/medium.jpeg?1556458340,Capparis spinosa
https://static.inaturalist.org/photos/36678262/medium.jpg?1556476791,Capparis spinosa
https://static.inaturalist.org/photos/37260527/medium.jpg?1556587074,Capparis spinosa
https://static.inaturalist.org/photos/37664324/medium.jpg?1556787147,Capparis spinosa
https://static.inaturalist.org/photos/37795947/medium.jpg?1556895607,Capparis spinosa
https://static.inaturalist.org/photos/38115584/medium.jpg?1557117903,Capparis spinosa
https://static.inaturalist.org/photos/38603376/medium.jpeg?1557604624,Capparis spinosa
https://static.inaturalist.org/photos/39099597/medium.jpg?1558091869,Capparis spinosa
https://static.inaturalist.org/photos/39183567/medium.jpeg?1558176264,Capparis spinosa
https://static.inaturalist.org/photos/39882940/medium.jpg?1558788658,Capparis spinosa
https://static.inaturalist.org/photos/40171093/medium.jpeg?1558991227,Capparis spinosa
https://static.inaturalist.org/photos/40186829/medium.jpeg?1559000336,Capparis spinosa
https://static.inaturalist.org/photos/40218519/medium.jpeg?1559025555,Capparis spinosa
https://static.inaturalist.org/photos/40374753/medium.jpeg?1559168028,Capparis spinosa
https://static.inaturalist.org/photos/40604542/medium.jpg?1559382285,Capparis spinosa
https://static.inaturalist.org/photos/40607960/medium.jpeg?1559385785,Capparis spinosa
https://static.inaturalist.org/photos/40654945/medium.jpg?1559415363,Capparis spinosa
https://static.inaturalist.org/photos/40662471/medium.jpg?1559419470,Capparis spinosa
https://static.inaturalist.org/photos/40759152/medium.jpeg?1559493964,Capparis spinosa
https://static.inaturalist.org/photos/40761885/medium.jpg?1559495402,Capparis spinosa
https://static.inaturalist.org/photos/40789663/medium.jpg?1559508704,Capparis spinosa
https://static.inaturalist.org/photos/41041287/medium.jpg?1559724776,Capparis spinosa
https://static.inaturalist.org/photos/41072407/medium.jpg?1559756987,Capparis spinosa
https://static.inaturalist.org/photos/41104856/medium.jpg?1559781019,Capparis spinosa
https://static.inaturalist.org/photos/41123296/medium.jpg?1559798864,Capparis spinosa
https://static.inaturalist.org/photos/41124331/medium.jpg?1559800736,Capparis spinosa
https://static.inaturalist.org/photos/41156161/medium.jpg?1559839467,Capparis spinosa
https://static.inaturalist.org/photos/41199766/medium.jpeg?1559871013,Capparis spinosa
https://static.inaturalist.org/photos/41216636/medium.jpeg?1559889887,Capparis spinosa
https://static.inaturalist.org/photos/41240961/medium.jpg?1559921351,Capparis spinosa
https://static.inaturalist.org/photos/41248849/medium.jpeg?1559926867,Capparis spinosa
https://static.inaturalist.org/photos/41410804/medium.jpg?1560063255,Capparis spinosa
https://static.inaturalist.org/photos/41412948/medium.jpeg?1560066246,Capparis spinosa
https://static.inaturalist.org/photos/41436667/medium.jpeg?1560091822,Capparis spinosa
https://static.inaturalist.org/photos/41459896/medium.jpg?1560104802,Capparis spinosa
https://static.inaturalist.org/photos/44255330/medium.jpg?1562534204,Capparis spinosa
https://static.inaturalist.org/photos/41575553/medium.jpg?1560193248,Capparis spinosa
https://static.inaturalist.org/photos/41622089/medium.jpg?1560229973,Capparis spinosa
https://static.inaturalist.org/photos/41627323/medium.jpeg?1560240425,Capparis spinosa
https://static.inaturalist.org/photos/41662465/medium.jpeg?1560276126,Capparis spinosa
https://static.inaturalist.org/photos/41741851/medium.jpeg?1560354922,Capparis spinosa
https://static.inaturalist.org/photos/41760123/medium.jpg?1560367822,Capparis spinosa
https://static.inaturalist.org/photos/41813847/medium.jpeg?1560424446,Capparis spinosa
https://static.inaturalist.org/photos/41815441/medium.jpg?1560427232,Capparis spinosa
https://static.inaturalist.org/photos/41836480/medium.jpg?1560446534,Capparis spinosa
https://static.inaturalist.org/photos/41837872/medium.jpg?1560447498,Capparis spinosa
https://static.inaturalist.org/photos/41838398/medium.jpg?1560447910,Capparis spinosa
https://static.inaturalist.org/photos/41844751/medium.jpeg?1560452636,Capparis spinosa
https://static.inaturalist.org/photos/41888394/medium.jpeg?1560490207,Capparis spinosa
https://static.inaturalist.org/photos/42002175/medium.jpg?1560610459,Capparis spinosa
https://static.inaturalist.org/photos/42095716/medium.jpg?1560682466,Capparis spinosa
https://static.inaturalist.org/photos/42294401/medium.jpeg?1560840589,Capparis spinosa
https://static.inaturalist.org/photos/42301984/medium.jpg?1560855650,Capparis spinosa
https://static.inaturalist.org/photos/42302015/medium.jpg?1560855696,Capparis spinosa
https://static.inaturalist.org/photos/42382435/medium.jpg?1560918351,Capparis spinosa
https://static.inaturalist.org/photos/42397832/medium.jpg?1560944888,Capparis spinosa
https://static.inaturalist.org/photos/42423998/medium.jpeg?1560966094,Capparis spinosa
https://static.inaturalist.org/photos/42478761/medium.jpg?1561011453,Capparis spinosa
https://static.inaturalist.org/photos/42542453/medium.jpg?1561068254,Capparis spinosa
https://static.inaturalist.org/photos/42577805/medium.jpeg?1561106991,Capparis spinosa
https://static.inaturalist.org/photos/42578416/medium.jpeg?1561108527,Capparis spinosa
https://static.inaturalist.org/photos/42716548/medium.jpeg?1561231549,Capparis spinosa
https://static.inaturalist.org/photos/42778314/medium.jpg?1561279174,Capparis spinosa
https://static.inaturalist.org/photos/42792800/medium.jpg?1561296616,Capparis spinosa
https://static.inaturalist.org/photos/42805998/medium.jpg?1561304713,Capparis spinosa
https://static.inaturalist.org/photos/42818526/medium.jpeg?1561311639,Capparis spinosa
https://static.inaturalist.org/photos/42909443/medium.jpg?1561387151,Capparis spinosa
https://static.inaturalist.org/photos/43050489/medium.jpeg?1561496638,Capparis spinosa
https://static.inaturalist.org/photos/43083857/medium.jpg?1561519815,Capparis spinosa
https://static.inaturalist.org/photos/43125472/medium.jpeg?1561564697,Capparis spinosa
https://static.inaturalist.org/photos/43153298/medium.jpeg?1561582576,Capparis spinosa
https://static.inaturalist.org/photos/43385044/medium.jpeg?1561793972,Capparis spinosa
https://static.inaturalist.org/photos/43389604/medium.jpeg?1561803182,Capparis spinosa
https://static.inaturalist.org/photos/43397627/medium.jpeg?1561813712,Capparis spinosa
https://static.inaturalist.org/photos/43396429/medium.jpg?1561812538,Capparis spinosa
https://static.inaturalist.org/photos/43396985/medium.jpeg?1561813103,Capparis spinosa
https://static.inaturalist.org/photos/43396990/medium.jpeg?1561813108,Capparis spinosa
https://static.inaturalist.org/photos/43409026/medium.jpeg?1561822102,Capparis spinosa
https://static.inaturalist.org/photos/43410585/medium.jpeg?1561823009,Capparis spinosa
https://static.inaturalist.org/photos/43418106/medium.jpeg?1561827389,Capparis spinosa
https://static.inaturalist.org/photos/43418340/medium.jpeg?1561827558,Capparis spinosa
https://static.inaturalist.org/photos/43437524/medium.jpg?1561839576,Capparis spinosa
https://static.inaturalist.org/photos/43444450/medium.jpg?1561844049,Capparis spinosa
https://static.inaturalist.org/photos/43527887/medium.jpg?1561918861,Capparis spinosa
https://static.inaturalist.org/photos/43546265/medium.jpeg?1561929030,Capparis spinosa
https://static.inaturalist.org/photos/43594727/medium.jpg?1561968191,Capparis spinosa
https://static.inaturalist.org/photos/43693214/medium.jpeg?1562052623,Capparis spinosa
https://static.inaturalist.org/photos/43693300/medium.jpg?1562052837,Capparis spinosa
https://static.inaturalist.org/photos/43715315/medium.jpg?1562080374,Capparis spinosa
https://static.inaturalist.org/photos/43817107/medium.jpg?1562171203,Capparis spinosa
https://static.inaturalist.org/photos/43834503/medium.jpg?1562183503,Capparis spinosa
https://static.inaturalist.org/photos/43836447/medium.jpg?1562184838,Capparis spinosa
https://static.inaturalist.org/photos/43878356/medium.jpeg?1562218124,Capparis spinosa
https://static.inaturalist.org/photos/43923834/medium.jpg?1562266279,Capparis spinosa
https://static.inaturalist.org/photos/43928463/medium.jpg?1562269721,Capparis spinosa
https://static.inaturalist.org/photos/44077527/medium.jpg?1562407817,Capparis spinosa
https://static.inaturalist.org/photos/44105392/medium.jpg?1562430638,Capparis spinosa
https://static.inaturalist.org/photos/44110889/medium.jpeg?1562433781,Capparis spinosa
https://static.inaturalist.org/photos/44250835/medium.jpg?1562531610,Capparis spinosa
https://static.inaturalist.org/photos/44307559/medium.jpeg?1562577082,Capparis spinosa
https://static.inaturalist.org/photos/44315604/medium.jpg?1562588926,Capparis spinosa
https://static.inaturalist.org/photos/44348354/medium.jpeg?1562610494,Capparis spinosa
https://static.inaturalist.org/photos/44373545/medium.jpeg?1562625934,Capparis spinosa
https://static.inaturalist.org/photos/44407417/medium.jpg?1562656065,Capparis spinosa
https://static.inaturalist.org/photos/44423737/medium.jpeg?1562679629,Capparis spinosa
https://static.inaturalist.org/photos/44445713/medium.jpeg?1562694140,Capparis spinosa
https://static.inaturalist.org/photos/44509943/medium.jpg?1562757187,Capparis spinosa
https://static.inaturalist.org/photos/44599464/medium.jpg?1562834484,Capparis spinosa
https://static.inaturalist.org/photos/44619129/medium.jpeg?1562857645,Capparis spinosa
https://static.inaturalist.org/photos/44634414/medium.jpg?1562868163,Capparis spinosa
https://static.inaturalist.org/photos/44639699/medium.jpg?1562871415,Capparis spinosa
https://static.inaturalist.org/photos/44723463/medium.jpg?1562951016,Capparis spinosa
https://static.inaturalist.org/photos/44738007/medium.jpeg?1562960345,Capparis spinosa
https://static.inaturalist.org/photos/44790081/medium.jpeg?1563010326,Capparis spinosa
https://static.inaturalist.org/photos/44938456/medium.jpeg?1563129169,Capparis spinosa
https://static.inaturalist.org/photos/45113841/medium.jpeg?1563268805,Capparis spinosa
https://static.inaturalist.org/photos/45162095/medium.jpg?1563304704,Capparis spinosa
https://static.inaturalist.org/photos/45215028/medium.jpeg?1563348010,Capparis spinosa
https://static.inaturalist.org/photos/45224051/medium.jpeg?1563364898,Capparis spinosa
https://static.inaturalist.org/photos/45347356/medium.jpg?1563471959,Capparis spinosa
https://static.inaturalist.org/photos/45381750/medium.jpg?1563493789,Capparis spinosa
https://static.inaturalist.org/photos/45488294/medium.jpg?1563593251,Capparis spinosa
https://static.inaturalist.org/photos/45429576/medium.jpg?1563552576,Capparis spinosa
https://static.inaturalist.org/photos/45440357/medium.jpeg?1563559199,Capparis spinosa
https://static.inaturalist.org/photos/45440533/medium.jpg?1563559294,Capparis spinosa
https://static.inaturalist.org/photos/45496966/medium.jpeg?1563605799,Capparis spinosa
https://static.inaturalist.org/photos/45525649/medium.jpg?1563637625,Capparis spinosa
https://static.inaturalist.org/photos/45536015/medium.jpg?1563643833,Capparis spinosa
https://static.inaturalist.org/photos/45542544/medium.jpeg?1563647670,Capparis spinosa
https://static.inaturalist.org/photos/45545132/medium.jpg?1563649015,Capparis spinosa
https://static.inaturalist.org/photos/45610164/medium.jpg?1563702219,Capparis spinosa
https://static.inaturalist.org/photos/45612485/medium.jpg?1563706428,Capparis spinosa
https://static.inaturalist.org/photos/45633072/medium.jpg?1563722678,Capparis spinosa
https://static.inaturalist.org/photos/45645692/medium.jpg?1563729394,Capparis spinosa
https://static.inaturalist.org/photos/45666879/medium.jpeg?1563739689,Capparis spinosa
https://static.inaturalist.org/photos/45727208/medium.jpg?1563779195,Capparis spinosa
https://static.inaturalist.org/photos/45729423/medium.jpg?1563783314,Capparis spinosa
https://static.inaturalist.org/photos/45730800/medium.jpg?1563785578,Capparis spinosa
https://static.inaturalist.org/photos/45751343/medium.jpeg?1563807829,Capparis spinosa
https://static.inaturalist.org/photos/45762695/medium.jpg?1563815177,Capparis spinosa
https://static.inaturalist.org/photos/45836894/medium.jpg?1563877836,Capparis spinosa
https://static.inaturalist.org/photos/45837732/medium.jpg?1563879042,Capparis spinosa
https://static.inaturalist.org/photos/46036873/medium.jpeg?1564034272,Capparis spinosa
https://static.inaturalist.org/photos/45953530/medium.jpg?1563979826,Capparis spinosa
https://static.inaturalist.org/photos/45955918/medium.jpeg?1563981512,Capparis spinosa
https://static.inaturalist.org/photos/45955984/medium.jpeg?1563981550,Capparis spinosa
https://static.inaturalist.org/photos/46040640/medium.jpg?1564041329,Capparis spinosa
https://static.inaturalist.org/photos/46148395/medium.jpg?1564137001,Capparis spinosa
https://static.inaturalist.org/photos/46280353/medium.jpeg?1564248024,Capparis spinosa
https://static.inaturalist.org/photos/46371511/medium.jpeg?1564320065,Capparis spinosa
https://static.inaturalist.org/photos/46414842/medium.jpeg?1564341864,Capparis spinosa
https://static.inaturalist.org/photos/46463263/medium.jpeg?1564367534,Capparis spinosa
https://static.inaturalist.org/photos/46488060/medium.jpeg?1564398195,Capparis spinosa
https://static.inaturalist.org/photos/46499533/medium.jpeg?1564408878,Capparis spinosa
https://static.inaturalist.org/photos/46503779/medium.jpeg?1564411840,Capparis spinosa
https://static.inaturalist.org/photos/46504998/medium.jpeg?1564412620,Capparis spinosa
https://static.inaturalist.org/photos/46505380/medium.jpeg?1564412911,Capparis spinosa
https://static.inaturalist.org/photos/46599180/medium.jpg?1564483859,Capparis spinosa
https://static.inaturalist.org/photos/46648291/medium.jpg?1564519129,Capparis spinosa
https://static.inaturalist.org/photos/46685249/medium.jpeg?1564546322,Capparis spinosa
https://static.inaturalist.org/photos/46690603/medium.jpeg?1564551665,Capparis spinosa
https://static.inaturalist.org/photos/46829550/medium.jpg?1564678772,Capparis spinosa
https://static.inaturalist.org/photos/46832064/medium.jpeg?1564680408,Capparis spinosa
https://static.inaturalist.org/photos/46917176/medium.jpeg?1564759289,Capparis spinosa
https://static.inaturalist.org/photos/47179425/medium.jpg?1564958580,Capparis spinosa
https://static.inaturalist.org/photos/47111160/medium.jpg?1564921255,Capparis spinosa
https://static.inaturalist.org/photos/47291776/medium.jpeg?1565047878,Capparis spinosa
https://static.inaturalist.org/photos/47378388/medium.jpg?1565126367,Capparis spinosa
https://static.inaturalist.org/photos/47522449/medium.jpg?1565265941,Capparis spinosa
https://static.inaturalist.org/photos/47516502/medium.jpg?1565257280,Capparis spinosa
https://static.inaturalist.org/photos/47524727/medium.jpeg?1565268565,Capparis spinosa
https://static.inaturalist.org/photos/47558529/medium.jpg?1565292331,Capparis spinosa
https://static.inaturalist.org/photos/47699713/medium.jpg?1565425096,Capparis spinosa
https://static.inaturalist.org/photos/47831474/medium.jpg?1565532899,Capparis spinosa
https://static.inaturalist.org/photos/48166397/medium.jpeg?1565797892,Capparis spinosa
https://static.inaturalist.org/photos/48335030/medium.jpeg?1565931170,Capparis spinosa
https://static.inaturalist.org/photos/48338626/medium.jpg?1565936616,Capparis spinosa
https://static.inaturalist.org/photos/48356561/medium.jpg?1565963695,Capparis spinosa
https://static.inaturalist.org/photos/48375996/medium.jpg?1565976530,Capparis spinosa
https://static.inaturalist.org/photos/48376659/medium.jpeg?1565976980,Capparis spinosa
https://static.inaturalist.org/photos/48688336/medium.jpg?1566235169,Capparis spinosa
https://static.inaturalist.org/photos/48851468/medium.jpeg?1566384307,Capparis spinosa
https://static.inaturalist.org/photos/48983314/medium.jpg?1566500756,Capparis spinosa
https://static.inaturalist.org/photos/48993472/medium.jpg?1566507888,Capparis spinosa
https://static.inaturalist.org/photos/49064839/medium.jpg?1566579798,Capparis spinosa
https://static.inaturalist.org/photos/49125175/medium.jpeg?1566634927,Capparis spinosa
https://static.inaturalist.org/photos/49242853/medium.jpeg?1566726405,Capparis spinosa
https://static.inaturalist.org/photos/49277399/medium.jpg?1566751784,Capparis spinosa
https://static.inaturalist.org/photos/49488270/medium.jpeg?1566916770,Capparis spinosa
https://static.inaturalist.org/photos/49502083/medium.jpeg?1566924500,Capparis spinosa
https://static.inaturalist.org/photos/49507575/medium.jpeg?1566927933,Capparis spinosa
https://static.inaturalist.org/photos/49868539/medium.jpg?1567236875,Capparis spinosa
https://static.inaturalist.org/photos/49869801/medium.jpeg?1567239996,Capparis spinosa
https://static.inaturalist.org/photos/49927927/medium.jpg?1567283751,Capparis spinosa
https://static.inaturalist.org/photos/49997693/medium.jpg?1567344485,Capparis spinosa
https://static.inaturalist.org/photos/49997717/medium.jpg?1567344495,Capparis spinosa
https://static.inaturalist.org/photos/50078471/medium.jpg?1567390167,Capparis spinosa
https://static.inaturalist.org/photos/50107214/medium.jpeg?1567426242,Capparis spinosa
https://static.inaturalist.org/photos/50214405/medium.jpeg?1567497828,Capparis spinosa
https://static.inaturalist.org/photos/50259804/medium.jpeg?1567539918,Capparis spinosa
https://static.inaturalist.org/photos/50334520/medium.jpg?1567615507,Capparis spinosa
https://static.inaturalist.org/photos/50587944/medium.jpg?1567860460,Capparis spinosa
https://static.inaturalist.org/photos/50747035/medium.jpg?1567970150,Capparis spinosa
https://static.inaturalist.org/photos/50849380/medium.jpg?1568050844,Capparis spinosa
https://static.inaturalist.org/photos/51169347/medium.jpg?1568329755,Capparis spinosa
https://static.inaturalist.org/photos/51410563/medium.jpeg?1568557260,Capparis spinosa
https://static.inaturalist.org/photos/51530463/medium.jpg?1568648571,Capparis spinosa
https://static.inaturalist.org/photos/51721145/medium.jpg?1568819354,Capparis spinosa
https://static.inaturalist.org/photos/51795477/medium.jpeg?1568885985,Capparis spinosa
https://static.inaturalist.org/photos/51944577/medium.jpg?1569011768,Capparis spinosa
https://static.inaturalist.org/photos/51999950/medium.jpg?1569069928,Capparis spinosa
https://static.inaturalist.org/photos/52019223/medium.jpg?1569083322,Capparis spinosa
https://static.inaturalist.org/photos/52483216/medium.jpg?1569484239,Capparis spinosa
https://static.inaturalist.org/photos/52539925/medium.jpg?1569533400,Capparis spinosa
https://static.inaturalist.org/photos/52619535/medium.jpeg?1569620311,Capparis spinosa
https://static.inaturalist.org/photos/52755253/medium.jpeg?1569753326,Capparis spinosa
https://static.inaturalist.org/photos/53181904/medium.jpeg?1570176524,Capparis spinosa
https://static.inaturalist.org/photos/53182177/medium.jpeg?1570177156,Capparis spinosa
https://static.inaturalist.org/photos/53184342/medium.jpeg?1570181861,Capparis spinosa
https://static.inaturalist.org/photos/53199963/medium.jpeg?1570202987,Capparis spinosa
https://static.inaturalist.org/photos/53201787/medium.jpeg?1570204441,Capparis spinosa
https://static.inaturalist.org/photos/53207147/medium.jpeg?1570208719,Capparis spinosa
https://static.inaturalist.org/photos/53321157/medium.jpeg?1570312375,Capparis spinosa
https://static.inaturalist.org/photos/53321449/medium.jpeg?1570312560,Capparis spinosa
https://static.inaturalist.org/photos/53362656/medium.jpeg?1570354886,Capparis spinosa
https://static.inaturalist.org/photos/53716264/medium.jpeg?1570702960,Capparis spinosa
https://static.inaturalist.org/photos/53955870/medium.jpeg?1570963583,Capparis spinosa
https://static.inaturalist.org/photos/54067901/medium.jpeg?1571065004,Capparis spinosa
https://static.inaturalist.org/photos/54073048/medium.jpg?1571068794,Capparis spinosa
https://static.inaturalist.org/photos/54144962/medium.jpeg?1571143476,Capparis spinosa
https://static.inaturalist.org/photos/54468575/medium.jpeg?1571514469,Capparis spinosa
https://static.inaturalist.org/photos/54873674/medium.jpeg?1571937531,Capparis spinosa
https://static.inaturalist.org/photos/55047149/medium.jpg?1572131307,Capparis spinosa
https://static.inaturalist.org/photos/55228968/medium.jpeg?1572341909,Capparis spinosa
https://static.inaturalist.org/photos/55420467/medium.jpg?1572620233,Capparis spinosa spinosa
https://static.inaturalist.org/photos/55643507/medium.jpeg?1572895168,Capparis spinosa
https://static.inaturalist.org/photos/56044612/medium.jpg?1573410198,Capparis spinosa
https://static.inaturalist.org/photos/56346836/medium.jpeg?1573848111,Capparis spinosa
https://static.inaturalist.org/photos/56381205/medium.jpeg?1573902615,Capparis spinosa
https://static.inaturalist.org/photos/57172542/medium.jpeg?1575039559,Capparis spinosa
https://static.inaturalist.org/photos/57346797/medium.jpeg?1575298303,Capparis spinosa
https://static.inaturalist.org/photos/57404102/medium.jpg?1575395749,Capparis spinosa
https://static.inaturalist.org/photos/58112451/medium.jpg?1576608357,Capparis spinosa
https://static.inaturalist.org/photos/58199266/medium.jpg?1576785547,Capparis spinosa
https://static.inaturalist.org/photos/58840274/medium.jpg?1577842279,Capparis spinosa
https://static.inaturalist.org/photos/58865471/medium.jpg?1577897141,Capparis spinosa rupestris
https://static.inaturalist.org/photos/58919045/medium.jpeg?1577971134,Capparis spinosa
https://static.inaturalist.org/photos/58974753/medium.jpg?1578053302,Capparis spinosa
https://static.inaturalist.org/photos/59039522/medium.jpeg?1578137381,Capparis spinosa
https://static.inaturalist.org/photos/59090368/medium.jpg?1578199869,Capparis spinosa
https://static.inaturalist.org/photos/59290395/medium.jpeg?1578507888,Capparis spinosa
https://static.inaturalist.org/photos/59375895/medium.jpeg?1578657059,Capparis spinosa
https://static.inaturalist.org/photos/59375941/medium.jpeg?1578657108,Capparis spinosa
https://static.inaturalist.org/photos/59384646/medium.jpg?1578672108,Capparis spinosa
https://static.inaturalist.org/photos/59711869/medium.jpeg?1579153686,Capparis spinosa
https://static.inaturalist.org/photos/59776460/medium.jpeg?1579249090,Capparis spinosa
https://static.inaturalist.org/photos/59916026/medium.jpeg?1579464838,Capparis spinosa
https://static.inaturalist.org/photos/60030863/medium.jpg?1579627192,Capparis spinosa
https://static.inaturalist.org/photos/62729209/medium.jpg?1583336378,Capparis spinosa
https://static.inaturalist.org/photos/63311368/medium.jpg?1584008134,Capparis spinosa
https://static.inaturalist.org/photos/64861773/medium.jpeg?1585428090,Capparis spinosa
https://static.inaturalist.org/photos/64862202/medium.jpeg?1585428256,Capparis spinosa
https://static.inaturalist.org/photos/64981644/medium.jpeg?1585509406,Capparis spinosa
https://static.inaturalist.org/photos/65074031/medium.jpg?1585580338,Capparis spinosa
https://static.inaturalist.org/photos/67011076/medium.jpg?1586918424,Capparis spinosa
https://static.inaturalist.org/photos/67467860/medium.jpeg?1587231786,Capparis spinosa
https://static.inaturalist.org/photos/67742934/medium.jpeg?1587381350,Capparis spinosa
https://static.inaturalist.org/photos/68274432/medium.jpg?1587680575,Capparis spinosa
https://static.inaturalist.org/photos/69115050/medium.jpg?1587887812,Capparis spinosa
https://static.inaturalist.org/photos/70013526/medium.jpg?1588100186,Capparis spinosa
https://static.inaturalist.org/photos/70402650/medium.jpeg?1588278911,Capparis spinosa
https://static.inaturalist.org/photos/70530331/medium.jpg?1588348638,Capparis spinosa
https://static.inaturalist.org/photos/71026263/medium.jpg?1588543696,Capparis spinosa
https://static.inaturalist.org/photos/71332095/medium.jpg?1588700145,Capparis spinosa
https://static.inaturalist.org/photos/72474300/medium.jpg?1589305061,Capparis spinosa
https://static.inaturalist.org/photos/72486116/medium.jpg?1589309455,Capparis spinosa
https://static.inaturalist.org/photos/72730644/medium.jpeg?1589450195,Capparis spinosa
https://static.inaturalist.org/photos/73117593/medium.jpeg?1589645958,Capparis spinosa
https://static.inaturalist.org/photos/73282745/medium.jpeg?1589706664,Capparis spinosa
https://static.inaturalist.org/photos/73562850/medium.jpeg?1589816310,Capparis spinosa
https://static.inaturalist.org/photos/73690240/medium.jpg?1589868151,Capparis spinosa
https://static.inaturalist.org/photos/73939364/medium.jpeg?1589993629,Capparis spinosa
https://static.inaturalist.org/photos/73960122/medium.jpg?1590000201,Capparis spinosa
https://static.inaturalist.org/photos/74497139/medium.jpg?1590246556,Capparis spinosa
https://static.inaturalist.org/photos/74756134/medium.jpg?1590338773,Capparis spinosa
https://static.inaturalist.org/photos/74803758/medium.jpg?1590349951,Capparis spinosa
https://static.inaturalist.org/photos/74925710/medium.jpg?1590396024,Capparis spinosa
https://static.inaturalist.org/photos/74925790/medium.jpg?1590396081,Capparis spinosa
https://static.inaturalist.org/photos/74994650/medium.jpg?1590425724,Capparis spinosa
https://static.inaturalist.org/photos/74996416/medium.jpg?1590426211,Capparis spinosa
https://static.inaturalist.org/photos/74997517/medium.jpeg?1590426501,Capparis spinosa
https://static.inaturalist.org/photos/75069470/medium.jpeg?1590445541,Capparis spinosa
https://static.inaturalist.org/photos/75076016/medium.jpg?1590447569,Capparis spinosa
https://static.inaturalist.org/photos/75164131/medium.jpeg?1590497099,Capparis spinosa
https://static.inaturalist.org/photos/75321460/medium.jpg?1590567144,Capparis spinosa
https://static.inaturalist.org/photos/76004770/medium.jpg?1590880225,Capparis spinosa
https://static.inaturalist.org/photos/75694930/medium.jpg?1590749915,Capparis spinosa
https://static.inaturalist.org/photos/75869567/medium.jpg?1590836808,Capparis spinosa
https://static.inaturalist.org/photos/75898503/medium.jpeg?1590849424,Capparis spinosa
https://static.inaturalist.org/photos/75911271/medium.jpeg?1590853378,Capparis spinosa
https://static.inaturalist.org/photos/75923245/medium.jpeg?1590856855,Capparis spinosa
https://static.inaturalist.org/photos/75977464/medium.jpeg?1590871992,Capparis spinosa
https://static.inaturalist.org/photos/76182379/medium.jpg?1590952995,Capparis spinosa
https://static.inaturalist.org/photos/76240943/medium.jpg?1590969421,Capparis spinosa
https://static.inaturalist.org/photos/76491743/medium.jpg?1591088394,Capparis spinosa
https://static.inaturalist.org/photos/76506032/medium.jpg?1591099233,Capparis spinosa
https://static.inaturalist.org/photos/76517175/medium.jpeg?1591105255,Capparis spinosa
https://static.inaturalist.org/photos/77013159/medium.jpeg?1591360951,Capparis spinosa
https://static.inaturalist.org/photos/77206243/medium.jpeg?1591452983,Capparis spinosa
https://static.inaturalist.org/photos/77295809/medium.jpeg?1591479401,Capparis spinosa
https://static.inaturalist.org/photos/77440242/medium.jpeg?1591546753,Capparis spinosa
https://static.inaturalist.org/photos/77471759/medium.jpg?1591555322,Capparis spinosa
https://static.inaturalist.org/photos/77576464/medium.jpeg?1591589740,Capparis spinosa
https://static.inaturalist.org/photos/77660113/medium.jpeg?1591637860,Capparis spinosa
https://static.inaturalist.org/photos/77869108/medium.jpeg?1591734631,Capparis spinosa
https://static.inaturalist.org/photos/77937722/medium.jpg?1591770079,Capparis spinosa
https://static.inaturalist.org/photos/78150087/medium.jpeg?1591889692,Capparis spinosa
https://static.inaturalist.org/photos/78183127/medium.jpeg?1591902697,Capparis spinosa
https://static.inaturalist.org/photos/78429814/medium.jpg?1592022453,Capparis spinosa
https://static.inaturalist.org/photos/78461990/medium.jpeg?1592048338,Capparis spinosa
https://static.inaturalist.org/photos/78708568/medium.jpg?1592145181,Capparis spinosa
https://static.inaturalist.org/photos/78708778/medium.jpeg?1592145242,Capparis spinosa
https://static.inaturalist.org/photos/78975790/medium.jpg?1592244948,Capparis spinosa
https://static.inaturalist.org/photos/79092028/medium.jpeg?1592296787,Capparis spinosa
https://static.inaturalist.org/photos/79084953/medium.jpg?1592290869,Capparis spinosa
https://static.inaturalist.org/photos/79202715/medium.jpeg?1592344288,Capparis spinosa
https://static.inaturalist.org/photos/79284588/medium.jpeg?1592395212,Capparis spinosa
https://static.inaturalist.org/photos/79340841/medium.jpeg?1592420294,Capparis spinosa
https://static.inaturalist.org/photos/79483751/medium.jpeg?1592496056,Capparis spinosa
https://static.inaturalist.org/photos/79974889/medium.jpg?1592712314,Capparis spinosa
https://static.inaturalist.org/photos/80051423/medium.jpg?1592751044,Capparis spinosa
https://static.inaturalist.org/photos/80240161/medium.jpeg?1592820832,Capparis spinosa
https://static.inaturalist.org/photos/80312646/medium.jpg?1592849251,Capparis spinosa
https://static.inaturalist.org/photos/81352136/medium.jpg?1593344745,Capparis spinosa
https://static.inaturalist.org/photos/80611920/medium.jpg?1592987786,Capparis spinosa
https://static.inaturalist.org/photos/80612036/medium.jpeg?1592987922,Capparis spinosa
https://static.inaturalist.org/photos/80616432/medium.jpg?1592991780,Capparis spinosa
https://static.inaturalist.org/photos/80888681/medium.jpeg?1593120729,Capparis spinosa
https://static.inaturalist.org/photos/81036861/medium.jpeg?1593199940,Capparis spinosa
https://static.inaturalist.org/photos/81328519/medium.jpeg?1593327423,Capparis spinosa
https://static.inaturalist.org/photos/81471833/medium.jpeg?1593380039,Capparis spinosa
https://static.inaturalist.org/photos/82031748/medium.jpeg?1593636388,Capparis spinosa
https://static.inaturalist.org/photos/83305313/medium.jpeg?1594241515,Capparis spinosa
https://static.inaturalist.org/photos/83345914/medium.jpeg?1594259967,Capparis spinosa
https://static.inaturalist.org/photos/83632751/medium.jpg?1594409489,Capparis spinosa
https://static.inaturalist.org/photos/83911380/medium.jpeg?1594538455,Capparis spinosa
https://static.inaturalist.org/photos/83981698/medium.jpeg?1594570220,Capparis spinosa
https://static.inaturalist.org/photos/84144281/medium.jpeg?1594630343,Capparis spinosa
https://static.inaturalist.org/photos/84153289/medium.png?1594637162,Capparis spinosa spinosa
https://static.inaturalist.org/photos/84273418/medium.jpeg?1594682131,Capparis spinosa
https://static.inaturalist.org/photos/84320717/medium.jpg?1594709328,Capparis spinosa
https://static.inaturalist.org/photos/84365936/medium.jpg?1594739075,Capparis spinosa
https://static.inaturalist.org/photos/84562311/medium.jpeg?1594835550,Capparis spinosa
https://static.inaturalist.org/photos/84741084/medium.jpg?1594925172,Capparis spinosa
https://static.inaturalist.org/photos/84835420/medium.jpeg?1594972146,Capparis spinosa
https://static.inaturalist.org/photos/85110739/medium.jpeg?1595099934,Capparis spinosa
https://static.inaturalist.org/photos/85202995/medium.jpeg?1595138588,Capparis spinosa
https://static.inaturalist.org/photos/85264261/medium.jpeg?1595171015,Capparis spinosa
https://static.inaturalist.org/photos/85627483/medium.jpg?1595331157,Capparis spinosa
https://static.inaturalist.org/photos/85953458/medium.jpeg?1595486900,Capparis spinosa
https://static.inaturalist.org/photos/85954660/medium.jpg?1595488636,Capparis spinosa
https://static.inaturalist.org/photos/86121207/medium.jpg?1595574691,Capparis spinosa
https://static.inaturalist.org/photos/86546701/medium.jpeg?1595771517,Capparis spinosa
