image_url,scientific_name
https://static.inaturalist.org/photos/1144221/medium.jpg?1411884334,Allium tuberosum
https://static.inaturalist.org/photos/1261471/medium.jpg?1413412371,Allium tuberosum
https://static.inaturalist.org/photos/1509009/medium.jpg?1444265909,Allium tuberosum
https://static.inaturalist.org/photos/2395603/medium.jpg?1544592481,Allium tuberosum
https://static.inaturalist.org/photos/2482411/medium.jpg?1444057209,Allium tuberosum
https://static.inaturalist.org/photos/4204857/medium.jpeg?1467901525,Allium tuberosum
https://static.inaturalist.org/photos/4618269/medium.jpg?1471707220,Allium tuberosum
https://static.inaturalist.org/photos/4799616/medium.jpg?1473209646,Allium tuberosum
https://static.inaturalist.org/photos/4853168/medium.jpg?1473634966,Allium tuberosum
https://static.inaturalist.org/photos/4898231/medium.jpeg?1473984739,Allium tuberosum
https://static.inaturalist.org/photos/5104602/medium.jpeg?1475539313,Allium tuberosum
https://static.inaturalist.org/photos/5107053/medium.jpeg?1475551785,Allium tuberosum
https://static.inaturalist.org/photos/5890185/medium.jpg?1482835053,Allium tuberosum
https://static.inaturalist.org/photos/6282709/medium.jpg?1487106136,Allium tuberosum
https://static.inaturalist.org/photos/6328410/medium.jpeg?1487563334,Allium tuberosum
https://static.inaturalist.org/photos/7210818/medium.jpg?1492466562,Allium tuberosum
https://static.inaturalist.org/photos/7349648/medium.jpg?1492810272,Allium tuberosum
https://static.inaturalist.org/photos/7503103/medium.jpg?1493415172,Allium tuberosum
https://static.inaturalist.org/photos/8511201/medium.jpg?1497820180,Allium tuberosum
https://static.inaturalist.org/photos/8859894/medium.jpg?1499289049,Allium tuberosum
https://static.inaturalist.org/photos/9307826/medium.jpg?1501039921,Allium tuberosum
https://static.inaturalist.org/photos/9842563/medium.jpg?1503073150,Allium tuberosum
https://static.inaturalist.org/photos/10184667/medium.jpeg?1504396390,Allium tuberosum
https://static.inaturalist.org/photos/10203631/medium.jpg?1504475510,Allium tuberosum
https://static.inaturalist.org/photos/10204212/medium.jpg?1504476799,Allium tuberosum
https://static.inaturalist.org/photos/10372839/medium.jpg?1505091654,Allium tuberosum
https://static.inaturalist.org/photos/12647581/medium.jpeg?1514758917,Allium tuberosum
https://static.inaturalist.org/photos/12767903/medium.jpeg?1515352045,Allium tuberosum
https://static.inaturalist.org/photos/19523275/medium.jpeg?1528698332,Allium tuberosum
https://static.inaturalist.org/photos/21309294/medium.jpg?1531552371,Allium tuberosum
https://static.inaturalist.org/photos/22489862/medium.jpg?1533260755,Allium tuberosum
https://static.inaturalist.org/photos/23062669/medium.jpg?1534172368,Allium tuberosum
https://static.inaturalist.org/photos/23229184/medium.jpeg?1534431393,Allium tuberosum
https://static.inaturalist.org/photos/23292967/medium.jpeg?1534522516,Allium tuberosum
https://static.inaturalist.org/photos/23577195/medium.jpg?1534937157,Allium tuberosum
https://static.inaturalist.org/photos/23723679/medium.jpg?1535170479,Allium tuberosum
https://static.inaturalist.org/photos/23950451/medium.jpg?1535526778,Allium tuberosum
https://static.inaturalist.org/photos/23976439/medium.jpg?1535573444,Allium tuberosum
https://static.inaturalist.org/photos/24060950/medium.jpg?1535723746,Allium tuberosum
https://static.inaturalist.org/photos/24132096/medium.jpg?1535828669,Allium tuberosum
https://static.inaturalist.org/photos/24187151/medium.jpg?1535909720,Allium tuberosum
https://static.inaturalist.org/photos/24212783/medium.jpg?1535934031,Allium tuberosum
https://static.inaturalist.org/photos/24432496/medium.jpg?1536274806,Allium tuberosum
https://static.inaturalist.org/photos/24452503/medium.jpg?1536320405,Allium tuberosum
https://static.inaturalist.org/photos/24547883/medium.jpg?1536446458,Allium tuberosum
https://static.inaturalist.org/photos/24583191/medium.jpg?1536503691,Allium tuberosum
https://static.inaturalist.org/photos/24584460/medium.jpg?1536504983,Allium tuberosum
https://static.inaturalist.org/photos/24644504/medium.jpg?1536584880,Allium tuberosum
https://static.inaturalist.org/photos/24696592/medium.jpeg?1536668597,Allium tuberosum
https://static.inaturalist.org/photos/24772942/medium.jpg?1536780697,Allium tuberosum
https://static.inaturalist.org/photos/24979405/medium.jpg?1537092307,Allium tuberosum
https://static.inaturalist.org/photos/25023548/medium.jpeg?1537138346,Allium tuberosum
https://static.inaturalist.org/photos/25176700/medium.jpg?1537378730,Allium tuberosum
https://static.inaturalist.org/photos/25227955/medium.jpg?1537459920,Allium tuberosum
https://static.inaturalist.org/photos/25283553/medium.jpg?1537542346,Allium tuberosum
https://static.inaturalist.org/photos/25486291/medium.jpeg?1537808128,Allium tuberosum
https://static.inaturalist.org/photos/25574064/medium.jpg?1537939516,Allium tuberosum
https://static.inaturalist.org/photos/25662120/medium.jpg?1538078743,Allium tuberosum
https://static.inaturalist.org/photos/25681974/medium.jpg?1538105727,Allium tuberosum
https://static.inaturalist.org/photos/25691499/medium.jpg?1538135162,Allium tuberosum
https://static.inaturalist.org/photos/25694625/medium.jpg?1538141222,Allium tuberosum
https://static.inaturalist.org/photos/25741081/medium.jpg?1538199522,Allium tuberosum
https://static.inaturalist.org/photos/25919198/medium.jpg?1538439574,Allium tuberosum
https://static.inaturalist.org/photos/25951571/medium.jpg?1538501434,Allium tuberosum
https://static.inaturalist.org/photos/25951713/medium.jpg?1538501560,Allium tuberosum
https://static.inaturalist.org/photos/25951710/medium.jpg?1538501557,Allium tuberosum
https://static.inaturalist.org/photos/26105163/medium.jpeg?1538756975,Allium tuberosum
https://static.inaturalist.org/photos/26531693/medium.jpg?1539391637,Allium tuberosum
https://static.inaturalist.org/photos/26540170/medium.jpeg?1539405255,Allium tuberosum
https://static.inaturalist.org/photos/29037728/medium.jpg?1544460809,Allium tuberosum
https://static.inaturalist.org/photos/29722512/medium.jpg?1546254628,Allium tuberosum
https://static.inaturalist.org/photos/29863318/medium.jpeg?1546589975,Allium tuberosum
https://static.inaturalist.org/photos/29872709/medium.jpeg?1546619932,Allium tuberosum
https://static.inaturalist.org/photos/29904233/medium.jpg?1546681128,Allium tuberosum
https://static.inaturalist.org/photos/30153221/medium.jpg?1547288836,Allium tuberosum
https://static.inaturalist.org/photos/30444298/medium.jpg?1548001934,Allium tuberosum
https://static.inaturalist.org/photos/33042412/medium.jpg?1552933400,Allium tuberosum
https://static.inaturalist.org/photos/34051670/medium.jpg?1554346020,Allium tuberosum
https://static.inaturalist.org/photos/34112230/medium.jpg?1554431704,Allium tuberosum
https://static.inaturalist.org/photos/34188246/medium.jpeg?1554550006,Allium tuberosum
https://static.inaturalist.org/photos/35348934/medium.jpg?1555842994,Allium tuberosum
https://static.inaturalist.org/photos/35815222/medium.jpeg?1556259555,Allium tuberosum
https://static.inaturalist.org/photos/35997293/medium.jpg?1556315319,Allium tuberosum
https://static.inaturalist.org/photos/36207622/medium.jpeg?1556376593,Allium tuberosum
https://static.inaturalist.org/photos/36338241/medium.jpg?1556397795,Allium tuberosum
https://static.inaturalist.org/photos/36425515/medium.jpeg?1556412657,Allium tuberosum
https://static.inaturalist.org/photos/36545159/medium.jpeg?1556449509,Allium tuberosum
https://static.inaturalist.org/photos/36783582/medium.jpg?1556492951,Allium tuberosum
https://static.inaturalist.org/photos/37140095/medium.jpg?1556569125,Allium tuberosum
https://static.inaturalist.org/photos/37663119/medium.jpg?1556785572,Allium tuberosum
https://static.inaturalist.org/photos/37983246/medium.jpeg?1557024216,Allium tuberosum
https://static.inaturalist.org/photos/42202592/medium.jpg?1560764218,Allium tuberosum
https://static.inaturalist.org/photos/44411472/medium.jpeg?1562664443,Allium tuberosum
https://static.inaturalist.org/photos/47227407/medium.jpeg?1565005389,Allium tuberosum
https://static.inaturalist.org/photos/47306760/medium.jpg?1565059090,Allium tuberosum
https://static.inaturalist.org/photos/47507597/medium.jpeg?1565239341,Allium tuberosum
https://static.inaturalist.org/photos/48160249/medium.jpeg?1565793809,Allium tuberosum
https://static.inaturalist.org/photos/48500916/medium.jpeg?1566079173,Allium tuberosum
https://static.inaturalist.org/photos/48706475/medium.jpg?1566247500,Allium tuberosum
https://static.inaturalist.org/photos/48721287/medium.jpeg?1566258896,Allium tuberosum
https://static.inaturalist.org/photos/49005332/medium.jpg?1566516824,Allium tuberosum
https://static.inaturalist.org/photos/49101544/medium.jpg?1566604221,Allium tuberosum
https://static.inaturalist.org/photos/49290310/medium.jpeg?1566757721,Allium tuberosum
https://static.inaturalist.org/photos/49347921/medium.jpg?1566788470,Allium tuberosum
https://static.inaturalist.org/photos/49360750/medium.jpg?1566801371,Allium tuberosum
https://static.inaturalist.org/photos/49423666/medium.jpg?1566852234,Allium tuberosum
https://static.inaturalist.org/photos/49426560/medium.jpg?1566854457,Allium tuberosum
https://static.inaturalist.org/photos/49431194/medium.jpg?1566857415,Allium tuberosum
https://static.inaturalist.org/photos/49495317/medium.jpg?1566920812,Allium tuberosum
https://static.inaturalist.org/photos/49548335/medium.jpg?1566953444,Allium tuberosum
https://static.inaturalist.org/photos/49598306/medium.jpeg?1567009563,Allium tuberosum
https://static.inaturalist.org/photos/49638282/medium.jpg?1567035176,Allium tuberosum
https://static.inaturalist.org/photos/49673306/medium.jpg?1567077893,Allium tuberosum
https://static.inaturalist.org/photos/49735667/medium.jpg?1567117893,Allium tuberosum
https://static.inaturalist.org/photos/49753690/medium.jpg?1567131065,Allium tuberosum
https://static.inaturalist.org/photos/49760208/medium.jpg?1567136519,Allium tuberosum
https://static.inaturalist.org/photos/49792138/medium.jpg?1567176626,Allium tuberosum
https://static.inaturalist.org/photos/49938344/medium.jpg?1567289232,Allium tuberosum
https://static.inaturalist.org/photos/49950867/medium.jpeg?1567296077,Allium tuberosum
https://static.inaturalist.org/photos/49993672/medium.jpeg?1567341317,Allium tuberosum
https://static.inaturalist.org/photos/50044657/medium.jpeg?1567370003,Allium tuberosum
https://static.inaturalist.org/photos/50077720/medium.jpeg?1567389666,Allium tuberosum
https://static.inaturalist.org/photos/50155068/medium.jpg?1567454693,Allium tuberosum
https://static.inaturalist.org/photos/50163812/medium.jpg?1567458876,Allium tuberosum
https://static.inaturalist.org/photos/50164010/medium.jpg?1567458955,Allium tuberosum
https://static.inaturalist.org/photos/50170696/medium.jpg?1567462100,Allium tuberosum
https://static.inaturalist.org/photos/50218746/medium.jpg?1567505937,Allium tuberosum
https://static.inaturalist.org/photos/50229296/medium.jpg?1567518351,Allium tuberosum
https://static.inaturalist.org/photos/50235220/medium.jpeg?1567523287,Allium tuberosum
https://static.inaturalist.org/photos/50244860/medium.jpg?1567530645,Allium tuberosum
https://static.inaturalist.org/photos/50284230/medium.jpg?1567557386,Allium tuberosum
https://static.inaturalist.org/photos/50352122/medium.jpeg?1567627004,Allium tuberosum
https://static.inaturalist.org/photos/50460668/medium.jpg?1567723515,Allium tuberosum
https://static.inaturalist.org/photos/50474758/medium.jpg?1567734512,Allium tuberosum
https://static.inaturalist.org/photos/50477444/medium.jpg?1567736976,Allium tuberosum
https://static.inaturalist.org/photos/50494396/medium.jpg?1567763778,Allium tuberosum
https://static.inaturalist.org/photos/50548755/medium.jpg?1567808707,Allium tuberosum
https://static.inaturalist.org/photos/50577477/medium.jpeg?1567842489,Allium tuberosum
https://static.inaturalist.org/photos/50580139/medium.jpeg?1567847924,Allium tuberosum
https://static.inaturalist.org/photos/50588303/medium.jpg?1567860805,Allium tuberosum
https://static.inaturalist.org/photos/50609478/medium.jpg?1567874204,Allium tuberosum
https://static.inaturalist.org/photos/50622855/medium.jpg?1567881041,Allium tuberosum
https://static.inaturalist.org/photos/50770769/medium.jpeg?1567981327,Allium tuberosum
https://static.inaturalist.org/photos/50778671/medium.jpg?1567985309,Allium tuberosum
https://static.inaturalist.org/photos/50794997/medium.jpg?1567994766,Allium tuberosum
https://static.inaturalist.org/photos/50804542/medium.jpeg?1568002098,Allium tuberosum
https://static.inaturalist.org/photos/50837683/medium.jpg?1568044171,Allium tuberosum
https://static.inaturalist.org/photos/50958509/medium.jpg?1568145603,Allium tuberosum
https://static.inaturalist.org/photos/50963857/medium.jpg?1568148974,Allium tuberosum
https://static.inaturalist.org/photos/50971061/medium.jpg?1568153407,Allium tuberosum
https://static.inaturalist.org/photos/51004469/medium.jpg?1568182237,Allium tuberosum
https://static.inaturalist.org/photos/51008385/medium.jpeg?1568189768,Allium tuberosum
https://static.inaturalist.org/photos/51026402/medium.jpg?1568212735,Allium tuberosum
https://static.inaturalist.org/photos/51196628/medium.jpeg?1568364355,Allium tuberosum
https://static.inaturalist.org/photos/51213364/medium.jpg?1568386726,Allium tuberosum
https://static.inaturalist.org/photos/51255317/medium.jpg?1568414807,Allium tuberosum
https://static.inaturalist.org/photos/51307290/medium.jpeg?1568475959,Allium tuberosum
https://static.inaturalist.org/photos/51347834/medium.jpg?1568496968,Allium tuberosum
https://static.inaturalist.org/photos/51432396/medium.jpeg?1568569184,Allium tuberosum
https://static.inaturalist.org/photos/51512888/medium.jpeg?1568635254,Allium tuberosum
https://static.inaturalist.org/photos/51697464/medium.jpg?1568799026,Allium tuberosum
https://static.inaturalist.org/photos/51726951/medium.jpeg?1568823367,Allium tuberosum
https://static.inaturalist.org/photos/51766049/medium.jpg?1568848341,Allium tuberosum
https://static.inaturalist.org/photos/51820287/medium.jpeg?1568910668,Allium tuberosum
https://static.inaturalist.org/photos/51823432/medium.jpg?1568912943,Allium tuberosum
https://static.inaturalist.org/photos/51914793/medium.jpeg?1568995282,Allium tuberosum
https://static.inaturalist.org/photos/52092986/medium.jpg?1569140770,Allium tuberosum
https://static.inaturalist.org/photos/52203673/medium.jpg?1569222977,Allium tuberosum
https://static.inaturalist.org/photos/52291600/medium.jpg?1569300907,Allium tuberosum
https://static.inaturalist.org/photos/52417536/medium.jpg?1569427221,Allium tuberosum
https://static.inaturalist.org/photos/52680357/medium.jpeg?1569689565,Allium tuberosum
https://static.inaturalist.org/photos/52812163/medium.jpeg?1569792948,Allium tuberosum
https://static.inaturalist.org/photos/52933909/medium.jpeg?1569901945,Allium tuberosum
https://static.inaturalist.org/photos/52979789/medium.jpeg?1569955732,Allium tuberosum
https://static.inaturalist.org/photos/53092762/medium.jpeg?1570068454,Allium tuberosum
https://static.inaturalist.org/photos/53094511/medium.jpeg?1570070234,Allium tuberosum
https://static.inaturalist.org/photos/53147470/medium.jpg?1570135311,Allium tuberosum
https://static.inaturalist.org/photos/53172823/medium.jpeg?1570158894,Allium tuberosum
https://static.inaturalist.org/photos/53256463/medium.jpg?1570252697,Allium tuberosum
https://static.inaturalist.org/photos/53257490/medium.jpg?1570254270,Allium tuberosum
https://static.inaturalist.org/photos/53274320/medium.jpeg?1570283042,Allium tuberosum
https://static.inaturalist.org/photos/53310493/medium.jpeg?1570306081,Allium tuberosum
https://static.inaturalist.org/photos/53320545/medium.jpeg?1570312000,Allium tuberosum
https://static.inaturalist.org/photos/53571815/medium.jpg?1570546823,Allium tuberosum
https://static.inaturalist.org/photos/53643799/medium.jpeg?1570622964,Allium tuberosum
https://static.inaturalist.org/photos/53833518/medium.jpeg?1570832853,Allium tuberosum
https://static.inaturalist.org/photos/54156949/medium.jpg?1571155961,Allium tuberosum
https://static.inaturalist.org/photos/54262736/medium.jpg?1571263339,Allium tuberosum
https://static.inaturalist.org/photos/54290851/medium.jpeg?1571312170,Allium tuberosum
https://static.inaturalist.org/photos/54326351/medium.jpg?1571348145,Allium tuberosum
https://static.inaturalist.org/photos/54623662/medium.jpg?1571666741,Allium tuberosum
https://static.inaturalist.org/photos/54872040/medium.jpg?1571936367,Allium tuberosum
https://static.inaturalist.org/photos/55115441/medium.jpg?1572205859,Allium tuberosum
https://static.inaturalist.org/photos/55358229/medium.jpeg?1572520347,Allium tuberosum
https://static.inaturalist.org/photos/55479724/medium.jpg?1572708498,Allium tuberosum
https://static.inaturalist.org/photos/55648800/medium.jpg?1572899917,Allium tuberosum
https://static.inaturalist.org/photos/55738250/medium.jpg?1573006622,Allium tuberosum
https://static.inaturalist.org/photos/55838833/medium.jpg?1573144704,Allium tuberosum
https://static.inaturalist.org/photos/55886226/medium.jpg?1573201235,Allium tuberosum
https://static.inaturalist.org/photos/56914079/medium.jpeg?1574638371,Allium tuberosum
https://static.inaturalist.org/photos/57054660/medium.jpeg?1574823115,Allium tuberosum
https://static.inaturalist.org/photos/57054713/medium.jpeg?1574823192,Allium tuberosum
https://static.inaturalist.org/photos/57054773/medium.jpeg?1574823267,Allium tuberosum
https://static.inaturalist.org/photos/57109069/medium.jpg?1574910237,Allium tuberosum
https://static.inaturalist.org/photos/57614986/medium.jpeg?1575758576,Allium tuberosum
https://static.inaturalist.org/photos/58097778/medium.jpeg?1576578590,Allium tuberosum
https://static.inaturalist.org/photos/58199431/medium.jpg?1576785981,Allium tuberosum
https://static.inaturalist.org/photos/60021769/medium.jpeg?1579611964,Allium tuberosum
https://static.inaturalist.org/photos/62024289/medium.jpg?1582471813,Allium tuberosum
https://static.inaturalist.org/photos/64818381/medium.jpeg?1585407490,Allium tuberosum
https://static.inaturalist.org/photos/65243719/medium.jpeg?1585705541,Allium tuberosum
https://static.inaturalist.org/photos/65818739/medium.jpg?1586125878,Allium tuberosum
https://static.inaturalist.org/photos/66136513/medium.jpeg?1586358575,Allium tuberosum
https://static.inaturalist.org/photos/66521446/medium.jpg?1586625677,Allium tuberosum
https://static.inaturalist.org/photos/66770905/medium.jpeg?1586755764,Allium tuberosum
https://static.inaturalist.org/photos/67071366/medium.jpg?1586972008,Allium tuberosum
https://static.inaturalist.org/photos/67216948/medium.jpg?1587066591,Allium tuberosum
https://static.inaturalist.org/photos/67343235/medium.jpeg?1587152433,Allium tuberosum
https://static.inaturalist.org/photos/67351739/medium.jpg?1587156630,Allium tuberosum
https://static.inaturalist.org/photos/67815437/medium.jpeg?1587417583,Allium tuberosum
https://static.inaturalist.org/photos/68390595/medium.jpg?1587736848,Allium tuberosum
https://static.inaturalist.org/photos/68438105/medium.jpg?1587746002,Allium tuberosum
https://static.inaturalist.org/photos/68695783/medium.jpg?1587805223,Allium tuberosum
https://static.inaturalist.org/photos/68721678/medium.jpg?1587814799,Allium tuberosum
https://static.inaturalist.org/photos/68840968/medium.jpg?1587836374,Allium tuberosum
https://static.inaturalist.org/photos/68914385/medium.jpeg?1587845905,Allium tuberosum
https://static.inaturalist.org/photos/68983966/medium.jpg?1587855530,Allium tuberosum
https://static.inaturalist.org/photos/69118759/medium.jpeg?1587889626,Allium tuberosum
https://static.inaturalist.org/photos/69181153/medium.jpg?1587907642,Allium tuberosum
https://static.inaturalist.org/photos/69714234/medium.jpg?1588015574,Allium tuberosum
https://static.inaturalist.org/photos/69920095/medium.jpeg?1588060420,Allium tuberosum
https://static.inaturalist.org/photos/70764780/medium.jpeg?1588450419,Allium tuberosum
https://static.inaturalist.org/photos/70898637/medium.jpg?1588511224,Allium tuberosum
https://static.inaturalist.org/photos/71232044/medium.jpg?1588637541,Allium tuberosum
https://static.inaturalist.org/photos/72486468/medium.jpg?1589309604,Allium tuberosum
https://static.inaturalist.org/photos/74432345/medium.jpeg?1590211467,Allium tuberosum
https://static.inaturalist.org/photos/76987929/medium.jpg?1591337807,Allium tuberosum
https://static.inaturalist.org/photos/77464757/medium.jpg?1591553504,Allium tuberosum
https://static.inaturalist.org/photos/82463759/medium.jpeg?1593859126,Allium tuberosum
https://static.inaturalist.org/photos/82637363/medium.jpeg?1593937426,Allium tuberosum
https://static.inaturalist.org/photos/82872141/medium.jpeg?1594041722,Allium tuberosum
https://static.inaturalist.org/photos/83385210/medium.jpg?1594290400,Allium tuberosum
https://static.inaturalist.org/photos/83857215/medium.jpeg?1594509721,Allium tuberosum
https://static.inaturalist.org/photos/84089257/medium.jpg?1594599336,Allium tuberosum
https://static.inaturalist.org/photos/84636520/medium.jpg?1594866656,Allium tuberosum
https://static.inaturalist.org/photos/85771694/medium.jpg?1595393230,Allium tuberosum
