image_url,scientific_name
https://static.inaturalist.org/photos/201358/medium.jpg?1352517614,Akebia quinata
https://static.inaturalist.org/photos/518495/medium.jpg?1380439060,Akebia quinata
https://static.inaturalist.org/photos/582239/medium.JPG?1384823833,Akebia quinata
https://static.inaturalist.org/photos/790991/medium.JPG?1397744259,Akebia quinata
https://static.inaturalist.org/photos/846584/medium.jpg?1399827961,Akebia quinata
https://static.inaturalist.org/photos/1200356/medium.?1413263078,Akebia quinata
https://static.inaturalist.org/photos/1223716/medium.?1413321896,Akebia quinata
https://static.inaturalist.org/photos/1248061/medium.?1413386824,Akebia quinata
https://static.inaturalist.org/photos/1515020/medium.jpg?1422485688,Akebia quinata
https://static.inaturalist.org/photos/1701844/medium.jpg?1444322039,Akebia quinata
https://static.inaturalist.org/photos/1722610/medium.jpg?1444341344,Akebia quinata
https://static.inaturalist.org/photos/1920094/medium.JPG?1432686186,Akebia quinata
https://static.inaturalist.org/photos/2153264/medium.JPG?1437288064,Akebia quinata
https://static.inaturalist.org/photos/2340397/medium.jpg?1441313727,Akebia quinata
https://static.inaturalist.org/photos/2411493/medium.jpg?1444670117,Akebia quinata
https://static.inaturalist.org/photos/2575539/medium.jpg?1445941690,Akebia quinata
https://static.inaturalist.org/photos/2590529/medium.jpeg?1446264058,Akebia quinata
https://static.inaturalist.org/photos/2754057/medium.jpg?1449609863,Akebia quinata
https://static.inaturalist.org/photos/2754240/medium.jpg?1449611694,Akebia quinata
https://static.inaturalist.org/photos/2754676/medium.jpg?1449622255,Akebia quinata
https://static.inaturalist.org/photos/2754683/medium.jpg?1449622347,Akebia quinata
https://static.inaturalist.org/photos/2762654/medium.jpg?1449824340,Akebia quinata
https://static.inaturalist.org/photos/2786752/medium.jpg?1450403447,Akebia quinata
https://static.inaturalist.org/photos/2813156/medium.jpg?1451137143,Akebia quinata
https://static.inaturalist.org/photos/2813229/medium.jpg?1451138706,Akebia quinata
https://static.inaturalist.org/photos/3253000/medium.JPG?1459348863,Akebia quinata
https://static.inaturalist.org/photos/3476255/medium.JPG?1461510955,Akebia quinata
https://static.inaturalist.org/photos/3727401/medium.jpg?1463715368,Akebia quinata
https://static.inaturalist.org/photos/3744574/medium.jpeg?1463784348,Akebia quinata
https://static.inaturalist.org/photos/3758784/medium.jpeg?1463848585,Akebia quinata
https://static.inaturalist.org/photos/3917071/medium.jpg?1465153957,Akebia quinata
https://static.inaturalist.org/photos/4226705/medium.jpg?1468129267,Akebia quinata
https://static.inaturalist.org/photos/4407965/medium.jpg?1470004690,Akebia quinata
https://static.inaturalist.org/photos/4535352/medium.jpeg?1471025470,Akebia quinata
https://static.inaturalist.org/photos/4541694/medium.jpg?1471068995,Akebia quinata
https://static.inaturalist.org/photos/4754903/medium.jpeg?1472893966,Akebia quinata
https://static.inaturalist.org/photos/5035675/medium.jpeg?1475020148,Akebia quinata
https://static.inaturalist.org/photos/5072238/medium.jpg?1475309130,Akebia quinata
https://static.inaturalist.org/photos/5082949/medium.jpg?1475383594,Akebia quinata
https://static.inaturalist.org/photos/5179114/medium.jpg?1476082096,Akebia quinata
https://static.inaturalist.org/photos/5708243/medium.jpg?1480983747,Akebia quinata
https://static.inaturalist.org/photos/5965528/medium.jpg?1483693685,Akebia quinata
https://static.inaturalist.org/photos/6639385/medium.jpg?1489968184,Akebia quinata
https://static.inaturalist.org/photos/6827618/medium.jpeg?1491087522,Akebia quinata
https://static.inaturalist.org/photos/6997938/medium.jpg?1491946816,Akebia quinata
https://static.inaturalist.org/photos/7108500/medium.jpg?1492288036,Akebia quinata
https://static.inaturalist.org/photos/7118793/medium.jpeg?1492298117,Akebia quinata
https://static.inaturalist.org/photos/7141113/medium.jpg?1492346134,Akebia quinata
https://static.inaturalist.org/photos/7455173/medium.jpeg?1493208910,Akebia quinata
https://static.inaturalist.org/photos/7504544/medium.jpg?1493420876,Akebia quinata
https://static.inaturalist.org/photos/7575087/medium.jpeg?1493691336,Akebia quinata
https://static.inaturalist.org/photos/7608713/medium.jpg?1493863607,Akebia quinata
https://static.inaturalist.org/photos/7613191/medium.jpg?1493894969,Akebia quinata
https://static.inaturalist.org/photos/7707086/medium.jpg?1494325482,Akebia quinata
https://static.inaturalist.org/photos/7736837/medium.jpg?1494491708,Akebia quinata
https://static.inaturalist.org/photos/8158659/medium.jpg?1496323755,Akebia quinata
https://static.inaturalist.org/photos/8194816/medium.jpeg?1496500950,Akebia quinata
https://static.inaturalist.org/photos/8390061/medium.jpg?1497280027,Akebia quinata
https://static.inaturalist.org/photos/8703230/medium.jpg?1498659261,Akebia quinata
https://static.inaturalist.org/photos/8765461/medium.jpg?1498931154,Akebia quinata
https://static.inaturalist.org/photos/8765619/medium.jpg?1498931478,Akebia quinata
https://static.inaturalist.org/photos/9201654/medium.jpg?1500661852,Akebia quinata
https://static.inaturalist.org/photos/9668989/medium.jpg?1502393899,Akebia quinata
https://static.inaturalist.org/photos/9722370/medium.jpg?1502590623,Akebia quinata
https://static.inaturalist.org/photos/9758667/medium.jpg?1502723932,Akebia quinata
https://static.inaturalist.org/photos/10229860/medium.jpeg?1504559989,Akebia quinata
https://static.inaturalist.org/photos/10527222/medium.jpg?1505677079,Akebia quinata
https://static.inaturalist.org/photos/10603155/medium.jpeg?1505927385,Akebia quinata
https://static.inaturalist.org/photos/10658582/medium.jpg?1506128780,Akebia quinata
https://static.inaturalist.org/photos/11353688/medium.jpg?1508699021,Akebia quinata
https://static.inaturalist.org/photos/11375335/medium.jpg?1508778636,Akebia quinata
https://static.inaturalist.org/photos/11385558/medium.jpg?1508807464,Akebia quinata
https://static.inaturalist.org/photos/11390572/medium.jpeg?1508830079,Akebia quinata
https://static.inaturalist.org/photos/11443324/medium.jpg?1509050033,Akebia quinata
https://static.inaturalist.org/photos/11562361/medium.jpeg?1509497798,Akebia quinata
https://static.inaturalist.org/photos/11641530/medium.jpeg?1509840713,Akebia quinata
https://static.inaturalist.org/photos/11664257/medium.jpg?1509923931,Akebia quinata
https://static.inaturalist.org/photos/11757193/medium.jpeg?1510362905,Akebia quinata
https://static.inaturalist.org/photos/11903469/medium.jpeg?1511055687,Akebia quinata
https://static.inaturalist.org/photos/11955874/medium.jpeg?1511294538,Akebia quinata
https://static.inaturalist.org/photos/11955919/medium.jpeg?1511294773,Akebia quinata
https://static.inaturalist.org/photos/13186697/medium.jpeg?1517200048,Akebia quinata
https://static.inaturalist.org/photos/13208526/medium.jpeg?1517293957,Akebia quinata
https://static.inaturalist.org/photos/14569948/medium.jpg?1522277756,Akebia quinata
https://static.inaturalist.org/photos/15052425/medium.jpg?1523408160,Akebia quinata
https://static.inaturalist.org/photos/15222706/medium.jpg?1523624096,Akebia quinata
https://static.inaturalist.org/photos/15232697/medium.jpg?1523633395,Akebia quinata
https://static.inaturalist.org/photos/16016006/medium.jpeg?1524323398,Akebia quinata
https://static.inaturalist.org/photos/16179416/medium.jpg?1524466254,Akebia quinata
https://static.inaturalist.org/photos/16211167/medium.jpg?1524524026,Akebia quinata
https://static.inaturalist.org/photos/16217515/medium.jpg?1524532336,Akebia quinata
https://static.inaturalist.org/photos/16417756/medium.jpeg?1524843981,Akebia quinata
https://static.inaturalist.org/photos/16442149/medium.jpg?1524851681,Akebia quinata
https://static.inaturalist.org/photos/16588011/medium.jpg?1524928940,Akebia quinata
https://static.inaturalist.org/photos/16644214/medium.jpg?1524942588,Akebia quinata
https://static.inaturalist.org/photos/16650304/medium.jpeg?1524944058,Akebia quinata
https://static.inaturalist.org/photos/16708281/medium.jpeg?1524960996,Akebia quinata
https://static.inaturalist.org/photos/16929463/medium.jpg?1525054333,Akebia quinata
https://static.inaturalist.org/photos/16943929/medium.jpg?1525058599,Akebia quinata
https://static.inaturalist.org/photos/17373293/medium.jpg?1525390922,Akebia quinata
https://static.inaturalist.org/photos/17446187/medium.jpg?1525515610,Akebia quinata
https://static.inaturalist.org/photos/17631577/medium.jpg?1525777424,Akebia quinata
https://static.inaturalist.org/photos/17631810/medium.jpg?1525778108,Akebia quinata
https://static.inaturalist.org/photos/17823202/medium.jpeg?1526096178,Akebia quinata
https://static.inaturalist.org/photos/17855656/medium.jpg?1526154276,Akebia quinata
https://static.inaturalist.org/photos/17869572/medium.jpg?1526168008,Akebia quinata
https://static.inaturalist.org/photos/18483693/medium.jpeg?1527124449,Akebia quinata
https://static.inaturalist.org/photos/18888363/medium.jpeg?1527791100,Akebia quinata
https://static.inaturalist.org/photos/19267265/medium.jpg?1528313271,Akebia quinata
https://static.inaturalist.org/photos/19599419/medium.jpg?1528824711,Akebia quinata
https://static.inaturalist.org/photos/19708469/medium.jpg?1529005690,Akebia quinata
https://static.inaturalist.org/photos/19730032/medium.jpeg?1529036215,Akebia quinata
https://static.inaturalist.org/photos/19974696/medium.jpg?1529420044,Akebia quinata
https://static.inaturalist.org/photos/20226693/medium.jpg?1529816091,Akebia quinata
https://static.inaturalist.org/photos/20528540/medium.jpg?1530319881,Akebia quinata
https://static.inaturalist.org/photos/20540897/medium.jpg?1530341749,Akebia quinata
https://static.inaturalist.org/photos/20719609/medium.jpg?1530616379,Akebia quinata
https://static.inaturalist.org/photos/20806940/medium.jpg?1530751290,Akebia quinata
https://static.inaturalist.org/photos/21147055/medium.jpg?1531275805,Akebia quinata
https://static.inaturalist.org/photos/22023802/medium.jpg?1532636950,Akebia quinata
https://static.inaturalist.org/photos/22071537/medium.jpg?1532704899,Akebia quinata
https://static.inaturalist.org/photos/23150974/medium.jpeg?1534295522,Akebia quinata
https://static.inaturalist.org/photos/23245026/medium.jpeg?1534449669,Akebia quinata
https://static.inaturalist.org/photos/23309666/medium.jpg?1534541552,Akebia quinata
https://static.inaturalist.org/photos/23627887/medium.jpg?1535018081,Akebia quinata
https://static.inaturalist.org/photos/24702073/medium.jpeg?1536677157,Akebia quinata
https://static.inaturalist.org/photos/24830945/medium.jpg?1536867650,Akebia quinata
https://static.inaturalist.org/photos/25127618/medium.jpg?1537294187,Akebia quinata
https://static.inaturalist.org/photos/25168127/medium.jpg?1537368147,Akebia quinata
https://static.inaturalist.org/photos/25214258/medium.jpg?1537441075,Akebia quinata
https://static.inaturalist.org/photos/25214260/medium.jpg?1537441081,Akebia quinata
https://static.inaturalist.org/photos/25276701/medium.jpg?1537537027,Akebia quinata
https://static.inaturalist.org/photos/25655829/medium.jpeg?1538073403,Akebia quinata
https://static.inaturalist.org/photos/25757274/medium.jpg?1538236031,Akebia quinata
https://static.inaturalist.org/photos/25910369/medium.jpg?1538429622,Akebia quinata
https://static.inaturalist.org/photos/25986513/medium.jpg?1538564417,Akebia quinata
https://static.inaturalist.org/photos/26005472/medium.jpeg?1538590234,Akebia quinata
https://static.inaturalist.org/photos/26056427/medium.jpeg?1538673301,Akebia quinata
https://static.inaturalist.org/photos/26076619/medium.jpg?1538698493,Akebia quinata
https://static.inaturalist.org/photos/26125192/medium.jpg?1538779295,Akebia quinata
https://static.inaturalist.org/photos/26148063/medium.jpeg?1538831080,Akebia quinata
https://static.inaturalist.org/photos/26347591/medium.jpg?1539102348,Akebia quinata
https://static.inaturalist.org/photos/26385336/medium.jpg?1539159068,Akebia quinata
https://static.inaturalist.org/photos/26551304/medium.jpeg?1539435983,Akebia quinata
https://static.inaturalist.org/photos/26854329/medium.jpg?1539896228,Akebia quinata
https://static.inaturalist.org/photos/27119902/medium.jpg?1540323063,Akebia quinata
https://static.inaturalist.org/photos/27605947/medium.jpg?1541250594,Akebia quinata
https://static.inaturalist.org/photos/28042596/medium.jpg?1542017113,Akebia quinata
https://static.inaturalist.org/photos/28060181/medium.jpg?1542060792,Akebia quinata
https://static.inaturalist.org/photos/28066522/medium.jpeg?1542072861,Akebia quinata
https://static.inaturalist.org/photos/28081776/medium.jpg?1542124030,Akebia quinata
https://static.inaturalist.org/photos/28113151/medium.jpg?1542217455,Akebia quinata
https://static.inaturalist.org/photos/28323234/medium.jpg?1542724214,Akebia quinata
https://static.inaturalist.org/photos/28664494/medium.jpg?1543522020,Akebia quinata
https://static.inaturalist.org/photos/28765635/medium.jpg?1543777654,Akebia quinata
https://static.inaturalist.org/photos/28939983/medium.jpg?1544223320,Akebia quinata
https://static.inaturalist.org/photos/29262550/medium.jpeg?1545079538,Akebia quinata
https://static.inaturalist.org/photos/30058926/medium.jpeg?1547041516,Akebia quinata
https://static.inaturalist.org/photos/30192937/medium.jpg?1547370813,Akebia quinata
https://static.inaturalist.org/photos/30690294/medium.jpg?1548570033,Akebia quinata
https://static.inaturalist.org/photos/31564665/medium.jpeg?1550467190,Akebia quinata
https://static.inaturalist.org/photos/31921474/medium.jpeg?1550956246,Akebia quinata
https://static.inaturalist.org/photos/31923014/medium.jpeg?1550958079,Akebia quinata
https://static.inaturalist.org/photos/32014927/medium.jpeg?1551124377,Akebia quinata
https://static.inaturalist.org/photos/32148051/medium.jpeg?1551398630,Akebia quinata
https://static.inaturalist.org/photos/32230032/medium.jpg?1551559827,Akebia quinata
https://static.inaturalist.org/photos/32458552/medium.jpg?1551928957,Akebia quinata
https://static.inaturalist.org/photos/32544285/medium.jpg?1552083800,Akebia quinata
https://static.inaturalist.org/photos/32637931/medium.jpg?1552239232,Akebia quinata
https://static.inaturalist.org/photos/32801919/medium.jpg?1552526515,Akebia quinata
https://static.inaturalist.org/photos/32806663/medium.jpg?1552533315,Akebia quinata
https://static.inaturalist.org/photos/33213604/medium.jpeg?1553210771,Akebia quinata
https://static.inaturalist.org/photos/33266518/medium.jpg?1553296398,Akebia quinata
https://static.inaturalist.org/photos/33492956/medium.jpg?1553619632,Akebia quinata
https://static.inaturalist.org/photos/33646865/medium.jpg?1553837169,Akebia quinata
https://static.inaturalist.org/photos/33675689/medium.jpeg?1553882600,Akebia quinata
https://static.inaturalist.org/photos/33711550/medium.jpeg?1553917891,Akebia quinata
https://static.inaturalist.org/photos/33830898/medium.jpg?1554058683,Akebia quinata
https://static.inaturalist.org/photos/33972539/medium.jpg?1554241874,Akebia quinata
https://static.inaturalist.org/photos/34349568/medium.jpeg?1554706596,Akebia quinata
https://static.inaturalist.org/photos/34354011/medium.jpeg?1554718139,Akebia quinata
https://static.inaturalist.org/photos/34462384/medium.jpg?1554844884,Akebia quinata
https://static.inaturalist.org/photos/34517909/medium.jpg?1554917193,Akebia quinata
https://static.inaturalist.org/photos/34620971/medium.jpg?1555033438,Akebia quinata
https://static.inaturalist.org/photos/34628951/medium.jpg?1555042726,Akebia quinata
https://static.inaturalist.org/photos/34713846/medium.jpeg?1555168588,Akebia quinata
https://static.inaturalist.org/photos/34734101/medium.jpg?1555182964,Akebia quinata
https://static.inaturalist.org/photos/34806768/medium.jpg?1555260470,Akebia quinata
https://static.inaturalist.org/photos/34883365/medium.jpeg?1555343338,Akebia quinata
https://static.inaturalist.org/photos/34919369/medium.jpeg?1555378044,Akebia quinata
https://static.inaturalist.org/photos/35074191/medium.jpg?1555549628,Akebia quinata
https://static.inaturalist.org/photos/35195862/medium.jpg?1555693895,Akebia quinata
https://static.inaturalist.org/photos/35199129/medium.jpg?1555696196,Akebia quinata
https://static.inaturalist.org/photos/35201296/medium.jpg?1555697733,Akebia quinata
https://static.inaturalist.org/photos/35345072/medium.jpg?1555836023,Akebia quinata
https://static.inaturalist.org/photos/35345087/medium.jpg?1555836048,Akebia quinata
https://static.inaturalist.org/photos/35345261/medium.jpg?1555836311,Akebia quinata
https://static.inaturalist.org/photos/35370572/medium.jpg?1555863636,Akebia quinata
https://static.inaturalist.org/photos/35403414/medium.jpg?1555881738,Akebia quinata
https://static.inaturalist.org/photos/35424467/medium.jpg?1555893337,Akebia quinata
https://static.inaturalist.org/photos/35457586/medium.jpg?1555931356,Akebia quinata
https://static.inaturalist.org/photos/35643778/medium.jpg?1556106832,Akebia quinata
https://static.inaturalist.org/photos/35643904/medium.jpg?1556107026,Akebia quinata
https://static.inaturalist.org/photos/35643926/medium.jpg?1556107058,Akebia quinata
https://static.inaturalist.org/photos/35643990/medium.jpg?1556107132,Akebia quinata
https://static.inaturalist.org/photos/35644033/medium.jpg?1556107174,Akebia quinata
https://static.inaturalist.org/photos/35689645/medium.jpg?1556146746,Akebia quinata
https://static.inaturalist.org/photos/35760025/medium.jpg?1556220537,Akebia quinata
https://static.inaturalist.org/photos/35849187/medium.jpg?1556284473,Akebia quinata
https://static.inaturalist.org/photos/35883779/medium.jpg?1556293429,Akebia quinata
https://static.inaturalist.org/photos/35951340/medium.jpg?1556306406,Akebia quinata
https://static.inaturalist.org/photos/35955535/medium.jpg?1556307241,Akebia quinata
https://static.inaturalist.org/photos/35977137/medium.jpg?1556311363,Akebia quinata
https://static.inaturalist.org/photos/36026826/medium.jpeg?1556321241,Akebia quinata
https://static.inaturalist.org/photos/36179388/medium.jpg?1556370592,Akebia quinata
https://static.inaturalist.org/photos/36225209/medium.jpg?1556379636,Akebia quinata
https://static.inaturalist.org/photos/36271349/medium.jpg?1556387378,Akebia quinata
https://static.inaturalist.org/photos/36480086/medium.jpeg?1556423131,Akebia quinata
https://static.inaturalist.org/photos/36747825/medium.jpg?1556487750,Akebia quinata
https://static.inaturalist.org/photos/36852132/medium.jpg?1556503853,Akebia quinata
https://static.inaturalist.org/photos/36856239/medium.jpg?1556504535,Akebia quinata
https://static.inaturalist.org/photos/36881287/medium.jpg?1556508847,Akebia quinata
https://static.inaturalist.org/photos/36947100/medium.jpg?1556529084,Akebia quinata
https://static.inaturalist.org/photos/37014189/medium.jpg?1556548809,Akebia quinata
https://static.inaturalist.org/photos/37252032/medium.jpg?1556585815,Akebia quinata
https://static.inaturalist.org/photos/37261949/medium.jpg?1556587276,Akebia quinata
https://static.inaturalist.org/photos/37294307/medium.jpeg?1556591900,Akebia quinata
https://static.inaturalist.org/photos/37295306/medium.jpeg?1556592065,Akebia quinata
https://static.inaturalist.org/photos/37298007/medium.jpeg?1556592520,Akebia quinata
https://static.inaturalist.org/photos/37533535/medium.jpg?1556712254,Akebia quinata
https://static.inaturalist.org/photos/37533897/medium.jpg?1556712538,Akebia quinata
https://static.inaturalist.org/photos/37809180/medium.jpg?1556904636,Akebia quinata
https://static.inaturalist.org/photos/37810233/medium.jpg?1556905332,Akebia quinata
https://static.inaturalist.org/photos/37860650/medium.jpeg?1556936214,Akebia quinata
https://static.inaturalist.org/photos/37914912/medium.jpeg?1556987799,Akebia quinata
https://static.inaturalist.org/photos/38016069/medium.jpg?1557061488,Akebia quinata
https://static.inaturalist.org/photos/38167350/medium.jpg?1557168946,Akebia quinata
https://static.inaturalist.org/photos/38234805/medium.jpeg?1557232517,Akebia quinata
https://static.inaturalist.org/photos/38271042/medium.jpg?1557259727,Akebia quinata
https://static.inaturalist.org/photos/38359749/medium.jpg?1557349053,Akebia quinata
https://static.inaturalist.org/photos/38452477/medium.jpg?1557443620,Akebia quinata
https://static.inaturalist.org/photos/38498375/medium.jpg?1557502226,Akebia quinata
https://static.inaturalist.org/photos/38597194/medium.jpeg?1557600749,Akebia quinata
https://static.inaturalist.org/photos/38608675/medium.jpeg?1557608177,Akebia quinata
https://static.inaturalist.org/photos/38887348/medium.jpg?1557864161,Akebia quinata
https://static.inaturalist.org/photos/38942585/medium.jpg?1557928284,Akebia quinata
https://static.inaturalist.org/photos/38980065/medium.jpeg?1557956481,Akebia quinata
https://static.inaturalist.org/photos/38980194/medium.jpeg?1557956571,Akebia quinata
https://static.inaturalist.org/photos/38980232/medium.jpeg?1557956602,Akebia quinata
https://static.inaturalist.org/photos/38998772/medium.jpg?1557971301,Akebia quinata
https://static.inaturalist.org/photos/39116350/medium.jpg?1558109302,Akebia quinata
https://static.inaturalist.org/photos/39363396/medium.jpg?1558313175,Akebia quinata
https://static.inaturalist.org/photos/39511918/medium.jpg?1558452847,Akebia quinata
https://static.inaturalist.org/photos/40037032/medium.jpeg?1558895805,Akebia quinata
https://static.inaturalist.org/photos/40521364/medium.jpeg?1559312450,Akebia quinata
https://static.inaturalist.org/photos/40647528/medium.jpg?1559411440,Akebia quinata
https://static.inaturalist.org/photos/40647591/medium.jpg?1559411477,Akebia quinata
https://static.inaturalist.org/photos/40654136/medium.jpg?1559414924,Akebia quinata
https://static.inaturalist.org/photos/40958807/medium.jpg?1559647617,Akebia quinata
https://static.inaturalist.org/photos/41001472/medium.jpeg?1559685059,Akebia quinata
https://static.inaturalist.org/photos/41126280/medium.jpeg?1559803861,Akebia quinata
https://static.inaturalist.org/photos/41202076/medium.jpg?1559872897,Akebia quinata
https://static.inaturalist.org/photos/41244175/medium.jpg?1559923304,Akebia quinata
https://static.inaturalist.org/photos/42783222/medium.jpg?1561286936,Akebia quinata
https://static.inaturalist.org/photos/42808911/medium.jpg?1561306243,Akebia quinata
https://static.inaturalist.org/photos/43159412/medium.jpeg?1561586969,Akebia quinata
https://static.inaturalist.org/photos/43229903/medium.jpeg?1561654096,Akebia quinata
https://static.inaturalist.org/photos/43614207/medium.jpg?1561992576,Akebia quinata
https://static.inaturalist.org/photos/43715630/medium.jpg?1562080638,Akebia quinata
https://static.inaturalist.org/photos/43753847/medium.jpeg?1562104263,Akebia quinata
https://static.inaturalist.org/photos/43892878/medium.jpeg?1562243273,Akebia quinata
https://static.inaturalist.org/photos/44127570/medium.jpg?1562442560,Akebia quinata
https://static.inaturalist.org/photos/44713754/medium.jpeg?1562944598,Akebia quinata
https://static.inaturalist.org/photos/44946805/medium.jpg?1563133959,Akebia quinata
https://static.inaturalist.org/photos/44963812/medium.jpg?1563143143,Akebia quinata
https://static.inaturalist.org/photos/45193863/medium.jpg?1563325586,Akebia quinata
https://static.inaturalist.org/photos/45410510/medium.jpeg?1563540845,Akebia quinata
https://static.inaturalist.org/photos/46210112/medium.jpg?1564182215,Akebia quinata
https://static.inaturalist.org/photos/46648608/medium.jpg?1564519318,Akebia quinata
https://static.inaturalist.org/photos/46842369/medium.jpg?1564687793,Akebia quinata
https://static.inaturalist.org/photos/46904261/medium.jpg?1564748676,Akebia quinata
https://static.inaturalist.org/photos/46908417/medium.jpg?1564752443,Akebia quinata
https://static.inaturalist.org/photos/46908533/medium.jpg?1564752568,Akebia quinata
https://static.inaturalist.org/photos/47008238/medium.jpeg?1564840550,Akebia quinata
https://static.inaturalist.org/photos/47242400/medium.jpeg?1565017352,Akebia quinata
https://static.inaturalist.org/photos/47300399/medium.jpeg?1565054205,Akebia quinata
https://static.inaturalist.org/photos/47568238/medium.jpg?1565299476,Akebia quinata
https://static.inaturalist.org/photos/47708864/medium.jpg?1565439686,Akebia quinata
https://static.inaturalist.org/photos/47759780/medium.jpg?1565470773,Akebia quinata
https://static.inaturalist.org/photos/47759926/medium.jpg?1565470849,Akebia quinata
https://static.inaturalist.org/photos/48093364/medium.jpg?1565728003,Akebia quinata
https://static.inaturalist.org/photos/48287306/medium.jpg?1565896030,Akebia quinata
https://static.inaturalist.org/photos/48474678/medium.jpg?1566063968,Akebia quinata
https://static.inaturalist.org/photos/49223913/medium.jpg?1566701695,Akebia quinata
https://static.inaturalist.org/photos/49544418/medium.jpg?1566950526,Akebia quinata
https://static.inaturalist.org/photos/49557398/medium.jpeg?1566960588,Akebia quinata
https://static.inaturalist.org/photos/49818269/medium.jpg?1567192480,Akebia quinata
https://static.inaturalist.org/photos/49871232/medium.jpg?1567242942,Akebia quinata
https://static.inaturalist.org/photos/50107681/medium.jpg?1567426741,Akebia quinata
https://static.inaturalist.org/photos/50392790/medium.jpg?1567659826,Akebia quinata
https://static.inaturalist.org/photos/50572697/medium.jpg?1567831967,Akebia quinata
https://static.inaturalist.org/photos/50634708/medium.jpg?1567886619,Akebia quinata
https://static.inaturalist.org/photos/50909768/medium.jpg?1568106081,Akebia quinata
https://static.inaturalist.org/photos/51351266/medium.jpg?1568498827,Akebia quinata
https://static.inaturalist.org/photos/51395940/medium.jpg?1568543434,Akebia quinata
https://static.inaturalist.org/photos/51404246/medium.jpeg?1568552837,Akebia quinata
https://static.inaturalist.org/photos/51450691/medium.jpg?1568578334,Akebia quinata
https://static.inaturalist.org/photos/51959649/medium.jpg?1569021769,Akebia quinata
https://static.inaturalist.org/photos/52005613/medium.jpg?1569075231,Akebia quinata
https://static.inaturalist.org/photos/52122332/medium.jpg?1569169291,Akebia quinata
https://static.inaturalist.org/photos/52434656/medium.jpeg?1569438805,Akebia quinata
https://static.inaturalist.org/photos/52512482/medium.jpg?1569516220,Akebia quinata
https://static.inaturalist.org/photos/52541721/medium.jpg?1569534552,Akebia quinata
https://static.inaturalist.org/photos/52626938/medium.jpg?1569626742,Akebia quinata
https://static.inaturalist.org/photos/52785926/medium.jpg?1569778121,Akebia quinata
https://static.inaturalist.org/photos/52809717/medium.jpg?1569791712,Akebia quinata
https://static.inaturalist.org/photos/52996124/medium.jpg?1569967406,Akebia quinata
https://static.inaturalist.org/photos/53038382/medium.jpg?1570021358,Akebia quinata
https://static.inaturalist.org/photos/53151084/medium.jpg?1570138068,Akebia quinata
https://static.inaturalist.org/photos/53265472/medium.jpg?1570270390,Akebia quinata
https://static.inaturalist.org/photos/53266175/medium.jpg?1570271584,Akebia quinata
https://static.inaturalist.org/photos/53266177/medium.jpg?1570271589,Akebia quinata
https://static.inaturalist.org/photos/53266204/medium.jpg?1570271633,Akebia quinata
https://static.inaturalist.org/photos/53267674/medium.jpg?1570274514,Akebia quinata
https://static.inaturalist.org/photos/53327448/medium.jpeg?1570316536,Akebia quinata
https://static.inaturalist.org/photos/53350768/medium.jpg?1570335693,Akebia quinata
https://static.inaturalist.org/photos/53350801/medium.jpg?1570335743,Akebia quinata
https://static.inaturalist.org/photos/53518523/medium.jpg?1570485154,Akebia quinata
https://static.inaturalist.org/photos/53735717/medium.jpeg?1570724780,Akebia quinata
https://static.inaturalist.org/photos/53768547/medium.jpg?1570751573,Akebia quinata
https://static.inaturalist.org/photos/53822127/medium.jpg?1570822159,Akebia quinata
https://static.inaturalist.org/photos/53980546/medium.jpg?1570985430,Akebia quinata
https://static.inaturalist.org/photos/54209323/medium.jpeg?1571205960,Akebia quinata
https://static.inaturalist.org/photos/54288396/medium.jpg?1571305168,Akebia quinata
https://static.inaturalist.org/photos/54372593/medium.jpg?1571414680,Akebia quinata
https://static.inaturalist.org/photos/54664944/medium.jpg?1571698707,Akebia quinata
https://static.inaturalist.org/photos/54722117/medium.jpg?1571768172,Akebia quinata
https://static.inaturalist.org/photos/55085805/medium.jpg?1572182825,Akebia quinata
https://static.inaturalist.org/photos/55153134/medium.jpg?1572238177,Akebia quinata
https://static.inaturalist.org/photos/55335126/medium.jpg?1572475241,Akebia quinata
https://static.inaturalist.org/photos/56670583/medium.jpg?1574291388,Akebia quinata
https://static.inaturalist.org/photos/55643868/medium.jpeg?1572895411,Akebia quinata
https://static.inaturalist.org/photos/55652905/medium.jpg?1572903508,Akebia quinata
https://static.inaturalist.org/photos/55746168/medium.jpeg?1573014585,Akebia quinata
https://static.inaturalist.org/photos/55851128/medium.jpeg?1573158280,Akebia quinata
https://static.inaturalist.org/photos/56349460/medium.jpeg?1573850999,Akebia quinata
https://static.inaturalist.org/photos/56389500/medium.jpg?1573916135,Akebia quinata
https://static.inaturalist.org/photos/56402186/medium.jpeg?1573930311,Akebia quinata
https://static.inaturalist.org/photos/56770742/medium.jpg?1574455197,Akebia quinata
https://static.inaturalist.org/photos/56829898/medium.jpeg?1574543299,Akebia quinata
https://static.inaturalist.org/photos/56872865/medium.jpeg?1574595962,Akebia quinata
https://static.inaturalist.org/photos/57247196/medium.jpeg?1575150578,Akebia quinata
https://static.inaturalist.org/photos/57757488/medium.jpeg?1575988048,Akebia quinata
https://static.inaturalist.org/photos/58546834/medium.jpg?1577400106,Akebia quinata
https://static.inaturalist.org/photos/58612721/medium.jpg?1577500550,Akebia quinata
https://static.inaturalist.org/photos/58827456/medium.jpg?1577824422,Akebia quinata
https://static.inaturalist.org/photos/59168093/medium.jpg?1578312843,Akebia quinata
https://static.inaturalist.org/photos/59715735/medium.jpeg?1579160157,Akebia quinata
https://static.inaturalist.org/photos/60673181/medium.jpg?1580599721,Akebia quinata
https://static.inaturalist.org/photos/61399036/medium.jpg?1581629885,Akebia quinata
https://static.inaturalist.org/photos/62189363/medium.jpg?1582662149,Akebia quinata
https://static.inaturalist.org/photos/62311618/medium.jpg?1582830584,Akebia quinata
https://static.inaturalist.org/photos/64149873/medium.jpg?1584827306,Akebia quinata
https://static.inaturalist.org/photos/63095291/medium.jpeg?1583756530,Akebia quinata
https://static.inaturalist.org/photos/63113708/medium.jpg?1583775773,Akebia quinata
https://static.inaturalist.org/photos/63257871/medium.jpg?1583948587,Akebia quinata
https://static.inaturalist.org/photos/63399012/medium.jpg?1584117511,Akebia quinata
https://static.inaturalist.org/photos/63913940/medium.jpeg?1584628202,Akebia quinata
https://static.inaturalist.org/photos/63913951/medium.jpeg?1584628219,Akebia quinata
https://static.inaturalist.org/photos/64011339/medium.jpg?1584718625,Akebia quinata
https://static.inaturalist.org/photos/64020338/medium.jpeg?1584725604,Akebia quinata
https://static.inaturalist.org/photos/64067618/medium.jpeg?1584755205,Akebia quinata
https://static.inaturalist.org/photos/64122594/medium.jpg?1584812755,Akebia quinata
https://static.inaturalist.org/photos/64256395/medium.jpg?1584909169,Akebia quinata
https://static.inaturalist.org/photos/64211177/medium.jpeg?1584881162,Akebia quinata
https://static.inaturalist.org/photos/64237725/medium.jpeg?1584899216,Akebia quinata
https://static.inaturalist.org/photos/64242183/medium.jpg?1584901605,Akebia quinata
https://static.inaturalist.org/photos/64260026/medium.jpeg?1584910952,Akebia quinata
https://static.inaturalist.org/photos/64357167/medium.jpg?1584998285,Akebia quinata
https://static.inaturalist.org/photos/64393998/medium.jpg?1585031728,Akebia quinata
https://static.inaturalist.org/photos/64571506/medium.jpg?1585189161,Akebia quinata
https://static.inaturalist.org/photos/64573895/medium.jpeg?1585191427,Akebia quinata
https://static.inaturalist.org/photos/64580125/medium.jpeg?1585197924,Akebia quinata
https://static.inaturalist.org/photos/64587674/medium.jpeg?1585210237,Akebia quinata
https://static.inaturalist.org/photos/64627399/medium.jpeg?1585248846,Akebia quinata
https://static.inaturalist.org/photos/64705925/medium.jpeg?1585321134,Akebia quinata
https://static.inaturalist.org/photos/64815031/medium.jpeg?1585405672,Akebia quinata
https://static.inaturalist.org/photos/64819475/medium.jpeg?1585408046,Akebia quinata
https://static.inaturalist.org/photos/64828910/medium.jpeg?1585412686,Akebia quinata
https://static.inaturalist.org/photos/64866066/medium.jpg?1585429949,Akebia quinata
https://static.inaturalist.org/photos/64876811/medium.jpg?1585434708,Akebia quinata
https://static.inaturalist.org/photos/64895345/medium.jpeg?1585443939,Akebia quinata
https://static.inaturalist.org/photos/64914128/medium.jpeg?1585458154,Akebia quinata
https://static.inaturalist.org/photos/64945488/medium.jpeg?1585491530,Akebia quinata
https://static.inaturalist.org/photos/65018138/medium.jpeg?1585526404,Akebia quinata
https://static.inaturalist.org/photos/65031277/medium.jpeg?1585534356,Akebia quinata
https://static.inaturalist.org/photos/65053281/medium.jpeg?1585556320,Akebia quinata
https://static.inaturalist.org/photos/65062188/medium.jpeg?1585570708,Akebia quinata
https://static.inaturalist.org/photos/65080677/medium.jpeg?1585584242,Akebia quinata
https://static.inaturalist.org/photos/65102920/medium.jpg?1585595869,Akebia quinata
https://static.inaturalist.org/photos/65177971/medium.jpeg?1585665018,Akebia quinata
https://static.inaturalist.org/photos/65221369/medium.jpg?1585690984,Akebia quinata
https://static.inaturalist.org/photos/65297289/medium.jpeg?1585762834,Akebia quinata
https://static.inaturalist.org/photos/65327301/medium.jpeg?1585779725,Akebia quinata
https://static.inaturalist.org/photos/65342845/medium.jpg?1585788865,Akebia quinata
https://static.inaturalist.org/photos/65353225/medium.jpeg?1585795988,Akebia quinata
https://static.inaturalist.org/photos/65383145/medium.jpeg?1585834698,Akebia quinata
https://static.inaturalist.org/photos/65389402/medium.jpg?1585839669,Akebia quinata
https://static.inaturalist.org/photos/65392216/medium.jpeg?1585841586,Akebia quinata
https://static.inaturalist.org/photos/72240413/medium.jpg?1589163077,Akebia quinata
https://static.inaturalist.org/photos/65468834/medium.jpg?1585886349,Akebia quinata
https://static.inaturalist.org/photos/65532709/medium.jpeg?1585944617,Akebia quinata
https://static.inaturalist.org/photos/65550397/medium.jpeg?1585954458,Akebia quinata
https://static.inaturalist.org/photos/65638552/medium.jpg?1586024095,Akebia quinata
https://static.inaturalist.org/photos/65644270/medium.jpg?1586026653,Akebia quinata
https://static.inaturalist.org/photos/65709584/medium.jpeg?1586060697,Akebia quinata
https://static.inaturalist.org/photos/65748273/medium.jpg?1586098051,Akebia quinata
https://static.inaturalist.org/photos/65879629/medium.jpg?1586174571,Akebia quinata
https://static.inaturalist.org/photos/65800019/medium.jpg?1586119019,Akebia quinata
https://static.inaturalist.org/photos/65824103/medium.jpg?1586128394,Akebia quinata
https://static.inaturalist.org/photos/65826309/medium.jpeg?1586129370,Akebia quinata
https://static.inaturalist.org/photos/65839878/medium.jpeg?1586135822,Akebia quinata
https://static.inaturalist.org/photos/65890774/medium.jpg?1586183858,Akebia quinata
https://static.inaturalist.org/photos/65972139/medium.jpg?1586228706,Akebia quinata
https://static.inaturalist.org/photos/66009197/medium.jpeg?1586271191,Akebia quinata
https://static.inaturalist.org/photos/66039923/medium.jpg?1586287159,Akebia quinata
https://static.inaturalist.org/photos/66081441/medium.jpeg?1586305947,Akebia quinata
https://static.inaturalist.org/photos/66279310/medium.jpg?1586456505,Akebia quinata
https://static.inaturalist.org/photos/66306271/medium.jpg?1586470229,Akebia quinata
https://static.inaturalist.org/photos/66979933/medium.jpg?1586900521,Akebia quinata
https://static.inaturalist.org/photos/66527852/medium.jpeg?1586628181,Akebia quinata
https://static.inaturalist.org/photos/66528796/medium.jpeg?1586628585,Akebia quinata
https://static.inaturalist.org/photos/66897064/medium.jpg?1586838304,Akebia quinata
https://static.inaturalist.org/photos/67142023/medium.jpg?1587008446,Akebia quinata
https://static.inaturalist.org/photos/67194392/medium.jpeg?1587056273,Akebia quinata
https://static.inaturalist.org/photos/67195542/medium.jpeg?1587056849,Akebia quinata
https://static.inaturalist.org/photos/67233400/medium.jpg?1587074113,Akebia quinata
https://static.inaturalist.org/photos/67256524/medium.jpeg?1587086479,Akebia quinata
https://static.inaturalist.org/photos/67259883/medium.jpeg?1587088689,Akebia quinata
https://static.inaturalist.org/photos/67355577/medium.jpg?1587158373,Akebia quinata
https://static.inaturalist.org/photos/67470423/medium.jpeg?1587232817,Akebia quinata
https://static.inaturalist.org/photos/67513047/medium.jpg?1587249131,Akebia quinata
https://static.inaturalist.org/photos/67540063/medium.jpg?1587261415,Akebia quinata
https://static.inaturalist.org/photos/67801793/medium.jpg?1587411515,Akebia quinata
https://static.inaturalist.org/photos/67830046/medium.jpg?1587423851,Akebia quinata
https://static.inaturalist.org/photos/67924743/medium.jpg?1587491358,Akebia quinata
https://static.inaturalist.org/photos/68004966/medium.jpg?1587531301,Akebia quinata
https://static.inaturalist.org/photos/68237840/medium.jpg?1587664977,Akebia quinata
https://static.inaturalist.org/photos/68098151/medium.jpeg?1587586416,Akebia quinata
https://static.inaturalist.org/photos/68117703/medium.jpg?1587593273,Akebia quinata
https://static.inaturalist.org/photos/68129160/medium.jpg?1587597811,Akebia quinata
https://static.inaturalist.org/photos/68343804/medium.jpeg?1587716904,Akebia quinata
https://static.inaturalist.org/photos/68362942/medium.jpg?1587727649,Akebia quinata
https://static.inaturalist.org/photos/68388772/medium.jpeg?1587736376,Akebia quinata
https://static.inaturalist.org/photos/68649636/medium.jpg?1587786421,Akebia quinata
https://static.inaturalist.org/photos/68691332/medium.jpeg?1587803434,Akebia quinata
https://static.inaturalist.org/photos/68700250/medium.jpeg?1587806976,Akebia quinata
https://static.inaturalist.org/photos/68805611/medium.jpg?1587831273,Akebia quinata
https://static.inaturalist.org/photos/68807713/medium.jpeg?1587831729,Akebia quinata
https://static.inaturalist.org/photos/68847636/medium.jpg?1587837220,Akebia quinata
https://static.inaturalist.org/photos/68888462/medium.jpg?1587842547,Akebia quinata
https://static.inaturalist.org/photos/68893007/medium.jpg?1587843158,Akebia quinata
https://static.inaturalist.org/photos/68906301/medium.jpg?1587844928,Akebia quinata
https://static.inaturalist.org/photos/68909341/medium.jpeg?1587845299,Akebia quinata
https://static.inaturalist.org/photos/68925734/medium.jpg?1587847315,Akebia quinata
https://static.inaturalist.org/photos/68905434/medium.jpeg?1587844807,Akebia quinata
https://static.inaturalist.org/photos/68996693/medium.jpg?1587857594,Akebia quinata
https://static.inaturalist.org/photos/69063015/medium.jpg?1587870357,Akebia quinata
https://static.inaturalist.org/photos/69063978/medium.jpeg?1587870575,Akebia quinata
https://static.inaturalist.org/photos/69065087/medium.jpg?1587870818,Akebia quinata
https://static.inaturalist.org/photos/69161146/medium.jpeg?1587903182,Akebia quinata
https://static.inaturalist.org/photos/69141270/medium.jpeg?1587897351,Akebia quinata
https://static.inaturalist.org/photos/69171310/medium.jpg?1587905591,Akebia quinata
https://static.inaturalist.org/photos/68944884/medium.jpg?1587849785,Akebia quinata
https://static.inaturalist.org/photos/69200676/medium.jpeg?1587911434,Akebia quinata
https://static.inaturalist.org/photos/69337267/medium.jpg?1587931543,Akebia quinata
https://static.inaturalist.org/photos/69374698/medium.jpg?1587936744,Akebia quinata
https://static.inaturalist.org/photos/69385318/medium.jpeg?1587938140,Akebia quinata
https://static.inaturalist.org/photos/69461782/medium.jpeg?1587950183,Akebia quinata
https://static.inaturalist.org/photos/69525886/medium.jpg?1587964965,Akebia quinata
https://static.inaturalist.org/photos/69583508/medium.jpg?1587990536,Akebia quinata
https://static.inaturalist.org/photos/69632553/medium.jpg?1588001602,Akebia quinata
https://static.inaturalist.org/photos/69632569/medium.jpg?1588001606,Akebia quinata
https://static.inaturalist.org/photos/69632756/medium.jpg?1588001643,Akebia quinata
https://static.inaturalist.org/photos/69645942/medium.jpg?1588003985,Akebia quinata
https://static.inaturalist.org/photos/69647469/medium.jpeg?1588004247,Akebia quinata
https://static.inaturalist.org/photos/69795017/medium.jpg?1588028888,Akebia quinata
https://static.inaturalist.org/photos/69826275/medium.jpg?1588034255,Akebia quinata
https://static.inaturalist.org/photos/69857815/medium.jpg?1588039765,Akebia quinata
https://static.inaturalist.org/photos/69859456/medium.jpeg?1588040060,Akebia quinata
https://static.inaturalist.org/photos/69934327/medium.jpg?1588071190,Akebia quinata
https://static.inaturalist.org/photos/70093578/medium.jpg?1588126236,Akebia quinata
https://static.inaturalist.org/photos/70105187/medium.jpg?1588131307,Akebia quinata
https://static.inaturalist.org/photos/70128071/medium.jpg?1588145342,Akebia quinata
https://static.inaturalist.org/photos/70233809/medium.jpg?1588194568,Akebia quinata
https://static.inaturalist.org/photos/70264652/medium.jpg?1588205398,Akebia quinata
https://static.inaturalist.org/photos/70454099/medium.jpg?1588299593,Akebia quinata
https://static.inaturalist.org/photos/70674970/medium.jpeg?1588421436,Akebia quinata
https://static.inaturalist.org/photos/70746452/medium.jpg?1588445343,Akebia quinata
https://static.inaturalist.org/photos/70904742/medium.jpg?1588513457,Akebia quinata
https://static.inaturalist.org/photos/70895749/medium.jpg?1588510066,Akebia quinata
https://static.inaturalist.org/photos/70927062/medium.jpeg?1588520039,Akebia quinata
https://static.inaturalist.org/photos/70959425/medium.jpeg?1588527842,Akebia quinata
https://static.inaturalist.org/photos/70968198/medium.jpg?1588529907,Akebia quinata
https://static.inaturalist.org/photos/70990976/medium.jpeg?1588535341,Akebia quinata
https://static.inaturalist.org/photos/71050861/medium.jpeg?1588551519,Akebia quinata
https://static.inaturalist.org/photos/71168020/medium.jpg?1588612651,Akebia quinata
https://static.inaturalist.org/photos/71169321/medium.jpg?1588613128,Akebia quinata
https://static.inaturalist.org/photos/71221398/medium.jpg?1588633361,Akebia quinata
https://static.inaturalist.org/photos/71336760/medium.jpeg?1588701878,Akebia quinata
https://static.inaturalist.org/photos/71552854/medium.jpg?1588815970,Akebia quinata
https://static.inaturalist.org/photos/71567470/medium.jpeg?1588824620,Akebia quinata
https://static.inaturalist.org/photos/71651681/medium.jpeg?1588877760,Akebia quinata
https://static.inaturalist.org/photos/72197295/medium.jpeg?1589145854,Akebia quinata
https://static.inaturalist.org/photos/72487638/medium.jpg?1589310096,Akebia quinata
https://static.inaturalist.org/photos/72036743/medium.jpg?1589069914,Akebia quinata
https://static.inaturalist.org/photos/72047724/medium.jpg?1589074382,Akebia quinata
https://static.inaturalist.org/photos/72113535/medium.jpg?1589118323,Akebia quinata
https://static.inaturalist.org/photos/72134260/medium.jpg?1589126305,Akebia quinata
https://static.inaturalist.org/photos/72213304/medium.jpg?1589151272,Akebia quinata
https://static.inaturalist.org/photos/72668244/medium.jpg?1589407893,Akebia quinata
https://static.inaturalist.org/photos/72833278/medium.jpg?1589498386,Akebia quinata
https://static.inaturalist.org/photos/72840183/medium.jpg?1589501209,Akebia quinata
https://static.inaturalist.org/photos/73017779/medium.jpg?1589593009,Akebia quinata
https://static.inaturalist.org/photos/73076873/medium.jpeg?1589631220,Akebia quinata
https://static.inaturalist.org/photos/73100989/medium.jpg?1589641155,Akebia quinata
https://static.inaturalist.org/photos/73133304/medium.jpg?1589650017,Akebia quinata
https://static.inaturalist.org/photos/73240767/medium.jpg?1589682330,Akebia quinata
https://static.inaturalist.org/photos/73546247/medium.jpg?1589810011,Akebia quinata
https://static.inaturalist.org/photos/73650278/medium.jpeg?1589846356,Akebia quinata
https://static.inaturalist.org/photos/73801882/medium.jpeg?1589923909,Akebia quinata
https://static.inaturalist.org/photos/73856152/medium.jpg?1589946623,Akebia quinata
https://static.inaturalist.org/photos/74017832/medium.jpg?1590020496,Akebia quinata
https://static.inaturalist.org/photos/74703142/medium.jpeg?1590324054,Akebia quinata
https://static.inaturalist.org/photos/74888513/medium.jpg?1590374021,Akebia quinata
https://static.inaturalist.org/photos/75052393/medium.jpg?1590440849,Akebia quinata
https://static.inaturalist.org/photos/75625103/medium.jpg?1590708354,Akebia quinata
https://static.inaturalist.org/photos/75298848/medium.jpeg?1590550328,Akebia quinata
https://static.inaturalist.org/photos/75433819/medium.jpg?1590616646,Akebia quinata
https://static.inaturalist.org/photos/75452482/medium.jpeg?1590623810,Akebia quinata
https://static.inaturalist.org/photos/75458342/medium.jpg?1590626192,Akebia quinata
https://static.inaturalist.org/photos/75938799/medium.jpg?1590861274,Akebia quinata
https://static.inaturalist.org/photos/76015122/medium.jpeg?1590883945,Akebia quinata
https://static.inaturalist.org/photos/76515875/medium.jpg?1591104688,Akebia quinata
https://static.inaturalist.org/photos/76647889/medium.jpg?1591162164,Akebia quinata
https://static.inaturalist.org/photos/76671585/medium.jpg?1591184002,Akebia quinata
https://static.inaturalist.org/photos/77452115/medium.jpg?1591549989,Akebia quinata
https://static.inaturalist.org/photos/78038283/medium.jpeg?1591823089,Akebia quinata
https://static.inaturalist.org/photos/78303849/medium.jpg?1591970589,Akebia quinata
https://static.inaturalist.org/photos/78327537/medium.jpeg?1591979970,Akebia quinata
https://static.inaturalist.org/photos/81067112/medium.jpeg?1593210842,Akebia quinata
https://static.inaturalist.org/photos/81368261/medium.jpeg?1593351837,Akebia quinata
https://static.inaturalist.org/photos/81741162/medium.jpeg?1593502879,Akebia quinata
https://static.inaturalist.org/photos/82978547/medium.jpeg?1594079186,Akebia quinata
https://static.inaturalist.org/photos/83849323/medium.jpg?1594506877,Akebia quinata
https://static.inaturalist.org/photos/83851118/medium.jpg?1594507534,Akebia quinata
https://static.inaturalist.org/photos/85061796/medium.jpg?1595085198,Akebia quinata
https://static.inaturalist.org/photos/85599920/medium.jpeg?1595308429,Akebia quinata
