image_url,scientific_name
https://static.inaturalist.org/photos/619637/medium.jpg?1388377482,Harpagophytum zeyheri
https://static.inaturalist.org/photos/853076/medium.JPG?1400093538,Harpagophytum procumbens procumbens
https://static.inaturalist.org/photos/2099138/medium.JPG?1436273446,Uncarina leptocarpa
https://static.inaturalist.org/photos/2532352/medium.JPG?1444995975,Uncarina leptocarpa
https://static.inaturalist.org/photos/3207288/medium.jpg?1458731435,Harpagophytum
https://static.inaturalist.org/photos/7852449/medium.jpeg?1495024726,Harpagophytum procumbens procumbens
https://static.inaturalist.org/photos/7852542/medium.jpeg?1495025080,Harpagophytum procumbens procumbens
https://static.inaturalist.org/photos/13065810/medium.jpeg?1516689874,Pterodiscus speciosus
https://static.inaturalist.org/photos/13899271/medium.jpeg?1520197520,Harpagophytum zeyheri
https://static.inaturalist.org/photos/15099803/medium.jpg?1523494962,Harpagophytum procumbens procumbens
https://static.inaturalist.org/photos/15160791/medium.jpg?1523560495,Pterodiscus speciosus
https://static.inaturalist.org/photos/15207803/medium.jpg?1523605069,Harpagophytum procumbens transvaalense
https://static.inaturalist.org/photos/19241212/medium.jpg?1528289050,Pterodiscus speciosus
https://static.inaturalist.org/photos/15227428/medium.jpg?1523628759,Harpagophytum
https://static.inaturalist.org/photos/15229839/medium.jpg?1523631060,Harpagophytum procumbens procumbens
https://static.inaturalist.org/photos/15229918/medium.jpg?1523631124,Pterodiscus speciosus
https://static.inaturalist.org/photos/15405131/medium.jpg?1523780242,Harpagophytum procumbens procumbens
https://static.inaturalist.org/photos/15406383/medium.jpg?1523781455,Pterodiscus speciosus
https://static.inaturalist.org/photos/15439410/medium.jpg?1523810651,Pterodiscus speciosus
https://static.inaturalist.org/photos/15711202/medium.jpg?1524058148,Pterodiscus speciosus
https://static.inaturalist.org/photos/15977808/medium.jpg?1524284686,Harpagophytum procumbens transvaalense
https://static.inaturalist.org/photos/19356120/medium.jpg?1528471940,Harpagophytum
https://static.inaturalist.org/photos/17585046/medium.jpeg?1525710018,Harpagophytum zeyheri
https://static.inaturalist.org/photos/18212632/medium.jpg?1526715570,Harpagophytum zeyheri
https://static.inaturalist.org/photos/19395488/medium.jpg?1528527257,Harpagophytum
https://static.inaturalist.org/photos/22203870/medium.jpeg?1532855867,Harpagophytum
https://static.inaturalist.org/photos/22689108/medium.jpg?1533576043,Harpagophytum procumbens
https://static.inaturalist.org/photos/28290237/medium.jpg?1542642107,Harpagophytum
https://static.inaturalist.org/photos/29365324/medium.jpg?1545368796,Pterodiscus speciosus
https://static.inaturalist.org/photos/29670474/medium.jpg?1546138560,Harpagophytum procumbens
https://static.inaturalist.org/photos/29670542/medium.jpg?1546138666,Harpagophytum zeyheri
https://static.inaturalist.org/photos/29829574/medium.jpg?1546505191,Uncarina leptocarpa
https://static.inaturalist.org/photos/30524024/medium.jpg?1548175417,Harpagophytum
https://static.inaturalist.org/photos/35433879/medium.jpeg?1555899468,Harpagophytum procumbens procumbens
https://static.inaturalist.org/photos/35619742/medium.jpeg?1556072687,Harpagophytum procumbens procumbens
https://static.inaturalist.org/photos/51822727/medium.jpeg?1568912443,Pterodiscus speciosus
https://static.inaturalist.org/photos/56208160/medium.jpg?1573622008,Harpagophytum procumbens
https://static.inaturalist.org/photos/57483299/medium.jpg?1575521090,Harpagophytum
https://static.inaturalist.org/photos/57585718/medium.jpeg?1575711365,Harpagophytum procumbens
https://static.inaturalist.org/photos/57797926/medium.jpg?1576051261,Pterodiscus speciosus
https://static.inaturalist.org/photos/58305632/medium.jpg?1576982408,Harpagophytum procumbens transvaalense
https://static.inaturalist.org/photos/58426524/medium.jpg?1577193549,Harpagophytum procumbens
https://static.inaturalist.org/photos/58914202/medium.jpg?1577957583,Harpagophytum
https://static.inaturalist.org/photos/60830158/medium.jpeg?1580800312,Pterodiscus speciosus
https://static.inaturalist.org/photos/63819238/medium.jpg?1584537243,Harpagophytum zeyheri sublobatum
https://static.inaturalist.org/photos/64731264/medium.jpeg?1585335770,Harpagophytum procumbens
https://static.inaturalist.org/photos/65725830/medium.jpg?1586080428,Harpagophytum procumbens procumbens
https://static.inaturalist.org/photos/81963776/medium.jpeg?1593613607,Harpagophytum procumbens procumbens
https://static.inaturalist.org/photos/83406577/medium.jpeg?1594302049,Harpagophytum procumbens
