image_url,scientific_name
https://static.inaturalist.org/photos/967662/medium.jpg?1404583596,Ficus citrifolia
https://static.inaturalist.org/photos/2229426/medium.jpg?1438813772,Ficus citrifolia
https://static.inaturalist.org/photos/3097680/medium.jpg?1457067168,Ficus citrifolia
https://static.inaturalist.org/photos/5799561/medium.jpeg?1481583892,Ficus citrifolia
https://static.inaturalist.org/photos/6486508/medium.jpeg?1488908479,Ficus citrifolia
https://static.inaturalist.org/photos/6616843/medium.jpg?1489832235,Ficus citrifolia
https://static.inaturalist.org/photos/6658423/medium.jpg?1490086795,Ficus citrifolia
https://static.inaturalist.org/photos/6659814/medium.jpg?1490108295,Ficus citrifolia
https://static.inaturalist.org/photos/6675454/medium.jpg?1490212921,Ficus citrifolia
https://static.inaturalist.org/photos/7051776/medium.jpg?1492191777,Ficus citrifolia
https://static.inaturalist.org/photos/8055501/medium.jpg?1495905762,Ficus citrifolia
https://static.inaturalist.org/photos/8471723/medium.jpg?1497642486,Ficus citrifolia
https://static.inaturalist.org/photos/8518612/medium.jpg?1497842225,Ficus citrifolia
https://static.inaturalist.org/photos/8518692/medium.jpg?1497842438,Ficus citrifolia
https://static.inaturalist.org/photos/8518777/medium.jpg?1497842779,Ficus citrifolia
https://static.inaturalist.org/photos/8518844/medium.jpg?1497843082,Ficus citrifolia
https://static.inaturalist.org/photos/8518894/medium.jpg?1497843277,Ficus citrifolia
https://static.inaturalist.org/photos/9540243/medium.jpg?1501936901,Ficus citrifolia
https://static.inaturalist.org/photos/12134373/medium.jpeg?1512086007,Ficus citrifolia
https://static.inaturalist.org/photos/12687540/medium.jpeg?1514938614,Ficus citrifolia
https://static.inaturalist.org/photos/18312737/medium.jpeg?1526855501,Ficus citrifolia
https://static.inaturalist.org/photos/20898618/medium.jpg?1530902960,Ficus citrifolia
https://static.inaturalist.org/photos/29199775/medium.jpg?1544917001,Ficus citrifolia
https://static.inaturalist.org/photos/29771991/medium.jpg?1546377553,Ficus citrifolia
https://static.inaturalist.org/photos/30342551/medium.jpeg?1547755283,Ficus citrifolia
https://static.inaturalist.org/photos/33813696/medium.jpg?1554043342,Ficus citrifolia
https://static.inaturalist.org/photos/34031839/medium.jpg?1554326084,Ficus citrifolia
https://static.inaturalist.org/photos/35081224/medium.jpeg?1555555731,Ficus citrifolia
https://static.inaturalist.org/photos/40193238/medium.jpg?1559004102,Ficus citrifolia
https://static.inaturalist.org/photos/53471145/medium.jpeg?1570450291,Ficus citrifolia
https://static.inaturalist.org/photos/53874672/medium.jpg?1570889784,Ficus citrifolia
https://static.inaturalist.org/photos/55261522/medium.jpeg?1572380562,Ficus citrifolia
https://static.inaturalist.org/photos/58633036/medium.jpg?1577541647,Ficus citrifolia
https://static.inaturalist.org/photos/58917958/medium.jpeg?1577968765,Ficus citrifolia
https://static.inaturalist.org/photos/59287432/medium.jpg?1578503614,Ficus citrifolia
https://static.inaturalist.org/photos/59570481/medium.jpeg?1578939910,Ficus citrifolia
https://static.inaturalist.org/photos/61136979/medium.jpeg?1581260165,Ficus citrifolia
https://static.inaturalist.org/photos/61436400/medium.jpeg?1581693522,Ficus citrifolia
https://static.inaturalist.org/photos/61465435/medium.jpeg?1581729421,Ficus citrifolia
https://static.inaturalist.org/photos/61465594/medium.jpeg?1581729652,Ficus citrifolia
https://static.inaturalist.org/photos/61834617/medium.jpeg?1582209868,Ficus citrifolia
https://static.inaturalist.org/photos/63330291/medium.jpeg?1584031608,Ficus citrifolia
https://static.inaturalist.org/photos/64290521/medium.jpg?1584928156,Ficus citrifolia
https://static.inaturalist.org/photos/66972151/medium.jpg?1586896839,Ficus citrifolia
https://static.inaturalist.org/photos/67080505/medium.jpeg?1586976181,Ficus citrifolia
https://static.inaturalist.org/photos/67128984/medium.jpg?1586999648,Ficus citrifolia
https://static.inaturalist.org/photos/68081553/medium.jpg?1587580758,Ficus citrifolia
https://static.inaturalist.org/photos/73183342/medium.jpeg?1589663270,Ficus citrifolia
https://static.inaturalist.org/photos/75712033/medium.jpg?1590759965,Ficus citrifolia
https://static.inaturalist.org/photos/76600276/medium.jpeg?1591137329,Ficus citrifolia
https://static.inaturalist.org/photos/79543790/medium.jpg?1592516974,Ficus citrifolia
https://static.inaturalist.org/photos/81100042/medium.jpg?1593225901,Ficus citrifolia
https://static.inaturalist.org/photos/81297397/medium.jpg?1593309971,Ficus citrifolia
https://static.inaturalist.org/photos/82835222/medium.jpg?1594014978,Ficus citrifolia
