image_url,scientific_name
https://static.inaturalist.org/photos/86799/medium.JPG,Dudleya edulis
https://static.inaturalist.org/photos/93612/medium.JPG,Dudleya edulis
https://static.inaturalist.org/photos/273354/medium.jpg?1363378668,Dudleya edulis
https://static.inaturalist.org/photos/300844/medium.jpg?1366331984,Dudleya edulis
https://static.inaturalist.org/photos/307691/medium.jpg?1367026522,Dudleya edulis
https://static.inaturalist.org/photos/317106/medium.jpg?1367713382,Dudleya edulis
https://static.inaturalist.org/photos/393853/medium.jpg?1444675967,Dudleya edulis
https://static.inaturalist.org/photos/581042/medium.JPG?1384736213,Dudleya edulis
https://static.inaturalist.org/photos/649221/medium.jpg?1444424360,Dudleya edulis
https://static.inaturalist.org/photos/678516/medium.jpg?1444483649,Dudleya edulis
https://static.inaturalist.org/photos/755959/medium.jpg?1444511377,Dudleya edulis
https://static.inaturalist.org/photos/812941/medium.jpg?1444492772,Dudleya edulis
https://static.inaturalist.org/photos/814768/medium.jpg?1444494387,Dudleya edulis
https://static.inaturalist.org/photos/946708/medium.jpg?1444609215,Dudleya edulis
https://static.inaturalist.org/photos/947929/medium.jpg?1444610078,Dudleya edulis
https://static.inaturalist.org/photos/1097272/medium.jpg?1444341366,Dudleya edulis
https://static.inaturalist.org/photos/1317311/medium.jpg?1444657697,Dudleya edulis
https://static.inaturalist.org/photos/1406155/medium.jpg?1444688515,Dudleya edulis
https://static.inaturalist.org/photos/1444564/medium.jpg?1444725321,Dudleya edulis
https://static.inaturalist.org/photos/1454944/medium.jpg?1444688537,Dudleya edulis
https://static.inaturalist.org/photos/1498775/medium.jpg?1444723016,Dudleya edulis
https://static.inaturalist.org/photos/1527255/medium.jpg?1444278688,Dudleya edulis
https://static.inaturalist.org/photos/1527260/medium.jpg?1444278721,Dudleya edulis
https://static.inaturalist.org/photos/1542036/medium.jpg?1444288611,Dudleya edulis
https://static.inaturalist.org/photos/1544117/medium.jpg?1423523063,Dudleya edulis
https://static.inaturalist.org/photos/1559323/medium.jpg?1444300959,Dudleya edulis
https://static.inaturalist.org/photos/1559324/medium.jpg?1444393101,Dudleya edulis
https://static.inaturalist.org/photos/1578233/medium.jpg?1444317030,Dudleya edulis
https://static.inaturalist.org/photos/1590456/medium.JPG?1425334468,Dudleya edulis
https://static.inaturalist.org/photos/1616748/medium.JPG?1426196853,Dudleya edulis
https://static.inaturalist.org/photos/1659157/medium.jpg?1444414864,Dudleya edulis
https://static.inaturalist.org/photos/1670502/medium.jpg?1444423312,Dudleya edulis
https://static.inaturalist.org/photos/1700950/medium.jpg?1444321110,Dudleya edulis
https://static.inaturalist.org/photos/1768004/medium.jpg?1444401100,Dudleya edulis
https://static.inaturalist.org/photos/1768005/medium.jpg?1444401106,Dudleya edulis
https://static.inaturalist.org/photos/1812715/medium.JPG?1430980443,Dudleya edulis
https://static.inaturalist.org/photos/1964881/medium.jpg?1444439195,Dudleya edulis
https://static.inaturalist.org/photos/1964883/medium.jpg?1444439205,Dudleya edulis
https://static.inaturalist.org/photos/2004025/medium.jpg?1444424812,Dudleya edulis
https://static.inaturalist.org/photos/2060080/medium.JPG?1435461404,Dudleya edulis
https://static.inaturalist.org/photos/2063893/medium.jpg?1444469033,Dudleya edulis
https://static.inaturalist.org/photos/2063894/medium.jpg?1444658454,Dudleya edulis
https://static.inaturalist.org/photos/2063895/medium.jpg?1444469101,Dudleya edulis
https://static.inaturalist.org/photos/2063896/medium.jpg?1444469107,Dudleya edulis
https://static.inaturalist.org/photos/2063897/medium.jpg?1444469113,Dudleya edulis
https://static.inaturalist.org/photos/2099613/medium.jpg?1444673299,Dudleya edulis
https://static.inaturalist.org/photos/2330955/medium.jpg?1444538406,Dudleya edulis
https://static.inaturalist.org/photos/2349769/medium.jpg?1441562657,Dudleya edulis
https://static.inaturalist.org/photos/2564864/medium.jpg?1544709905,Dudleya edulis
https://static.inaturalist.org/photos/2638949/medium.jpg?1447215474,Dudleya edulis
https://static.inaturalist.org/photos/2648446/medium.jpg?1447440618,Dudleya edulis
https://static.inaturalist.org/photos/2648451/medium.jpg?1447440623,Dudleya edulis
https://static.inaturalist.org/photos/2872365/medium.jpg?1452567267,Dudleya edulis
https://static.inaturalist.org/photos/2886947/medium.jpg?1452912137,Dudleya edulis
https://static.inaturalist.org/photos/2886955/medium.jpg?1452912159,Dudleya edulis
https://static.inaturalist.org/photos/2892130/medium.jpg?1453013376,Dudleya edulis
https://static.inaturalist.org/photos/2979037/medium.JPG?1454816648,Dudleya edulis
https://static.inaturalist.org/photos/3046518/medium.jpg?1456103489,Dudleya edulis
https://static.inaturalist.org/photos/3073346/medium.JPG?1456635579,Dudleya edulis
https://static.inaturalist.org/photos/3114929/medium.JPG?1457370966,Dudleya edulis
https://static.inaturalist.org/photos/3115298/medium.JPG?1457375057,Dudleya edulis
https://static.inaturalist.org/photos/3117417/medium.jpg?1457399590,Dudleya edulis
https://static.inaturalist.org/photos/3117752/medium.JPG?1457402518,Dudleya edulis
https://static.inaturalist.org/photos/3143725/medium.jpeg?1457844628,Dudleya edulis
https://static.inaturalist.org/photos/3155202/medium.jpeg?1457989757,Dudleya edulis
https://static.inaturalist.org/photos/3250460/medium.JPG?1459295859,Dudleya edulis
https://static.inaturalist.org/photos/3328331/medium.JPG?1460253129,Dudleya edulis
https://static.inaturalist.org/photos/3345469/medium.jpg?1460431779,Dudleya edulis
https://static.inaturalist.org/photos/3345470/medium.jpg?1460431782,Dudleya edulis
https://static.inaturalist.org/photos/3345471/medium.jpg?1460431786,Dudleya edulis
https://static.inaturalist.org/photos/3354049/medium.jpg?1460555776,Dudleya edulis
https://static.inaturalist.org/photos/3390735/medium.jpg?1460870035,Dudleya edulis
https://static.inaturalist.org/photos/3417403/medium.jpg?1461079451,Dudleya edulis
https://static.inaturalist.org/photos/3428599/medium.jpg?1461168744,Dudleya edulis
https://static.inaturalist.org/photos/3591788/medium.jpg?1462497758,Dudleya edulis
https://static.inaturalist.org/photos/3682707/medium.jpg?1463353500,Dudleya edulis
https://static.inaturalist.org/photos/3682709/medium.jpg?1463353512,Dudleya edulis
https://static.inaturalist.org/photos/3682782/medium.jpg?1463353684,Dudleya edulis
https://static.inaturalist.org/photos/3747944/medium.jpg?1463797266,Dudleya edulis
https://static.inaturalist.org/photos/3750672/medium.JPG?1463808101,Dudleya edulis
https://static.inaturalist.org/photos/3758438/medium.jpg?1463847775,Dudleya edulis
https://static.inaturalist.org/photos/3760534/medium.jpeg?1463851575,Dudleya edulis
https://static.inaturalist.org/photos/3760604/medium.jpeg?1463851687,Dudleya edulis
https://static.inaturalist.org/photos/3760993/medium.jpg?1463852283,Dudleya edulis
https://static.inaturalist.org/photos/3763156/medium.jpg?1463856095,Dudleya edulis
https://static.inaturalist.org/photos/3770729/medium.jpg?1463874645,Dudleya edulis
https://static.inaturalist.org/photos/3772058/medium.jpg?1463879689,Dudleya edulis
https://static.inaturalist.org/photos/3772960/medium.jpg?1463882948,Dudleya edulis
https://static.inaturalist.org/photos/3775596/medium.jpeg?1463891694,Dudleya edulis
https://static.inaturalist.org/photos/3803843/medium.JPG?1464107359,Dudleya edulis
https://static.inaturalist.org/photos/3854469/medium.jpg?1464581442,Dudleya edulis
https://static.inaturalist.org/photos/3992582/medium.jpg?1465754837,Dudleya edulis
https://static.inaturalist.org/photos/3993491/medium.jpg?1465758558,Dudleya edulis
https://static.inaturalist.org/photos/3999262/medium.jpg?1465789397,Dudleya edulis
https://static.inaturalist.org/photos/4065129/medium.jpg?1466486107,Dudleya edulis
https://static.inaturalist.org/photos/4065177/medium.jpg?1466486546,Dudleya edulis
https://static.inaturalist.org/photos/4265428/medium.jpg?1468551788,Dudleya edulis
https://static.inaturalist.org/photos/4297937/medium.jpg?1468901059,Dudleya edulis
https://static.inaturalist.org/photos/4348475/medium.jpeg?1469408040,Dudleya edulis
https://static.inaturalist.org/photos/4348658/medium.jpeg?1469409707,Dudleya edulis
https://static.inaturalist.org/photos/4354972/medium.jpeg?1469470567,Dudleya edulis
https://static.inaturalist.org/photos/4405739/medium.jpeg?1469989615,Dudleya edulis
https://static.inaturalist.org/photos/4715346/medium.jpg?1472536517,Dudleya edulis
https://static.inaturalist.org/photos/4715355/medium.jpg?1472536557,Dudleya edulis
https://static.inaturalist.org/photos/4997325/medium.jpg?1474755424,Dudleya edulis
https://static.inaturalist.org/photos/5234587/medium.jpeg?1476597232,Dudleya edulis
https://static.inaturalist.org/photos/5681912/medium.jpg?1480730777,Dudleya edulis
https://static.inaturalist.org/photos/5698914/medium.jpeg?1480899860,Dudleya edulis
https://static.inaturalist.org/photos/5767176/medium.jpg?1481345924,Dudleya edulis
https://static.inaturalist.org/photos/5841983/medium.jpeg?1482116214,Dudleya edulis
https://static.inaturalist.org/photos/5911273/medium.jpeg?1483073845,Dudleya edulis
https://static.inaturalist.org/photos/5917280/medium.jpg?1483135065,Dudleya edulis
https://static.inaturalist.org/photos/5935295/medium.jpeg?1483372180,Dudleya edulis
https://static.inaturalist.org/photos/5943120/medium.jpg?1483424452,Dudleya edulis
https://static.inaturalist.org/photos/5956124/medium.jpg?1483582049,Dudleya edulis
https://static.inaturalist.org/photos/5971000/medium.jpeg?1483763338,Dudleya edulis
https://static.inaturalist.org/photos/6100497/medium.jpeg?1485134175,Dudleya edulis
https://static.inaturalist.org/photos/6129722/medium.jpeg?1485488958,Dudleya edulis
https://static.inaturalist.org/photos/6129859/medium.jpeg?1485491696,Dudleya edulis
https://static.inaturalist.org/photos/6142319/medium.jpeg?1485657042,Dudleya edulis
https://static.inaturalist.org/photos/6186489/medium.jpg?1486157675,Dudleya edulis
https://static.inaturalist.org/photos/6189049/medium.jpeg?1486177642,Dudleya edulis
https://static.inaturalist.org/photos/6207952/medium.jpg?1486355664,Dudleya edulis
https://static.inaturalist.org/photos/6195331/medium.jpeg?1486250895,Dudleya edulis
https://static.inaturalist.org/photos/6195350/medium.jpeg?1486251050,Dudleya edulis
https://static.inaturalist.org/photos/6197623/medium.jpg?1486264710,Dudleya edulis
https://static.inaturalist.org/photos/6197975/medium.jpg?1486266819,Dudleya edulis
https://static.inaturalist.org/photos/6212481/medium.jpg?1486414036,Dudleya edulis
https://static.inaturalist.org/photos/6212539/medium.jpg?1486414137,Dudleya edulis
https://static.inaturalist.org/photos/6215559/medium.jpg?1486433972,Dudleya edulis
https://static.inaturalist.org/photos/6224546/medium.jpeg?1486520323,Dudleya edulis
https://static.inaturalist.org/photos/6271333/medium.jpeg?1486970569,Dudleya edulis
https://static.inaturalist.org/photos/6286243/medium.jpg?1487131811,Dudleya edulis
https://static.inaturalist.org/photos/6362820/medium.jpg?1487878143,Dudleya edulis
https://static.inaturalist.org/photos/6367507/medium.jpeg?1487907534,Dudleya edulis
https://static.inaturalist.org/photos/6367515/medium.jpeg?1487907607,Dudleya edulis
https://static.inaturalist.org/photos/6367582/medium.jpeg?1487907880,Dudleya edulis
https://static.inaturalist.org/photos/6391249/medium.jpeg?1488089424,Dudleya edulis
https://static.inaturalist.org/photos/6468211/medium.jpg?1488755109,Dudleya edulis
https://static.inaturalist.org/photos/6556449/medium.jpg?1489420316,Dudleya edulis
https://static.inaturalist.org/photos/6576475/medium.jpg?1489546100,Dudleya edulis
https://static.inaturalist.org/photos/6691704/medium.jpeg?1490317884,Dudleya edulis
https://static.inaturalist.org/photos/6719913/medium.jpg?1490483377,Dudleya edulis
https://static.inaturalist.org/photos/6765172/medium.jpeg?1490731804,Dudleya edulis
https://static.inaturalist.org/photos/6773362/medium.jpeg?1490761355,Dudleya edulis
https://static.inaturalist.org/photos/6782327/medium.jpg?1490824065,Dudleya edulis
https://static.inaturalist.org/photos/6829573/medium.jpg?1491092492,Dudleya edulis
https://static.inaturalist.org/photos/6914745/medium.jpg?1491536308,Dudleya edulis
https://static.inaturalist.org/photos/6942258/medium.jpg?1491691960,Dudleya edulis
https://static.inaturalist.org/photos/6959642/medium.jpeg?1491770323,Dudleya edulis
https://static.inaturalist.org/photos/6961276/medium.jpeg?1491774972,Dudleya edulis
https://static.inaturalist.org/photos/6963755/medium.jpg?1491781182,Dudleya edulis
https://static.inaturalist.org/photos/6980257/medium.jpg?1491856225,Dudleya edulis
https://static.inaturalist.org/photos/7220455/medium.jpeg?1492478572,Dudleya edulis
https://static.inaturalist.org/photos/7310459/medium.jpg?1492673007,Dudleya edulis
https://static.inaturalist.org/photos/7329224/medium.jpeg?1492738825,Dudleya edulis
https://static.inaturalist.org/photos/7578790/medium.jpg?1493707472,Dudleya edulis
https://static.inaturalist.org/photos/7704101/medium.jpg?1494299678,Dudleya edulis
https://static.inaturalist.org/photos/8041682/medium.jpg?1495837522,Dudleya edulis
https://static.inaturalist.org/photos/8170547/medium.jpeg?1496371056,Dudleya edulis
https://static.inaturalist.org/photos/8432557/medium.jpeg?1497460326,Dudleya edulis
https://static.inaturalist.org/photos/8566194/medium.jpeg?1498067827,Dudleya edulis
https://static.inaturalist.org/photos/8608688/medium.jpg?1498269043,Dudleya edulis
https://static.inaturalist.org/photos/8630315/medium.jpg?1498361969,Dudleya edulis
https://static.inaturalist.org/photos/8775881/medium.jpeg?1498958363,Dudleya edulis
https://static.inaturalist.org/photos/8824649/medium.jpg?1499140655,Dudleya edulis
https://static.inaturalist.org/photos/8923564/medium.jpg?1499562996,Dudleya edulis
https://static.inaturalist.org/photos/9227018/medium.jpg?1500758015,Dudleya edulis
https://static.inaturalist.org/photos/9395103/medium.jpg?1501370103,Dudleya edulis
https://static.inaturalist.org/photos/9528099/medium.jpeg?1501875421,Dudleya edulis
https://static.inaturalist.org/photos/9720736/medium.jpg?1502586599,Dudleya edulis
https://static.inaturalist.org/photos/10714877/medium.jpg?1506303179,Dudleya edulis
https://static.inaturalist.org/photos/10720883/medium.jpeg?1506320829,Dudleya edulis
https://static.inaturalist.org/photos/10728125/medium.jpeg?1506359698,Dudleya edulis
https://static.inaturalist.org/photos/10880971/medium.jpeg?1506899754,Dudleya edulis
https://static.inaturalist.org/photos/11212580/medium.jpg?1508118117,Dudleya edulis
https://static.inaturalist.org/photos/11833042/medium.jpg?1510702993,Dudleya edulis
https://static.inaturalist.org/photos/12055147/medium.jpeg?1511738571,Dudleya edulis
https://static.inaturalist.org/photos/12552058/medium.jpeg?1514309991,Dudleya edulis
https://static.inaturalist.org/photos/12567260/medium.jpg?1514395738,Dudleya edulis
https://static.inaturalist.org/photos/12585968/medium.jpeg?1514488651,Dudleya edulis
https://static.inaturalist.org/photos/12587797/medium.jpeg?1514494839,Dudleya edulis
https://static.inaturalist.org/photos/12591713/medium.jpg?1514508861,Dudleya edulis
https://static.inaturalist.org/photos/12776822/medium.jpg?1515379458,Dudleya edulis
https://static.inaturalist.org/photos/13163385/medium.jpg?1517111210,Dudleya edulis
https://static.inaturalist.org/photos/13165373/medium.jpeg?1517119207,Dudleya edulis
https://static.inaturalist.org/photos/13264115/medium.jpeg?1517538123,Dudleya edulis
https://static.inaturalist.org/photos/13326461/medium.jpg?1517806636,Dudleya edulis
https://static.inaturalist.org/photos/13408983/medium.jpg?1518204219,Dudleya edulis
https://static.inaturalist.org/photos/13500706/medium.jpeg?1518594611,Dudleya edulis
https://static.inaturalist.org/photos/13603487/medium.jpg?1519014739,Dudleya edulis
https://static.inaturalist.org/photos/13633647/medium.jpeg?1519148055,Dudleya edulis
https://static.inaturalist.org/photos/13633734/medium.jpeg?1519148244,Dudleya edulis
https://static.inaturalist.org/photos/13636747/medium.jpeg?1519156548,Dudleya edulis
https://static.inaturalist.org/photos/13636847/medium.jpeg?1519156795,Dudleya edulis
https://static.inaturalist.org/photos/13681412/medium.jpg?1519348115,Dudleya edulis
https://static.inaturalist.org/photos/13710153/medium.jpeg?1519488704,Dudleya edulis
https://static.inaturalist.org/photos/13711338/medium.jpeg?1519493330,Dudleya edulis
https://static.inaturalist.org/photos/13711551/medium.jpeg?1519493893,Dudleya edulis
https://static.inaturalist.org/photos/13712598/medium.jpeg?1519496360,Dudleya edulis
https://static.inaturalist.org/photos/13720811/medium.jpeg?1519520394,Dudleya edulis
https://static.inaturalist.org/photos/13726395/medium.jpeg?1519534412,Dudleya edulis
https://static.inaturalist.org/photos/13741087/medium.jpeg?1519598948,Dudleya edulis
https://static.inaturalist.org/photos/13799911/medium.jpg?1519832979,Dudleya edulis
https://static.inaturalist.org/photos/13819852/medium.jpg?1519917799,Dudleya edulis
https://static.inaturalist.org/photos/13828426/medium.jpg?1519946627,Dudleya edulis
https://static.inaturalist.org/photos/13864645/medium.jpg?1520101668,Dudleya edulis
https://static.inaturalist.org/photos/13865052/medium.jpeg?1520102261,Dudleya edulis
https://static.inaturalist.org/photos/13865184/medium.jpg?1520102487,Dudleya edulis
https://static.inaturalist.org/photos/13876016/medium.jpeg?1520121859,Dudleya edulis
https://static.inaturalist.org/photos/13882252/medium.jpg?1520135463,Dudleya edulis
https://static.inaturalist.org/photos/13883086/medium.jpg?1520137466,Dudleya edulis
https://static.inaturalist.org/photos/13886527/medium.jpeg?1520150095,Dudleya edulis
https://static.inaturalist.org/photos/13904313/medium.jpeg?1520209743,Dudleya edulis
https://static.inaturalist.org/photos/13927397/medium.jpeg?1520288793,Dudleya edulis
https://static.inaturalist.org/photos/14178270/medium.jpg?1521147667,Dudleya edulis
https://static.inaturalist.org/photos/14180966/medium.jpg?1521154581,Dudleya edulis
https://static.inaturalist.org/photos/14188111/medium.jpg?1521174800,Dudleya edulis
https://static.inaturalist.org/photos/14238241/medium.jpeg?1521338411,Dudleya edulis
https://static.inaturalist.org/photos/14268202/medium.jpeg?1521419672,Dudleya edulis
https://static.inaturalist.org/photos/14317205/medium.jpg?1521571193,Dudleya edulis
https://static.inaturalist.org/photos/14317306/medium.jpg?1521571355,Dudleya edulis
https://static.inaturalist.org/photos/14426629/medium.jpg?1521906803,Dudleya edulis
https://static.inaturalist.org/photos/14479012/medium.jpeg?1522022572,Dudleya edulis
https://static.inaturalist.org/photos/14485147/medium.jpg?1522034250,Dudleya edulis
https://static.inaturalist.org/photos/14496640/medium.jpeg?1522082778,Dudleya edulis
https://static.inaturalist.org/photos/14518655/medium.jpg?1522129869,Dudleya edulis
https://static.inaturalist.org/photos/14607362/medium.jpg?1522379934,Dudleya edulis
https://static.inaturalist.org/photos/14630666/medium.jpeg?1522448336,Dudleya edulis
https://static.inaturalist.org/photos/14658668/medium.jpg?1522522018,Dudleya edulis
https://static.inaturalist.org/photos/14672475/medium.jpeg?1522545186,Dudleya edulis
https://static.inaturalist.org/photos/14693801/medium.jpeg?1522607568,Dudleya edulis
https://static.inaturalist.org/photos/14712541/medium.jpg?1522635273,Dudleya edulis
https://static.inaturalist.org/photos/14729322/medium.jpeg?1522684374,Dudleya edulis
https://static.inaturalist.org/photos/14809070/medium.jpeg?1522865239,Dudleya edulis
https://static.inaturalist.org/photos/14826084/medium.jpg?1522894083,Dudleya edulis
https://static.inaturalist.org/photos/14860537/medium.jpeg?1522978717,Dudleya edulis
https://static.inaturalist.org/photos/14889476/medium.jpg?1523054697,Dudleya edulis
https://static.inaturalist.org/photos/14926447/medium.jpg?1523142225,Dudleya edulis
https://static.inaturalist.org/photos/14953662/medium.jpg?1523209052,Dudleya edulis
https://static.inaturalist.org/photos/14954563/medium.jpeg?1523210042,Dudleya edulis
https://static.inaturalist.org/photos/15023089/medium.jpeg?1523342869,Dudleya edulis
https://static.inaturalist.org/photos/15066652/medium.jpeg?1523438460,Dudleya edulis
https://static.inaturalist.org/photos/15286749/medium.jpg?1523675749,Dudleya edulis
https://static.inaturalist.org/photos/15371025/medium.jpeg?1523750254,Dudleya edulis
https://static.inaturalist.org/photos/15744565/medium.jpeg?1524083163,Dudleya edulis
https://static.inaturalist.org/photos/15830496/medium.jpg?1524164052,Dudleya edulis
https://static.inaturalist.org/photos/16044992/medium.jpg?1524342115,Dudleya edulis
https://static.inaturalist.org/photos/16143599/medium.jpg?1524430939,Dudleya edulis
https://static.inaturalist.org/photos/16157475/medium.jpg?1524441602,Dudleya edulis
https://static.inaturalist.org/photos/16294251/medium.jpg?1524679606,Dudleya edulis
https://static.inaturalist.org/photos/16316909/medium.jpg?1524708649,Dudleya edulis
https://static.inaturalist.org/photos/16316892/medium.jpg?1524708634,Dudleya edulis
https://static.inaturalist.org/photos/16344927/medium.jpg?1524766364,Dudleya edulis
https://static.inaturalist.org/photos/16406262/medium.jpg?1524839307,Dudleya edulis
https://static.inaturalist.org/photos/16420479/medium.jpg?1524844842,Dudleya edulis
https://static.inaturalist.org/photos/16421895/medium.jpg?1524845357,Dudleya edulis
https://static.inaturalist.org/photos/16478241/medium.jpg?1524864792,Dudleya edulis
https://static.inaturalist.org/photos/16497136/medium.jpg?1524872619,Dudleya edulis
https://static.inaturalist.org/photos/16503087/medium.jpeg?1524874962,Dudleya edulis
https://static.inaturalist.org/photos/16505223/medium.jpeg?1524875793,Dudleya edulis
https://static.inaturalist.org/photos/16521790/medium.jpg?1524882449,Dudleya edulis
https://static.inaturalist.org/photos/16522390/medium.jpg?1524882709,Dudleya edulis
https://static.inaturalist.org/photos/16540828/medium.jpeg?1524891121,Dudleya edulis
https://static.inaturalist.org/photos/16545288/medium.jpg?1524894289,Dudleya edulis
https://static.inaturalist.org/photos/16596155/medium.jpeg?1524930904,Dudleya edulis
https://static.inaturalist.org/photos/16597192/medium.jpg?1524931169,Dudleya edulis
https://static.inaturalist.org/photos/16654016/medium.jpg?1524945049,Dudleya edulis
https://static.inaturalist.org/photos/16655676/medium.jpeg?1524945603,Dudleya edulis
https://static.inaturalist.org/photos/16660691/medium.jpg?1524947011,Dudleya edulis
https://static.inaturalist.org/photos/16674184/medium.jpeg?1524950791,Dudleya edulis
https://static.inaturalist.org/photos/16709119/medium.jpg?1524961234,Dudleya edulis
https://static.inaturalist.org/photos/16723354/medium.jpg?1524966036,Dudleya edulis
https://static.inaturalist.org/photos/16743631/medium.jpg?1524973633,Dudleya edulis
https://static.inaturalist.org/photos/16791473/medium.jpg?1525010995,Dudleya edulis
https://static.inaturalist.org/photos/16800754/medium.jpg?1525014629,Dudleya edulis
https://static.inaturalist.org/photos/16804566/medium.jpg?1525015995,Dudleya edulis
https://static.inaturalist.org/photos/16808844/medium.jpg?1525017685,Dudleya edulis
https://static.inaturalist.org/photos/16818602/medium.jpg?1525020901,Dudleya edulis
https://static.inaturalist.org/photos/16823757/medium.jpg?1525022502,Dudleya edulis
https://static.inaturalist.org/photos/16827032/medium.jpeg?1525023594,Dudleya edulis
https://static.inaturalist.org/photos/16842979/medium.jpg?1525028549,Dudleya edulis
https://static.inaturalist.org/photos/16847687/medium.jpg?1525030073,Dudleya edulis
https://static.inaturalist.org/photos/16851223/medium.jpg?1525031203,Dudleya edulis
https://static.inaturalist.org/photos/16875575/medium.jpg?1525038583,Dudleya edulis
https://static.inaturalist.org/photos/16889472/medium.jpg?1525042761,Dudleya edulis
https://static.inaturalist.org/photos/16889183/medium.jpg?1525042659,Dudleya edulis
https://static.inaturalist.org/photos/16890664/medium.jpeg?1525043112,Dudleya edulis
https://static.inaturalist.org/photos/16949927/medium.jpg?1525060613,Dudleya edulis
https://static.inaturalist.org/photos/16969382/medium.jpeg?1525071630,Dudleya edulis
https://static.inaturalist.org/photos/17023957/medium.jpg?1525106883,Dudleya edulis
https://static.inaturalist.org/photos/17033572/medium.jpg?1525110634,Dudleya edulis
https://static.inaturalist.org/photos/17043518/medium.jpeg?1525114299,Dudleya edulis
https://static.inaturalist.org/photos/17106998/medium.jpg?1525136316,Dudleya edulis
https://static.inaturalist.org/photos/17123641/medium.jpg?1525141448,Dudleya edulis
https://static.inaturalist.org/photos/17132989/medium.jpeg?1525144430,Dudleya edulis
https://static.inaturalist.org/photos/17138487/medium.jpg?1525146546,Dudleya edulis
https://static.inaturalist.org/photos/17137622/medium.jpeg?1525146195,Dudleya edulis
https://static.inaturalist.org/photos/17137828/medium.jpeg?1525146280,Dudleya edulis
https://static.inaturalist.org/photos/17146347/medium.jpeg?1525149627,Dudleya edulis
https://static.inaturalist.org/photos/17168023/medium.jpeg?1525177506,Dudleya edulis
https://static.inaturalist.org/photos/17185923/medium.jpeg?1525192356,Dudleya edulis
https://static.inaturalist.org/photos/17185946/medium.jpeg?1525192373,Dudleya edulis
https://static.inaturalist.org/photos/17219040/medium.jpg?1525214991,Dudleya edulis
https://static.inaturalist.org/photos/17245184/medium.jpeg?1525237238,Dudleya edulis
https://static.inaturalist.org/photos/17328421/medium.jpg?1525332325,Dudleya edulis
https://static.inaturalist.org/photos/17355501/medium.jpg?1525373043,Dudleya edulis
https://static.inaturalist.org/photos/17359678/medium.jpg?1525376315,Dudleya edulis
https://static.inaturalist.org/photos/17374434/medium.jpg?1525391963,Dudleya edulis
https://static.inaturalist.org/photos/17387863/medium.jpeg?1525406356,Dudleya edulis
https://static.inaturalist.org/photos/17392966/medium.jpeg?1525414210,Dudleya edulis
https://static.inaturalist.org/photos/17407986/medium.jpeg?1525450885,Dudleya edulis
https://static.inaturalist.org/photos/17497103/medium.jpg?1525577363,Dudleya edulis
https://static.inaturalist.org/photos/17693189/medium.jpeg?1525886990,Dudleya edulis
https://static.inaturalist.org/photos/17745231/medium.jpg?1525974751,Dudleya edulis
https://static.inaturalist.org/photos/17773117/medium.jpeg?1526009526,Dudleya edulis
https://static.inaturalist.org/photos/17860891/medium.jpeg?1526159388,Dudleya edulis
https://static.inaturalist.org/photos/17920256/medium.jpg?1526247173,Dudleya edulis
https://static.inaturalist.org/photos/17920269/medium.jpg?1526247186,Dudleya edulis
https://static.inaturalist.org/photos/17923564/medium.jpeg?1526250599,Dudleya edulis
https://static.inaturalist.org/photos/17929493/medium.jpeg?1526256281,Dudleya edulis
https://static.inaturalist.org/photos/17932074/medium.jpeg?1526258785,Dudleya edulis
https://static.inaturalist.org/photos/17991285/medium.jpeg?1526348910,Dudleya edulis
https://static.inaturalist.org/photos/17992454/medium.jpeg?1526350135,Dudleya edulis
https://static.inaturalist.org/photos/17992456/medium.jpeg?1526350143,Dudleya edulis
https://static.inaturalist.org/photos/18089933/medium.jpg?1526510523,Dudleya edulis
https://static.inaturalist.org/photos/18134311/medium.jpg?1526585931,Dudleya edulis
https://static.inaturalist.org/photos/18135183/medium.jpg?1526586834,Dudleya edulis
https://static.inaturalist.org/photos/18160436/medium.jpg?1526620473,Dudleya edulis
https://static.inaturalist.org/photos/18175511/medium.jpeg?1526658874,Dudleya edulis
https://static.inaturalist.org/photos/18175692/medium.jpeg?1526659046,Dudleya edulis
https://static.inaturalist.org/photos/18184370/medium.jpg?1526668789,Dudleya edulis
https://static.inaturalist.org/photos/18190184/medium.jpg?1526677049,Dudleya edulis
https://static.inaturalist.org/photos/18200496/medium.jpeg?1526691884,Dudleya edulis
https://static.inaturalist.org/photos/18195253/medium.jpg?1526684228,Dudleya edulis
https://static.inaturalist.org/photos/18210362/medium.jpg?1526707666,Dudleya edulis
https://static.inaturalist.org/photos/18244579/medium.jpg?1526764276,Dudleya edulis
https://static.inaturalist.org/photos/18262139/medium.jpg?1526784250,Dudleya edulis
https://static.inaturalist.org/photos/18264264/medium.jpg?1526787135,Dudleya edulis
https://static.inaturalist.org/photos/18272771/medium.jpeg?1526805472,Dudleya edulis
https://static.inaturalist.org/photos/18292155/medium.jpg?1526835546,Dudleya edulis
https://static.inaturalist.org/photos/18365992/medium.jpg?1526934711,Dudleya edulis
https://static.inaturalist.org/photos/18431701/medium.jpeg?1527035875,Dudleya edulis
https://static.inaturalist.org/photos/18435339/medium.jpeg?1527040676,Dudleya edulis
https://static.inaturalist.org/photos/18501510/medium.jpg?1527166410,Dudleya edulis
https://static.inaturalist.org/photos/18575118/medium.jpg?1527282853,Dudleya edulis
https://static.inaturalist.org/photos/18660564/medium.jpeg?1527432114,Dudleya edulis
https://static.inaturalist.org/photos/18664880/medium.jpg?1527437781,Dudleya edulis
https://static.inaturalist.org/photos/18830465/medium.jpeg?1527693549,Dudleya edulis
https://static.inaturalist.org/photos/18864505/medium.jpg?1527737695,Dudleya edulis
https://static.inaturalist.org/photos/18867769/medium.jpeg?1527744854,Dudleya edulis
https://static.inaturalist.org/photos/18867774/medium.jpeg?1527744864,Dudleya edulis
https://static.inaturalist.org/photos/18911658/medium.jpg?1527820388,Dudleya edulis
https://static.inaturalist.org/photos/18948355/medium.jpeg?1527890856,Dudleya edulis
https://static.inaturalist.org/photos/18984264/medium.jpeg?1527956491,Dudleya edulis
https://static.inaturalist.org/photos/19001020/medium.jpg?1527970931,Dudleya edulis
https://static.inaturalist.org/photos/19002954/medium.jpg?1527972422,Dudleya edulis
https://static.inaturalist.org/photos/19053253/medium.jpeg?1528043581,Dudleya edulis
https://static.inaturalist.org/photos/19129686/medium.jpg?1528143416,Dudleya edulis
https://static.inaturalist.org/photos/19131613/medium.jpg?1528145118,Dudleya edulis
https://static.inaturalist.org/photos/19311773/medium.jpg?1528389545,Dudleya edulis
https://static.inaturalist.org/photos/19369965/medium.jpg?1528488527,Dudleya edulis
https://static.inaturalist.org/photos/19416645/medium.jpg?1528566854,Dudleya edulis
https://static.inaturalist.org/photos/19780858/medium.jpeg?1529125772,Dudleya edulis
https://static.inaturalist.org/photos/19815355/medium.jpg?1529183635,Dudleya edulis
https://static.inaturalist.org/photos/19908934/medium.jpg?1529307067,Dudleya edulis
https://static.inaturalist.org/photos/20040695/medium.jpg?1529525621,Dudleya edulis
https://static.inaturalist.org/photos/20111334/medium.jpeg?1529638167,Dudleya edulis
https://static.inaturalist.org/photos/20158968/medium.jpeg?1529714973,Dudleya edulis
https://static.inaturalist.org/photos/20160769/medium.jpeg?1529717583,Dudleya edulis
https://static.inaturalist.org/photos/20213993/medium.jpeg?1529799176,Dudleya edulis
https://static.inaturalist.org/photos/20422469/medium.jpg?1530129340,Dudleya edulis
https://static.inaturalist.org/photos/20632105/medium.jpg?1530478488,Dudleya edulis
https://static.inaturalist.org/photos/20633519/medium.jpg?1530480182,Dudleya edulis
https://static.inaturalist.org/photos/21925384/medium.jpeg?1532479000,Dudleya edulis
https://static.inaturalist.org/photos/22085527/medium.jpg?1532717952,Dudleya edulis
https://static.inaturalist.org/photos/22085871/medium.jpg?1532718214,Dudleya edulis
https://static.inaturalist.org/photos/22234580/medium.jpg?1532889940,Dudleya edulis
https://static.inaturalist.org/photos/22305999/medium.jpg?1532971549,Dudleya edulis
https://static.inaturalist.org/photos/22607567/medium.jpg?1533447775,Dudleya edulis
https://static.inaturalist.org/photos/23147838/medium.jpg?1534291329,Dudleya edulis
https://static.inaturalist.org/photos/23150197/medium.jpeg?1534294568,Dudleya edulis
https://static.inaturalist.org/photos/23360515/medium.jpeg?1534618027,Dudleya edulis
https://static.inaturalist.org/photos/23703344/medium.jpeg?1535141615,Dudleya edulis
https://static.inaturalist.org/photos/24410849/medium.jpg?1536248003,Dudleya edulis
https://static.inaturalist.org/photos/24410881/medium.jpg?1536248039,Dudleya edulis
https://static.inaturalist.org/photos/25360935/medium.jpeg?1537637662,Dudleya edulis
https://static.inaturalist.org/photos/25400055/medium.jpeg?1537677999,Dudleya edulis
https://static.inaturalist.org/photos/25455616/medium.jpeg?1537751689,Dudleya edulis
https://static.inaturalist.org/photos/25510093/medium.jpeg?1537833353,Dudleya edulis
https://static.inaturalist.org/photos/25868415/medium.jpeg?1538361929,Dudleya edulis
https://static.inaturalist.org/photos/27650074/medium.jpg?1541311451,Dudleya edulis
https://static.inaturalist.org/photos/27954557/medium.jpg?1541815007,Dudleya edulis
https://static.inaturalist.org/photos/28058970/medium.jpg?1542058780,Dudleya edulis
https://static.inaturalist.org/photos/28382895/medium.jpeg?1542866138,Dudleya edulis
https://static.inaturalist.org/photos/28616843/medium.jpeg?1543391722,Dudleya edulis
https://static.inaturalist.org/photos/28674258/medium.jpeg?1543543804,Dudleya edulis
https://static.inaturalist.org/photos/28729148/medium.jpg?1543694419,Dudleya edulis
https://static.inaturalist.org/photos/28986497/medium.jpeg?1544332206,Dudleya edulis
https://static.inaturalist.org/photos/28987119/medium.jpeg?1544333500,Dudleya edulis
https://static.inaturalist.org/photos/29239416/medium.jpg?1545009292,Dudleya edulis
https://static.inaturalist.org/photos/29277866/medium.jpeg?1545112828,Dudleya edulis
https://static.inaturalist.org/photos/29277937/medium.jpeg?1545113040,Dudleya edulis
https://static.inaturalist.org/photos/29417465/medium.jpg?1545511640,Dudleya edulis
https://static.inaturalist.org/photos/29499776/medium.jpg?1545702469,Dudleya edulis
https://static.inaturalist.org/photos/29566695/medium.jpeg?1545885497,Dudleya edulis
https://static.inaturalist.org/photos/29566705/medium.jpeg?1545885580,Dudleya edulis
https://static.inaturalist.org/photos/29566751/medium.jpeg?1545885741,Dudleya edulis
https://static.inaturalist.org/photos/29566753/medium.jpeg?1545885748,Dudleya edulis
https://static.inaturalist.org/photos/29566756/medium.jpeg?1545885755,Dudleya edulis
https://static.inaturalist.org/photos/29566760/medium.jpeg?1545885760,Dudleya edulis
https://static.inaturalist.org/photos/29584302/medium.jpg?1545940467,Dudleya edulis
https://static.inaturalist.org/photos/29635282/medium.jpeg?1546055958,Dudleya edulis
https://static.inaturalist.org/photos/29636848/medium.jpeg?1546059058,Dudleya edulis
https://static.inaturalist.org/photos/29636852/medium.jpeg?1546059064,Dudleya edulis
https://static.inaturalist.org/photos/29652418/medium.jpeg?1546105289,Dudleya edulis
https://static.inaturalist.org/photos/29824928/medium.jpg?1546491377,Dudleya edulis
https://static.inaturalist.org/photos/29827653/medium.jpeg?1546498101,Dudleya edulis
https://static.inaturalist.org/photos/29827680/medium.jpeg?1546498150,Dudleya edulis
https://static.inaturalist.org/photos/29828076/medium.jpeg?1546498985,Dudleya edulis
https://static.inaturalist.org/photos/29875074/medium.jpg?1546624653,Dudleya edulis
https://static.inaturalist.org/photos/30097937/medium.jpg?1547141326,Dudleya edulis
https://static.inaturalist.org/photos/30209874/medium.jpg?1547408788,Dudleya edulis
https://static.inaturalist.org/photos/30219403/medium.jpg?1547423970,Dudleya edulis
https://static.inaturalist.org/photos/30256584/medium.jpeg?1547513983,Dudleya edulis
https://static.inaturalist.org/photos/30256634/medium.jpeg?1547514093,Dudleya edulis
https://static.inaturalist.org/photos/30286477/medium.jpg?1547593956,Dudleya edulis
https://static.inaturalist.org/photos/30319472/medium.jpeg?1547686121,Dudleya edulis
https://static.inaturalist.org/photos/30348315/medium.jpg?1547765949,Dudleya edulis
https://static.inaturalist.org/photos/30427084/medium.jpeg?1547956189,Dudleya edulis
https://static.inaturalist.org/photos/30526542/medium.jpeg?1548180687,Dudleya edulis
https://static.inaturalist.org/photos/30546734/medium.jpeg?1548221565,Dudleya edulis
https://static.inaturalist.org/photos/30573907/medium.jpeg?1548291821,Dudleya edulis
https://static.inaturalist.org/photos/30603957/medium.jpeg?1548371080,Dudleya edulis
https://static.inaturalist.org/photos/30650335/medium.jpeg?1548487106,Dudleya edulis
https://static.inaturalist.org/photos/30796234/medium.jpeg?1548809008,Dudleya edulis
https://static.inaturalist.org/photos/30801534/medium.jpg?1548817998,Dudleya edulis
https://static.inaturalist.org/photos/30839074/medium.jpeg?1548909458,Dudleya edulis
https://static.inaturalist.org/photos/30888279/medium.jpeg?1549039338,Dudleya edulis
https://static.inaturalist.org/photos/30985322/medium.jpg?1549237194,Dudleya edulis
https://static.inaturalist.org/photos/30992640/medium.jpeg?1549249277,Dudleya edulis
https://static.inaturalist.org/photos/31078034/medium.jpg?1549434151,Dudleya edulis
https://static.inaturalist.org/photos/31191913/medium.jpg?1549654704,Dudleya edulis
https://static.inaturalist.org/photos/31236812/medium.jpg?1549752082,Dudleya edulis
https://static.inaturalist.org/photos/31274008/medium.jpeg?1549830407,Dudleya edulis
https://static.inaturalist.org/photos/31311283/medium.jpeg?1549907031,Dudleya edulis
https://static.inaturalist.org/photos/31316649/medium.jpeg?1549916618,Dudleya edulis
https://static.inaturalist.org/photos/31360604/medium.jpg?1550017639,Dudleya edulis
https://static.inaturalist.org/photos/31389636/medium.jpg?1550093644,Dudleya edulis
https://static.inaturalist.org/photos/31389446/medium.jpg?1550093288,Dudleya edulis
https://static.inaturalist.org/photos/31398339/medium.jpg?1550109605,Dudleya edulis
https://static.inaturalist.org/photos/31398457/medium.jpg?1550109737,Dudleya edulis
https://static.inaturalist.org/photos/31398500/medium.jpg?1550109805,Dudleya edulis
https://static.inaturalist.org/photos/31417393/medium.jpg?1550167117,Dudleya edulis
https://static.inaturalist.org/photos/31429698/medium.jpg?1550192441,Dudleya edulis
https://static.inaturalist.org/photos/31467788/medium.jpg?1550282764,Dudleya edulis
https://static.inaturalist.org/photos/31468905/medium.jpg?1550285208,Dudleya edulis
https://static.inaturalist.org/photos/31491779/medium.jpg?1550345078,Dudleya edulis
https://static.inaturalist.org/photos/31506677/medium.jpg?1550365764,Dudleya edulis
https://static.inaturalist.org/photos/31518680/medium.jpg?1550387054,Dudleya edulis
https://static.inaturalist.org/photos/31538606/medium.jpg?1550431285,Dudleya edulis
https://static.inaturalist.org/photos/31540784/medium.jpeg?1550434190,Dudleya edulis
https://static.inaturalist.org/photos/31550436/medium.jpeg?1550446953,Dudleya edulis
https://static.inaturalist.org/photos/31590506/medium.jpg?1550527499,Dudleya edulis
https://static.inaturalist.org/photos/31622361/medium.jpg?1550596210,Dudleya edulis
https://static.inaturalist.org/photos/31662057/medium.jpg?1550686019,Dudleya edulis
https://static.inaturalist.org/photos/31681550/medium.jpeg?1550719752,Dudleya edulis
https://static.inaturalist.org/photos/31748086/medium.jpg?1550878017,Dudleya edulis
https://static.inaturalist.org/photos/31767032/medium.jpeg?1550890437,Dudleya edulis
https://static.inaturalist.org/photos/31907614/medium.jpg?1550939788,Dudleya edulis
https://static.inaturalist.org/photos/31912110/medium.jpg?1550944887,Dudleya edulis
https://static.inaturalist.org/photos/31961489/medium.jpg?1551025195,Dudleya edulis
https://static.inaturalist.org/photos/31963784/medium.jpg?1551028728,Dudleya edulis
https://static.inaturalist.org/photos/31975346/medium.jpg?1551046007,Dudleya edulis
https://static.inaturalist.org/photos/31985511/medium.jpg?1551059107,Dudleya edulis
https://static.inaturalist.org/photos/31987709/medium.jpg?1551061713,Dudleya edulis
https://static.inaturalist.org/photos/31989360/medium.jpg?1551064007,Dudleya edulis
https://static.inaturalist.org/photos/31989886/medium.jpg?1551064869,Dudleya edulis
https://static.inaturalist.org/photos/31992038/medium.jpg?1551068248,Dudleya edulis
https://static.inaturalist.org/photos/31992429/medium.jpg?1551069018,Dudleya edulis
https://static.inaturalist.org/photos/32011471/medium.jpg?1551118939,Dudleya edulis
https://static.inaturalist.org/photos/32011480/medium.jpg?1551118945,Dudleya edulis
https://static.inaturalist.org/photos/32011490/medium.jpg?1551118957,Dudleya edulis
https://static.inaturalist.org/photos/32011499/medium.jpg?1551118965,Dudleya edulis
https://static.inaturalist.org/photos/32011507/medium.jpg?1551118975,Dudleya edulis
https://static.inaturalist.org/photos/32011510/medium.jpg?1551118980,Dudleya edulis
https://static.inaturalist.org/photos/32011632/medium.jpg?1551119118,Dudleya edulis
https://static.inaturalist.org/photos/32021688/medium.jpg?1551136317,Dudleya edulis
https://static.inaturalist.org/photos/32038363/medium.jpeg?1551162919,Dudleya edulis
https://static.inaturalist.org/photos/32039834/medium.jpeg?1551167832,Dudleya edulis
https://static.inaturalist.org/photos/32102299/medium.jpg?1551303200,Dudleya edulis
https://static.inaturalist.org/photos/32103658/medium.jpg?1551305214,Dudleya edulis
https://static.inaturalist.org/photos/32137061/medium.jpg?1551381495,Dudleya edulis
https://static.inaturalist.org/photos/32137067/medium.jpg?1551381503,Dudleya edulis
https://static.inaturalist.org/photos/32137098/medium.jpg?1551381537,Dudleya edulis
https://static.inaturalist.org/photos/32137085/medium.jpg?1551381519,Dudleya edulis
https://static.inaturalist.org/photos/32137086/medium.jpeg?1551381520,Dudleya edulis
https://static.inaturalist.org/photos/32137094/medium.jpg?1551381534,Dudleya edulis
https://static.inaturalist.org/photos/32137119/medium.jpg?1551381554,Dudleya edulis
https://static.inaturalist.org/photos/32137132/medium.jpeg?1551381573,Dudleya edulis
https://static.inaturalist.org/photos/32161095/medium.jpg?1551427774,Dudleya edulis
https://static.inaturalist.org/photos/32192541/medium.jpg?1551489926,Dudleya edulis
https://static.inaturalist.org/photos/32242275/medium.jpeg?1551573673,Dudleya edulis
https://static.inaturalist.org/photos/32242291/medium.jpeg?1551573691,Dudleya edulis
https://static.inaturalist.org/photos/32246289/medium.jpeg?1551577753,Dudleya edulis
https://static.inaturalist.org/photos/32248375/medium.jpeg?1551579974,Dudleya edulis
https://static.inaturalist.org/photos/32252144/medium.jpeg?1551584073,Dudleya edulis
https://static.inaturalist.org/photos/32257701/medium.jpeg?1551591719,Dudleya edulis
https://static.inaturalist.org/photos/32258261/medium.jpeg?1551592559,Dudleya edulis
https://static.inaturalist.org/photos/32286916/medium.jpeg?1551643360,Dudleya edulis
https://static.inaturalist.org/photos/32292557/medium.jpeg?1551649321,Dudleya edulis
https://static.inaturalist.org/photos/32304396/medium.jpg?1551661521,Dudleya edulis
https://static.inaturalist.org/photos/32400229/medium.jpeg?1551826922,Dudleya edulis
https://static.inaturalist.org/photos/32402500/medium.jpg?1551830104,Dudleya edulis
https://static.inaturalist.org/photos/32533857/medium.jpeg?1552070750,Dudleya edulis
https://static.inaturalist.org/photos/32558264/medium.jpeg?1552102896,Dudleya edulis
https://static.inaturalist.org/photos/32576970/medium.jpg?1552147527,Dudleya edulis
https://static.inaturalist.org/photos/32588182/medium.jpg?1552161250,Dudleya edulis
https://static.inaturalist.org/photos/32588605/medium.jpg?1552161803,Dudleya edulis
https://static.inaturalist.org/photos/32603751/medium.jpg?1552178393,Dudleya edulis
https://static.inaturalist.org/photos/32603798/medium.jpg?1552178441,Dudleya edulis
https://static.inaturalist.org/photos/32634595/medium.jpg?1552234807,Dudleya edulis
https://static.inaturalist.org/photos/32647013/medium.jpg?1552249851,Dudleya edulis
https://static.inaturalist.org/photos/32705967/medium.jpeg?1552341621,Dudleya edulis
https://static.inaturalist.org/photos/32706101/medium.jpg?1552341740,Dudleya edulis
https://static.inaturalist.org/photos/32713237/medium.jpeg?1552352338,Dudleya edulis
https://static.inaturalist.org/photos/32731931/medium.jpg?1552401174,Dudleya edulis
https://static.inaturalist.org/photos/32741648/medium.jpg?1552417747,Dudleya edulis
https://static.inaturalist.org/photos/32756471/medium.jpeg?1552438914,Dudleya edulis
https://static.inaturalist.org/photos/32801775/medium.jpg?1552526252,Dudleya edulis
https://static.inaturalist.org/photos/32821758/medium.jpeg?1552578859,Dudleya edulis
https://static.inaturalist.org/photos/32943940/medium.jpg?1552784137,Dudleya edulis
https://static.inaturalist.org/photos/33008311/medium.jpg?1552871560,Dudleya edulis
https://static.inaturalist.org/photos/33010782/medium.jpg?1552873789,Dudleya edulis
https://static.inaturalist.org/photos/33054674/medium.jpeg?1552948576,Dudleya edulis
https://static.inaturalist.org/photos/33099840/medium.jpg?1553026921,Dudleya edulis
https://static.inaturalist.org/photos/33102639/medium.jpg?1553030401,Dudleya edulis
https://static.inaturalist.org/photos/33145003/medium.jpeg?1553102600,Dudleya edulis
https://static.inaturalist.org/photos/33196462/medium.jpg?1553189660,Dudleya edulis
https://static.inaturalist.org/photos/33259485/medium.jpg?1553288563,Dudleya edulis
https://static.inaturalist.org/photos/33335784/medium.jpg?1553392685,Dudleya edulis
https://static.inaturalist.org/photos/33359480/medium.jpg?1553437244,Dudleya edulis
https://static.inaturalist.org/photos/33365774/medium.jpg?1553444450,Dudleya edulis
https://static.inaturalist.org/photos/33382965/medium.jpeg?1553459211,Dudleya edulis
https://static.inaturalist.org/photos/33457245/medium.jpg?1553554925,Dudleya edulis
https://static.inaturalist.org/photos/33508834/medium.jpeg?1553636582,Dudleya edulis
https://static.inaturalist.org/photos/33566183/medium.jpg?1553724907,Dudleya edulis
https://static.inaturalist.org/photos/33603805/medium.jpeg?1553786484,Dudleya edulis
https://static.inaturalist.org/photos/33619133/medium.jpeg?1553803580,Dudleya edulis
https://static.inaturalist.org/photos/33710120/medium.jpeg?1553916116,Dudleya edulis
https://static.inaturalist.org/photos/33786303/medium.jpg?1553998963,Dudleya edulis
https://static.inaturalist.org/photos/33792427/medium.jpeg?1554004655,Dudleya edulis
https://static.inaturalist.org/photos/33821790/medium.jpg?1554051624,Dudleya edulis
https://static.inaturalist.org/photos/33873873/medium.jpg?1554097217,Dudleya edulis
https://static.inaturalist.org/photos/33904541/medium.jpg?1554148078,Dudleya edulis
https://static.inaturalist.org/photos/33978994/medium.jpg?1554248243,Dudleya edulis
https://static.inaturalist.org/photos/33991001/medium.jpg?1554260333,Dudleya edulis
https://static.inaturalist.org/photos/34037518/medium.jpg?1554331645,Dudleya edulis
https://static.inaturalist.org/photos/34055974/medium.jpg?1554350781,Dudleya edulis
https://static.inaturalist.org/photos/34096621/medium.jpg?1554416000,Dudleya edulis
https://static.inaturalist.org/photos/34097602/medium.jpg?1554416900,Dudleya edulis
https://static.inaturalist.org/photos/34098534/medium.jpg?1554417689,Dudleya edulis
https://static.inaturalist.org/photos/34106819/medium.jpg?1554425834,Dudleya edulis
https://static.inaturalist.org/photos/34154239/medium.jpeg?1554497820,Dudleya edulis
https://static.inaturalist.org/photos/34392782/medium.jpeg?1554760715,Dudleya edulis
https://static.inaturalist.org/photos/34478058/medium.jpg?1554859512,Dudleya edulis
https://static.inaturalist.org/photos/34479301/medium.jpeg?1554860623,Dudleya edulis
https://static.inaturalist.org/photos/34488001/medium.jpg?1554870356,Dudleya edulis
https://static.inaturalist.org/photos/34488020/medium.jpg?1554870385,Dudleya edulis
https://static.inaturalist.org/photos/34524320/medium.jpg?1554922209,Dudleya edulis
https://static.inaturalist.org/photos/34548977/medium.jpg?1554945826,Dudleya edulis
https://static.inaturalist.org/photos/34605731/medium.jpg?1555018186,Dudleya edulis
https://static.inaturalist.org/photos/34652836/medium.jpg?1555087502,Dudleya edulis
https://static.inaturalist.org/photos/34767400/medium.jpg?1555207809,Dudleya edulis
https://static.inaturalist.org/photos/34979905/medium.jpeg?1555450526,Dudleya edulis
https://static.inaturalist.org/photos/35200698/medium.jpg?1555697244,Dudleya edulis
https://static.inaturalist.org/photos/35295943/medium.jpg?1555792330,Dudleya edulis
https://static.inaturalist.org/photos/35306884/medium.jpg?1555799263,Dudleya edulis
https://static.inaturalist.org/photos/35381226/medium.jpg?1555870046,Dudleya edulis
https://static.inaturalist.org/photos/35445007/medium.jpeg?1555908949,Dudleya edulis
https://static.inaturalist.org/photos/35660462/medium.jpg?1556123878,Dudleya edulis
https://static.inaturalist.org/photos/35771123/medium.jpg?1556227924,Dudleya edulis
https://static.inaturalist.org/photos/35794893/medium.jpg?1556244160,Dudleya edulis
https://static.inaturalist.org/photos/35854292/medium.jpg?1556286186,Dudleya edulis
https://static.inaturalist.org/photos/35896258/medium.jpg?1556295894,Dudleya edulis
https://static.inaturalist.org/photos/35972903/medium.jpg?1556310506,Dudleya edulis
https://static.inaturalist.org/photos/35983281/medium.jpg?1556312586,Dudleya edulis
https://static.inaturalist.org/photos/35994634/medium.jpg?1556314836,Dudleya edulis
https://static.inaturalist.org/photos/36019328/medium.jpg?1556319743,Dudleya edulis
https://static.inaturalist.org/photos/36036900/medium.jpeg?1556323308,Dudleya edulis
https://static.inaturalist.org/photos/36039898/medium.jpg?1556323930,Dudleya edulis
https://static.inaturalist.org/photos/36046307/medium.jpeg?1556325432,Dudleya edulis
https://static.inaturalist.org/photos/36049042/medium.jpg?1556325979,Dudleya edulis
https://static.inaturalist.org/photos/36058379/medium.jpeg?1556327868,Dudleya edulis
https://static.inaturalist.org/photos/36062675/medium.jpg?1556328743,Dudleya edulis
https://static.inaturalist.org/photos/36075660/medium.jpg?1556331352,Dudleya edulis
https://static.inaturalist.org/photos/36099442/medium.jpg?1556336239,Dudleya edulis
https://static.inaturalist.org/photos/36115597/medium.jpg?1556340129,Dudleya edulis
https://static.inaturalist.org/photos/36117707/medium.jpeg?1556340787,Dudleya edulis
https://static.inaturalist.org/photos/36121913/medium.jpg?1556342211,Dudleya edulis
https://static.inaturalist.org/photos/36122285/medium.jpg?1556342369,Dudleya edulis
https://static.inaturalist.org/photos/36123268/medium.jpeg?1556342854,Dudleya edulis
https://static.inaturalist.org/photos/36267350/medium.jpg?1556386746,Dudleya edulis
https://static.inaturalist.org/photos/36276348/medium.jpeg?1556388098,Dudleya edulis
https://static.inaturalist.org/photos/36280041/medium.jpg?1556388640,Dudleya edulis
https://static.inaturalist.org/photos/36281224/medium.jpeg?1556388812,Dudleya edulis
https://static.inaturalist.org/photos/36283385/medium.jpg?1556389140,Dudleya edulis
https://static.inaturalist.org/photos/36292572/medium.jpg?1556390548,Dudleya edulis
https://static.inaturalist.org/photos/36296517/medium.jpg?1556391178,Dudleya edulis
https://static.inaturalist.org/photos/36298267/medium.jpg?1556391472,Dudleya edulis
https://static.inaturalist.org/photos/36301633/medium.jpg?1556392034,Dudleya edulis
https://static.inaturalist.org/photos/36327680/medium.jpg?1556396130,Dudleya edulis
https://static.inaturalist.org/photos/36335633/medium.jpg?1556397367,Dudleya edulis
https://static.inaturalist.org/photos/36343591/medium.jpeg?1556398590,Dudleya edulis
https://static.inaturalist.org/photos/36346641/medium.jpg?1556399060,Dudleya edulis
https://static.inaturalist.org/photos/36355418/medium.jpg?1556400450,Dudleya edulis
https://static.inaturalist.org/photos/36369112/medium.jpg?1556402587,Dudleya edulis
https://static.inaturalist.org/photos/36375890/medium.jpg?1556403731,Dudleya edulis
https://static.inaturalist.org/photos/36377531/medium.jpg?1556404027,Dudleya edulis
https://static.inaturalist.org/photos/36382944/medium.jpg?1556405040,Dudleya edulis
https://static.inaturalist.org/photos/36389300/medium.jpg?1556406193,Dudleya edulis
https://static.inaturalist.org/photos/36390268/medium.jpg?1556406342,Dudleya edulis
https://static.inaturalist.org/photos/36392413/medium.jpg?1556406703,Dudleya edulis
https://static.inaturalist.org/photos/36417147/medium.jpg?1556411204,Dudleya edulis
https://static.inaturalist.org/photos/36417896/medium.jpg?1556411331,Dudleya edulis
https://static.inaturalist.org/photos/36420305/medium.jpeg?1556411776,Dudleya edulis
https://static.inaturalist.org/photos/36436252/medium.jpg?1556414576,Dudleya edulis
https://static.inaturalist.org/photos/36447486/medium.jpeg?1556416594,Dudleya edulis
https://static.inaturalist.org/photos/36447559/medium.jpeg?1556416607,Dudleya edulis
https://static.inaturalist.org/photos/36447654/medium.jpeg?1556416622,Dudleya edulis
https://static.inaturalist.org/photos/36463984/medium.jpg?1556419790,Dudleya edulis
https://static.inaturalist.org/photos/36482772/medium.jpeg?1556423712,Dudleya edulis
https://static.inaturalist.org/photos/36516550/medium.jpg?1556434999,Dudleya edulis
https://static.inaturalist.org/photos/36591876/medium.jpg?1556462998,Dudleya edulis
https://static.inaturalist.org/photos/36609724/medium.jpg?1556466123,Dudleya edulis
https://static.inaturalist.org/photos/36612211/medium.jpg?1556466489,Dudleya edulis
https://static.inaturalist.org/photos/36636945/medium.jpg?1556470343,Dudleya edulis
https://static.inaturalist.org/photos/36701451/medium.jpeg?1556480594,Dudleya edulis
https://static.inaturalist.org/photos/36730550/medium.jpg?1556485197,Dudleya edulis
https://static.inaturalist.org/photos/36732435/medium.jpg?1556485485,Dudleya edulis
https://static.inaturalist.org/photos/36758240/medium.jpeg?1556489297,Dudleya edulis
https://static.inaturalist.org/photos/36759564/medium.jpeg?1556489487,Dudleya edulis
https://static.inaturalist.org/photos/36782123/medium.jpeg?1556492715,Dudleya edulis
https://static.inaturalist.org/photos/36804011/medium.jpg?1556495869,Dudleya edulis
https://static.inaturalist.org/photos/36816174/medium.jpeg?1556497884,Dudleya edulis
https://static.inaturalist.org/photos/36825818/medium.jpeg?1556499414,Dudleya edulis
https://static.inaturalist.org/photos/36835625/medium.jpg?1556501010,Dudleya edulis
https://static.inaturalist.org/photos/36863713/medium.jpeg?1556505889,Dudleya edulis
https://static.inaturalist.org/photos/36863982/medium.jpg?1556505937,Dudleya edulis
https://static.inaturalist.org/photos/36879578/medium.jpg?1556508566,Dudleya edulis
https://static.inaturalist.org/photos/36896807/medium.jpg?1556511674,Dudleya edulis
https://static.inaturalist.org/photos/36899421/medium.jpg?1556512284,Dudleya edulis
https://static.inaturalist.org/photos/36907034/medium.jpg?1556513957,Dudleya edulis
https://static.inaturalist.org/photos/36920899/medium.jpeg?1556517597,Dudleya edulis
https://static.inaturalist.org/photos/36922327/medium.jpg?1556518096,Dudleya edulis
https://static.inaturalist.org/photos/36925446/medium.jpeg?1556519095,Dudleya edulis
https://static.inaturalist.org/photos/36926079/medium.jpeg?1556519323,Dudleya edulis
https://static.inaturalist.org/photos/36981974/medium.jpeg?1556542637,Dudleya edulis
https://static.inaturalist.org/photos/36982146/medium.jpeg?1556542682,Dudleya edulis
https://static.inaturalist.org/photos/36987108/medium.jpeg?1556543839,Dudleya edulis
https://static.inaturalist.org/photos/36987871/medium.jpeg?1556544016,Dudleya edulis
https://static.inaturalist.org/photos/37157152/medium.jpg?1556571715,Dudleya edulis
https://static.inaturalist.org/photos/37186684/medium.jpg?1556576386,Dudleya edulis
https://static.inaturalist.org/photos/37214492/medium.jpeg?1556580660,Dudleya edulis
https://static.inaturalist.org/photos/37228499/medium.jpg?1556582576,Dudleya edulis
https://static.inaturalist.org/photos/37225610/medium.jpg?1556582195,Dudleya edulis
https://static.inaturalist.org/photos/37253899/medium.jpg?1556586068,Dudleya edulis
https://static.inaturalist.org/photos/37266578/medium.jpeg?1556587951,Dudleya edulis
https://static.inaturalist.org/photos/37269106/medium.jpg?1556588299,Dudleya edulis
https://static.inaturalist.org/photos/37269934/medium.jpg?1556588405,Dudleya edulis
https://static.inaturalist.org/photos/37293220/medium.jpg?1556591735,Dudleya edulis
https://static.inaturalist.org/photos/37297840/medium.jpg?1556592492,Dudleya edulis
https://static.inaturalist.org/photos/37303067/medium.jpg?1556593380,Dudleya edulis
https://static.inaturalist.org/photos/37332143/medium.jpeg?1556598065,Dudleya edulis
https://static.inaturalist.org/photos/37340468/medium.jpg?1556599461,Dudleya edulis
https://static.inaturalist.org/photos/37338833/medium.jpeg?1556599158,Dudleya edulis
https://static.inaturalist.org/photos/37352898/medium.jpg?1556602848,Dudleya edulis
https://static.inaturalist.org/photos/37353271/medium.jpg?1556602961,Dudleya edulis
https://static.inaturalist.org/photos/37357637/medium.jpeg?1556604640,Dudleya edulis
https://static.inaturalist.org/photos/37405954/medium.jpg?1556638892,Dudleya edulis
https://static.inaturalist.org/photos/37424143/medium.jpeg?1556646386,Dudleya edulis
https://static.inaturalist.org/photos/37424179/medium.jpeg?1556646399,Dudleya edulis
https://static.inaturalist.org/photos/37441618/medium.jpg?1556653863,Dudleya edulis
https://static.inaturalist.org/photos/37455772/medium.jpeg?1556659813,Dudleya edulis
https://static.inaturalist.org/photos/37455954/medium.jpeg?1556659913,Dudleya edulis
https://static.inaturalist.org/photos/37456083/medium.jpeg?1556659975,Dudleya edulis
https://static.inaturalist.org/photos/37462689/medium.jpeg?1556662827,Dudleya edulis
https://static.inaturalist.org/photos/37463236/medium.jpeg?1556663085,Dudleya edulis
https://static.inaturalist.org/photos/37463335/medium.jpeg?1556663133,Dudleya edulis
https://static.inaturalist.org/photos/37470232/medium.jpeg?1556666069,Dudleya edulis
https://static.inaturalist.org/photos/37470530/medium.jpeg?1556666179,Dudleya edulis
https://static.inaturalist.org/photos/37480530/medium.jpg?1556671062,Dudleya edulis
https://static.inaturalist.org/photos/37482023/medium.jpg?1556671851,Dudleya edulis
https://static.inaturalist.org/photos/37538592/medium.jpg?1556716513,Dudleya edulis
https://static.inaturalist.org/photos/37538833/medium.jpg?1556716646,Dudleya edulis
https://static.inaturalist.org/photos/37542948/medium.jpg?1556719207,Dudleya edulis
https://static.inaturalist.org/photos/37543004/medium.jpg?1556719233,Dudleya edulis
https://static.inaturalist.org/photos/37612410/medium.jpg?1556751123,Dudleya edulis
https://static.inaturalist.org/photos/37765465/medium.jpeg?1556858484,Dudleya edulis
https://static.inaturalist.org/photos/37765537/medium.jpeg?1556858540,Dudleya edulis
https://static.inaturalist.org/photos/37955698/medium.jpeg?1557009228,Dudleya edulis
https://static.inaturalist.org/photos/37958019/medium.jpeg?1557010447,Dudleya edulis
https://static.inaturalist.org/photos/37992986/medium.jpg?1557030558,Dudleya edulis
https://static.inaturalist.org/photos/37993111/medium.jpg?1557030643,Dudleya edulis
https://static.inaturalist.org/photos/38000528/medium.jpeg?1557039014,Dudleya edulis
https://static.inaturalist.org/photos/38007406/medium.jpg?1557050475,Dudleya edulis
https://static.inaturalist.org/photos/38007415/medium.jpg?1557050497,Dudleya edulis
https://static.inaturalist.org/photos/38007552/medium.jpg?1557050747,Dudleya edulis
https://static.inaturalist.org/photos/38007862/medium.jpg?1557051234,Dudleya edulis
https://static.inaturalist.org/photos/38072202/medium.jpg?1557092903,Dudleya edulis
https://static.inaturalist.org/photos/38101790/medium.jpeg?1557108676,Dudleya edulis
https://static.inaturalist.org/photos/38119481/medium.jpeg?1557122213,Dudleya edulis
https://static.inaturalist.org/photos/38119497/medium.jpeg?1557122230,Dudleya edulis
https://static.inaturalist.org/photos/38387746/medium.jpg?1557371401,Dudleya edulis
https://static.inaturalist.org/photos/38395396/medium.jpg?1557382027,Dudleya edulis
https://static.inaturalist.org/photos/38649134/medium.jpg?1557636319,Dudleya edulis
https://static.inaturalist.org/photos/38650270/medium.jpeg?1557637379,Dudleya edulis
https://static.inaturalist.org/photos/38714265/medium.jpg?1557694427,Dudleya edulis
https://static.inaturalist.org/photos/38729524/medium.jpeg?1557702446,Dudleya edulis
https://static.inaturalist.org/photos/38760495/medium.jpeg?1557727509,Dudleya edulis
https://static.inaturalist.org/photos/38760526/medium.jpeg?1557727570,Dudleya edulis
https://static.inaturalist.org/photos/38760556/medium.jpeg?1557727623,Dudleya edulis
https://static.inaturalist.org/photos/38760744/medium.jpeg?1557727908,Dudleya edulis
https://static.inaturalist.org/photos/38760775/medium.jpeg?1557727952,Dudleya edulis
https://static.inaturalist.org/photos/38786053/medium.jpeg?1557764612,Dudleya edulis
https://static.inaturalist.org/photos/38791060/medium.jpeg?1557769132,Dudleya edulis
https://static.inaturalist.org/photos/38918825/medium.jpeg?1557889148,Dudleya edulis
https://static.inaturalist.org/photos/38992446/medium.jpg?1557965784,Dudleya edulis
https://static.inaturalist.org/photos/39000349/medium.jpeg?1557972627,Dudleya edulis
https://static.inaturalist.org/photos/39088913/medium.jpg?1558066214,Dudleya edulis
https://static.inaturalist.org/photos/39176032/medium.jpg?1558162198,Dudleya edulis
https://static.inaturalist.org/photos/39379221/medium.jpg?1558326204,Dudleya edulis
https://static.inaturalist.org/photos/39381685/medium.jpg?1558329095,Dudleya edulis
https://static.inaturalist.org/photos/39423432/medium.jpg?1558373611,Dudleya edulis
https://static.inaturalist.org/photos/39460900/medium.jpg?1558397538,Dudleya edulis
https://static.inaturalist.org/photos/39517943/medium.jpg?1558456621,Dudleya edulis
https://static.inaturalist.org/photos/39574448/medium.jpg?1558494211,Dudleya edulis
https://static.inaturalist.org/photos/39563373/medium.jpg?1558485936,Dudleya edulis
https://static.inaturalist.org/photos/39673027/medium.jpg?1558584313,Dudleya edulis
https://static.inaturalist.org/photos/39821321/medium.jpg?1558728927,Dudleya edulis
https://static.inaturalist.org/photos/39932525/medium.jpg?1558816603,Dudleya edulis
https://static.inaturalist.org/photos/39946174/medium.jpg?1558824252,Dudleya edulis
https://static.inaturalist.org/photos/40097983/medium.jpg?1558930929,Dudleya edulis
https://static.inaturalist.org/photos/40266004/medium.jpg?1559074741,Dudleya edulis
https://static.inaturalist.org/photos/40345008/medium.jpeg?1559148756,Dudleya edulis
https://static.inaturalist.org/photos/40374520/medium.jpeg?1559167848,Dudleya edulis
https://static.inaturalist.org/photos/40400293/medium.jpeg?1559186889,Dudleya edulis
https://static.inaturalist.org/photos/40670324/medium.jpg?1559424010,Dudleya edulis
https://static.inaturalist.org/photos/40710304/medium.jpg?1559447753,Dudleya edulis
https://static.inaturalist.org/photos/40987990/medium.jpeg?1559672527,Dudleya edulis
https://static.inaturalist.org/photos/41160138/medium.jpg?1559842123,Dudleya edulis
https://static.inaturalist.org/photos/41178849/medium.jpg?1559854941,Dudleya edulis
https://static.inaturalist.org/photos/41415221/medium.jpg?1560069783,Dudleya edulis
https://static.inaturalist.org/photos/41435055/medium.jpg?1560090765,Dudleya edulis
https://static.inaturalist.org/photos/41558427/medium.jpg?1560182091,Dudleya edulis
https://static.inaturalist.org/photos/41615729/medium.jpg?1560223030,Dudleya edulis
https://static.inaturalist.org/photos/41692688/medium.jpg?1560296307,Dudleya edulis
https://static.inaturalist.org/photos/41736740/medium.jpeg?1560351300,Dudleya edulis
https://static.inaturalist.org/photos/41803422/medium.jpeg?1560402690,Dudleya edulis
https://static.inaturalist.org/photos/41875542/medium.jpg?1560475962,Dudleya edulis
https://static.inaturalist.org/photos/41963151/medium.jpeg?1560564369,Dudleya edulis
https://static.inaturalist.org/photos/41976684/medium.jpeg?1560578482,Dudleya edulis
https://static.inaturalist.org/photos/41976803/medium.jpeg?1560578692,Dudleya edulis
https://static.inaturalist.org/photos/41977182/medium.jpeg?1560579373,Dudleya edulis
https://static.inaturalist.org/photos/41977358/medium.jpeg?1560579631,Dudleya edulis
https://static.inaturalist.org/photos/42145573/medium.jpg?1560716724,Dudleya edulis
https://static.inaturalist.org/photos/42250373/medium.jpeg?1560803319,Dudleya edulis
https://static.inaturalist.org/photos/42250641/medium.jpeg?1560803517,Dudleya edulis
https://static.inaturalist.org/photos/42250795/medium.jpeg?1560803609,Dudleya edulis
https://static.inaturalist.org/photos/42252414/medium.jpg?1560804693,Dudleya edulis
https://static.inaturalist.org/photos/42256741/medium.jpg?1560807685,Dudleya edulis
https://static.inaturalist.org/photos/42367390/medium.jpeg?1560905868,Dudleya edulis
https://static.inaturalist.org/photos/42384866/medium.jpeg?1560921426,Dudleya edulis
https://static.inaturalist.org/photos/42386332/medium.jpg?1560923326,Dudleya edulis
https://static.inaturalist.org/photos/42567590/medium.jpg?1561089306,Dudleya edulis
https://static.inaturalist.org/photos/42888140/medium.jpeg?1561357401,Dudleya edulis
https://static.inaturalist.org/photos/43070620/medium.jpg?1561509022,Dudleya edulis
https://static.inaturalist.org/photos/43346275/medium.jpg?1561756263,Dudleya edulis
https://static.inaturalist.org/photos/43385067/medium.jpg?1561794005,Dudleya edulis
https://static.inaturalist.org/photos/43385073/medium.jpg?1561794023,Dudleya edulis
https://static.inaturalist.org/photos/43385052/medium.jpg?1561793988,Dudleya edulis
https://static.inaturalist.org/photos/43620724/medium.jpg?1561996819,Dudleya edulis
https://static.inaturalist.org/photos/43660225/medium.jpeg?1562023246,Dudleya edulis
https://static.inaturalist.org/photos/43741343/medium.jpeg?1562096676,Dudleya edulis
https://static.inaturalist.org/photos/43869353/medium.jpg?1562208798,Dudleya edulis
https://static.inaturalist.org/photos/43931605/medium.jpg?1562271752,Dudleya edulis
https://static.inaturalist.org/photos/44048883/medium.jpeg?1562374695,Dudleya edulis
https://static.inaturalist.org/photos/44069458/medium.jpg?1562393658,Dudleya edulis
https://static.inaturalist.org/photos/44141201/medium.jpg?1562450713,Dudleya edulis
https://static.inaturalist.org/photos/44372907/medium.jpeg?1562625502,Dudleya edulis
https://static.inaturalist.org/photos/44543140/medium.jpg?1562783216,Dudleya edulis
https://static.inaturalist.org/photos/45455785/medium.jpg?1563569225,Dudleya edulis
https://static.inaturalist.org/photos/45713595/medium.jpeg?1563764731,Dudleya edulis
https://static.inaturalist.org/photos/46181447/medium.jpeg?1564163851,Dudleya edulis
https://static.inaturalist.org/photos/46550804/medium.jpeg?1564437829,Dudleya edulis
https://static.inaturalist.org/photos/46637593/medium.jpeg?1564512395,Dudleya edulis
https://static.inaturalist.org/photos/48051981/medium.jpeg?1565699850,Dudleya edulis
https://static.inaturalist.org/photos/48304580/medium.jpg?1565906936,Dudleya edulis
https://static.inaturalist.org/photos/48611825/medium.jpeg?1566165852,Dudleya edulis
https://static.inaturalist.org/photos/48611839/medium.jpeg?1566165857,Dudleya edulis
https://static.inaturalist.org/photos/48745401/medium.jpeg?1566278766,Dudleya edulis
https://static.inaturalist.org/photos/48880565/medium.jpeg?1566407649,Dudleya edulis
https://static.inaturalist.org/photos/48905477/medium.jpg?1566424894,Dudleya edulis
https://static.inaturalist.org/photos/48905554/medium.jpg?1566424943,Dudleya edulis
https://static.inaturalist.org/photos/48982519/medium.jpeg?1566500138,Dudleya edulis
https://static.inaturalist.org/photos/48985091/medium.jpeg?1566501972,Dudleya edulis
https://static.inaturalist.org/photos/49215425/medium.jpeg?1566696062,Dudleya edulis
https://static.inaturalist.org/photos/49215457/medium.jpeg?1566696076,Dudleya edulis
https://static.inaturalist.org/photos/49215478/medium.jpeg?1566696091,Dudleya edulis
https://static.inaturalist.org/photos/49232432/medium.jpeg?1566709132,Dudleya edulis
https://static.inaturalist.org/photos/49232451/medium.jpeg?1566709145,Dudleya edulis
https://static.inaturalist.org/photos/49406837/medium.jpeg?1566842307,Dudleya edulis
https://static.inaturalist.org/photos/50275118/medium.jpg?1567550350,Dudleya edulis
https://static.inaturalist.org/photos/50442524/medium.jpeg?1567712214,Dudleya edulis
https://static.inaturalist.org/photos/50442578/medium.jpeg?1567712244,Dudleya edulis
https://static.inaturalist.org/photos/50871525/medium.jpg?1568063785,Dudleya edulis
https://static.inaturalist.org/photos/52236712/medium.jpeg?1569260213,Dudleya edulis
https://static.inaturalist.org/photos/53093238/medium.jpeg?1570069062,Dudleya edulis
https://static.inaturalist.org/photos/53250534/medium.jpeg?1570245046,Dudleya edulis
https://static.inaturalist.org/photos/53484373/medium.jpg?1570461196,Dudleya edulis
https://static.inaturalist.org/photos/53493413/medium.jpeg?1570468006,Dudleya edulis
https://static.inaturalist.org/photos/54026455/medium.jpeg?1571015935,Dudleya edulis
https://static.inaturalist.org/photos/55089633/medium.jpg?1572186602,Dudleya edulis
https://static.inaturalist.org/photos/55604399/medium.jpg?1572843179,Dudleya edulis
https://static.inaturalist.org/photos/55660162/medium.jpg?1572910193,Dudleya edulis
https://static.inaturalist.org/photos/56571106/medium.jpg?1574140710,Dudleya edulis
https://static.inaturalist.org/photos/56721562/medium.jpeg?1574375400,Dudleya edulis
https://static.inaturalist.org/photos/57382059/medium.jpeg?1575347075,Dudleya edulis
https://static.inaturalist.org/photos/57553513/medium.jpg?1575657469,Dudleya edulis
https://static.inaturalist.org/photos/57568820/medium.jpeg?1575678023,Dudleya edulis
https://static.inaturalist.org/photos/57726480/medium.jpeg?1575928191,Dudleya edulis
https://static.inaturalist.org/photos/57974509/medium.jpg?1576368986,Dudleya edulis
https://static.inaturalist.org/photos/58022456/medium.jpeg?1576446494,Dudleya edulis
https://static.inaturalist.org/photos/58022632/medium.jpeg?1576446716,Dudleya edulis
https://static.inaturalist.org/photos/58082244/medium.jpeg?1576544630,Dudleya edulis
https://static.inaturalist.org/photos/58261008/medium.jpeg?1576906189,Dudleya edulis
https://static.inaturalist.org/photos/58299943/medium.jpg?1576975213,Dudleya edulis
https://static.inaturalist.org/photos/58353229/medium.jpg?1577062011,Dudleya edulis
https://static.inaturalist.org/photos/58563735/medium.jpeg?1577420328,Dudleya edulis
https://static.inaturalist.org/photos/58563990/medium.jpeg?1577420804,Dudleya edulis
https://static.inaturalist.org/photos/58598235/medium.jpg?1577481711,Dudleya edulis
https://static.inaturalist.org/photos/58656469/medium.jpg?1577569056,Dudleya edulis
https://static.inaturalist.org/photos/58671301/medium.jpeg?1577586544,Dudleya edulis
https://static.inaturalist.org/photos/58723972/medium.jpeg?1577662079,Dudleya edulis
https://static.inaturalist.org/photos/58730266/medium.jpeg?1577669504,Dudleya edulis
https://static.inaturalist.org/photos/58731250/medium.jpg?1577670639,Dudleya edulis
https://static.inaturalist.org/photos/58907168/medium.jpeg?1577942595,Dudleya edulis
https://static.inaturalist.org/photos/58941029/medium.jpeg?1577999968,Dudleya edulis
https://static.inaturalist.org/photos/58941303/medium.jpeg?1578000134,Dudleya edulis
https://static.inaturalist.org/photos/58942369/medium.jpeg?1578001093,Dudleya edulis
https://static.inaturalist.org/photos/58950274/medium.jpeg?1578009994,Dudleya edulis
https://static.inaturalist.org/photos/58953566/medium.jpg?1578013597,Dudleya edulis
https://static.inaturalist.org/photos/59056144/medium.jpeg?1578160956,Dudleya edulis
https://static.inaturalist.org/photos/59025958/medium.jpg?1578111461,Dudleya edulis
https://static.inaturalist.org/photos/59030340/medium.jpeg?1578118782,Dudleya edulis
https://static.inaturalist.org/photos/59030518/medium.jpeg?1578119106,Dudleya edulis
https://static.inaturalist.org/photos/59030526/medium.jpeg?1578119125,Dudleya edulis
https://static.inaturalist.org/photos/59030538/medium.jpeg?1578119143,Dudleya edulis
https://static.inaturalist.org/photos/59065018/medium.jpeg?1578169457,Dudleya edulis
https://static.inaturalist.org/photos/59088431/medium.jpeg?1578197075,Dudleya edulis
https://static.inaturalist.org/photos/59115933/medium.jpeg?1578246425,Dudleya edulis
https://static.inaturalist.org/photos/59148418/medium.jpg?1578278521,Dudleya edulis
https://static.inaturalist.org/photos/59173098/medium.jpg?1578322094,Dudleya edulis
https://static.inaturalist.org/photos/59206952/medium.jpeg?1578361740,Dudleya edulis
https://static.inaturalist.org/photos/59315810/medium.jpg?1578544732,Dudleya edulis
https://static.inaturalist.org/photos/59336185/medium.jpg?1578589162,Dudleya edulis
https://static.inaturalist.org/photos/59353262/medium.jpg?1578610895,Dudleya edulis
https://static.inaturalist.org/photos/59351401/medium.jpeg?1578608031,Dudleya edulis
https://static.inaturalist.org/photos/59351411/medium.jpeg?1578608043,Dudleya edulis
https://static.inaturalist.org/photos/59363585/medium.jpeg?1578627454,Dudleya edulis
https://static.inaturalist.org/photos/59402555/medium.jpg?1578697073,Dudleya edulis
https://static.inaturalist.org/photos/59479605/medium.jpeg?1578802640,Dudleya edulis
https://static.inaturalist.org/photos/59485056/medium.jpg?1578810354,Dudleya edulis
https://static.inaturalist.org/photos/59517952/medium.jpeg?1578859401,Dudleya edulis
https://static.inaturalist.org/photos/59540215/medium.jpeg?1578883619,Dudleya edulis
https://static.inaturalist.org/photos/59600575/medium.jpeg?1578984900,Dudleya edulis
https://static.inaturalist.org/photos/59632108/medium.jpg?1579040504,Dudleya edulis
https://static.inaturalist.org/photos/59697683/medium.jpg?1579137073,Dudleya edulis
https://static.inaturalist.org/photos/59793701/medium.jpg?1579284981,Dudleya edulis
https://static.inaturalist.org/photos/59806593/medium.jpg?1579302062,Dudleya edulis
https://static.inaturalist.org/photos/59814692/medium.jpg?1579313755,Dudleya edulis
https://static.inaturalist.org/photos/59883534/medium.jpg?1579413880,Dudleya edulis
https://static.inaturalist.org/photos/59925521/medium.jpg?1579474219,Dudleya edulis
https://static.inaturalist.org/photos/59947066/medium.jpg?1579495630,Dudleya edulis
https://static.inaturalist.org/photos/59947456/medium.jpg?1579496117,Dudleya edulis
https://static.inaturalist.org/photos/59947697/medium.jpeg?1579496319,Dudleya edulis
https://static.inaturalist.org/photos/60038286/medium.jpg?1579636830,Dudleya edulis
https://static.inaturalist.org/photos/60062079/medium.jpeg?1579673873,Dudleya edulis
https://static.inaturalist.org/photos/60097423/medium.jpeg?1579734171,Dudleya edulis
https://static.inaturalist.org/photos/60097428/medium.jpeg?1579734178,Dudleya edulis
https://static.inaturalist.org/photos/60099542/medium.jpeg?1579737294,Dudleya edulis
https://static.inaturalist.org/photos/60105503/medium.jpg?1579745911,Dudleya edulis
https://static.inaturalist.org/photos/60106983/medium.jpeg?1579747977,Dudleya edulis
https://static.inaturalist.org/photos/60207615/medium.jpeg?1579909674,Dudleya edulis
https://static.inaturalist.org/photos/60282934/medium.jpeg?1580010191,Dudleya edulis
https://static.inaturalist.org/photos/60311872/medium.jpg?1580056245,Dudleya edulis
https://static.inaturalist.org/photos/60321914/medium.jpeg?1580065405,Dudleya edulis
https://static.inaturalist.org/photos/60366825/medium.jpeg?1580114031,Dudleya edulis
https://static.inaturalist.org/photos/60515075/medium.jpeg?1580345523,Dudleya edulis
https://static.inaturalist.org/photos/60560023/medium.jpg?1580426420,Dudleya edulis
https://static.inaturalist.org/photos/60661448/medium.jpg?1580588169,Dudleya edulis
https://static.inaturalist.org/photos/60667956/medium.jpeg?1580594459,Dudleya edulis
https://static.inaturalist.org/photos/60671658/medium.jpg?1580598154,Dudleya edulis
https://static.inaturalist.org/photos/60671891/medium.jpg?1580598413,Dudleya edulis
https://static.inaturalist.org/photos/60723957/medium.jpg?1580670589,Dudleya edulis
https://static.inaturalist.org/photos/60740050/medium.jpeg?1580684405,Dudleya edulis
https://static.inaturalist.org/photos/60819141/medium.jpeg?1580783651,Dudleya edulis
https://static.inaturalist.org/photos/60829078/medium.jpeg?1580797453,Dudleya edulis
https://static.inaturalist.org/photos/60830072/medium.jpeg?1580800043,Dudleya edulis
https://static.inaturalist.org/photos/60881718/medium.jpg?1580874981,Dudleya edulis
https://static.inaturalist.org/photos/60967356/medium.jpeg?1581018305,Dudleya edulis
https://static.inaturalist.org/photos/60973037/medium.jpeg?1581025939,Dudleya edulis
https://static.inaturalist.org/photos/60973320/medium.jpeg?1581026370,Dudleya edulis
https://static.inaturalist.org/photos/61038933/medium.jpg?1581129197,Dudleya edulis
https://static.inaturalist.org/photos/61093491/medium.jpg?1581200125,Dudleya edulis
https://static.inaturalist.org/photos/61111119/medium.jpg?1581218085,Dudleya edulis
https://static.inaturalist.org/photos/61163852/medium.jpeg?1581284929,Dudleya edulis
https://static.inaturalist.org/photos/61305370/medium.jpeg?1581488375,Dudleya edulis
https://static.inaturalist.org/photos/61331938/medium.jpg?1581535648,Dudleya edulis
https://static.inaturalist.org/photos/61457581/medium.jpeg?1581719639,Dudleya edulis
https://static.inaturalist.org/photos/61472418/medium.jpeg?1581738470,Dudleya edulis
https://static.inaturalist.org/photos/61476467/medium.jpeg?1581745730,Dudleya edulis
https://static.inaturalist.org/photos/61610562/medium.jpeg?1581904159,Dudleya edulis
https://static.inaturalist.org/photos/61610678/medium.jpg?1581904275,Dudleya edulis
https://static.inaturalist.org/photos/61627542/medium.jpeg?1581925033,Dudleya edulis
https://static.inaturalist.org/photos/61728512/medium.jpeg?1582053257,Dudleya edulis
https://static.inaturalist.org/photos/61780889/medium.jpeg?1582132086,Dudleya edulis
https://static.inaturalist.org/photos/61817952/medium.jpeg?1582172723,Dudleya edulis
https://static.inaturalist.org/photos/61848469/medium.jpg?1582227294,Dudleya edulis
https://static.inaturalist.org/photos/61873755/medium.jpg?1582255817,Dudleya edulis
https://static.inaturalist.org/photos/61966809/medium.jpg?1582397663,Dudleya edulis
https://static.inaturalist.org/photos/62174023/medium.jpeg?1582646606,Dudleya edulis
https://static.inaturalist.org/photos/62203807/medium.jpeg?1582676368,Dudleya edulis
https://static.inaturalist.org/photos/62262653/medium.jpg?1582760058,Dudleya edulis
https://static.inaturalist.org/photos/62275345/medium.jpg?1582773251,Dudleya edulis
https://static.inaturalist.org/photos/62310422/medium.jpg?1582829563,Dudleya edulis
https://static.inaturalist.org/photos/62320298/medium.jpg?1582838797,Dudleya edulis
https://static.inaturalist.org/photos/62320557/medium.jpg?1582839070,Dudleya edulis
https://static.inaturalist.org/photos/62322449/medium.jpg?1582841295,Dudleya edulis
https://static.inaturalist.org/photos/62333928/medium.jpg?1582853665,Dudleya edulis
https://static.inaturalist.org/photos/62367548/medium.jpg?1582913192,Dudleya edulis
https://static.inaturalist.org/photos/62451840/medium.jpg?1583011803,Dudleya edulis
https://static.inaturalist.org/photos/62479709/medium.jpeg?1583035326,Dudleya edulis
https://static.inaturalist.org/photos/62536654/medium.jpeg?1583096416,Dudleya edulis
https://static.inaturalist.org/photos/62542432/medium.jpeg?1583100138,Dudleya edulis
https://static.inaturalist.org/photos/62579998/medium.jpeg?1583134497,Dudleya edulis
https://static.inaturalist.org/photos/62603690/medium.jpeg?1583171463,Dudleya edulis
https://static.inaturalist.org/photos/62667365/medium.jpg?1583253469,Dudleya edulis
https://static.inaturalist.org/photos/62710912/medium.jpeg?1583300356,Dudleya edulis
https://static.inaturalist.org/photos/62710924/medium.jpeg?1583300364,Dudleya edulis
https://static.inaturalist.org/photos/62780646/medium.jpg?1583392826,Dudleya edulis
https://static.inaturalist.org/photos/62804058/medium.jpg?1583432510,Dudleya edulis
https://static.inaturalist.org/photos/62822605/medium.jpg?1583450266,Dudleya edulis
https://static.inaturalist.org/photos/62847114/medium.jpg?1583478796,Dudleya edulis
https://static.inaturalist.org/photos/62892141/medium.jpg?1583541375,Dudleya edulis
https://static.inaturalist.org/photos/62904969/medium.jpg?1583557168,Dudleya edulis
https://static.inaturalist.org/photos/62906517/medium.jpg?1583558929,Dudleya edulis
https://static.inaturalist.org/photos/62964827/medium.jpeg?1583622960,Dudleya edulis
https://static.inaturalist.org/photos/63027153/medium.jpg?1583691174,Dudleya edulis
https://static.inaturalist.org/photos/63038854/medium.jpg?1583698755,Dudleya edulis
https://static.inaturalist.org/photos/63048791/medium.jpg?1583704559,Dudleya edulis
https://static.inaturalist.org/photos/63114792/medium.jpg?1583776569,Dudleya edulis
https://static.inaturalist.org/photos/63125158/medium.jpeg?1583784823,Dudleya edulis
https://static.inaturalist.org/photos/63132543/medium.jpg?1583790309,Dudleya edulis
https://static.inaturalist.org/photos/63139625/medium.jpg?1583795910,Dudleya edulis
https://static.inaturalist.org/photos/63145822/medium.jpg?1583801312,Dudleya edulis
https://static.inaturalist.org/photos/63211443/medium.jpg?1583882072,Dudleya edulis
https://static.inaturalist.org/photos/63321974/medium.jpeg?1584022906,Dudleya edulis
https://static.inaturalist.org/photos/63606385/medium.jpg?1584311909,Dudleya edulis
https://static.inaturalist.org/photos/63699813/medium.jpg?1584403449,Dudleya edulis
https://static.inaturalist.org/photos/63706713/medium.jpg?1584408640,Dudleya edulis
https://static.inaturalist.org/photos/63744462/medium.jpeg?1584460587,Dudleya edulis
https://static.inaturalist.org/photos/63784423/medium.jpg?1584491022,Dudleya edulis
https://static.inaturalist.org/photos/63792549/medium.jpeg?1584497358,Dudleya edulis
https://static.inaturalist.org/photos/63800634/medium.jpeg?1584504137,Dudleya edulis
https://static.inaturalist.org/photos/63800636/medium.jpeg?1584504142,Dudleya edulis
https://static.inaturalist.org/photos/63944681/medium.jpeg?1584650212,Dudleya edulis
https://static.inaturalist.org/photos/63975751/medium.jpg?1584671137,Dudleya edulis
https://static.inaturalist.org/photos/64060006/medium.jpeg?1584750144,Dudleya edulis
https://static.inaturalist.org/photos/64154651/medium.jpeg?1584829699,Dudleya edulis
https://static.inaturalist.org/photos/64160292/medium.jpeg?1584832461,Dudleya edulis
https://static.inaturalist.org/photos/64167907/medium.jpg?1584836057,Dudleya edulis
https://static.inaturalist.org/photos/64279771/medium.jpg?1584921034,Dudleya edulis
https://static.inaturalist.org/photos/64291365/medium.jpeg?1584928778,Dudleya edulis
https://static.inaturalist.org/photos/64393147/medium.jpeg?1585030451,Dudleya edulis
https://static.inaturalist.org/photos/64442679/medium.jpg?1585080046,Dudleya edulis
https://static.inaturalist.org/photos/64462385/medium.jpg?1585092020,Dudleya edulis
https://static.inaturalist.org/photos/64781135/medium.jpg?1585366072,Dudleya edulis
https://static.inaturalist.org/photos/64780444/medium.jpeg?1585365573,Dudleya edulis
https://static.inaturalist.org/photos/64787602/medium.jpg?1585372542,Dudleya edulis
https://static.inaturalist.org/photos/65108135/medium.jpeg?1585598722,Dudleya edulis
https://static.inaturalist.org/photos/65148436/medium.jpeg?1585624296,Dudleya edulis
https://static.inaturalist.org/photos/65227528/medium.jpg?1585694629,Dudleya edulis
https://static.inaturalist.org/photos/65340018/medium.jpeg?1585786960,Dudleya edulis
https://static.inaturalist.org/photos/70575753/medium.jpg?1588364774,Dudleya edulis
https://static.inaturalist.org/photos/65456239/medium.jpg?1585876935,Dudleya edulis
https://static.inaturalist.org/photos/65674604/medium.jpeg?1586040438,Dudleya edulis
https://static.inaturalist.org/photos/65674620/medium.jpeg?1586040454,Dudleya edulis
https://static.inaturalist.org/photos/65674642/medium.jpeg?1586040468,Dudleya edulis
https://static.inaturalist.org/photos/65700952/medium.jpg?1586054995,Dudleya edulis
https://static.inaturalist.org/photos/65825449/medium.jpeg?1586128964,Dudleya edulis
https://static.inaturalist.org/photos/65825638/medium.jpeg?1586129050,Dudleya edulis
https://static.inaturalist.org/photos/65830263/medium.jpeg?1586130988,Dudleya edulis
https://static.inaturalist.org/photos/65858671/medium.jpg?1586148544,Dudleya edulis
https://static.inaturalist.org/photos/66054321/medium.jpg?1586293608,Dudleya edulis
https://static.inaturalist.org/photos/66080316/medium.jpeg?1586305412,Dudleya edulis
https://static.inaturalist.org/photos/66094320/medium.jpg?1586314320,Dudleya edulis
https://static.inaturalist.org/photos/66365031/medium.jpg?1586528646,Dudleya edulis
https://static.inaturalist.org/photos/66698979/medium.jpg?1586720634,Dudleya edulis
https://static.inaturalist.org/photos/66948849/medium.jpg?1586885457,Dudleya edulis
https://static.inaturalist.org/photos/67189170/medium.jpeg?1587053438,Dudleya edulis
https://static.inaturalist.org/photos/67323876/medium.jpg?1587143486,Dudleya edulis
https://static.inaturalist.org/photos/67323898/medium.jpg?1587143495,Dudleya edulis
https://static.inaturalist.org/photos/67767803/medium.jpeg?1587397225,Dudleya edulis
https://static.inaturalist.org/photos/67808040/medium.jpeg?1587414203,Dudleya edulis
https://static.inaturalist.org/photos/68392284/medium.jpg?1587737239,Dudleya edulis
https://static.inaturalist.org/photos/68594019/medium.jpg?1587773544,Dudleya edulis
https://static.inaturalist.org/photos/69295293/medium.jpeg?1587925529,Dudleya edulis
https://static.inaturalist.org/photos/69315994/medium.jpeg?1587928553,Dudleya edulis
https://static.inaturalist.org/photos/69390513/medium.jpg?1587938886,Dudleya edulis
https://static.inaturalist.org/photos/69462387/medium.jpeg?1587950286,Dudleya edulis
https://static.inaturalist.org/photos/69483437/medium.jpeg?1587954319,Dudleya edulis
https://static.inaturalist.org/photos/69483596/medium.jpeg?1587954353,Dudleya edulis
https://static.inaturalist.org/photos/69487559/medium.jpeg?1587955180,Dudleya edulis
https://static.inaturalist.org/photos/69497625/medium.jpg?1587957334,Dudleya edulis
https://static.inaturalist.org/photos/69716883/medium.jpg?1588015955,Dudleya edulis
https://static.inaturalist.org/photos/69723072/medium.jpeg?1588016970,Dudleya edulis
https://static.inaturalist.org/photos/69723135/medium.jpeg?1588016980,Dudleya edulis
https://static.inaturalist.org/photos/69723210/medium.jpeg?1588016990,Dudleya edulis
https://static.inaturalist.org/photos/69736102/medium.jpg?1588018950,Dudleya edulis
https://static.inaturalist.org/photos/69789866/medium.jpg?1588027997,Dudleya edulis
https://static.inaturalist.org/photos/69806634/medium.jpeg?1588030895,Dudleya edulis
https://static.inaturalist.org/photos/70007145/medium.jpg?1588098367,Dudleya edulis
https://static.inaturalist.org/photos/70055028/medium.jpg?1588112938,Dudleya edulis
https://static.inaturalist.org/photos/70120721/medium.jpg?1588140110,Dudleya edulis
https://static.inaturalist.org/photos/70168382/medium.jpeg?1588172550,Dudleya edulis
https://static.inaturalist.org/photos/70202685/medium.jpeg?1588184378,Dudleya edulis
https://static.inaturalist.org/photos/70202962/medium.jpeg?1588184470,Dudleya edulis
https://static.inaturalist.org/photos/70203146/medium.jpeg?1588184532,Dudleya edulis
https://static.inaturalist.org/photos/70250163/medium.jpeg?1588200252,Dudleya edulis
https://static.inaturalist.org/photos/70250428/medium.jpeg?1588200355,Dudleya edulis
https://static.inaturalist.org/photos/70251125/medium.jpeg?1588200582,Dudleya edulis
https://static.inaturalist.org/photos/70251354/medium.jpeg?1588200666,Dudleya edulis
https://static.inaturalist.org/photos/70292621/medium.jpg?1588217183,Dudleya edulis
https://static.inaturalist.org/photos/70362728/medium.jpg?1588263652,Dudleya edulis
https://static.inaturalist.org/photos/70432390/medium.jpg?1588290587,Dudleya edulis
https://static.inaturalist.org/photos/70451434/medium.jpg?1588298394,Dudleya edulis
https://static.inaturalist.org/photos/70461439/medium.jpg?1588303254,Dudleya edulis
https://static.inaturalist.org/photos/70468631/medium.jpg?1588307400,Dudleya edulis
https://static.inaturalist.org/photos/70643154/medium.jpg?1588393528,Dudleya edulis
https://static.inaturalist.org/photos/70837490/medium.jpg?1588473193,Dudleya edulis
https://static.inaturalist.org/photos/71093142/medium.jpeg?1588567502,Dudleya edulis
https://static.inaturalist.org/photos/71093207/medium.jpeg?1588567536,Dudleya edulis
https://static.inaturalist.org/photos/71093405/medium.jpeg?1588567632,Dudleya edulis
https://static.inaturalist.org/photos/71093455/medium.jpeg?1588567660,Dudleya edulis
https://static.inaturalist.org/photos/71094021/medium.jpeg?1588567894,Dudleya edulis
https://static.inaturalist.org/photos/71095830/medium.jpeg?1588568899,Dudleya edulis
https://static.inaturalist.org/photos/71095888/medium.jpeg?1588568941,Dudleya edulis
https://static.inaturalist.org/photos/71217375/medium.jpeg?1588631680,Dudleya edulis
https://static.inaturalist.org/photos/71217412/medium.jpeg?1588631692,Dudleya edulis
https://static.inaturalist.org/photos/71366895/medium.jpeg?1588713275,Dudleya edulis
https://static.inaturalist.org/photos/71366905/medium.jpeg?1588713279,Dudleya edulis
https://static.inaturalist.org/photos/71419360/medium.jpg?1588740248,Dudleya edulis
https://static.inaturalist.org/photos/71427014/medium.jpg?1588748790,Dudleya edulis
https://static.inaturalist.org/photos/71462706/medium.jpeg?1588777362,Dudleya edulis
https://static.inaturalist.org/photos/71814332/medium.jpg?1588964112,Dudleya edulis
https://static.inaturalist.org/photos/71869270/medium.jpeg?1588987551,Dudleya edulis
https://static.inaturalist.org/photos/71869643/medium.jpeg?1588987744,Dudleya edulis
https://static.inaturalist.org/photos/72060700/medium.jpeg?1589079963,Dudleya edulis
https://static.inaturalist.org/photos/72349890/medium.jpg?1589229988,Dudleya edulis
https://static.inaturalist.org/photos/72547964/medium.jpeg?1589335734,Dudleya edulis
https://static.inaturalist.org/photos/72548078/medium.jpeg?1589335803,Dudleya edulis
https://static.inaturalist.org/photos/72664959/medium.jpeg?1589406533,Dudleya edulis
https://static.inaturalist.org/photos/72868294/medium.jpeg?1589515021,Dudleya edulis
https://static.inaturalist.org/photos/72933637/medium.jpeg?1589561290,Dudleya edulis
https://static.inaturalist.org/photos/72952274/medium.jpg?1589567589,Dudleya edulis
https://static.inaturalist.org/photos/73054764/medium.jpeg?1589614612,Dudleya edulis
https://static.inaturalist.org/photos/73141564/medium.jpg?1589652161,Dudleya edulis
https://static.inaturalist.org/photos/73217809/medium.jpg?1589674178,Dudleya edulis
https://static.inaturalist.org/photos/73412665/medium.jpg?1589747107,Dudleya edulis
https://static.inaturalist.org/photos/73496145/medium.jpg?1589774635,Dudleya edulis
https://static.inaturalist.org/photos/73582911/medium.jpeg?1589822894,Dudleya edulis
https://static.inaturalist.org/photos/73627900/medium.jpg?1589837903,Dudleya edulis
https://static.inaturalist.org/photos/73647772/medium.jpeg?1589845391,Dudleya edulis
https://static.inaturalist.org/photos/73672230/medium.jpg?1589856601,Dudleya edulis
https://static.inaturalist.org/photos/73756145/medium.jpeg?1589906894,Dudleya edulis
https://static.inaturalist.org/photos/74139552/medium.jpeg?1590083109,Dudleya edulis
https://static.inaturalist.org/photos/74307892/medium.jpg?1590164520,Dudleya edulis
https://static.inaturalist.org/photos/74307901/medium.jpg?1590164524,Dudleya edulis
https://static.inaturalist.org/photos/74307908/medium.jpg?1590164527,Dudleya edulis
https://static.inaturalist.org/photos/74360349/medium.jpg?1590180551,Dudleya edulis
https://static.inaturalist.org/photos/74377415/medium.jpg?1590186443,Dudleya edulis
https://static.inaturalist.org/photos/74648919/medium.jpg?1590292017,Dudleya edulis
https://static.inaturalist.org/photos/74664077/medium.jpg?1590300365,Dudleya edulis
https://static.inaturalist.org/photos/74899710/medium.jpg?1590378684,Dudleya edulis
https://static.inaturalist.org/photos/75224012/medium.jpg?1590519670,Dudleya edulis
https://static.inaturalist.org/photos/75286661/medium.jpg?1590544234,Dudleya edulis
https://static.inaturalist.org/photos/75480772/medium.jpg?1590636676,Dudleya edulis
https://static.inaturalist.org/photos/75482689/medium.jpg?1590637780,Dudleya edulis
https://static.inaturalist.org/photos/75496853/medium.jpg?1590647988,Dudleya edulis
https://static.inaturalist.org/photos/75762269/medium.jpg?1590778070,Dudleya edulis
https://static.inaturalist.org/photos/75766030/medium.jpg?1590779576,Dudleya edulis
https://static.inaturalist.org/photos/75806182/medium.jpeg?1590796311,Dudleya edulis
https://static.inaturalist.org/photos/76044604/medium.jpeg?1590895422,Dudleya edulis
https://static.inaturalist.org/photos/76044720/medium.jpeg?1590895469,Dudleya edulis
https://static.inaturalist.org/photos/76044748/medium.jpeg?1590895479,Dudleya edulis
https://static.inaturalist.org/photos/76045888/medium.jpg?1590896021,Dudleya edulis
https://static.inaturalist.org/photos/76212963/medium.jpg?1590960986,Dudleya edulis
https://static.inaturalist.org/photos/76213202/medium.jpg?1590961053,Dudleya edulis
https://static.inaturalist.org/photos/76558241/medium.jpeg?1591121074,Dudleya edulis
https://static.inaturalist.org/photos/76558279/medium.jpeg?1591121088,Dudleya edulis
https://static.inaturalist.org/photos/76558365/medium.jpeg?1591121122,Dudleya edulis
https://static.inaturalist.org/photos/76558402/medium.jpeg?1591121140,Dudleya edulis
https://static.inaturalist.org/photos/76558452/medium.jpeg?1591121161,Dudleya edulis
https://static.inaturalist.org/photos/76606713/medium.jpeg?1591140397,Dudleya edulis
https://static.inaturalist.org/photos/76697520/medium.jpg?1591196944,Dudleya edulis
https://static.inaturalist.org/photos/76776559/medium.jpg?1591227180,Dudleya edulis
https://static.inaturalist.org/photos/76955169/medium.jpg?1591319673,Dudleya edulis
https://static.inaturalist.org/photos/76958304/medium.jpeg?1591321035,Dudleya edulis
https://static.inaturalist.org/photos/77141067/medium.jpeg?1591412038,Dudleya edulis
https://static.inaturalist.org/photos/77144355/medium.jpg?1591413363,Dudleya edulis
https://static.inaturalist.org/photos/77305556/medium.jpg?1591482429,Dudleya edulis
https://static.inaturalist.org/photos/77328896/medium.jpg?1591491011,Dudleya edulis
https://static.inaturalist.org/photos/77337936/medium.jpg?1591494983,Dudleya edulis
https://static.inaturalist.org/photos/77350603/medium.jpeg?1591500314,Dudleya edulis
https://static.inaturalist.org/photos/77350642/medium.jpeg?1591500330,Dudleya edulis
https://static.inaturalist.org/photos/77374144/medium.jpg?1591518323,Dudleya edulis
https://static.inaturalist.org/photos/78860381/medium.jpg?1592187836,Dudleya edulis
https://static.inaturalist.org/photos/77807078/medium.jpeg?1591712230,Dudleya edulis
https://static.inaturalist.org/photos/78015424/medium.jpeg?1591814997,Dudleya edulis
https://static.inaturalist.org/photos/78053095/medium.jpeg?1591829187,Dudleya edulis
https://static.inaturalist.org/photos/78057611/medium.jpeg?1591831437,Dudleya edulis
https://static.inaturalist.org/photos/78198578/medium.jpg?1591908154,Dudleya edulis
https://static.inaturalist.org/photos/78202766/medium.jpeg?1591909734,Dudleya edulis
https://static.inaturalist.org/photos/78371918/medium.jpeg?1591996134,Dudleya edulis
https://static.inaturalist.org/photos/78418111/medium.jpg?1592015880,Dudleya edulis
https://static.inaturalist.org/photos/78532944/medium.jpg?1592072734,Dudleya edulis
https://static.inaturalist.org/photos/78533360/medium.jpg?1592072835,Dudleya edulis
https://static.inaturalist.org/photos/79231405/medium.jpg?1592356404,Dudleya edulis
https://static.inaturalist.org/photos/78867313/medium.jpeg?1592190413,Dudleya edulis
https://static.inaturalist.org/photos/78876038/medium.jpeg?1592194502,Dudleya edulis
https://static.inaturalist.org/photos/78952583/medium.jpg?1592237794,Dudleya edulis
https://static.inaturalist.org/photos/78983501/medium.jpeg?1592247111,Dudleya edulis
https://static.inaturalist.org/photos/78983639/medium.jpeg?1592247149,Dudleya edulis
https://static.inaturalist.org/photos/79010404/medium.jpeg?1592255494,Dudleya edulis
https://static.inaturalist.org/photos/79010510/medium.jpeg?1592255533,Dudleya edulis
https://static.inaturalist.org/photos/79010585/medium.jpeg?1592255560,Dudleya edulis
https://static.inaturalist.org/photos/79010674/medium.jpeg?1592255599,Dudleya edulis
https://static.inaturalist.org/photos/79747897/medium.jpg?1592619444,Dudleya edulis
https://static.inaturalist.org/photos/79982130/medium.jpg?1592716717,Dudleya edulis
https://static.inaturalist.org/photos/79985990/medium.jpeg?1592719378,Dudleya edulis
https://static.inaturalist.org/photos/79986002/medium.jpeg?1592719388,Dudleya edulis
https://static.inaturalist.org/photos/80105746/medium.jpg?1592764862,Dudleya edulis
https://static.inaturalist.org/photos/80215961/medium.jpg?1592802175,Dudleya edulis
https://static.inaturalist.org/photos/80302910/medium.jpeg?1592846719,Dudleya edulis
https://static.inaturalist.org/photos/80364265/medium.jpeg?1592865145,Dudleya edulis
https://static.inaturalist.org/photos/80737596/medium.jpeg?1593042558,Dudleya edulis
https://static.inaturalist.org/photos/80748011/medium.jpg?1593047017,Dudleya edulis
https://static.inaturalist.org/photos/80769599/medium.jpeg?1593057302,Dudleya edulis
https://static.inaturalist.org/photos/80769687/medium.jpeg?1593057353,Dudleya edulis
https://static.inaturalist.org/photos/80769743/medium.jpeg?1593057385,Dudleya edulis
https://static.inaturalist.org/photos/80769801/medium.jpeg?1593057415,Dudleya edulis
https://static.inaturalist.org/photos/80769944/medium.jpeg?1593057496,Dudleya edulis
https://static.inaturalist.org/photos/80770025/medium.jpeg?1593057549,Dudleya edulis
https://static.inaturalist.org/photos/80770123/medium.jpeg?1593057610,Dudleya edulis
https://static.inaturalist.org/photos/80922770/medium.jpeg?1593135064,Dudleya edulis
https://static.inaturalist.org/photos/81456314/medium.jpg?1593375922,Dudleya edulis
https://static.inaturalist.org/photos/81494536/medium.jpeg?1593387118,Dudleya edulis
https://static.inaturalist.org/photos/82377779/medium.jpeg?1593809796,Dudleya edulis
https://static.inaturalist.org/photos/82570360/medium.jpg?1593899703,Dudleya edulis
https://static.inaturalist.org/photos/82591295/medium.jpg?1593908607,Dudleya edulis
https://static.inaturalist.org/photos/82895720/medium.jpg?1594050524,Dudleya edulis
https://static.inaturalist.org/photos/82966271/medium.jpg?1594074285,Dudleya edulis
https://static.inaturalist.org/photos/83497023/medium.jpg?1594336355,Dudleya edulis
https://static.inaturalist.org/photos/83869638/medium.jpg?1594514956,Dudleya edulis
https://static.inaturalist.org/photos/84609473/medium.jpg?1594853889,Dudleya edulis
https://static.inaturalist.org/photos/85598214/medium.jpeg?1595307154,Dudleya edulis
