image_url,scientific_name
https://static.inaturalist.org/photos/3729179/medium.jpg?1463750482,Ribes grossularia
https://static.inaturalist.org/photos/4238214/medium.jpg?1544812283,Ribes grossularia
https://static.inaturalist.org/photos/7708699/medium.jpg?1494339539,Ribes grossularia
https://static.inaturalist.org/photos/8809959/medium.jpg?1499097519,Ribes grossularia
https://static.inaturalist.org/photos/12515393/medium.jpg?1514071696,Ribes grossularia
https://static.inaturalist.org/photos/16108011/medium.jpeg?1524399891,Ribes grossularia
https://static.inaturalist.org/photos/48618289/medium.jpeg?1566169613,Ribes grossularia
https://static.inaturalist.org/photos/54190095/medium.jpg?1571182444,Ribes grossularia
https://static.inaturalist.org/photos/74071207/medium.jpeg?1590052796,Ribes grossularia
https://static.inaturalist.org/photos/76298540/medium.jpg?1590997631,Ribes grossularia
