image_url,scientific_name
https://static.inaturalist.org/photos/452739/medium.JPG?1376242208,Vitis vinifera
https://static.inaturalist.org/photos/498162/medium.JPG?1379209332,Vitis vinifera
https://static.inaturalist.org/photos/739092/medium.jpg?1395687522,Vitis vinifera
https://static.inaturalist.org/photos/833289/medium.jpg?1399297760,Vitis vinifera
https://static.inaturalist.org/photos/858085/medium.jpg?1400338963,Vitis vinifera
https://static.inaturalist.org/photos/865232/medium.jpg?1400598237,Vitis vinifera
https://static.inaturalist.org/photos/867593/medium.jpg?1400691095,Vitis vinifera
https://static.inaturalist.org/photos/961600/medium.jpg?1404326614,Vitis vinifera
https://static.inaturalist.org/photos/973169/medium.jpg?1404831987,Vitis vinifera
https://static.inaturalist.org/photos/1102789/medium.JPG?1410295346,Vitis vinifera
https://static.inaturalist.org/photos/1212379/medium.?1413292429,Vitis vinifera
https://static.inaturalist.org/photos/1233611/medium.?1413342154,Vitis vinifera
https://static.inaturalist.org/photos/1239958/medium.?1413365974,Vitis vinifera
https://static.inaturalist.org/photos/1248509/medium.?1413387999,Vitis vinifera
https://static.inaturalist.org/photos/1255586/medium.?1413402969,Vitis vinifera
https://static.inaturalist.org/photos/1255587/medium.?1413402971,Vitis vinifera
https://static.inaturalist.org/photos/1255588/medium.?1413402969,Vitis vinifera
https://static.inaturalist.org/photos/1265796/medium.?1413423350,Vitis vinifera
https://static.inaturalist.org/photos/1433748/medium.JPG?1419076318,Vitis vinifera
https://static.inaturalist.org/photos/1455297/medium.JPG?1420089395,Vitis vinifera
https://static.inaturalist.org/photos/1598857/medium.jpg?1444339341,Vitis vinifera
https://static.inaturalist.org/photos/1644526/medium.JPG?1426993958,Vitis vinifera
https://static.inaturalist.org/photos/1649186/medium.JPG?1427090571,Vitis vinifera
https://static.inaturalist.org/photos/1733783/medium.jpg?1429340406,Vitis vinifera
https://static.inaturalist.org/photos/1823047/medium.JPG?1431212530,Vitis vinifera
https://static.inaturalist.org/photos/1884877/medium.jpg?1432240094,Vitis vinifera
https://static.inaturalist.org/photos/2061641/medium.jpg?1444467814,Vitis vinifera
https://static.inaturalist.org/photos/2514499/medium.JPG?1444633047,Vitis vinifera
https://static.inaturalist.org/photos/2670676/medium.jpg?1447872724,Vitis vinifera
https://static.inaturalist.org/photos/2701353/medium.jpg?1448486679,Vitis vinifera
https://static.inaturalist.org/photos/2717176/medium.jpg?1448840334,Vitis vinifera
https://static.inaturalist.org/photos/2951460/medium.jpg?1454245221,Vitis vinifera
https://static.inaturalist.org/photos/3153935/medium.jpeg?1457976424,Vitis vinifera
https://static.inaturalist.org/photos/3159761/medium.jpeg?1458056349,Vitis vinifera
https://static.inaturalist.org/photos/3512250/medium.jpeg?1461863935,Vitis vinifera
https://static.inaturalist.org/photos/3734684/medium.jpg?1463761661,Vitis vinifera
https://static.inaturalist.org/photos/3794223/medium.JPG?1464022771,Vitis vinifera
https://static.inaturalist.org/photos/4065447/medium.JPG?1466490250,Vitis vinifera
https://static.inaturalist.org/photos/4125348/medium.JPG?1467135252,Vitis vinifera
https://static.inaturalist.org/photos/4315174/medium.jpeg?1469086855,Vitis vinifera
https://static.inaturalist.org/photos/4368910/medium.jpeg?1469606909,Vitis vinifera
https://static.inaturalist.org/photos/4472436/medium.jpeg?1470593282,Vitis vinifera
https://static.inaturalist.org/photos/4520591/medium.jpg?1470916397,Vitis vinifera
https://static.inaturalist.org/photos/4549125/medium.jpeg?1471126795,Vitis vinifera
https://static.inaturalist.org/photos/4630001/medium.jpeg?1471799018,Vitis vinifera
https://static.inaturalist.org/photos/4675287/medium.jpeg?1472203038,Vitis vinifera
https://static.inaturalist.org/photos/4792149/medium.jpg?1473163763,Vitis vinifera
https://static.inaturalist.org/photos/4891137/medium.jpg?1473934593,Vitis vinifera
https://static.inaturalist.org/photos/4949756/medium.jpeg?1474902342,Vitis vinifera
https://static.inaturalist.org/photos/5041572/medium.jpeg?1475071617,Vitis vinifera
https://static.inaturalist.org/photos/5041900/medium.jpg?1475072875,Vitis vinifera
https://static.inaturalist.org/photos/5086918/medium.jpeg?1475427980,Vitis vinifera
https://static.inaturalist.org/photos/5097572/medium.jpeg?1475493898,Vitis vinifera
https://static.inaturalist.org/photos/5280816/medium.jpg?1476959461,Vitis vinifera
https://static.inaturalist.org/photos/5801623/medium.jpg?1481598048,Vitis vinifera
https://static.inaturalist.org/photos/5904292/medium.jpeg?1483003377,Vitis vinifera
https://static.inaturalist.org/photos/6202252/medium.jpeg?1486319051,Vitis vinifera
https://static.inaturalist.org/photos/6253771/medium.jpg?1486841381,Vitis vinifera
https://static.inaturalist.org/photos/6528800/medium.jpg?1489225895,Vitis vinifera
https://static.inaturalist.org/photos/6775256/medium.jpeg?1490779506,Vitis vinifera
https://static.inaturalist.org/photos/6775266/medium.jpeg?1490779551,Vitis vinifera
https://static.inaturalist.org/photos/7613338/medium.jpeg?1493896498,Vitis vinifera
https://static.inaturalist.org/photos/7648315/medium.jpg?1494088618,Vitis vinifera
https://static.inaturalist.org/photos/7769915/medium.jpg?1494661367,Vitis vinifera
https://static.inaturalist.org/photos/7905896/medium.jpeg?1495258650,Vitis vinifera
https://static.inaturalist.org/photos/7955206/medium.jpg?1495456474,Vitis vinifera
https://static.inaturalist.org/photos/8192759/medium.jpg?1496487242,Vitis vinifera
https://static.inaturalist.org/photos/8218605/medium.jpeg?1496596552,Vitis vinifera
https://static.inaturalist.org/photos/8258478/medium.jpg?1496738942,Vitis vinifera
https://static.inaturalist.org/photos/8761134/medium.jpg?1498913667,Vitis vinifera sylvestris
https://static.inaturalist.org/photos/9345130/medium.jpg?1501183028,Vitis vinifera
https://static.inaturalist.org/photos/9538223/medium.jpeg?1501917188,Vitis vinifera
https://static.inaturalist.org/photos/9538576/medium.jpeg?1501921167,Vitis vinifera
https://static.inaturalist.org/photos/9549407/medium.jpg?1501963738,Vitis vinifera
https://static.inaturalist.org/photos/9767630/medium.jpeg?1502745521,Vitis vinifera sylvestris
https://static.inaturalist.org/photos/9779089/medium.jpg?1502795575,Vitis vinifera
https://static.inaturalist.org/photos/9867838/medium.jpeg?1503172576,Vitis vinifera
https://static.inaturalist.org/photos/10464220/medium.jpg?1505462027,Vitis vinifera
https://static.inaturalist.org/photos/10464860/medium.jpeg?1505471074,Vitis vinifera
https://static.inaturalist.org/photos/10467435/medium.jpg?1505487051,Vitis vinifera
https://static.inaturalist.org/photos/10698697/medium.jpeg?1506269088,Vitis vinifera
https://static.inaturalist.org/photos/10722526/medium.jpg?1506338616,Vitis vinifera
https://static.inaturalist.org/photos/10725779/medium.jpeg?1506352836,Vitis vinifera vinifera
https://static.inaturalist.org/photos/10893552/medium.jpg?1506945342,Vitis vinifera
https://static.inaturalist.org/photos/10927361/medium.jpg?1507061053,Vitis vinifera
https://static.inaturalist.org/photos/10944494/medium.jpg?1507130716,Vitis vinifera
https://static.inaturalist.org/photos/11415316/medium.jpg?1508946447,Vitis vinifera
https://static.inaturalist.org/photos/11649305/medium.jpg?1509874175,Vitis vinifera
https://static.inaturalist.org/photos/12028306/medium.jpg?1511633597,Vitis vinifera
https://static.inaturalist.org/photos/12065651/medium.jpeg?1511788457,Vitis vinifera
https://static.inaturalist.org/photos/12405039/medium.jpeg?1513419377,Vitis vinifera
https://static.inaturalist.org/photos/12521931/medium.jpg?1514109321,Vitis vinifera vinifera
https://static.inaturalist.org/photos/13408462/medium.jpeg?1518202268,Vitis vinifera vinifera
https://static.inaturalist.org/photos/13756024/medium.jpg?1519656943,Vitis vinifera
https://static.inaturalist.org/photos/14140656/medium.jpeg?1521007712,Vitis vinifera
https://static.inaturalist.org/photos/14298875/medium.jpg?1521505739,Vitis vinifera
https://static.inaturalist.org/photos/14299278/medium.jpg?1521506661,Vitis vinifera
https://static.inaturalist.org/photos/14330711/medium.jpeg?1521603534,Vitis vinifera
https://static.inaturalist.org/photos/14348967/medium.jpg?1521667514,Vitis vinifera
https://static.inaturalist.org/photos/14422073/medium.jpg?1521893561,Vitis vinifera
https://static.inaturalist.org/photos/14481543/medium.jpeg?1522026924,Vitis vinifera
https://static.inaturalist.org/photos/14490413/medium.jpeg?1522057213,Vitis vinifera
https://static.inaturalist.org/photos/14682219/medium.jpeg?1522570471,Vitis vinifera
https://static.inaturalist.org/photos/14756586/medium.jpg?1522729007,Vitis vinifera
https://static.inaturalist.org/photos/14903429/medium.jpg?1523094778,Vitis vinifera
https://static.inaturalist.org/photos/14906957/medium.jpeg?1523107107,Vitis vinifera
https://static.inaturalist.org/photos/15129029/medium.jpg?1523529511,Vitis vinifera
https://static.inaturalist.org/photos/15201207/medium.jpg?1523597232,Vitis vinifera
https://static.inaturalist.org/photos/15250305/medium.jpg?1523645618,Vitis vinifera
https://static.inaturalist.org/photos/15253970/medium.jpg?1523648541,Vitis vinifera
https://static.inaturalist.org/photos/15296060/medium.jpg?1523684285,Vitis vinifera
https://static.inaturalist.org/photos/15398112/medium.jpg?1523773002,Vitis vinifera
https://static.inaturalist.org/photos/15427804/medium.jpeg?1523802320,Vitis vinifera
https://static.inaturalist.org/photos/15519315/medium.jpg?1523886406,Vitis vinifera
https://static.inaturalist.org/photos/28173540/medium.jpg?1542386220,Vitis vinifera
https://static.inaturalist.org/photos/15982233/medium.jpg?1524288194,Vitis vinifera
https://static.inaturalist.org/photos/16067347/medium.jpeg?1524357205,Vitis vinifera
https://static.inaturalist.org/photos/16109724/medium.jpg?1524402254,Vitis vinifera
https://static.inaturalist.org/photos/16487692/medium.jpeg?1524868835,Vitis vinifera
https://static.inaturalist.org/photos/16605944/medium.jpg?1524933563,Vitis vinifera
https://static.inaturalist.org/photos/16715971/medium.jpeg?1524963367,Vitis vinifera
https://static.inaturalist.org/photos/16772717/medium.jpeg?1524998873,Vitis vinifera
https://static.inaturalist.org/photos/17331577/medium.jpeg?1525340735,Vitis vinifera
https://static.inaturalist.org/photos/17332990/medium.jpg?1525344470,Vitis vinifera
https://static.inaturalist.org/photos/17384761/medium.jpg?1525402961,Vitis vinifera
https://static.inaturalist.org/photos/17491130/medium.jpg?1525569986,Vitis vinifera
https://static.inaturalist.org/photos/17677212/medium.jpg?1525849273,Vitis vinifera
https://static.inaturalist.org/photos/17746802/medium.jpg?1525976587,Vitis vinifera
https://static.inaturalist.org/photos/17827559/medium.jpg?1526107956,Vitis vinifera
https://static.inaturalist.org/photos/17828250/medium.jpeg?1526110335,Vitis vinifera
https://static.inaturalist.org/photos/17829664/medium.jpeg?1526116606,Vitis vinifera
https://static.inaturalist.org/photos/17843936/medium.jpeg?1526142654,Vitis vinifera
https://static.inaturalist.org/photos/17886949/medium.jpg?1526193687,Vitis vinifera
https://static.inaturalist.org/photos/17893411/medium.jpg?1526214794,Vitis vinifera
https://static.inaturalist.org/photos/28170634/medium.jpg?1542375933,Vitis vinifera
https://static.inaturalist.org/photos/18256591/medium.jpeg?1526777268,Vitis vinifera
https://static.inaturalist.org/photos/18279258/medium.jpg?1526821957,Vitis vinifera
https://static.inaturalist.org/photos/18318805/medium.jpeg?1526861026,Vitis vinifera
https://static.inaturalist.org/photos/18871339/medium.jpeg?1527760876,Vitis vinifera
https://static.inaturalist.org/photos/19107764/medium.jpg?1528113797,Vitis vinifera
https://static.inaturalist.org/photos/19114349/medium.jpg?1528125105,Vitis vinifera
https://static.inaturalist.org/photos/19165965/medium.jpg?1528206337,Vitis vinifera
https://static.inaturalist.org/photos/19647931/medium.jpg?1528905099,Vitis vinifera
https://static.inaturalist.org/photos/20017467/medium.jpg?1529489870,Vitis vinifera
https://static.inaturalist.org/photos/19968219/medium.jpg?1529407772,Vitis vinifera
https://static.inaturalist.org/photos/20174692/medium.jpeg?1529753926,Vitis vinifera
https://static.inaturalist.org/photos/20462754/medium.jpeg?1530205536,Vitis vinifera
https://static.inaturalist.org/photos/20462857/medium.jpeg?1530205658,Vitis vinifera
https://static.inaturalist.org/photos/20462895/medium.jpeg?1530205704,Vitis vinifera
https://static.inaturalist.org/photos/20552844/medium.jpg?1530369809,Vitis vinifera
https://static.inaturalist.org/photos/21058282/medium.jpeg?1531145484,Vitis vinifera
https://static.inaturalist.org/photos/21124304/medium.jpg?1531246694,Vitis vinifera
https://static.inaturalist.org/photos/21313713/medium.jpeg?1531567974,Vitis vinifera
https://static.inaturalist.org/photos/21553639/medium.jpeg?1531926611,Vitis vinifera
https://static.inaturalist.org/photos/21670303/medium.jpg?1532109421,Vitis vinifera
https://static.inaturalist.org/photos/21699512/medium.jpg?1532151305,Vitis vinifera
https://static.inaturalist.org/photos/21706258/medium.jpg?1532174708,Vitis vinifera
https://static.inaturalist.org/photos/21768985/medium.jpg?1532263513,Vitis vinifera
https://static.inaturalist.org/photos/22005133/medium.jpeg?1532617695,Vitis vinifera
https://static.inaturalist.org/photos/22007434/medium.jpeg?1532620281,Vitis vinifera
https://static.inaturalist.org/photos/22139490/medium.jpg?1532787464,Vitis vinifera
https://static.inaturalist.org/photos/22144906/medium.jpg?1532792946,Vitis vinifera
https://static.inaturalist.org/photos/22158229/medium.jpg?1532804329,Vitis vinifera
https://static.inaturalist.org/photos/22484192/medium.jpeg?1533254111,Vitis vinifera
https://static.inaturalist.org/photos/22615263/medium.jpeg?1533472354,Vitis vinifera
https://static.inaturalist.org/photos/22770174/medium.jpg?1533704474,Vitis vinifera
https://static.inaturalist.org/photos/23003210/medium.jpeg?1534092799,Vitis vinifera
https://static.inaturalist.org/photos/23048088/medium.jpg?1534135860,Vitis vinifera
https://static.inaturalist.org/photos/23186013/medium.jpeg?1534358266,Vitis vinifera
https://static.inaturalist.org/photos/23242097/medium.jpg?1534446397,Vitis vinifera
https://static.inaturalist.org/photos/23463862/medium.jpg?1534753428,Vitis vinifera
https://static.inaturalist.org/photos/23628980/medium.jpg?1535021509,Vitis vinifera
https://static.inaturalist.org/photos/23630224/medium.jpg?1535025179,Vitis vinifera
https://static.inaturalist.org/photos/23663094/medium.jpeg?1535068313,Vitis vinifera
https://static.inaturalist.org/photos/23676451/medium.jpeg?1535094869,Vitis vinifera
https://static.inaturalist.org/photos/23676457/medium.jpeg?1535094877,Vitis vinifera
https://static.inaturalist.org/photos/23719604/medium.jpeg?1535163449,Vitis vinifera
https://static.inaturalist.org/photos/23775794/medium.jpg?1535250600,Vitis vinifera
https://static.inaturalist.org/photos/23795465/medium.jpeg?1535294258,Vitis vinifera
https://static.inaturalist.org/photos/23799803/medium.jpg?1535298534,Vitis vinifera
https://static.inaturalist.org/photos/23920169/medium.jpg?1535479014,Vitis vinifera
https://static.inaturalist.org/photos/24286819/medium.jpeg?1536027030,Vitis vinifera
https://static.inaturalist.org/photos/24350150/medium.jpeg?1536132698,Vitis vinifera
https://static.inaturalist.org/photos/24648015/medium.jpeg?1536589979,Vitis vinifera
https://static.inaturalist.org/photos/24804841/medium.jpeg?1536830843,Vitis vinifera
https://static.inaturalist.org/photos/24874713/medium.jpeg?1536940783,Vitis vinifera
https://static.inaturalist.org/photos/24981450/medium.jpeg?1537098165,Vitis vinifera
https://static.inaturalist.org/photos/25165702/medium.jpeg?1537364487,Vitis vinifera
https://static.inaturalist.org/photos/25291978/medium.jpg?1537549035,Vitis vinifera
https://static.inaturalist.org/photos/25589895/medium.jpeg?1537975679,Vitis vinifera
https://static.inaturalist.org/photos/25746183/medium.jpeg?1538218693,Vitis vinifera
https://static.inaturalist.org/photos/26027590/medium.jpg?1538614254,Vitis vinifera
https://static.inaturalist.org/photos/26286032/medium.jpg?1539010985,Vitis vinifera
https://static.inaturalist.org/photos/26399817/medium.jpeg?1539188111,Vitis vinifera
https://static.inaturalist.org/photos/26419364/medium.jpg?1539211619,Vitis vinifera
https://static.inaturalist.org/photos/26574982/medium.jpeg?1539463190,Vitis vinifera
https://static.inaturalist.org/photos/26674891/medium.jpg?1539589155,Vitis vinifera
https://static.inaturalist.org/photos/26744346/medium.jpg?1539711479,Vitis vinifera
https://static.inaturalist.org/photos/27042679/medium.jpg?1540178998,Vitis vinifera
https://static.inaturalist.org/photos/29072177/medium.jpeg?1544547903,Vitis vinifera
https://static.inaturalist.org/photos/27395311/medium.jpeg?1540811418,Vitis vinifera
https://static.inaturalist.org/photos/27437608/medium.jpg?1540878956,Vitis vinifera
https://static.inaturalist.org/photos/27553935/medium.jpeg?1541124775,Vitis vinifera
https://static.inaturalist.org/photos/27577624/medium.jpeg?1541186945,Vitis vinifera
https://static.inaturalist.org/photos/27607552/medium.jpg?1541253635,Vitis vinifera
https://static.inaturalist.org/photos/27629339/medium.jpg?1541280239,Vitis vinifera
https://static.inaturalist.org/photos/27655552/medium.jpg?1541330041,Vitis vinifera
https://static.inaturalist.org/photos/27669774/medium.jpg?1541358596,Vitis vinifera
https://static.inaturalist.org/photos/28088034/medium.jpeg?1542139202,Vitis vinifera
https://static.inaturalist.org/photos/28099437/medium.jpg?1542166156,Vitis vinifera
https://static.inaturalist.org/photos/28137916/medium.jpg?1542287287,Vitis vinifera
https://static.inaturalist.org/photos/28137931/medium.jpg?1542287345,Vitis vinifera
https://static.inaturalist.org/photos/28353558/medium.jpg?1542798875,Vitis vinifera
https://static.inaturalist.org/photos/29264304/medium.jpeg?1545082464,Vitis vinifera
https://static.inaturalist.org/photos/29479869/medium.jpg?1545660949,Vitis vinifera
https://static.inaturalist.org/photos/29480660/medium.jpg?1545662723,Vitis vinifera
https://static.inaturalist.org/photos/29522836/medium.jpg?1545775517,Vitis vinifera
https://static.inaturalist.org/photos/29640300/medium.jpeg?1546066986,Vitis vinifera
https://static.inaturalist.org/photos/29723794/medium.jpg?1546260968,Vitis vinifera vinifera
https://static.inaturalist.org/photos/29696745/medium.jpeg?1546204076,Vitis vinifera
https://static.inaturalist.org/photos/29897048/medium.jpg?1546662753,Vitis vinifera
https://static.inaturalist.org/photos/30030221/medium.jpg?1546965734,Vitis vinifera
https://static.inaturalist.org/photos/30550873/medium.jpeg?1548233995,Vitis vinifera
https://static.inaturalist.org/photos/31170012/medium.jpeg?1549591491,Vitis vinifera
https://static.inaturalist.org/photos/31219640/medium.jpg?1549724899,Vitis vinifera
https://static.inaturalist.org/photos/31301476/medium.jpeg?1549876516,Vitis vinifera
https://static.inaturalist.org/photos/31537658/medium.jpeg?1550430026,Vitis vinifera
https://static.inaturalist.org/photos/32374168/medium.jpeg?1551779434,Vitis vinifera
https://static.inaturalist.org/photos/33094958/medium.jpeg?1553021234,Vitis vinifera
https://static.inaturalist.org/photos/33345404/medium.jpeg?1553404145,Vitis vinifera
https://static.inaturalist.org/photos/33430429/medium.jpg?1553524162,Vitis vinifera
https://static.inaturalist.org/photos/33538795/medium.jpg?1553686793,Vitis vinifera
https://static.inaturalist.org/photos/34441579/medium.jpg?1554827438,Vitis vinifera
https://static.inaturalist.org/photos/34701024/medium.jpeg?1555147793,Vitis vinifera
https://static.inaturalist.org/photos/35450855/medium.jpg?1555918440,Vitis vinifera
https://static.inaturalist.org/photos/35891234/medium.jpg?1556294958,Vitis vinifera
https://static.inaturalist.org/photos/36011388/medium.jpg?1556318183,Vitis vinifera
https://static.inaturalist.org/photos/36137662/medium.jpg?1556350104,Vitis vinifera
https://static.inaturalist.org/photos/36164933/medium.jpg?1556365701,Vitis vinifera
https://static.inaturalist.org/photos/36200377/medium.jpeg?1556375365,Vitis vinifera
https://static.inaturalist.org/photos/36206223/medium.jpeg?1556376357,Vitis vinifera
https://static.inaturalist.org/photos/36232566/medium.jpg?1556380937,Vitis vinifera
https://static.inaturalist.org/photos/36355377/medium.jpeg?1556400444,Vitis vinifera
https://static.inaturalist.org/photos/36677885/medium.jpeg?1556476730,Vitis vinifera
https://static.inaturalist.org/photos/36523388/medium.jpg?1556438872,Vitis vinifera
https://static.inaturalist.org/photos/36610320/medium.jpeg?1556466218,Vitis vinifera
https://static.inaturalist.org/photos/36660426/medium.jpeg?1556473959,Vitis vinifera
https://static.inaturalist.org/photos/36697033/medium.jpg?1556479853,Vitis vinifera
https://static.inaturalist.org/photos/36762188/medium.jpg?1556489843,Vitis vinifera
https://static.inaturalist.org/photos/36811916/medium.jpeg?1556497170,Vitis vinifera
https://static.inaturalist.org/photos/36927429/medium.jpeg?1556519801,Vitis vinifera
https://static.inaturalist.org/photos/36993670/medium.jpeg?1556545128,Vitis vinifera
https://static.inaturalist.org/photos/37037459/medium.jpg?1556552605,Vitis vinifera
https://static.inaturalist.org/photos/37055800/medium.jpg?1556555392,Vitis vinifera
https://static.inaturalist.org/photos/37093722/medium.jpeg?1556561815,Vitis vinifera
https://static.inaturalist.org/photos/37040659/medium.jpeg?1556553015,Vitis vinifera
https://static.inaturalist.org/photos/37277864/medium.jpeg?1556589518,Vitis vinifera
https://static.inaturalist.org/photos/37312742/medium.jpg?1556594885,Vitis vinifera
https://static.inaturalist.org/photos/37358225/medium.jpeg?1556604985,Vitis vinifera
https://static.inaturalist.org/photos/37394669/medium.jpeg?1556633601,Vitis vinifera
https://static.inaturalist.org/photos/37523510/medium.jpeg?1556700532,Vitis vinifera
https://static.inaturalist.org/photos/37528721/medium.jpeg?1556707460,Vitis vinifera
https://static.inaturalist.org/photos/37754988/medium.jpg?1556850861,Vitis vinifera
https://static.inaturalist.org/photos/38147110/medium.jpg?1557156210,Vitis vinifera
https://static.inaturalist.org/photos/38433622/medium.jpg?1557428523,Vitis vinifera
https://static.inaturalist.org/photos/38441040/medium.jpg?1557433882,Vitis vinifera sylvestris
https://static.inaturalist.org/photos/38674410/medium.jpeg?1557670920,Vitis vinifera
https://static.inaturalist.org/photos/38856649/medium.jpg?1557839396,Vitis vinifera
https://static.inaturalist.org/photos/38930470/medium.jpeg?1557907588,Vitis vinifera
https://static.inaturalist.org/photos/41949867/medium.jpg?1560554398,Vitis vinifera
https://static.inaturalist.org/photos/39988588/medium.jpeg?1558857351,Vitis vinifera
https://static.inaturalist.org/photos/40491337/medium.jpeg?1559272561,Vitis vinifera
https://static.inaturalist.org/photos/40764779/medium.jpg?1559496885,Vitis vinifera
https://static.inaturalist.org/photos/40767534/medium.jpg?1559498212,Vitis vinifera
https://static.inaturalist.org/photos/40779029/medium.jpg?1559503991,Vitis vinifera
https://static.inaturalist.org/photos/40876890/medium.jpeg?1559576153,Vitis vinifera sylvestris
https://static.inaturalist.org/photos/40958553/medium.jpeg?1559647181,Vitis vinifera
https://static.inaturalist.org/photos/41008104/medium.jpeg?1559689617,Vitis vinifera
https://static.inaturalist.org/photos/41041597/medium.jpg?1559725449,Vitis vinifera
https://static.inaturalist.org/photos/41309749/medium.jpg?1559985971,Vitis vinifera
https://static.inaturalist.org/photos/41406953/medium.jpeg?1560058638,Vitis vinifera
https://static.inaturalist.org/photos/41557078/medium.jpeg?1560181261,Vitis vinifera
https://static.inaturalist.org/photos/41645512/medium.jpeg?1560264481,Vitis vinifera
https://static.inaturalist.org/photos/41653960/medium.jpeg?1560270728,Vitis vinifera
https://static.inaturalist.org/photos/41662720/medium.jpeg?1560276284,Vitis vinifera
https://static.inaturalist.org/photos/41665694/medium.jpg?1560278383,Vitis vinifera
https://static.inaturalist.org/photos/42297062/medium.jpg?1560845355,Vitis vinifera
https://static.inaturalist.org/photos/42399846/medium.jpeg?1560947191,Vitis vinifera
https://static.inaturalist.org/photos/42482249/medium.jpeg?1561017578,Vitis vinifera
https://static.inaturalist.org/photos/42708553/medium.jpeg?1561227080,Vitis vinifera
https://static.inaturalist.org/photos/42709329/medium.jpg?1561227550,Vitis vinifera
https://static.inaturalist.org/photos/42731226/medium.jpeg?1561239539,Vitis vinifera
https://static.inaturalist.org/photos/42853976/medium.jpg?1561331767,Vitis vinifera sylvestris
https://static.inaturalist.org/photos/42958472/medium.jpeg?1561418541,Vitis vinifera
https://static.inaturalist.org/photos/43052369/medium.jpg?1561497797,Vitis vinifera
https://static.inaturalist.org/photos/43297437/medium.jpeg?1561719041,Vitis vinifera
https://static.inaturalist.org/photos/43350710/medium.jpg?1561759460,Vitis vinifera
https://static.inaturalist.org/photos/43736052/medium.jpeg?1562093566,Vitis vinifera
https://static.inaturalist.org/photos/43960832/medium.jpeg?1562292173,Vitis vinifera
https://static.inaturalist.org/photos/44095263/medium.jpg?1562424509,Vitis vinifera sylvestris
https://static.inaturalist.org/photos/44131524/medium.jpg?1562445148,Vitis vinifera
https://static.inaturalist.org/photos/44602914/medium.jpg?1562841513,Vitis vinifera
https://static.inaturalist.org/photos/45110475/medium.jpg?1563263945,Vitis vinifera
https://static.inaturalist.org/photos/45315533/medium.jpeg?1563448516,Vitis vinifera
https://static.inaturalist.org/photos/45761768/medium.jpg?1563814660,Vitis vinifera
https://static.inaturalist.org/photos/45830671/medium.jpeg?1563866943,Vitis vinifera vinifera
https://static.inaturalist.org/photos/45867289/medium.jpg?1563902943,Vitis vinifera
https://static.inaturalist.org/photos/45938158/medium.jpeg?1563962861,Vitis vinifera
https://static.inaturalist.org/photos/46402777/medium.jpeg?1564336053,Vitis vinifera
https://static.inaturalist.org/photos/46403815/medium.jpeg?1564336557,Vitis vinifera
https://static.inaturalist.org/photos/46495954/medium.jpeg?1564406467,Vitis vinifera
https://static.inaturalist.org/photos/46599122/medium.jpg?1564483749,Vitis vinifera
https://static.inaturalist.org/photos/46623234/medium.jpg?1564503745,Vitis vinifera
https://static.inaturalist.org/photos/46634658/medium.jpg?1564510659,Vitis vinifera
https://static.inaturalist.org/photos/46731548/medium.jpg?1564593347,Vitis vinifera sylvestris
https://static.inaturalist.org/photos/46831858/medium.jpeg?1564680233,Vitis vinifera
https://static.inaturalist.org/photos/46917937/medium.jpg?1564759731,Vitis vinifera
https://static.inaturalist.org/photos/46929823/medium.jpeg?1564766821,Vitis vinifera
https://static.inaturalist.org/photos/46953391/medium.jpg?1564782576,Vitis vinifera
https://static.inaturalist.org/photos/47126901/medium.jpg?1564931660,Vitis vinifera
https://static.inaturalist.org/photos/47141431/medium.jpg?1564938892,Vitis vinifera
https://static.inaturalist.org/photos/47235183/medium.jpeg?1565012169,Vitis vinifera sylvestris
https://static.inaturalist.org/photos/47329302/medium.jpg?1565088677,Vitis vinifera
https://static.inaturalist.org/photos/47343053/medium.jpeg?1565102299,Vitis vinifera
https://static.inaturalist.org/photos/47378009/medium.jpeg?1565126146,Vitis vinifera
https://static.inaturalist.org/photos/47435617/medium.jpeg?1565186848,Vitis vinifera
https://static.inaturalist.org/photos/47613465/medium.jpeg?1565350980,Vitis vinifera
https://static.inaturalist.org/photos/47724415/medium.jpg?1565451430,Vitis vinifera
https://static.inaturalist.org/photos/47831243/medium.jpg?1565532750,Vitis vinifera
https://static.inaturalist.org/photos/47834867/medium.jpeg?1565534834,Vitis vinifera
https://static.inaturalist.org/photos/47936100/medium.jpg?1565605245,Vitis vinifera
https://static.inaturalist.org/photos/47936419/medium.jpg?1565605540,Vitis vinifera
https://static.inaturalist.org/photos/48434678/medium.jpg?1566027694,Vitis vinifera
https://static.inaturalist.org/photos/48448420/medium.jpeg?1566047028,Vitis vinifera
https://static.inaturalist.org/photos/48863634/medium.jpeg?1566396822,Vitis vinifera
https://static.inaturalist.org/photos/48864775/medium.jpeg?1566397699,Vitis vinifera
https://static.inaturalist.org/photos/49208097/medium.jpg?1566691317,Vitis vinifera
https://static.inaturalist.org/photos/49600149/medium.jpg?1567010510,Vitis vinifera
https://static.inaturalist.org/photos/49812788/medium.jpeg?1567189017,Vitis vinifera
https://static.inaturalist.org/photos/49869787/medium.jpeg?1567239955,Vitis vinifera
https://static.inaturalist.org/photos/49911305/medium.jpeg?1567275036,Vitis vinifera
https://static.inaturalist.org/photos/50023759/medium.jpg?1567359272,Vitis vinifera
https://static.inaturalist.org/photos/50074077/medium.jpeg?1567387238,Vitis vinifera
https://static.inaturalist.org/photos/50402221/medium.jpg?1567679734,Vitis vinifera
https://static.inaturalist.org/photos/50495193/medium.jpeg?1567765423,Vitis vinifera
https://static.inaturalist.org/photos/50597108/medium.jpeg?1567867256,Vitis vinifera
https://static.inaturalist.org/photos/50932353/medium.jpeg?1568129410,Vitis vinifera
https://static.inaturalist.org/photos/50940039/medium.jpeg?1568134345,Vitis vinifera
https://static.inaturalist.org/photos/51127393/medium.jpeg?1568301714,Vitis vinifera
https://static.inaturalist.org/photos/51288430/medium.jpeg?1568457846,Vitis vinifera
https://static.inaturalist.org/photos/51295777/medium.jpeg?1568467445,Vitis vinifera
https://static.inaturalist.org/photos/51521380/medium.jpeg?1568642622,Vitis vinifera
https://static.inaturalist.org/photos/51526122/medium.jpg?1568646009,Vitis vinifera
https://static.inaturalist.org/photos/51526156/medium.jpeg?1568646032,Vitis vinifera sylvestris
https://static.inaturalist.org/photos/51796354/medium.jpeg?1568887293,Vitis vinifera
https://static.inaturalist.org/photos/51797524/medium.jpeg?1568889527,Vitis vinifera
https://static.inaturalist.org/photos/51891646/medium.jpg?1568980649,Vitis vinifera
https://static.inaturalist.org/photos/52016811/medium.jpeg?1569081800,Vitis vinifera
https://static.inaturalist.org/photos/52034085/medium.jpeg?1569091846,Vitis vinifera
https://static.inaturalist.org/photos/52252510/medium.jpg?1569269972,Vitis vinifera
https://static.inaturalist.org/photos/52309576/medium.jpeg?1569329802,Vitis vinifera
https://static.inaturalist.org/photos/52395021/medium.jpg?1569406541,Vitis vinifera
https://static.inaturalist.org/photos/52662399/medium.jpeg?1569678135,Vitis vinifera
https://static.inaturalist.org/photos/52665905/medium.jpg?1569680851,Vitis vinifera
https://static.inaturalist.org/photos/53040303/medium.jpg?1570023194,Vitis vinifera
https://static.inaturalist.org/photos/53167015/medium.jpg?1570152325,Vitis vinifera
https://static.inaturalist.org/photos/53237592/medium.jpeg?1570232483,Vitis vinifera
https://static.inaturalist.org/photos/53371894/medium.jpeg?1570367531,Vitis vinifera
https://static.inaturalist.org/photos/53395311/medium.jpeg?1570382670,Vitis vinifera
https://static.inaturalist.org/photos/53446402/medium.jpg?1570414716,Vitis vinifera
https://static.inaturalist.org/photos/53635270/medium.jpeg?1570605506,Vitis vinifera
https://static.inaturalist.org/photos/53646220/medium.jpg?1570626116,Vitis vinifera vinifera
https://static.inaturalist.org/photos/53648093/medium.jpg?1570628325,Vitis vinifera
https://static.inaturalist.org/photos/53675010/medium.jpg?1570651306,Vitis vinifera
https://static.inaturalist.org/photos/53676357/medium.jpg?1570652169,Vitis vinifera
https://static.inaturalist.org/photos/53941438/medium.jpg?1570938796,Vitis vinifera
https://static.inaturalist.org/photos/54049687/medium.jpg?1571045497,Vitis vinifera
https://static.inaturalist.org/photos/54168730/medium.jpg?1571165099,Vitis vinifera vinifera
https://static.inaturalist.org/photos/54251906/medium.jpeg?1571255421,Vitis vinifera
https://static.inaturalist.org/photos/54371555/medium.jpeg?1571413811,Vitis vinifera
https://static.inaturalist.org/photos/54515115/medium.jpg?1571575135,Vitis vinifera
https://static.inaturalist.org/photos/54520465/medium.jpeg?1571580084,Vitis vinifera
https://static.inaturalist.org/photos/54542079/medium.jpg?1571593116,Vitis vinifera
https://static.inaturalist.org/photos/54552877/medium.jpeg?1571600008,Vitis vinifera
https://static.inaturalist.org/photos/54571567/medium.jpg?1571610508,Vitis vinifera
https://static.inaturalist.org/photos/54615853/medium.jpg?1571657528,Vitis vinifera
https://static.inaturalist.org/photos/54655070/medium.jpeg?1571690335,Vitis vinifera
https://static.inaturalist.org/photos/54720045/medium.jpeg?1571766804,Vitis vinifera
https://static.inaturalist.org/photos/54989943/medium.jpg?1572070316,Vitis vinifera
https://static.inaturalist.org/photos/55009333/medium.jpeg?1572101895,Vitis vinifera
https://static.inaturalist.org/photos/55045666/medium.jpeg?1572130140,Vitis vinifera
https://static.inaturalist.org/photos/55122764/medium.jpeg?1572211020,Vitis vinifera
https://static.inaturalist.org/photos/55441552/medium.jpeg?1572644538,Vitis vinifera
https://static.inaturalist.org/photos/55531867/medium.jpg?1572770153,Vitis vinifera
https://static.inaturalist.org/photos/55611257/medium.jpg?1572853283,Vitis vinifera
https://static.inaturalist.org/photos/55611626/medium.jpg?1572853932,Vitis vinifera
https://static.inaturalist.org/photos/55687119/medium.jpeg?1572950464,Vitis vinifera
https://static.inaturalist.org/photos/55693157/medium.jpg?1572961617,Vitis vinifera
https://static.inaturalist.org/photos/55698846/medium.jpeg?1572968166,Vitis vinifera
https://static.inaturalist.org/photos/55887008/medium.jpeg?1573202582,Vitis vinifera
https://static.inaturalist.org/photos/55893957/medium.jpeg?1573217104,Vitis vinifera
https://static.inaturalist.org/photos/56007545/medium.jpg?1573355653,Vitis vinifera
https://static.inaturalist.org/photos/56071605/medium.jpeg?1573433961,Vitis vinifera
https://static.inaturalist.org/photos/56341165/medium.jpg?1573841829,Vitis vinifera
https://static.inaturalist.org/photos/56401179/medium.jpeg?1573929308,Vitis vinifera
https://static.inaturalist.org/photos/56526145/medium.jpg?1574089699,Vitis vinifera
https://static.inaturalist.org/photos/56891212/medium.jpg?1574618685,Vitis vinifera
https://static.inaturalist.org/photos/57267682/medium.jpg?1575174612,Vitis vinifera
https://static.inaturalist.org/photos/57352561/medium.jpeg?1575308287,Vitis vinifera
https://static.inaturalist.org/photos/57512984/medium.jpeg?1575578407,Vitis vinifera
https://static.inaturalist.org/photos/57629144/medium.jpg?1575776376,Vitis vinifera
https://static.inaturalist.org/photos/57759723/medium.jpeg?1575991831,Vitis vinifera
https://static.inaturalist.org/photos/57817001/medium.jpg?1576092039,Vitis vinifera
https://static.inaturalist.org/photos/58181251/medium.jpg?1576744048,Vitis vinifera
https://static.inaturalist.org/photos/58707608/medium.jpeg?1577644394,Vitis vinifera
https://static.inaturalist.org/photos/59393969/medium.jpeg?1578685985,Vitis vinifera
https://static.inaturalist.org/photos/59599700/medium.jpg?1578983530,Vitis vinifera
https://static.inaturalist.org/photos/60239705/medium.jpeg?1579968388,Vitis vinifera vinifera
https://static.inaturalist.org/photos/60409003/medium.jpeg?1580174152,Vitis vinifera
https://static.inaturalist.org/photos/60799594/medium.jpeg?1580763096,Vitis vinifera
https://static.inaturalist.org/photos/61368431/medium.jpg?1581586862,Vitis vinifera
https://static.inaturalist.org/photos/62271755/medium.jpeg?1582769057,Vitis vinifera
https://static.inaturalist.org/photos/62277682/medium.jpeg?1582776336,Vitis vinifera
https://static.inaturalist.org/photos/62532180/medium.jpg?1583092878,Vitis vinifera
https://static.inaturalist.org/photos/62581385/medium.jpeg?1583137837,Vitis vinifera
https://static.inaturalist.org/photos/62612693/medium.jpeg?1583179879,Vitis vinifera
https://static.inaturalist.org/photos/63131241/medium.jpg?1583789297,Vitis vinifera
https://static.inaturalist.org/photos/63233465/medium.jpeg?1583909216,Vitis vinifera
https://static.inaturalist.org/photos/63296268/medium.jpg?1583981860,Vitis vinifera
https://static.inaturalist.org/photos/63965736/medium.jpg?1584663287,Vitis vinifera
https://static.inaturalist.org/photos/64192911/medium.jpeg?1584853145,Vitis vinifera
https://static.inaturalist.org/photos/64966680/medium.jpg?1585502101,Vitis vinifera
https://static.inaturalist.org/photos/65167666/medium.jpg?1585653354,Vitis vinifera
https://static.inaturalist.org/photos/65248940/medium.jpeg?1585709084,Vitis vinifera sylvestris
https://static.inaturalist.org/photos/65594275/medium.jpeg?1585993969,Vitis vinifera
https://static.inaturalist.org/photos/65824009/medium.jpg?1586128355,Vitis vinifera
https://static.inaturalist.org/photos/66331604/medium.jpeg?1586497175,Vitis vinifera
https://static.inaturalist.org/photos/66459973/medium.jpg?1586576698,Vitis vinifera
https://static.inaturalist.org/photos/66551884/medium.jpg?1586636891,Vitis vinifera
https://static.inaturalist.org/photos/66777152/medium.jpeg?1586762228,Vitis vinifera
https://static.inaturalist.org/photos/66986332/medium.jpeg?1586903559,Vitis vinifera
https://static.inaturalist.org/photos/67070402/medium.jpg?1586971559,Vitis vinifera
https://static.inaturalist.org/photos/67145959/medium.jpg?1587011534,Vitis vinifera
https://static.inaturalist.org/photos/67326135/medium.jpg?1587144458,Vitis vinifera
https://static.inaturalist.org/photos/67579274/medium.jpeg?1587295139,Vitis vinifera sylvestris
https://static.inaturalist.org/photos/67732538/medium.jpeg?1587369257,Vitis vinifera
https://static.inaturalist.org/photos/67879595/medium.jpeg?1587463209,Vitis vinifera
https://static.inaturalist.org/photos/67970979/medium.jpeg?1587511697,Vitis vinifera
https://static.inaturalist.org/photos/68246355/medium.jpeg?1587668326,Vitis vinifera
https://static.inaturalist.org/photos/68334445/medium.jpg?1587711462,Vitis vinifera
https://static.inaturalist.org/photos/68398854/medium.jpeg?1587738640,Vitis vinifera
https://static.inaturalist.org/photos/68602063/medium.jpg?1587775339,Vitis vinifera
https://static.inaturalist.org/photos/68674344/medium.jpeg?1587795411,Vitis vinifera
https://static.inaturalist.org/photos/68770311/medium.jpeg?1587825785,Vitis vinifera
https://static.inaturalist.org/photos/68946893/medium.jpg?1587850070,Vitis vinifera
https://static.inaturalist.org/photos/69028683/medium.jpeg?1587863643,Vitis vinifera
https://static.inaturalist.org/photos/69064230/medium.jpeg?1587870627,Vitis vinifera
https://static.inaturalist.org/photos/69076410/medium.jpeg?1587873491,Vitis vinifera
https://static.inaturalist.org/photos/69083474/medium.jpeg?1587875265,Vitis vinifera
https://static.inaturalist.org/photos/69148510/medium.jpeg?1587899638,Vitis vinifera
https://static.inaturalist.org/photos/69165088/medium.jpeg?1587904137,Vitis vinifera
https://static.inaturalist.org/photos/69208819/medium.jpeg?1587912779,Vitis vinifera
https://static.inaturalist.org/photos/69217840/medium.jpeg?1587914157,Vitis vinifera
https://static.inaturalist.org/photos/69232729/medium.jpeg?1587916393,Vitis vinifera
https://static.inaturalist.org/photos/69274544/medium.jpeg?1587922572,Vitis vinifera
https://static.inaturalist.org/photos/69276474/medium.jpeg?1587922839,Vitis vinifera
https://static.inaturalist.org/photos/69443228/medium.jpg?1587947155,Vitis vinifera
https://static.inaturalist.org/photos/69556762/medium.jpeg?1587979727,Vitis vinifera
https://static.inaturalist.org/photos/69570528/medium.jpg?1587985883,Vitis vinifera
https://static.inaturalist.org/photos/69736602/medium.jpeg?1588019033,Vitis vinifera
https://static.inaturalist.org/photos/69749723/medium.jpeg?1588021093,Vitis vinifera
https://static.inaturalist.org/photos/69820628/medium.jpeg?1588033290,Vitis vinifera
https://static.inaturalist.org/photos/69883046/medium.jpg?1588045245,Vitis vinifera
https://static.inaturalist.org/photos/70034706/medium.jpeg?1588106496,Vitis vinifera
https://static.inaturalist.org/photos/70099897/medium.jpg?1588128870,Vitis vinifera
https://static.inaturalist.org/photos/70331212/medium.jpg?1588248421,Vitis vinifera
https://static.inaturalist.org/photos/70344283/medium.jpg?1588256168,Vitis vinifera
https://static.inaturalist.org/photos/70863631/medium.jpg?1588488299,Vitis vinifera
https://static.inaturalist.org/photos/70899683/medium.jpg?1588511631,Vitis vinifera
https://static.inaturalist.org/photos/71396345/medium.jpeg?1588726251,Vitis vinifera
https://static.inaturalist.org/photos/71422069/medium.jpg?1588743013,Vitis vinifera
https://static.inaturalist.org/photos/71525696/medium.jpeg?1588803690,Vitis vinifera
https://static.inaturalist.org/photos/71894145/medium.jpeg?1589004329,Vitis vinifera
https://static.inaturalist.org/photos/71897920/medium.jpg?1589008601,Vitis vinifera
https://static.inaturalist.org/photos/72107634/medium.jpeg?1589114883,Vitis vinifera
https://static.inaturalist.org/photos/72680026/medium.jpeg?1589412935,Vitis vinifera
https://static.inaturalist.org/photos/72806469/medium.jpg?1589487842,Vitis vinifera
https://static.inaturalist.org/photos/72813165/medium.jpeg?1589490443,Vitis vinifera
https://static.inaturalist.org/photos/73078853/medium.jpg?1589632265,Vitis vinifera
https://static.inaturalist.org/photos/73110597/medium.jpg?1589644063,Vitis vinifera
https://static.inaturalist.org/photos/73322190/medium.jpg?1589724401,Vitis vinifera
https://static.inaturalist.org/photos/73605953/medium.jpeg?1589830331,Vitis vinifera
https://static.inaturalist.org/photos/73608195/medium.jpeg?1589831120,Vitis vinifera
https://static.inaturalist.org/photos/73618722/medium.jpeg?1589834617,Vitis vinifera
https://static.inaturalist.org/photos/73726022/medium.jpg?1589895275,Vitis vinifera
https://static.inaturalist.org/photos/73786884/medium.jpeg?1589918542,Vitis vinifera
https://static.inaturalist.org/photos/73933363/medium.jpg?1589991673,Vitis vinifera
https://static.inaturalist.org/photos/73982042/medium.jpeg?1590007591,Vitis vinifera
https://static.inaturalist.org/photos/74464891/medium.jpeg?1590233980,Vitis vinifera
https://static.inaturalist.org/photos/74685290/medium.jpg?1590315130,Vitis vinifera
https://static.inaturalist.org/photos/74781748/medium.jpg?1590344869,Vitis vinifera
https://static.inaturalist.org/photos/74802970/medium.jpeg?1590349813,Vitis vinifera
https://static.inaturalist.org/photos/74961669/medium.jpeg?1590415727,Vitis vinifera
https://static.inaturalist.org/photos/75124833/medium.jpeg?1590466260,Vitis vinifera
https://static.inaturalist.org/photos/75333444/medium.jpeg?1590577450,Vitis vinifera
https://static.inaturalist.org/photos/75396574/medium.jpeg?1590603498,Vitis vinifera sylvestris
https://static.inaturalist.org/photos/75686842/medium.png?1590742882,Vitis vinifera
https://static.inaturalist.org/photos/75750176/medium.jpg?1590774047,Vitis vinifera
https://static.inaturalist.org/photos/75750185/medium.jpg?1590774051,Vitis vinifera
https://static.inaturalist.org/photos/75858969/medium.jpeg?1590828884,Vitis vinifera
https://static.inaturalist.org/photos/75859049/medium.jpeg?1590828958,Vitis vinifera
https://static.inaturalist.org/photos/76102104/medium.jpeg?1590930678,Vitis vinifera
https://static.inaturalist.org/photos/76231707/medium.jpg?1590966380,Vitis vinifera
https://static.inaturalist.org/photos/76335237/medium.jpeg?1591020258,Vitis vinifera
https://static.inaturalist.org/photos/76485376/medium.jpg?1591082124,Vitis vinifera
https://static.inaturalist.org/photos/76494314/medium.jpg?1591090844,Vitis vinifera
https://static.inaturalist.org/photos/76505793/medium.jpeg?1591099078,Vitis vinifera
https://static.inaturalist.org/photos/76995798/medium.jpg?1591346508,Vitis vinifera
https://static.inaturalist.org/photos/76996647/medium.jpeg?1591347505,Vitis vinifera
https://static.inaturalist.org/photos/77194641/medium.jpeg?1591448405,Vitis vinifera
https://static.inaturalist.org/photos/77443216/medium.jpeg?1591547605,Vitis vinifera
https://static.inaturalist.org/photos/77605946/medium.jpeg?1591614604,Vitis vinifera
https://static.inaturalist.org/photos/78124315/medium.jpeg?1591877465,Vitis vinifera
https://static.inaturalist.org/photos/78208613/medium.jpg?1591912038,Vitis vinifera
https://static.inaturalist.org/photos/78289990/medium.jpeg?1591962670,Vitis vinifera
https://static.inaturalist.org/photos/78549482/medium.jpeg?1592076874,Vitis vinifera
https://static.inaturalist.org/photos/78821198/medium.jpeg?1592174454,Vitis vinifera
https://static.inaturalist.org/photos/79000191/medium.jpg?1592251954,Vitis vinifera sylvestris
https://static.inaturalist.org/photos/79335387/medium.jpg?1592418079,Vitis vinifera
https://static.inaturalist.org/photos/79490931/medium.jpg?1592498311,Vitis vinifera
https://static.inaturalist.org/photos/79773535/medium.jpeg?1592636580,Vitis vinifera
https://static.inaturalist.org/photos/79983436/medium.jpeg?1592717578,Vitis vinifera
https://static.inaturalist.org/photos/80094802/medium.jpeg?1592762202,Vitis vinifera
https://static.inaturalist.org/photos/80221844/medium.jpg?1592806338,Vitis vinifera vinifera
https://static.inaturalist.org/photos/81333792/medium.jpeg?1593332281,Vitis vinifera sylvestris
https://static.inaturalist.org/photos/81695841/medium.jpeg?1593476737,Vitis vinifera
https://static.inaturalist.org/photos/81723388/medium.jpeg?1593489998,Vitis vinifera
https://static.inaturalist.org/photos/81725091/medium.jpeg?1593491040,Vitis vinifera
https://static.inaturalist.org/photos/81729720/medium.jpeg?1593493689,Vitis vinifera
https://static.inaturalist.org/photos/81766192/medium.jpeg?1593520436,Vitis vinifera
https://static.inaturalist.org/photos/81777353/medium.jpeg?1593525385,Vitis vinifera
https://static.inaturalist.org/photos/81776196/medium.jpeg?1593524932,Vitis vinifera
https://static.inaturalist.org/photos/81839394/medium.jpg?1593545862,Vitis vinifera
https://static.inaturalist.org/photos/81939725/medium.jpg?1593601056,Vitis vinifera
https://static.inaturalist.org/photos/82300610/medium.jpeg?1593780092,Vitis vinifera
https://static.inaturalist.org/photos/82346053/medium.jpg?1593798154,Vitis vinifera
https://static.inaturalist.org/photos/82574355/medium.jpeg?1593901302,Vitis vinifera
https://static.inaturalist.org/photos/82774369/medium.jpeg?1593988934,Vitis vinifera
https://static.inaturalist.org/photos/82840922/medium.jpeg?1594019973,Vitis vinifera
https://static.inaturalist.org/photos/82906267/medium.jpeg?1594054333,Vitis vinifera
https://static.inaturalist.org/photos/83215464/medium.jpg?1594204214,Vitis vinifera
https://static.inaturalist.org/photos/83259514/medium.jpeg?1594224853,Vitis vinifera
https://static.inaturalist.org/photos/83443675/medium.jpg?1594316746,Vitis vinifera
https://static.inaturalist.org/photos/83563967/medium.jpeg?1594379750,Vitis vinifera
https://static.inaturalist.org/photos/83614067/medium.jpeg?1594402520,Vitis vinifera
https://static.inaturalist.org/photos/83720054/medium.jpeg?1594457274,Vitis vinifera
https://static.inaturalist.org/photos/83750769/medium.jpg?1594475361,Vitis vinifera
https://static.inaturalist.org/photos/84172261/medium.jpeg?1594646949,Vitis vinifera
https://static.inaturalist.org/photos/84200561/medium.jpeg?1594657262,Vitis vinifera vinifera
https://static.inaturalist.org/photos/84403022/medium.jpeg?1594752427,Vitis vinifera
https://static.inaturalist.org/photos/84496166/medium.jpg?1594801905,Vitis vinifera
https://static.inaturalist.org/photos/84501807/medium.jpeg?1594807657,Vitis vinifera
https://static.inaturalist.org/photos/84591841/medium.jpeg?1594846702,Vitis vinifera
https://static.inaturalist.org/photos/84723997/medium.jpeg?1594919433,Vitis vinifera
https://static.inaturalist.org/photos/84821292/medium.jpg?1594959907,Vitis vinifera
https://static.inaturalist.org/photos/85203160/medium.jpeg?1595138755,Vitis vinifera
https://static.inaturalist.org/photos/85231787/medium.jpeg?1595158428,Vitis vinifera
https://static.inaturalist.org/photos/85350469/medium.jpg?1595195378,Vitis vinifera
https://static.inaturalist.org/photos/85444604/medium.jpeg?1595244290,Vitis vinifera
https://static.inaturalist.org/photos/85617726/medium.jpeg?1595324174,Vitis vinifera
https://static.inaturalist.org/photos/86127471/medium.jpg?1595580502,Vitis vinifera
https://static.inaturalist.org/photos/86139064/medium.jpeg?1595589603,Vitis vinifera
https://static.inaturalist.org/photos/86397569/medium.jpg?1595702311,Vitis vinifera
