image_url,scientific_name
https://static.inaturalist.org/photos/834919/medium.JPG?1399337292,Vitis tiliifolia
https://static.inaturalist.org/photos/2368918/medium.JPG?1441987754,Vitis tiliifolia
https://static.inaturalist.org/photos/6056796/medium.jpg?1484700796,Vitis tiliifolia
https://static.inaturalist.org/photos/7505955/medium.jpeg?1493425834,Vitis tiliifolia
https://static.inaturalist.org/photos/8543843/medium.jpeg?1497968003,Vitis tiliifolia
https://static.inaturalist.org/photos/9079190/medium.jpeg?1500172532,Vitis tiliifolia
https://static.inaturalist.org/photos/9590234/medium.jpeg?1502079473,Vitis tiliifolia
https://static.inaturalist.org/photos/10708091/medium.jpg?1506289365,Vitis tiliifolia
https://static.inaturalist.org/photos/11409154/medium.jpg?1508904410,Vitis tiliifolia
https://static.inaturalist.org/photos/11455416/medium.jpeg?1509106137,Vitis tiliifolia
https://static.inaturalist.org/photos/13489457/medium.jpg?1518546097,Vitis tiliifolia
https://static.inaturalist.org/photos/14289154/medium.jpeg?1521488360,Vitis tiliifolia
https://static.inaturalist.org/photos/18596102/medium.jpg?1527323293,Vitis tiliifolia
https://static.inaturalist.org/photos/19123103/medium.jpg?1528134996,Vitis tiliifolia
https://static.inaturalist.org/photos/22391194/medium.jpeg?1533094602,Vitis tiliifolia
https://static.inaturalist.org/photos/23024651/medium.jpg?1534112095,Vitis tiliifolia
https://static.inaturalist.org/photos/23271134/medium.jpeg?1534483263,Vitis tiliifolia
https://static.inaturalist.org/photos/23384631/medium.jpg?1534642467,Vitis tiliifolia
https://static.inaturalist.org/photos/24619155/medium.jpg?1536537539,Vitis tiliifolia
https://static.inaturalist.org/photos/34484765/medium.jpeg?1554865876,Vitis tiliifolia
https://static.inaturalist.org/photos/34786827/medium.jpeg?1555239199,Vitis tiliifolia
https://static.inaturalist.org/photos/36051656/medium.jpeg?1556326551,Vitis tiliifolia
https://static.inaturalist.org/photos/36889931/medium.jpeg?1556510299,Vitis tiliifolia
https://static.inaturalist.org/photos/36703361/medium.jpeg?1556480925,Vitis tiliifolia
https://static.inaturalist.org/photos/37067433/medium.jpg?1556557421,Vitis tiliifolia
https://static.inaturalist.org/photos/37558928/medium.jpg?1556726321,Vitis tiliifolia
https://static.inaturalist.org/photos/48261744/medium.jpg?1565879290,Vitis tiliifolia
https://static.inaturalist.org/photos/48835155/medium.jpg?1566358991,Vitis tiliifolia
https://static.inaturalist.org/photos/48922067/medium.jpg?1566438452,Vitis tiliifolia
https://static.inaturalist.org/photos/49234222/medium.jpeg?1566711683,Vitis tiliifolia
https://static.inaturalist.org/photos/55851453/medium.jpeg?1573158605,Vitis tiliifolia
https://static.inaturalist.org/photos/57062042/medium.jpg?1574834373,Vitis tiliifolia
https://static.inaturalist.org/photos/61832887/medium.jpeg?1582206874,Vitis tiliifolia
https://static.inaturalist.org/photos/64166564/medium.jpg?1584835222,Vitis tiliifolia
https://static.inaturalist.org/photos/69411994/medium.jpg?1587942210,Vitis tiliifolia
https://static.inaturalist.org/photos/70237559/medium.jpeg?1588195874,Vitis tiliifolia
https://static.inaturalist.org/photos/81811621/medium.jpeg?1593536873,Vitis tiliifolia
https://static.inaturalist.org/photos/82220517/medium.jpeg?1593728055,Vitis tiliifolia
