image_url,scientific_name
https://static.inaturalist.org/photos/443520/medium.jpg?1375566089,Vaccinium membranaceum
https://static.inaturalist.org/photos/459635/medium.jpg?1444642271,Vaccinium membranaceum
https://static.inaturalist.org/photos/583911/medium.JPG?1384963040,Vaccinium membranaceum
https://static.inaturalist.org/photos/986551/medium.jpg?1405399350,Vaccinium membranaceum
https://static.inaturalist.org/photos/1002025/medium.jpg?1444255496,Vaccinium membranaceum
https://static.inaturalist.org/photos/1081716/medium.jpg?1444324703,Vaccinium membranaceum
https://static.inaturalist.org/photos/1088569/medium.jpg?1444332494,Vaccinium membranaceum
https://static.inaturalist.org/photos/1088606/medium.jpg?1444332592,Vaccinium membranaceum
https://static.inaturalist.org/photos/1381229/medium.jpg?1444777975,Vaccinium membranaceum
https://static.inaturalist.org/photos/1381230/medium.jpg?1444777977,Vaccinium membranaceum
https://static.inaturalist.org/photos/1381231/medium.jpg?1444777979,Vaccinium membranaceum
https://static.inaturalist.org/photos/1454113/medium.jpg?1420046296,Vaccinium membranaceum
https://static.inaturalist.org/photos/2053071/medium.jpg?1444461646,Vaccinium membranaceum
https://static.inaturalist.org/photos/2063316/medium.jpg?1435533310,Vaccinium membranaceum
https://static.inaturalist.org/photos/2136135/medium.jpg?1436988631,Vaccinium membranaceum
https://static.inaturalist.org/photos/2150203/medium.jpg?1544388338,Vaccinium membranaceum
https://static.inaturalist.org/photos/2209016/medium.jpg?1438397020,Vaccinium membranaceum
https://static.inaturalist.org/photos/2209066/medium.jpg?1438397815,Vaccinium membranaceum
https://static.inaturalist.org/photos/2371741/medium.jpg?1442019703,Vaccinium membranaceum
https://static.inaturalist.org/photos/2443452/medium.JPG?1443417515,Vaccinium membranaceum
https://static.inaturalist.org/photos/3513275/medium.jpg?1461874976,Vaccinium membranaceum
https://static.inaturalist.org/photos/3578491/medium.jpg?1462401599,Vaccinium membranaceum
https://static.inaturalist.org/photos/3618702/medium.jpg?1462749528,Vaccinium membranaceum
https://static.inaturalist.org/photos/3950288/medium.jpg?1465417398,Vaccinium membranaceum
https://static.inaturalist.org/photos/4132980/medium.jpg?1467216653,Vaccinium membranaceum
https://static.inaturalist.org/photos/4190878/medium.jpeg?1467750006,Vaccinium membranaceum
https://static.inaturalist.org/photos/4210223/medium.jpg?1467944563,Vaccinium membranaceum
https://static.inaturalist.org/photos/4309880/medium.jpeg?1469037721,Vaccinium membranaceum
https://static.inaturalist.org/photos/4363756/medium.jpeg?1469567284,Vaccinium membranaceum
https://static.inaturalist.org/photos/4380108/medium.jpeg?1469734334,Vaccinium membranaceum
https://static.inaturalist.org/photos/4385783/medium.jpg?1469807971,Vaccinium membranaceum
https://static.inaturalist.org/photos/4529129/medium.jpg?1470963324,Vaccinium membranaceum
https://static.inaturalist.org/photos/4529132/medium.jpg?1470963355,Vaccinium membranaceum
https://static.inaturalist.org/photos/4556657/medium.jpg?1471187510,Vaccinium membranaceum
https://static.inaturalist.org/photos/4631274/medium.jpeg?1471806670,Vaccinium membranaceum
https://static.inaturalist.org/photos/4832112/medium.jpeg?1473470822,Vaccinium membranaceum
https://static.inaturalist.org/photos/5224344/medium.jpeg?1476507841,Vaccinium membranaceum
https://static.inaturalist.org/photos/6640220/medium.jpg?1489972424,Vaccinium membranaceum
https://static.inaturalist.org/photos/8391653/medium.jpg?1497285913,Vaccinium membranaceum
https://static.inaturalist.org/photos/8965834/medium.jpg?1499716074,Vaccinium membranaceum
https://static.inaturalist.org/photos/8967424/medium.jpg?1499718552,Vaccinium membranaceum
https://static.inaturalist.org/photos/8971901/medium.jpeg?1499725248,Vaccinium membranaceum
https://static.inaturalist.org/photos/9014516/medium.jpg?1499894325,Vaccinium membranaceum
https://static.inaturalist.org/photos/9183876/medium.jpeg?1500583261,Vaccinium membranaceum
https://static.inaturalist.org/photos/9207696/medium.jpeg?1500680542,Vaccinium membranaceum
https://static.inaturalist.org/photos/9224268/medium.jpg?1500750712,Vaccinium membranaceum
https://static.inaturalist.org/photos/9277206/medium.jpeg?1500935682,Vaccinium membranaceum
https://static.inaturalist.org/photos/9355939/medium.jpg?1501212669,Vaccinium membranaceum
https://static.inaturalist.org/photos/9557237/medium.jpg?1501982079,Vaccinium membranaceum
https://static.inaturalist.org/photos/9645304/medium.jpeg?1502301000,Vaccinium membranaceum
https://static.inaturalist.org/photos/9645960/medium.jpg?1502302794,Vaccinium membranaceum
https://static.inaturalist.org/photos/9674901/medium.jpg?1502412317,Vaccinium membranaceum
https://static.inaturalist.org/photos/9684699/medium.jpeg?1502464410,Vaccinium membranaceum
https://static.inaturalist.org/photos/9732131/medium.jpg?1502636641,Vaccinium membranaceum
https://static.inaturalist.org/photos/9747845/medium.jpg?1502673417,Vaccinium membranaceum
https://static.inaturalist.org/photos/9756389/medium.jpg?1502713046,Vaccinium membranaceum
https://static.inaturalist.org/photos/9773003/medium.jpeg?1502761164,Vaccinium membranaceum
https://static.inaturalist.org/photos/9817259/medium.jpg?1502941982,Vaccinium membranaceum
https://static.inaturalist.org/photos/9852003/medium.jpg?1503102257,Vaccinium membranaceum
https://static.inaturalist.org/photos/9861557/medium.jpg?1503153467,Vaccinium membranaceum
https://static.inaturalist.org/photos/9889885/medium.jpg?1503252486,Vaccinium membranaceum
https://static.inaturalist.org/photos/9898229/medium.jpg?1503273797,Vaccinium membranaceum
https://static.inaturalist.org/photos/10010158/medium.jpg?1503697824,Vaccinium membranaceum
https://static.inaturalist.org/photos/10069887/medium.jpeg?1503906136,Vaccinium membranaceum
https://static.inaturalist.org/photos/10210123/medium.jpg?1504490009,Vaccinium membranaceum
https://static.inaturalist.org/photos/10238979/medium.jpeg?1504577887,Vaccinium membranaceum
https://static.inaturalist.org/photos/10638370/medium.jpg?1506051506,Vaccinium membranaceum
https://static.inaturalist.org/photos/10703155/medium.jpeg?1506279414,Vaccinium membranaceum
https://static.inaturalist.org/photos/10743880/medium.jpeg?1506400064,Vaccinium membranaceum
https://static.inaturalist.org/photos/10811406/medium.jpeg?1506656066,Vaccinium membranaceum
https://static.inaturalist.org/photos/10810781/medium.jpeg?1506653948,Vaccinium membranaceum
https://static.inaturalist.org/photos/11208600/medium.jpeg?1508107998,Vaccinium membranaceum
https://static.inaturalist.org/photos/11585098/medium.jpeg?1509598409,Vaccinium membranaceum
https://static.inaturalist.org/photos/11972633/medium.jpeg?1511373918,Vaccinium membranaceum
https://static.inaturalist.org/photos/12269357/medium.jpeg?1512704523,Vaccinium membranaceum
https://static.inaturalist.org/photos/12643038/medium.jpeg?1514745826,Vaccinium membranaceum
https://static.inaturalist.org/photos/12794061/medium.jpg?1515460502,Vaccinium membranaceum
https://static.inaturalist.org/photos/13617576/medium.jpeg?1519078637,Vaccinium membranaceum
https://static.inaturalist.org/photos/13808072/medium.jpeg?1519858336,Vaccinium membranaceum
https://static.inaturalist.org/photos/13808122/medium.jpeg?1519858519,Vaccinium membranaceum
https://static.inaturalist.org/photos/13808126/medium.jpeg?1519858526,Vaccinium membranaceum
https://static.inaturalist.org/photos/13808129/medium.jpeg?1519858532,Vaccinium membranaceum
https://static.inaturalist.org/photos/13808130/medium.jpeg?1519858536,Vaccinium membranaceum
https://static.inaturalist.org/photos/14894088/medium.jpeg?1523061978,Vaccinium membranaceum
https://static.inaturalist.org/photos/18199036/medium.jpg?1526689722,Vaccinium membranaceum
https://static.inaturalist.org/photos/18236433/medium.jpg?1526756364,Vaccinium membranaceum
https://static.inaturalist.org/photos/18236658/medium.jpg?1526756649,Vaccinium membranaceum
https://static.inaturalist.org/photos/18240707/medium.jpg?1526760538,Vaccinium membranaceum
https://static.inaturalist.org/photos/18241052/medium.jpg?1526760845,Vaccinium membranaceum
https://static.inaturalist.org/photos/18842834/medium.jpg?1527709005,Vaccinium membranaceum
https://static.inaturalist.org/photos/19977505/medium.jpeg?1529423744,Vaccinium membranaceum
https://static.inaturalist.org/photos/20102902/medium.jpg?1529626274,Vaccinium membranaceum
https://static.inaturalist.org/photos/20653480/medium.jpg?1530501673,Vaccinium membranaceum
https://static.inaturalist.org/photos/20655223/medium.jpg?1530503487,Vaccinium membranaceum
https://static.inaturalist.org/photos/20701244/medium.jpg?1530575703,Vaccinium membranaceum
https://static.inaturalist.org/photos/21087399/medium.jpg?1531181443,Vaccinium membranaceum
https://static.inaturalist.org/photos/21207719/medium.jpeg?1531383375,Vaccinium membranaceum
https://static.inaturalist.org/photos/21234181/medium.jpeg?1531429153,Vaccinium membranaceum
https://static.inaturalist.org/photos/21364677/medium.jpg?1531623599,Vaccinium membranaceum
https://static.inaturalist.org/photos/21402824/medium.jpg?1531686217,Vaccinium membranaceum
https://static.inaturalist.org/photos/21503670/medium.jpg?1531845751,Vaccinium membranaceum
https://static.inaturalist.org/photos/21593808/medium.jpg?1531971646,Vaccinium membranaceum
https://static.inaturalist.org/photos/21849307/medium.jpeg?1532370346,Vaccinium membranaceum
https://static.inaturalist.org/photos/21923933/medium.jpg?1532477279,Vaccinium membranaceum
https://static.inaturalist.org/photos/21924041/medium.jpg?1532477380,Vaccinium membranaceum
https://static.inaturalist.org/photos/21935471/medium.jpg?1532491970,Vaccinium membranaceum
https://static.inaturalist.org/photos/21979672/medium.jpg?1532564955,Vaccinium membranaceum
https://static.inaturalist.org/photos/22003283/medium.jpg?1532615376,Vaccinium membranaceum
https://static.inaturalist.org/photos/22011309/medium.jpeg?1532624672,Vaccinium membranaceum
https://static.inaturalist.org/photos/22110427/medium.jpg?1532742152,Vaccinium membranaceum
https://static.inaturalist.org/photos/22251696/medium.jpg?1532902236,Vaccinium membranaceum
https://static.inaturalist.org/photos/22277372/medium.jpg?1532924695,Vaccinium membranaceum
https://static.inaturalist.org/photos/22298962/medium.jpg?1532964476,Vaccinium membranaceum
https://static.inaturalist.org/photos/22312875/medium.jpeg?1532977912,Vaccinium membranaceum
https://static.inaturalist.org/photos/22316652/medium.jpeg?1532981427,Vaccinium membranaceum
https://static.inaturalist.org/photos/22366589/medium.jpg?1533063568,Vaccinium membranaceum
https://static.inaturalist.org/photos/22446125/medium.jpg?1533186473,Vaccinium membranaceum
https://static.inaturalist.org/photos/22546704/medium.jpg?1533357032,Vaccinium membranaceum
https://static.inaturalist.org/photos/22652800/medium.jpg?1533513888,Vaccinium membranaceum
https://static.inaturalist.org/photos/22860863/medium.jpg?1533857798,Vaccinium membranaceum
https://static.inaturalist.org/photos/22843730/medium.jpg?1533836019,Vaccinium membranaceum
https://static.inaturalist.org/photos/23002235/medium.jpeg?1534091786,Vaccinium membranaceum
https://static.inaturalist.org/photos/23043783/medium.jpg?1534130129,Vaccinium membranaceum
https://static.inaturalist.org/photos/23392978/medium.jpeg?1534653564,Vaccinium membranaceum
https://static.inaturalist.org/photos/23393343/medium.jpg?1534654192,Vaccinium membranaceum
https://static.inaturalist.org/photos/23425261/medium.jpg?1534705413,Vaccinium membranaceum
https://static.inaturalist.org/photos/23449069/medium.jpeg?1534726951,Vaccinium membranaceum
https://static.inaturalist.org/photos/23480525/medium.jpeg?1534782577,Vaccinium membranaceum
https://static.inaturalist.org/photos/23485343/medium.jpg?1534787180,Vaccinium membranaceum
https://static.inaturalist.org/photos/23493071/medium.jpg?1534797125,Vaccinium membranaceum
https://static.inaturalist.org/photos/23622793/medium.jpg?1534999918,Vaccinium membranaceum
https://static.inaturalist.org/photos/23697822/medium.jpeg?1535134570,Vaccinium membranaceum
https://static.inaturalist.org/photos/23752126/medium.jpeg?1535223623,Vaccinium membranaceum
https://static.inaturalist.org/photos/23799367/medium.jpg?1535298094,Vaccinium membranaceum
https://static.inaturalist.org/photos/24037122/medium.jpeg?1535673248,Vaccinium membranaceum
https://static.inaturalist.org/photos/24041301/medium.jpeg?1535678733,Vaccinium membranaceum
https://static.inaturalist.org/photos/24051797/medium.jpeg?1535698194,Vaccinium membranaceum
https://static.inaturalist.org/photos/24139454/medium.jpg?1535836424,Vaccinium membranaceum
https://static.inaturalist.org/photos/24478796/medium.jpeg?1536353360,Vaccinium membranaceum
https://static.inaturalist.org/photos/24713285/medium.jpg?1536689164,Vaccinium membranaceum
https://static.inaturalist.org/photos/24769726/medium.jpg?1536777440,Vaccinium membranaceum
https://static.inaturalist.org/photos/24971646/medium.jpeg?1537073931,Vaccinium membranaceum
https://static.inaturalist.org/photos/25095048/medium.jpg?1537233299,Vaccinium membranaceum
https://static.inaturalist.org/photos/27229088/medium.jpg?1540509343,Vaccinium membranaceum
https://static.inaturalist.org/photos/27236306/medium.jpg?1540521216,Vaccinium membranaceum
https://static.inaturalist.org/photos/28065006/medium.jpg?1542069502,Vaccinium membranaceum
https://static.inaturalist.org/photos/28703674/medium.jpeg?1543625466,Vaccinium membranaceum
https://static.inaturalist.org/photos/29016168/medium.jpeg?1544400224,Vaccinium membranaceum
https://static.inaturalist.org/photos/29563670/medium.jpg?1545879463,Vaccinium membranaceum
https://static.inaturalist.org/photos/30073593/medium.jpg?1547073504,Vaccinium membranaceum
https://static.inaturalist.org/photos/30343467/medium.jpeg?1547756951,Vaccinium membranaceum
https://static.inaturalist.org/photos/30471405/medium.jpeg?1548044949,Vaccinium membranaceum
https://static.inaturalist.org/photos/30471448/medium.jpeg?1548044997,Vaccinium membranaceum
https://static.inaturalist.org/photos/32078203/medium.jpeg?1551245618,Vaccinium membranaceum
https://static.inaturalist.org/photos/36063506/medium.jpeg?1556328924,Vaccinium membranaceum
https://static.inaturalist.org/photos/39652020/medium.jpg?1558568039,Vaccinium membranaceum
https://static.inaturalist.org/photos/40117010/medium.jpeg?1558957802,Vaccinium membranaceum
https://static.inaturalist.org/photos/40548330/medium.jpg?1559331101,Vaccinium membranaceum
https://static.inaturalist.org/photos/40926644/medium.jpeg?1559607838,Vaccinium membranaceum
https://static.inaturalist.org/photos/41466251/medium.jpg?1560108188,Vaccinium membranaceum
https://static.inaturalist.org/photos/41523490/medium.jpg?1560144272,Vaccinium membranaceum
https://static.inaturalist.org/photos/41524250/medium.jpg?1560144989,Vaccinium membranaceum
https://static.inaturalist.org/photos/41603345/medium.jpg?1560213272,Vaccinium membranaceum
https://static.inaturalist.org/photos/42077783/medium.jpg?1560657644,Vaccinium membranaceum
https://static.inaturalist.org/photos/42143985/medium.jpeg?1560715916,Vaccinium membranaceum
https://static.inaturalist.org/photos/42145745/medium.jpeg?1560716819,Vaccinium membranaceum
https://static.inaturalist.org/photos/42236424/medium.jpeg?1560794406,Vaccinium membranaceum
https://static.inaturalist.org/photos/42277743/medium.jpeg?1560823241,Vaccinium membranaceum
https://static.inaturalist.org/photos/42350446/medium.jpg?1560893270,Vaccinium membranaceum
https://static.inaturalist.org/photos/42498589/medium.jpg?1561038357,Vaccinium membranaceum
https://static.inaturalist.org/photos/43182634/medium.jpeg?1561601070,Vaccinium membranaceum
https://static.inaturalist.org/photos/43326295/medium.jpeg?1561744200,Vaccinium membranaceum
https://static.inaturalist.org/photos/43356396/medium.jpeg?1561763653,Vaccinium membranaceum
https://static.inaturalist.org/photos/43367635/medium.jpeg?1561772178,Vaccinium membranaceum
https://static.inaturalist.org/photos/43460165/medium.jpg?1561855811,Vaccinium membranaceum
https://static.inaturalist.org/photos/43467819/medium.jpeg?1561861819,Vaccinium membranaceum
https://static.inaturalist.org/photos/43849920/medium.jpg?1562194107,Vaccinium membranaceum
https://static.inaturalist.org/photos/43962119/medium.jpg?1562293407,Vaccinium membranaceum
https://static.inaturalist.org/photos/44040845/medium.jpeg?1562369049,Vaccinium membranaceum
https://static.inaturalist.org/photos/44764690/medium.jpg?1562978629,Vaccinium membranaceum
https://static.inaturalist.org/photos/45098796/medium.jpeg?1563249527,Vaccinium membranaceum
https://static.inaturalist.org/photos/44991285/medium.jpg?1563158842,Vaccinium membranaceum
https://static.inaturalist.org/photos/45158477/medium.jpeg?1563302511,Vaccinium membranaceum
https://static.inaturalist.org/photos/45200637/medium.jpg?1563330304,Vaccinium membranaceum
https://static.inaturalist.org/photos/45560178/medium.jpg?1563658381,Vaccinium membranaceum
https://static.inaturalist.org/photos/45602455/medium.jpg?1563690082,Vaccinium membranaceum
https://static.inaturalist.org/photos/45767899/medium.jpeg?1563818052,Vaccinium membranaceum
https://static.inaturalist.org/photos/45816402/medium.jpeg?1563850713,Vaccinium membranaceum
https://static.inaturalist.org/photos/45826293/medium.jpeg?1563860688,Vaccinium membranaceum
https://static.inaturalist.org/photos/45844693/medium.jpeg?1563887696,Vaccinium membranaceum
https://static.inaturalist.org/photos/45945391/medium.jpeg?1563973170,Vaccinium membranaceum
https://static.inaturalist.org/photos/45975269/medium.jpeg?1563993769,Vaccinium membranaceum
https://static.inaturalist.org/photos/46016680/medium.jpeg?1564017587,Vaccinium membranaceum
https://static.inaturalist.org/photos/46030142/medium.jpeg?1564026362,Vaccinium membranaceum
https://static.inaturalist.org/photos/46115919/medium.jpeg?1564101433,Vaccinium membranaceum
https://static.inaturalist.org/photos/46159912/medium.jpg?1564149618,Vaccinium membranaceum
https://static.inaturalist.org/photos/46160185/medium.jpg?1564149838,Vaccinium membranaceum
https://static.inaturalist.org/photos/46282680/medium.jpeg?1564249319,Vaccinium membranaceum
https://static.inaturalist.org/photos/46316256/medium.jpeg?1564268601,Vaccinium membranaceum
https://static.inaturalist.org/photos/46349644/medium.jpeg?1564291076,Vaccinium membranaceum
https://static.inaturalist.org/photos/46408273/medium.jpg?1564338799,Vaccinium membranaceum
https://static.inaturalist.org/photos/46447616/medium.jpeg?1564358793,Vaccinium membranaceum
https://static.inaturalist.org/photos/46468391/medium.jpg?1564370817,Vaccinium membranaceum
https://static.inaturalist.org/photos/46534789/medium.jpeg?1564428636,Vaccinium membranaceum
https://static.inaturalist.org/photos/46546431/medium.jpg?1564435069,Vaccinium membranaceum
https://static.inaturalist.org/photos/46663636/medium.jpeg?1564529817,Vaccinium membranaceum
https://static.inaturalist.org/photos/46856202/medium.jpeg?1564696280,Vaccinium membranaceum
https://static.inaturalist.org/photos/46960736/medium.jpg?1564788230,Vaccinium membranaceum
https://static.inaturalist.org/photos/47082342/medium.jpg?1564884598,Vaccinium membranaceum
https://static.inaturalist.org/photos/47152607/medium.jpg?1564944175,Vaccinium membranaceum
https://static.inaturalist.org/photos/47168491/medium.jpg?1564952461,Vaccinium membranaceum
https://static.inaturalist.org/photos/47302230/medium.jpg?1565055577,Vaccinium membranaceum
https://static.inaturalist.org/photos/47506206/medium.jpeg?1565237555,Vaccinium membranaceum
https://static.inaturalist.org/photos/47739258/medium.jpg?1565459918,Vaccinium membranaceum
https://static.inaturalist.org/photos/47804010/medium.jpg?1565500451,Vaccinium membranaceum
https://static.inaturalist.org/photos/48180283/medium.jpg?1565806998,Vaccinium membranaceum
https://static.inaturalist.org/photos/48187095/medium.jpeg?1565810342,Vaccinium membranaceum
https://static.inaturalist.org/photos/48326122/medium.jpeg?1565922525,Vaccinium membranaceum
https://static.inaturalist.org/photos/48327220/medium.jpg?1565923643,Vaccinium membranaceum
https://static.inaturalist.org/photos/48435080/medium.jpg?1566028248,Vaccinium membranaceum
https://static.inaturalist.org/photos/48466615/medium.jpg?1566059516,Vaccinium membranaceum
https://static.inaturalist.org/photos/52619865/medium.jpg?1569620522,Vaccinium membranaceum
https://static.inaturalist.org/photos/48822590/medium.jpeg?1566348085,Vaccinium membranaceum
https://static.inaturalist.org/photos/48824218/medium.jpeg?1566349124,Vaccinium membranaceum
https://static.inaturalist.org/photos/48957393/medium.jpeg?1566482537,Vaccinium membranaceum
https://static.inaturalist.org/photos/48958300/medium.jpeg?1566483267,Vaccinium membranaceum
https://static.inaturalist.org/photos/49002092/medium.jpeg?1566514347,Vaccinium membranaceum
https://static.inaturalist.org/photos/49024719/medium.jpg?1566533683,Vaccinium membranaceum
https://static.inaturalist.org/photos/49323197/medium.jpg?1566775050,Vaccinium membranaceum
https://static.inaturalist.org/photos/49353392/medium.jpg?1566792256,Vaccinium membranaceum
https://static.inaturalist.org/photos/49358297/medium.jpg?1566797339,Vaccinium membranaceum
https://static.inaturalist.org/photos/49443982/medium.jpg?1566866184,Vaccinium membranaceum
https://static.inaturalist.org/photos/49634010/medium.jpg?1567031554,Vaccinium membranaceum
https://static.inaturalist.org/photos/49638597/medium.jpeg?1567035427,Vaccinium membranaceum
https://static.inaturalist.org/photos/49682813/medium.jpeg?1567087609,Vaccinium membranaceum
https://static.inaturalist.org/photos/49767325/medium.jpeg?1567146270,Vaccinium membranaceum
https://static.inaturalist.org/photos/49806250/medium.jpeg?1567184880,Vaccinium membranaceum
https://static.inaturalist.org/photos/49836834/medium.jpeg?1567204931,Vaccinium membranaceum
https://static.inaturalist.org/photos/49835013/medium.jpeg?1567203603,Vaccinium membranaceum
https://static.inaturalist.org/photos/49955970/medium.jpg?1567299699,Vaccinium membranaceum
https://static.inaturalist.org/photos/49978988/medium.jpeg?1567318818,Vaccinium membranaceum
https://static.inaturalist.org/photos/50020254/medium.jpeg?1567357559,Vaccinium membranaceum
https://static.inaturalist.org/photos/50093548/medium.jpg?1567404217,Vaccinium membranaceum
https://static.inaturalist.org/photos/50127833/medium.jpeg?1567441059,Vaccinium membranaceum
https://static.inaturalist.org/photos/50273931/medium.jpeg?1567549506,Vaccinium membranaceum
https://static.inaturalist.org/photos/50283269/medium.jpeg?1567556625,Vaccinium membranaceum
https://static.inaturalist.org/photos/50286885/medium.jpeg?1567559570,Vaccinium membranaceum
https://static.inaturalist.org/photos/50303855/medium.jpeg?1567579146,Vaccinium membranaceum
https://static.inaturalist.org/photos/50302946/medium.jpeg?1567577586,Vaccinium membranaceum
https://static.inaturalist.org/photos/50393450/medium.jpeg?1567660520,Vaccinium membranaceum
https://static.inaturalist.org/photos/50392984/medium.jpg?1567660032,Vaccinium membranaceum
https://static.inaturalist.org/photos/50419971/medium.jpg?1567697055,Vaccinium membranaceum
https://static.inaturalist.org/photos/50447194/medium.jpg?1567714914,Vaccinium membranaceum
https://static.inaturalist.org/photos/50445329/medium.jpeg?1567713806,Vaccinium membranaceum
https://static.inaturalist.org/photos/50472867/medium.jpg?1567732971,Vaccinium membranaceum
https://static.inaturalist.org/photos/50628789/medium.jpg?1567883933,Vaccinium membranaceum
https://static.inaturalist.org/photos/50806645/medium.jpeg?1568004908,Vaccinium membranaceum
https://static.inaturalist.org/photos/51240038/medium.jpeg?1568404150,Vaccinium membranaceum
https://static.inaturalist.org/photos/51315062/medium.jpg?1568479707,Vaccinium membranaceum
https://static.inaturalist.org/photos/51476507/medium.jpg?1568592904,Vaccinium membranaceum
https://static.inaturalist.org/photos/51496352/medium.jpeg?1568606745,Vaccinium membranaceum
https://static.inaturalist.org/photos/51686459/medium.jpeg?1568778281,Vaccinium membranaceum
https://static.inaturalist.org/photos/51688317/medium.jpg?1568780288,Vaccinium membranaceum
https://static.inaturalist.org/photos/51732419/medium.jpg?1568826823,Vaccinium membranaceum
https://static.inaturalist.org/photos/51741084/medium.jpg?1568832589,Vaccinium membranaceum
https://static.inaturalist.org/photos/51965241/medium.jpg?1569026549,Vaccinium membranaceum
https://static.inaturalist.org/photos/52266659/medium.jpeg?1569279379,Vaccinium membranaceum
https://static.inaturalist.org/photos/52292249/medium.jpg?1569301821,Vaccinium membranaceum
https://static.inaturalist.org/photos/52330473/medium.jpg?1569345476,Vaccinium membranaceum
https://static.inaturalist.org/photos/52627062/medium.jpeg?1569626871,Vaccinium membranaceum
https://static.inaturalist.org/photos/52776732/medium.jpg?1569772234,Vaccinium membranaceum
https://static.inaturalist.org/photos/52957972/medium.jpg?1569939666,Vaccinium membranaceum
https://static.inaturalist.org/photos/53315212/medium.jpeg?1570308740,Vaccinium membranaceum
https://static.inaturalist.org/photos/53429600/medium.jpg?1570402770,Vaccinium membranaceum
https://static.inaturalist.org/photos/53478273/medium.jpeg?1570456582,Vaccinium membranaceum
https://static.inaturalist.org/photos/56047486/medium.jpeg?1573412524,Vaccinium membranaceum
https://static.inaturalist.org/photos/56662383/medium.jpg?1574282317,Vaccinium membranaceum
https://static.inaturalist.org/photos/57581718/medium.jpeg?1575701678,Vaccinium membranaceum
https://static.inaturalist.org/photos/58187092/medium.jpg?1576762649,Vaccinium membranaceum
https://static.inaturalist.org/photos/59008999/medium.jpeg?1578094930,Vaccinium membranaceum
https://static.inaturalist.org/photos/59085518/medium.jpg?1578193217,Vaccinium membranaceum
https://static.inaturalist.org/photos/59357232/medium.jpeg?1578617330,Vaccinium membranaceum
https://static.inaturalist.org/photos/62748072/medium.jpeg?1583355254,Vaccinium membranaceum
https://static.inaturalist.org/photos/64121399/medium.jpg?1584812120,Vaccinium membranaceum
https://static.inaturalist.org/photos/64237021/medium.jpg?1584898857,Vaccinium membranaceum
https://static.inaturalist.org/photos/65675391/medium.jpeg?1586040953,Vaccinium membranaceum
https://static.inaturalist.org/photos/65675350/medium.jpeg?1586040926,Vaccinium membranaceum
https://static.inaturalist.org/photos/66221957/medium.jpeg?1586404546,Vaccinium membranaceum
https://static.inaturalist.org/photos/68085226/medium.jpeg?1587582002,Vaccinium membranaceum
https://static.inaturalist.org/photos/69513890/medium.jpeg?1587961181,Vaccinium membranaceum
https://static.inaturalist.org/photos/70307134/medium.jpeg?1588226944,Vaccinium membranaceum
https://static.inaturalist.org/photos/70783925/medium.jpg?1588455135,Vaccinium membranaceum
https://static.inaturalist.org/photos/71362027/medium.jpg?1588711407,Vaccinium membranaceum
https://static.inaturalist.org/photos/71483578/medium.jpeg?1588786990,Vaccinium membranaceum
https://static.inaturalist.org/photos/71483739/medium.jpeg?1588787039,Vaccinium membranaceum
https://static.inaturalist.org/photos/71483784/medium.jpeg?1588787054,Vaccinium membranaceum
https://static.inaturalist.org/photos/72929678/medium.jpeg?1589559730,Vaccinium membranaceum
https://static.inaturalist.org/photos/74631094/medium.jpg?1590285234,Vaccinium membranaceum
https://static.inaturalist.org/photos/76158095/medium.jpg?1590947001,Vaccinium membranaceum
https://static.inaturalist.org/photos/76257368/medium.jpg?1590975049,Vaccinium membranaceum
https://static.inaturalist.org/photos/76627066/medium.jpeg?1591149436,Vaccinium membranaceum
https://static.inaturalist.org/photos/77446360/medium.jpeg?1591548434,Vaccinium membranaceum
https://static.inaturalist.org/photos/78252691/medium.jpeg?1591931427,Vaccinium membranaceum
https://static.inaturalist.org/photos/78259315/medium.jpeg?1591934818,Vaccinium membranaceum
https://static.inaturalist.org/photos/78267726/medium.jpeg?1591940471,Vaccinium membranaceum
https://static.inaturalist.org/photos/78304642/medium.jpeg?1591970955,Vaccinium membranaceum
https://static.inaturalist.org/photos/78789629/medium.jpg?1592166110,Vaccinium membranaceum
https://static.inaturalist.org/photos/78863446/medium.jpg?1592188917,Vaccinium membranaceum
https://static.inaturalist.org/photos/79247905/medium.jpeg?1592364075,Vaccinium membranaceum
https://static.inaturalist.org/photos/79678257/medium.jpeg?1592591922,Vaccinium membranaceum
https://static.inaturalist.org/photos/79679319/medium.jpeg?1592592267,Vaccinium membranaceum
https://static.inaturalist.org/photos/80141007/medium.jpg?1592774267,Vaccinium membranaceum
https://static.inaturalist.org/photos/80683533/medium.jpg?1593022360,Vaccinium membranaceum
https://static.inaturalist.org/photos/80889006/medium.jpg?1593120849,Vaccinium membranaceum
https://static.inaturalist.org/photos/81399476/medium.jpg?1593361260,Vaccinium membranaceum
https://static.inaturalist.org/photos/81431733/medium.jpg?1593369901,Vaccinium membranaceum
https://static.inaturalist.org/photos/83163422/medium.jpg?1594168223,Vaccinium membranaceum
https://static.inaturalist.org/photos/83195003/medium.jpg?1594184796,Vaccinium membranaceum
https://static.inaturalist.org/photos/83865049/medium.jpg?1594513088,Vaccinium membranaceum
https://static.inaturalist.org/photos/84415900/medium.jpg?1594756569,Vaccinium membranaceum
https://static.inaturalist.org/photos/84802704/medium.jpg?1594949713,Vaccinium membranaceum
https://static.inaturalist.org/photos/84928245/medium.jpeg?1595015889,Vaccinium membranaceum
https://static.inaturalist.org/photos/84957327/medium.jpg?1595027334,Vaccinium membranaceum
https://static.inaturalist.org/photos/85122731/medium.jpg?1595103414,Vaccinium membranaceum
https://static.inaturalist.org/photos/85123114/medium.jpg?1595103550,Vaccinium membranaceum
https://static.inaturalist.org/photos/85548676/medium.jpg?1595283949,Vaccinium membranaceum
https://static.inaturalist.org/photos/85550372/medium.jpg?1595284677,Vaccinium membranaceum
https://static.inaturalist.org/photos/85571696/medium.jpg?1595293983,Vaccinium membranaceum
