image_url,scientific_name
https://static.inaturalist.org/photos/624750/medium.jpg?1388874052,Bischofia javanica
https://static.inaturalist.org/photos/2379549/medium.jpg?1442176472,Bischofia javanica
https://static.inaturalist.org/photos/3021552/medium.jpg?1455603610,Bischofia javanica
https://static.inaturalist.org/photos/5188366/medium.jpg?1476153790,Bischofia javanica
https://static.inaturalist.org/photos/5785343/medium.jpg?1481441937,Bischofia javanica
https://static.inaturalist.org/photos/8027751/medium.jpeg?1495765474,Bischofia javanica
https://static.inaturalist.org/photos/10921976/medium.jpeg?1507045455,Bischofia javanica
https://static.inaturalist.org/photos/11211098/medium.jpeg?1508114408,Bischofia javanica
https://static.inaturalist.org/photos/11438978/medium.jpeg?1509039018,Bischofia javanica
https://static.inaturalist.org/photos/12507086/medium.jpg?1514020585,Bischofia javanica
https://static.inaturalist.org/photos/13554820/medium.jpeg?1518839488,Bischofia javanica
https://static.inaturalist.org/photos/13658079/medium.jpeg?1519243505,Bischofia javanica
https://static.inaturalist.org/photos/13795147/medium.jpeg?1519800057,Bischofia javanica
https://static.inaturalist.org/photos/14069634/medium.jpeg?1520796535,Bischofia javanica
https://static.inaturalist.org/photos/14181269/medium.jpeg?1521155218,Bischofia javanica
https://static.inaturalist.org/photos/14408360/medium.jpeg?1521842255,Bischofia javanica
https://static.inaturalist.org/photos/14408536/medium.jpeg?1521842489,Bischofia javanica
https://static.inaturalist.org/photos/14683296/medium.jpg?1522578325,Bischofia javanica
https://static.inaturalist.org/photos/14770020/medium.jpeg?1522776301,Bischofia javanica
https://static.inaturalist.org/photos/14800176/medium.jpeg?1522846537,Bischofia javanica
https://static.inaturalist.org/photos/14942308/medium.jpg?1523180032,Bischofia javanica
https://static.inaturalist.org/photos/15158563/medium.jpg?1523558587,Bischofia javanica
https://static.inaturalist.org/photos/15517086/medium.jpg?1523883358,Bischofia javanica
https://static.inaturalist.org/photos/16445836/medium.jpg?1524852881,Bischofia javanica
https://static.inaturalist.org/photos/16639020/medium.jpg?1524941365,Bischofia javanica
https://static.inaturalist.org/photos/16986068/medium.jpg?1525088848,Bischofia javanica
https://static.inaturalist.org/photos/16997059/medium.jpeg?1525096032,Bischofia javanica
https://static.inaturalist.org/photos/16999570/medium.jpg?1525097179,Bischofia javanica
https://static.inaturalist.org/photos/17389656/medium.jpeg?1525408437,Bischofia javanica
https://static.inaturalist.org/photos/17493447/medium.jpeg?1525572474,Bischofia javanica
https://static.inaturalist.org/photos/17651780/medium.jpeg?1525810602,Bischofia javanica
https://static.inaturalist.org/photos/18111197/medium.jpg?1526548750,Bischofia javanica
https://static.inaturalist.org/photos/18385820/medium.jpeg?1526959385,Bischofia javanica
https://static.inaturalist.org/photos/19218372/medium.jpeg?1528253117,Bischofia javanica
https://static.inaturalist.org/photos/19220654/medium.jpeg?1528254890,Bischofia javanica
https://static.inaturalist.org/photos/19226982/medium.jpeg?1528263938,Bischofia javanica
https://static.inaturalist.org/photos/19342597/medium.jpeg?1528440802,Bischofia javanica
https://static.inaturalist.org/photos/20166966/medium.jpeg?1529728404,Bischofia javanica
https://static.inaturalist.org/photos/20540024/medium.jpeg?1530339116,Bischofia javanica
https://static.inaturalist.org/photos/20719440/medium.jpeg?1530615882,Bischofia javanica
https://static.inaturalist.org/photos/20813394/medium.jpeg?1530759349,Bischofia javanica
https://static.inaturalist.org/photos/21111579/medium.jpeg?1531230045,Bischofia javanica
https://static.inaturalist.org/photos/21204241/medium.jpg?1531370722,Bischofia javanica
https://static.inaturalist.org/photos/21252536/medium.jpeg?1531460616,Bischofia javanica
https://static.inaturalist.org/photos/21252764/medium.jpg?1531461127,Bischofia javanica
https://static.inaturalist.org/photos/21302782/medium.jpeg?1531539436,Bischofia javanica
https://static.inaturalist.org/photos/21691570/medium.jpeg?1532137708,Bischofia javanica
https://static.inaturalist.org/photos/21888718/medium.jpeg?1532424730,Bischofia javanica
https://static.inaturalist.org/photos/22205906/medium.jpg?1532859823,Bischofia javanica
https://static.inaturalist.org/photos/22205683/medium.jpeg?1532859270,Bischofia javanica
https://static.inaturalist.org/photos/22424562/medium.jpg?1533155810,Bischofia javanica
https://static.inaturalist.org/photos/22723117/medium.jpg?1533631458,Bischofia javanica
https://static.inaturalist.org/photos/22723173/medium.jpg?1533631612,Bischofia javanica
https://static.inaturalist.org/photos/22723325/medium.jpg?1533632237,Bischofia javanica
https://static.inaturalist.org/photos/22723337/medium.jpg?1533632269,Bischofia javanica
https://static.inaturalist.org/photos/22723586/medium.jpg?1533633091,Bischofia javanica
https://static.inaturalist.org/photos/22723631/medium.jpg?1533633232,Bischofia javanica
https://static.inaturalist.org/photos/23331339/medium.jpg?1534573120,Bischofia javanica
https://static.inaturalist.org/photos/23333534/medium.jpeg?1534578057,Bischofia javanica
https://static.inaturalist.org/photos/23583138/medium.jpeg?1534948498,Bischofia javanica
https://static.inaturalist.org/photos/23584332/medium.jpeg?1534949823,Bischofia javanica
https://static.inaturalist.org/photos/23593312/medium.jpeg?1534960279,Bischofia javanica
https://static.inaturalist.org/photos/23598018/medium.jpeg?1534965775,Bischofia javanica
https://static.inaturalist.org/photos/23618430/medium.jpg?1534993427,Bischofia javanica
https://static.inaturalist.org/photos/23619456/medium.jpg?1534994630,Bischofia javanica
https://static.inaturalist.org/photos/23619466/medium.jpeg?1534994653,Bischofia javanica
https://static.inaturalist.org/photos/23624696/medium.jpg?1535005229,Bischofia javanica
https://static.inaturalist.org/photos/23675616/medium.jpg?1535092374,Bischofia javanica
https://static.inaturalist.org/photos/24009979/medium.jpeg?1535638174,Bischofia javanica
https://static.inaturalist.org/photos/24115187/medium.jpeg?1535810916,Bischofia javanica
https://static.inaturalist.org/photos/24159718/medium.jpeg?1535860424,Bischofia javanica
https://static.inaturalist.org/photos/24231182/medium.jpeg?1535963027,Bischofia javanica
https://static.inaturalist.org/photos/24231984/medium.jpeg?1535966960,Bischofia javanica
https://static.inaturalist.org/photos/24569618/medium.jpeg?1536472130,Bischofia javanica
https://static.inaturalist.org/photos/24569748/medium.jpeg?1536472434,Bischofia javanica
https://static.inaturalist.org/photos/24575249/medium.jpg?1536483479,Bischofia javanica
https://static.inaturalist.org/photos/24730740/medium.jpg?1536709221,Bischofia javanica
https://static.inaturalist.org/photos/24797302/medium.jpeg?1536807725,Bischofia javanica
https://static.inaturalist.org/photos/24801974/medium.jpeg?1536818651,Bischofia javanica
https://static.inaturalist.org/photos/24808188/medium.jpg?1536841388,Bischofia javanica
https://static.inaturalist.org/photos/24967141/medium.jpeg?1537066422,Bischofia javanica
https://static.inaturalist.org/photos/25105460/medium.jpeg?1537252009,Bischofia javanica
https://static.inaturalist.org/photos/25106151/medium.jpeg?1537254362,Bischofia javanica
https://static.inaturalist.org/photos/25387225/medium.jpeg?1537661376,Bischofia javanica
https://static.inaturalist.org/photos/25491958/medium.jpg?1537814030,Bischofia javanica
https://static.inaturalist.org/photos/25518909/medium.jpg?1537845523,Bischofia javanica
https://static.inaturalist.org/photos/25568890/medium.jpeg?1537929844,Bischofia javanica
https://static.inaturalist.org/photos/25669513/medium.jpeg?1538086858,Bischofia javanica
https://static.inaturalist.org/photos/25791200/medium.jpeg?1538266141,Bischofia javanica
https://static.inaturalist.org/photos/25799085/medium.jpeg?1538275764,Bischofia javanica
https://static.inaturalist.org/photos/25799745/medium.jpeg?1538276479,Bischofia javanica
https://static.inaturalist.org/photos/25976802/medium.jpeg?1538534748,Bischofia javanica
https://static.inaturalist.org/photos/25976889/medium.jpeg?1538534844,Bischofia javanica
https://static.inaturalist.org/photos/25982937/medium.jpeg?1538548849,Bischofia javanica
https://static.inaturalist.org/photos/25983373/medium.jpeg?1538550690,Bischofia javanica
https://static.inaturalist.org/photos/25976076/medium.jpg?1538533809,Bischofia javanica
https://static.inaturalist.org/photos/26139133/medium.jpg?1538803110,Bischofia javanica
https://static.inaturalist.org/photos/26197498/medium.jpeg?1538881200,Bischofia javanica
https://static.inaturalist.org/photos/26197535/medium.jpeg?1538881242,Bischofia javanica
https://static.inaturalist.org/photos/26208841/medium.jpeg?1538906289,Bischofia javanica
https://static.inaturalist.org/photos/26325891/medium.jpeg?1539055097,Bischofia javanica
https://static.inaturalist.org/photos/26391307/medium.jpg?1539176252,Bischofia javanica
https://static.inaturalist.org/photos/26490249/medium.jpg?1539329445,Bischofia javanica
https://static.inaturalist.org/photos/26536954/medium.jpg?1539399977,Bischofia javanica
https://static.inaturalist.org/photos/26537004/medium.jpeg?1539400059,Bischofia javanica
https://static.inaturalist.org/photos/26538776/medium.jpeg?1539402933,Bischofia javanica
https://static.inaturalist.org/photos/26538800/medium.jpg?1539402953,Bischofia javanica
https://static.inaturalist.org/photos/26727954/medium.jpeg?1539681263,Bischofia javanica
https://static.inaturalist.org/photos/26830000/medium.jpg?1539855621,Bischofia javanica
https://static.inaturalist.org/photos/26975576/medium.jpeg?1540087093,Bischofia javanica
https://static.inaturalist.org/photos/26975639/medium.jpeg?1540087168,Bischofia javanica
https://static.inaturalist.org/photos/27081964/medium.jpeg?1540247140,Bischofia javanica
https://static.inaturalist.org/photos/27174662/medium.jpg?1540419542,Bischofia javanica
https://static.inaturalist.org/photos/27201008/medium.jpeg?1540475904,Bischofia javanica
https://static.inaturalist.org/photos/27287862/medium.jpeg?1540628983,Bischofia javanica
https://static.inaturalist.org/photos/27326468/medium.jpeg?1540691377,Bischofia javanica
https://static.inaturalist.org/photos/27330296/medium.jpg?1540697607,Bischofia javanica
https://static.inaturalist.org/photos/27372764/medium.jpg?1540769700,Bischofia javanica
https://static.inaturalist.org/photos/27438987/medium.jpg?1540884707,Bischofia javanica
https://static.inaturalist.org/photos/27616653/medium.jpg?1541266278,Bischofia javanica
https://static.inaturalist.org/photos/27822220/medium.jpeg?1541589814,Bischofia javanica
https://static.inaturalist.org/photos/27886715/medium.jpeg?1541674923,Bischofia javanica
https://static.inaturalist.org/photos/27925163/medium.jpg?1541744126,Bischofia javanica
https://static.inaturalist.org/photos/27928215/medium.jpeg?1541756452,Bischofia javanica
https://static.inaturalist.org/photos/28065769/medium.jpg?1542071235,Bischofia javanica
https://static.inaturalist.org/photos/28099639/medium.jpeg?1542166696,Bischofia javanica
https://static.inaturalist.org/photos/28194198/medium.jpeg?1542427838,Bischofia javanica
https://static.inaturalist.org/photos/28225413/medium.jpeg?1542498652,Bischofia javanica
https://static.inaturalist.org/photos/28236379/medium.jpeg?1542516919,Bischofia javanica
https://static.inaturalist.org/photos/28239827/medium.jpeg?1542527280,Bischofia javanica
https://static.inaturalist.org/photos/28283565/medium.jpg?1542614915,Bischofia javanica
https://static.inaturalist.org/photos/28316968/medium.jpeg?1542695469,Bischofia javanica
https://static.inaturalist.org/photos/28380348/medium.jpg?1542859338,Bischofia javanica
https://static.inaturalist.org/photos/28380506/medium.jpg?1542859617,Bischofia javanica
https://static.inaturalist.org/photos/28486528/medium.jpeg?1543111321,Bischofia javanica
https://static.inaturalist.org/photos/28650682/medium.jpg?1543480694,Bischofia javanica
https://static.inaturalist.org/photos/28674671/medium.jpeg?1543544775,Bischofia javanica
https://static.inaturalist.org/photos/28749659/medium.jpg?1543735676,Bischofia javanica
https://static.inaturalist.org/photos/28755361/medium.jpeg?1543758741,Bischofia javanica
https://static.inaturalist.org/photos/28827262/medium.jpeg?1543908669,Bischofia javanica
https://static.inaturalist.org/photos/28855380/medium.jpeg?1543982074,Bischofia javanica
https://static.inaturalist.org/photos/28856956/medium.jpeg?1543986176,Bischofia javanica
https://static.inaturalist.org/photos/28875562/medium.jpeg?1544042246,Bischofia javanica
https://static.inaturalist.org/photos/28953019/medium.jpg?1544259565,Bischofia javanica
https://static.inaturalist.org/photos/28953038/medium.jpg?1544259644,Bischofia javanica
https://static.inaturalist.org/photos/28953035/medium.jpeg?1544259638,Bischofia javanica
https://static.inaturalist.org/photos/28990178/medium.jpg?1544341134,Bischofia javanica
https://static.inaturalist.org/photos/28996396/medium.jpeg?1544361573,Bischofia javanica
https://static.inaturalist.org/photos/29020412/medium.jpg?1544407530,Bischofia javanica
https://static.inaturalist.org/photos/29036455/medium.jpeg?1544457582,Bischofia javanica
https://static.inaturalist.org/photos/29128470/medium.jpeg?1544711365,Bischofia javanica
https://static.inaturalist.org/photos/29175015/medium.jpg?1544844992,Bischofia javanica
https://static.inaturalist.org/photos/29212405/medium.jpeg?1544948501,Bischofia javanica
https://static.inaturalist.org/photos/29243036/medium.jpeg?1545017193,Bischofia javanica
https://static.inaturalist.org/photos/29400568/medium.jpg?1545461683,Bischofia javanica
https://static.inaturalist.org/photos/29401460/medium.jpeg?1545464937,Bischofia javanica
https://static.inaturalist.org/photos/29476128/medium.jpeg?1545641567,Bischofia javanica
https://static.inaturalist.org/photos/29722407/medium.jpg?1546254246,Bischofia javanica
https://static.inaturalist.org/photos/29723790/medium.jpeg?1546260960,Bischofia javanica
https://static.inaturalist.org/photos/29748206/medium.jpg?1546311669,Bischofia javanica
https://static.inaturalist.org/photos/29822335/medium.jpg?1546486040,Bischofia javanica
https://static.inaturalist.org/photos/29889961/medium.jpg?1546649927,Bischofia javanica
https://static.inaturalist.org/photos/29889992/medium.jpg?1546649965,Bischofia javanica
https://static.inaturalist.org/photos/29893813/medium.jpg?1546656994,Bischofia javanica
https://static.inaturalist.org/photos/29933718/medium.jpg?1546742167,Bischofia javanica
https://static.inaturalist.org/photos/29939450/medium.jpeg?1546751956,Bischofia javanica
https://static.inaturalist.org/photos/29939859/medium.jpeg?1546752673,Bischofia javanica
https://static.inaturalist.org/photos/29957913/medium.jpg?1546800608,Bischofia javanica
https://static.inaturalist.org/photos/29972653/medium.jpg?1546822933,Bischofia javanica
https://static.inaturalist.org/photos/29977811/medium.jpeg?1546831534,Bischofia javanica
https://static.inaturalist.org/photos/30003842/medium.jpg?1546898816,Bischofia javanica
https://static.inaturalist.org/photos/30016408/medium.jpeg?1546921194,Bischofia javanica
https://static.inaturalist.org/photos/30022377/medium.jpg?1546939691,Bischofia javanica
https://static.inaturalist.org/photos/30022732/medium.jpg?1546940814,Bischofia javanica
https://static.inaturalist.org/photos/30109950/medium.jpeg?1547167463,Bischofia javanica
https://static.inaturalist.org/photos/30239000/medium.jpeg?1547474608,Bischofia javanica
https://static.inaturalist.org/photos/30392477/medium.jpeg?1547886169,Bischofia javanica
https://static.inaturalist.org/photos/30426897/medium.jpeg?1547956033,Bischofia javanica
https://static.inaturalist.org/photos/30427944/medium.jpg?1547957453,Bischofia javanica
https://static.inaturalist.org/photos/30511803/medium.jpeg?1548138535,Bischofia javanica
https://static.inaturalist.org/photos/30525505/medium.jpg?1548178478,Bischofia javanica
https://static.inaturalist.org/photos/30552794/medium.jpeg?1548243048,Bischofia javanica
https://static.inaturalist.org/photos/30577020/medium.jpg?1548297150,Bischofia javanica
https://static.inaturalist.org/photos/30641993/medium.jpeg?1548466713,Bischofia javanica
https://static.inaturalist.org/photos/30674680/medium.jpg?1548544572,Bischofia javanica
https://static.inaturalist.org/photos/30686697/medium.jpeg?1548562587,Bischofia javanica
https://static.inaturalist.org/photos/30835019/medium.jpg?1548902798,Bischofia javanica
https://static.inaturalist.org/photos/30984191/medium.jpg?1549235458,Bischofia javanica
https://static.inaturalist.org/photos/31166865/medium.jpeg?1549585551,Bischofia javanica
https://static.inaturalist.org/photos/31177950/medium.jpg?1549611831,Bischofia javanica
https://static.inaturalist.org/photos/31178394/medium.jpeg?1549614903,Bischofia javanica
https://static.inaturalist.org/photos/31263425/medium.jpg?1549814551,Bischofia javanica
https://static.inaturalist.org/photos/31568467/medium.jpeg?1550479255,Bischofia javanica
https://static.inaturalist.org/photos/31610126/medium.jpeg?1550557861,Bischofia javanica
https://static.inaturalist.org/photos/31613508/medium.jpeg?1550571060,Bischofia javanica
https://static.inaturalist.org/photos/31619293/medium.jpeg?1550588725,Bischofia javanica
https://static.inaturalist.org/photos/31619309/medium.jpeg?1550588775,Bischofia javanica
https://static.inaturalist.org/photos/31619320/medium.jpeg?1550588807,Bischofia javanica
https://static.inaturalist.org/photos/31651811/medium.jpg?1550657113,Bischofia javanica
https://static.inaturalist.org/photos/31657711/medium.jpeg?1550677640,Bischofia javanica
https://static.inaturalist.org/photos/31863080/medium.jpeg?1550927023,Bischofia javanica
https://static.inaturalist.org/photos/31865042/medium.jpeg?1550927654,Bischofia javanica
https://static.inaturalist.org/photos/31947090/medium.jpg?1550990336,Bischofia javanica
https://static.inaturalist.org/photos/31984457/medium.jpeg?1551057698,Bischofia javanica
https://static.inaturalist.org/photos/31988676/medium.jpg?1551063125,Bischofia javanica
https://static.inaturalist.org/photos/32030250/medium.jpg?1551148563,Bischofia javanica
https://static.inaturalist.org/photos/32079381/medium.jpg?1551248707,Bischofia javanica
https://static.inaturalist.org/photos/32080766/medium.jpeg?1551253024,Bischofia javanica
https://static.inaturalist.org/photos/32080792/medium.jpg?1551253105,Bischofia javanica
https://static.inaturalist.org/photos/32080872/medium.jpg?1551253371,Bischofia javanica
https://static.inaturalist.org/photos/32161540/medium.jpg?1551429949,Bischofia javanica
https://static.inaturalist.org/photos/32177122/medium.jpeg?1551467353,Bischofia javanica
https://static.inaturalist.org/photos/32416247/medium.jpg?1551849761,Bischofia javanica
https://static.inaturalist.org/photos/32417067/medium.jpeg?1551850840,Bischofia javanica
https://static.inaturalist.org/photos/32417166/medium.jpg?1551850988,Bischofia javanica
https://static.inaturalist.org/photos/32417462/medium.jpeg?1551851491,Bischofia javanica
https://static.inaturalist.org/photos/32611572/medium.jpg?1552188177,Bischofia javanica
https://static.inaturalist.org/photos/32723730/medium.jpg?1552370928,Bischofia javanica
https://static.inaturalist.org/photos/32724868/medium.jpg?1552374617,Bischofia javanica
https://static.inaturalist.org/photos/32761318/medium.jpg?1552446955,Bischofia javanica
https://static.inaturalist.org/photos/32818655/medium.jpeg?1552573240,Bischofia javanica
https://static.inaturalist.org/photos/32818736/medium.jpeg?1552573510,Bischofia javanica
https://static.inaturalist.org/photos/32856580/medium.jpg?1552628981,Bischofia javanica
https://static.inaturalist.org/photos/32856663/medium.jpg?1552629258,Bischofia javanica
https://static.inaturalist.org/photos/32897650/medium.jpg?1552708919,Bischofia javanica
https://static.inaturalist.org/photos/32945800/medium.jpg?1552786137,Bischofia javanica
https://static.inaturalist.org/photos/33015783/medium.jpeg?1552879297,Bischofia javanica
https://static.inaturalist.org/photos/33016380/medium.jpeg?1552879976,Bischofia javanica
https://static.inaturalist.org/photos/33077746/medium.jpg?1552989308,Bischofia javanica
https://static.inaturalist.org/photos/33180351/medium.jpeg?1553154316,Bischofia javanica
https://static.inaturalist.org/photos/33223360/medium.jpeg?1553222869,Bischofia javanica
https://static.inaturalist.org/photos/33224731/medium.jpeg?1553224532,Bischofia javanica
https://static.inaturalist.org/photos/33336882/medium.jpeg?1553393692,Bischofia javanica
https://static.inaturalist.org/photos/33345195/medium.jpg?1553403814,Bischofia javanica
https://static.inaturalist.org/photos/33352027/medium.jpeg?1553420215,Bischofia javanica
https://static.inaturalist.org/photos/33477461/medium.jpeg?1553583157,Bischofia javanica
https://static.inaturalist.org/photos/33477478/medium.jpeg?1553583240,Bischofia javanica
https://static.inaturalist.org/photos/33817629/medium.jpeg?1554047595,Bischofia javanica
https://static.inaturalist.org/photos/33652847/medium.jpeg?1553855782,Bischofia javanica
https://static.inaturalist.org/photos/33710861/medium.jpeg?1553917001,Bischofia javanica
https://static.inaturalist.org/photos/33715811/medium.jpeg?1553924574,Bischofia javanica
https://static.inaturalist.org/photos/33783166/medium.jpeg?1553996259,Bischofia javanica
https://static.inaturalist.org/photos/33803152/medium.jpeg?1554025241,Bischofia javanica
https://static.inaturalist.org/photos/33803193/medium.jpeg?1554025301,Bischofia javanica
https://static.inaturalist.org/photos/33811355/medium.jpeg?1554040677,Bischofia javanica
https://static.inaturalist.org/photos/33811433/medium.jpeg?1554040769,Bischofia javanica
https://static.inaturalist.org/photos/33880974/medium.jpeg?1554114437,Bischofia javanica
https://static.inaturalist.org/photos/34001033/medium.jpeg?1554278903,Bischofia javanica
https://static.inaturalist.org/photos/34114576/medium.jpeg?1554434400,Bischofia javanica
https://static.inaturalist.org/photos/34263287/medium.jpeg?1554618115,Bischofia javanica
https://static.inaturalist.org/photos/34266432/medium.jpg?1554624750,Bischofia javanica
https://static.inaturalist.org/photos/34266956/medium.jpg?1554625821,Bischofia javanica
https://static.inaturalist.org/photos/34268811/medium.jpg?1554630702,Bischofia javanica
https://static.inaturalist.org/photos/34350830/medium.jpeg?1554709699,Bischofia javanica
https://static.inaturalist.org/photos/34406025/medium.jpeg?1554772098,Bischofia javanica
https://static.inaturalist.org/photos/34506670/medium.jpeg?1554906499,Bischofia javanica
https://static.inaturalist.org/photos/34793169/medium.jpeg?1555248476,Bischofia javanica
https://static.inaturalist.org/photos/35076727/medium.jpeg?1555551681,Bischofia javanica
https://static.inaturalist.org/photos/35240313/medium.jpg?1555729381,Bischofia javanica
https://static.inaturalist.org/photos/35344321/medium.jpg?1555834422,Bischofia javanica
https://static.inaturalist.org/photos/35405942/medium.jpg?1555882997,Bischofia javanica
https://static.inaturalist.org/photos/35560483/medium.jpeg?1556029199,Bischofia javanica
https://static.inaturalist.org/photos/35632886/medium.jpeg?1556087324,Bischofia javanica
https://static.inaturalist.org/photos/35815377/medium.jpeg?1556259714,Bischofia javanica
https://static.inaturalist.org/photos/35822406/medium.jpeg?1556266172,Bischofia javanica
https://static.inaturalist.org/photos/35864742/medium.jpg?1556289220,Bischofia javanica
https://static.inaturalist.org/photos/36079513/medium.jpeg?1556332123,Bischofia javanica
https://static.inaturalist.org/photos/36097586/medium.jpg?1556335856,Bischofia javanica
https://static.inaturalist.org/photos/36134313/medium.jpeg?1556348107,Bischofia javanica
https://static.inaturalist.org/photos/36201417/medium.jpeg?1556375550,Bischofia javanica
https://static.inaturalist.org/photos/36328793/medium.jpg?1556396304,Bischofia javanica
https://static.inaturalist.org/photos/36400052/medium.jpeg?1556408098,Bischofia javanica
https://static.inaturalist.org/photos/36465297/medium.jpeg?1556420055,Bischofia javanica
https://static.inaturalist.org/photos/36485290/medium.jpg?1556424312,Bischofia javanica
https://static.inaturalist.org/photos/36490893/medium.jpg?1556425762,Bischofia javanica
https://static.inaturalist.org/photos/36497009/medium.jpeg?1556427371,Bischofia javanica
https://static.inaturalist.org/photos/36513470/medium.jpeg?1556433405,Bischofia javanica
https://static.inaturalist.org/photos/36528938/medium.jpg?1556441830,Bischofia javanica
https://static.inaturalist.org/photos/36530375/medium.jpg?1556442490,Bischofia javanica
https://static.inaturalist.org/photos/36884123/medium.jpeg?1556509306,Bischofia javanica
https://static.inaturalist.org/photos/36934854/medium.jpeg?1556523153,Bischofia javanica
https://static.inaturalist.org/photos/36964046/medium.jpg?1556536587,Bischofia javanica
https://static.inaturalist.org/photos/37017593/medium.jpeg?1556549355,Bischofia javanica
https://static.inaturalist.org/photos/37095079/medium.jpg?1556562026,Bischofia javanica
https://static.inaturalist.org/photos/37131475/medium.jpg?1556567846,Bischofia javanica
https://static.inaturalist.org/photos/37196970/medium.jpeg?1556578032,Bischofia javanica
https://static.inaturalist.org/photos/37367453/medium.jpeg?1556612919,Bischofia javanica
https://static.inaturalist.org/photos/37385692/medium.jpeg?1556628669,Bischofia javanica
https://static.inaturalist.org/photos/37393711/medium.jpeg?1556633089,Bischofia javanica
https://static.inaturalist.org/photos/37479872/medium.jpeg?1556670776,Bischofia javanica
https://static.inaturalist.org/photos/37500708/medium.jpeg?1556681192,Bischofia javanica
https://static.inaturalist.org/photos/37517824/medium.jpeg?1556693326,Bischofia javanica
https://static.inaturalist.org/photos/37560162/medium.jpeg?1556726805,Bischofia javanica
https://static.inaturalist.org/photos/37604067/medium.jpeg?1556746997,Bischofia javanica
https://static.inaturalist.org/photos/37636536/medium.jpeg?1556764905,Bischofia javanica
https://static.inaturalist.org/photos/37643822/medium.jpeg?1556768459,Bischofia javanica
https://static.inaturalist.org/photos/37757720/medium.jpg?1556852672,Bischofia javanica
https://static.inaturalist.org/photos/37890296/medium.jpeg?1556970202,Bischofia javanica
https://static.inaturalist.org/photos/37980646/medium.jpeg?1557022745,Bischofia javanica
https://static.inaturalist.org/photos/38110936/medium.jpg?1557114423,Bischofia javanica
https://static.inaturalist.org/photos/38466915/medium.jpeg?1557456689,Bischofia javanica
https://static.inaturalist.org/photos/38672029/medium.jpg?1557669027,Bischofia javanica
https://static.inaturalist.org/photos/38838081/medium.jpeg?1557806523,Bischofia javanica
https://static.inaturalist.org/photos/39292001/medium.jpg?1558264871,Bischofia javanica
https://static.inaturalist.org/photos/39482906/medium.jpeg?1558413109,Bischofia javanica
https://static.inaturalist.org/photos/39774441/medium.jpg?1558681707,Bischofia javanica
https://static.inaturalist.org/photos/39867745/medium.jpeg?1558768827,Bischofia javanica
https://static.inaturalist.org/photos/39990953/medium.jpeg?1558861864,Bischofia javanica
https://static.inaturalist.org/photos/40455616/medium.jpg?1559244558,Bischofia javanica
https://static.inaturalist.org/photos/40588500/medium.jpg?1559361271,Bischofia javanica
https://static.inaturalist.org/photos/40588838/medium.jpg?1559361581,Bischofia javanica
https://static.inaturalist.org/photos/40588871/medium.jpg?1559361609,Bischofia javanica
https://static.inaturalist.org/photos/40588976/medium.jpg?1559361711,Bischofia javanica
https://static.inaturalist.org/photos/40590666/medium.jpg?1559363434,Bischofia javanica
https://static.inaturalist.org/photos/40602068/medium.jpeg?1559378977,Bischofia javanica
https://static.inaturalist.org/photos/40602901/medium.jpg?1559379946,Bischofia javanica
https://static.inaturalist.org/photos/40603058/medium.jpg?1559380185,Bischofia javanica
https://static.inaturalist.org/photos/40616345/medium.jpg?1559393373,Bischofia javanica
https://static.inaturalist.org/photos/40631756/medium.jpeg?1559402672,Bischofia javanica
https://static.inaturalist.org/photos/40719866/medium.jpg?1559457276,Bischofia javanica
https://static.inaturalist.org/photos/40721519/medium.jpg?1559459314,Bischofia javanica
https://static.inaturalist.org/photos/40741762/medium.jpeg?1559484063,Bischofia javanica
https://static.inaturalist.org/photos/40840502/medium.jpeg?1559536745,Bischofia javanica
https://static.inaturalist.org/photos/40851657/medium.jpeg?1559549270,Bischofia javanica
https://static.inaturalist.org/photos/40946828/medium.jpeg?1559625610,Bischofia javanica
https://static.inaturalist.org/photos/40956813/medium.jpeg?1559643867,Bischofia javanica
https://static.inaturalist.org/photos/41024925/medium.jpg?1559701523,Bischofia javanica
https://static.inaturalist.org/photos/41032690/medium.jpeg?1559708222,Bischofia javanica
https://static.inaturalist.org/photos/41041206/medium.jpeg?1559724598,Bischofia javanica
https://static.inaturalist.org/photos/41041224/medium.jpeg?1559724642,Bischofia javanica
https://static.inaturalist.org/photos/41113193/medium.jpeg?1559787909,Bischofia javanica
https://static.inaturalist.org/photos/41192648/medium.jpg?1559865464,Bischofia javanica
https://static.inaturalist.org/photos/41213065/medium.jpeg?1559884120,Bischofia javanica
https://static.inaturalist.org/photos/41215663/medium.jpg?1559888023,Bischofia javanica
https://static.inaturalist.org/photos/41221879/medium.jpeg?1559900396,Bischofia javanica
https://static.inaturalist.org/photos/41243893/medium.jpeg?1559923115,Bischofia javanica
https://static.inaturalist.org/photos/41306579/medium.jpeg?1559979269,Bischofia javanica
https://static.inaturalist.org/photos/41412866/medium.jpeg?1560066159,Bischofia javanica
https://static.inaturalist.org/photos/41560453/medium.jpg?1560183546,Bischofia javanica
https://static.inaturalist.org/photos/41718724/medium.jpg?1560325807,Bischofia javanica
https://static.inaturalist.org/photos/41956213/medium.jpg?1560559205,Bischofia javanica
https://static.inaturalist.org/photos/42481699/medium.jpg?1561016605,Bischofia javanica
https://static.inaturalist.org/photos/42555923/medium.jpg?1561078617,Bischofia javanica
https://static.inaturalist.org/photos/42556381/medium.jpg?1561078998,Bischofia javanica
https://static.inaturalist.org/photos/43388937/medium.jpg?1561802248,Bischofia javanica
https://static.inaturalist.org/photos/43676327/medium.jpeg?1562033747,Bischofia javanica
https://static.inaturalist.org/photos/43748639/medium.jpg?1562101113,Bischofia javanica
https://static.inaturalist.org/photos/43781100/medium.jpeg?1562125715,Bischofia javanica
https://static.inaturalist.org/photos/43882707/medium.jpeg?1562225663,Bischofia javanica
https://static.inaturalist.org/photos/44171966/medium.jpeg?1562469218,Bischofia javanica
https://static.inaturalist.org/photos/44295683/medium.jpeg?1562559656,Bischofia javanica
https://static.inaturalist.org/photos/44298148/medium.jpeg?1562561806,Bischofia javanica
https://static.inaturalist.org/photos/44310139/medium.jpeg?1562582093,Bischofia javanica
https://static.inaturalist.org/photos/44494758/medium.jpg?1562731352,Bischofia javanica
https://static.inaturalist.org/photos/44563533/medium.jpg?1562797770,Bischofia javanica
https://static.inaturalist.org/photos/44695436/medium.jpeg?1562924413,Bischofia javanica
https://static.inaturalist.org/photos/44751867/medium.jpeg?1562969521,Bischofia javanica
https://static.inaturalist.org/photos/44754633/medium.jpeg?1562971497,Bischofia javanica
https://static.inaturalist.org/photos/44965499/medium.jpg?1563144132,Bischofia javanica
https://static.inaturalist.org/photos/45177373/medium.jpg?1563314672,Bischofia javanica
https://static.inaturalist.org/photos/45202819/medium.jpeg?1563331872,Bischofia javanica
https://static.inaturalist.org/photos/45289250/medium.jpg?1563412783,Bischofia javanica
https://static.inaturalist.org/photos/45298099/medium.jpg?1563420064,Bischofia javanica
https://static.inaturalist.org/photos/45298851/medium.jpg?1563420717,Bischofia javanica
https://static.inaturalist.org/photos/45299137/medium.jpg?1563420934,Bischofia javanica
https://static.inaturalist.org/photos/45299547/medium.jpeg?1563421299,Bischofia javanica
https://static.inaturalist.org/photos/45300994/medium.jpg?1563423046,Bischofia javanica
https://static.inaturalist.org/photos/45301268/medium.jpg?1563423249,Bischofia javanica
https://static.inaturalist.org/photos/45486387/medium.jpeg?1563591541,Bischofia javanica
https://static.inaturalist.org/photos/45730483/medium.jpeg?1563785112,Bischofia javanica
https://static.inaturalist.org/photos/45829876/medium.jpeg?1563865636,Bischofia javanica
https://static.inaturalist.org/photos/46593632/medium.jpeg?1564475999,Bischofia javanica
https://static.inaturalist.org/photos/46596456/medium.jpeg?1564480347,Bischofia javanica
https://static.inaturalist.org/photos/46673377/medium.jpeg?1564536553,Bischofia javanica
https://static.inaturalist.org/photos/46870001/medium.jpg?1564705548,Bischofia javanica
https://static.inaturalist.org/photos/46989621/medium.jpg?1564819218,Bischofia javanica
https://static.inaturalist.org/photos/46989647/medium.jpg?1564819250,Bischofia javanica
https://static.inaturalist.org/photos/46989726/medium.jpeg?1564819430,Bischofia javanica
https://static.inaturalist.org/photos/46989728/medium.jpeg?1564819441,Bischofia javanica
https://static.inaturalist.org/photos/46992363/medium.jpeg?1564823515,Bischofia javanica
https://static.inaturalist.org/photos/46998298/medium.jpg?1564832181,Bischofia javanica
https://static.inaturalist.org/photos/47204561/medium.jpeg?1564974664,Bischofia javanica
https://static.inaturalist.org/photos/47205131/medium.jpeg?1564975089,Bischofia javanica
https://static.inaturalist.org/photos/47321793/medium.jpg?1565075295,Bischofia javanica
https://static.inaturalist.org/photos/47326823/medium.jpg?1565084527,Bischofia javanica
https://static.inaturalist.org/photos/47331615/medium.jpg?1565091788,Bischofia javanica
https://static.inaturalist.org/photos/47331620/medium.jpg?1565091790,Bischofia javanica
https://static.inaturalist.org/photos/47332051/medium.jpg?1565092220,Bischofia javanica
https://static.inaturalist.org/photos/47332443/medium.jpeg?1565092644,Bischofia javanica
https://static.inaturalist.org/photos/47345856/medium.jpeg?1565104218,Bischofia javanica
https://static.inaturalist.org/photos/47624308/medium.jpeg?1565361660,Bischofia javanica
https://static.inaturalist.org/photos/47702095/medium.jpeg?1565430112,Bischofia javanica
https://static.inaturalist.org/photos/47702811/medium.jpeg?1565431427,Bischofia javanica
https://static.inaturalist.org/photos/47707467/medium.jpeg?1565438170,Bischofia javanica
https://static.inaturalist.org/photos/47709370/medium.jpeg?1565440065,Bischofia javanica
https://static.inaturalist.org/photos/47976712/medium.jpg?1565635167,Bischofia javanica
https://static.inaturalist.org/photos/48255209/medium.jpg?1565874296,Bischofia javanica
https://static.inaturalist.org/photos/48432795/medium.jpg?1566023555,Bischofia javanica
https://static.inaturalist.org/photos/48645533/medium.jpeg?1566188928,Bischofia javanica
https://static.inaturalist.org/photos/48933790/medium.jpg?1566449770,Bischofia javanica
https://static.inaturalist.org/photos/48934781/medium.jpg?1566450944,Bischofia javanica
https://static.inaturalist.org/photos/49123459/medium.jpeg?1566631657,Bischofia javanica
https://static.inaturalist.org/photos/49360246/medium.jpeg?1566800607,Bischofia javanica
https://static.inaturalist.org/photos/49362378/medium.jpg?1566803874,Bischofia javanica
https://static.inaturalist.org/photos/49362769/medium.jpg?1566804566,Bischofia javanica
https://static.inaturalist.org/photos/49363131/medium.jpg?1566805000,Bischofia javanica
https://static.inaturalist.org/photos/49363162/medium.jpg?1566805065,Bischofia javanica
https://static.inaturalist.org/photos/49466110/medium.jpg?1566889736,Bischofia javanica
https://static.inaturalist.org/photos/49765032/medium.jpg?1567143005,Bischofia javanica
https://static.inaturalist.org/photos/50207460/medium.jpeg?1567487143,Bischofia javanica
https://static.inaturalist.org/photos/50218234/medium.jpeg?1567504693,Bischofia javanica
https://static.inaturalist.org/photos/51603524/medium.jpg?1568703883,Bischofia javanica
https://static.inaturalist.org/photos/50493667/medium.jpeg?1567761515,Bischofia javanica
https://static.inaturalist.org/photos/50495253/medium.jpeg?1567765578,Bischofia javanica
https://static.inaturalist.org/photos/50679018/medium.jpg?1567910942,Bischofia javanica
https://static.inaturalist.org/photos/50708951/medium.jpeg?1567949359,Bischofia javanica
https://static.inaturalist.org/photos/50887899/medium.jpg?1568076050,Bischofia javanica
https://static.inaturalist.org/photos/50908702/medium.jpeg?1568102534,Bischofia javanica
https://static.inaturalist.org/photos/51004150/medium.jpeg?1568181624,Bischofia javanica
https://static.inaturalist.org/photos/51005646/medium.jpg?1568184282,Bischofia javanica
https://static.inaturalist.org/photos/51006107/medium.jpg?1568185106,Bischofia javanica
https://static.inaturalist.org/photos/51105292/medium.jpeg?1568276542,Bischofia javanica
https://static.inaturalist.org/photos/51105303/medium.jpeg?1568276580,Bischofia javanica
https://static.inaturalist.org/photos/51472357/medium.jpg?1568590246,Bischofia javanica
https://static.inaturalist.org/photos/51686190/medium.jpg?1568778082,Bischofia javanica
https://static.inaturalist.org/photos/51696001/medium.jpeg?1568795409,Bischofia javanica
https://static.inaturalist.org/photos/51870271/medium.jpg?1568946478,Bischofia javanica
https://static.inaturalist.org/photos/51875038/medium.jpg?1568950179,Bischofia javanica
https://static.inaturalist.org/photos/51899437/medium.jpeg?1568986992,Bischofia javanica
https://static.inaturalist.org/photos/51987272/medium.jpeg?1569048588,Bischofia javanica
https://static.inaturalist.org/photos/52295638/medium.jpg?1569308211,Bischofia javanica
https://static.inaturalist.org/photos/52392375/medium.jpeg?1569398429,Bischofia javanica
https://static.inaturalist.org/photos/52481342/medium.jpeg?1569480319,Bischofia javanica
https://static.inaturalist.org/photos/52737977/medium.jpeg?1569726670,Bischofia javanica
https://static.inaturalist.org/photos/52766416/medium.jpg?1569765750,Bischofia javanica
https://static.inaturalist.org/photos/52834718/medium.jpeg?1569806688,Bischofia javanica
https://static.inaturalist.org/photos/53026915/medium.jpg?1569999651,Bischofia javanica
https://static.inaturalist.org/photos/53027561/medium.jpg?1570000746,Bischofia javanica
https://static.inaturalist.org/photos/53096454/medium.jpg?1570072068,Bischofia javanica
https://static.inaturalist.org/photos/53096950/medium.jpg?1570072719,Bischofia javanica
https://static.inaturalist.org/photos/53107412/medium.jpeg?1570094290,Bischofia javanica
https://static.inaturalist.org/photos/53179597/medium.jpg?1570170132,Bischofia javanica
https://static.inaturalist.org/photos/53182721/medium.jpeg?1570178427,Bischofia javanica
https://static.inaturalist.org/photos/53256618/medium.jpg?1570252929,Bischofia javanica
https://static.inaturalist.org/photos/53345703/medium.jpg?1570330560,Bischofia javanica
https://static.inaturalist.org/photos/53357680/medium.jpeg?1570345920,Bischofia javanica
https://static.inaturalist.org/photos/53780425/medium.jpeg?1570764859,Bischofia javanica
https://static.inaturalist.org/photos/53844207/medium.jpg?1570844287,Bischofia javanica
https://static.inaturalist.org/photos/53848932/medium.jpeg?1570849760,Bischofia javanica
https://static.inaturalist.org/photos/53858808/medium.jpg?1570869073,Bischofia javanica
https://static.inaturalist.org/photos/54011466/medium.jpg?1571005727,Bischofia javanica
https://static.inaturalist.org/photos/54078783/medium.jpeg?1571072881,Bischofia javanica
https://static.inaturalist.org/photos/54119405/medium.jpg?1571103894,Bischofia javanica
https://static.inaturalist.org/photos/54133545/medium.jpeg?1571122668,Bischofia javanica
https://static.inaturalist.org/photos/54213107/medium.jpg?1571212460,Bischofia javanica
https://static.inaturalist.org/photos/54220172/medium.jpeg?1571224876,Bischofia javanica
https://static.inaturalist.org/photos/54230224/medium.jpeg?1571238075,Bischofia javanica
https://static.inaturalist.org/photos/54503616/medium.jpg?1571558991,Bischofia javanica
https://static.inaturalist.org/photos/54629086/medium.jpeg?1571670831,Bischofia javanica
https://static.inaturalist.org/photos/54765986/medium.jpg?1571810143,Bischofia javanica
https://static.inaturalist.org/photos/54849072/medium.jpeg?1571906999,Bischofia javanica
https://static.inaturalist.org/photos/55201471/medium.jpg?1572300017,Bischofia javanica
https://static.inaturalist.org/photos/55226952/medium.jpg?1572335544,Bischofia javanica
https://static.inaturalist.org/photos/55245375/medium.jpeg?1572365585,Bischofia javanica
https://static.inaturalist.org/photos/55397756/medium.jpeg?1572573741,Bischofia javanica
https://static.inaturalist.org/photos/55536574/medium.jpg?1572781226,Bischofia javanica
https://static.inaturalist.org/photos/55590062/medium.jpeg?1572830355,Bischofia javanica
https://static.inaturalist.org/photos/55749781/medium.jpeg?1573021069,Bischofia javanica
https://static.inaturalist.org/photos/55750677/medium.jpg?1573022924,Bischofia javanica
https://static.inaturalist.org/photos/55751970/medium.jpg?1573024999,Bischofia javanica
https://static.inaturalist.org/photos/55752203/medium.jpeg?1573025337,Bischofia javanica
https://static.inaturalist.org/photos/55776966/medium.jpeg?1573061053,Bischofia javanica
https://static.inaturalist.org/photos/55877284/medium.jpg?1573188087,Bischofia javanica
https://static.inaturalist.org/photos/55935925/medium.jpg?1573264245,Bischofia javanica
https://static.inaturalist.org/photos/55948188/medium.jpg?1573282178,Bischofia javanica
https://static.inaturalist.org/photos/56018569/medium.jpg?1573373232,Bischofia javanica
https://static.inaturalist.org/photos/56018929/medium.jpg?1573374180,Bischofia javanica
https://static.inaturalist.org/photos/56028565/medium.jpeg?1573392376,Bischofia javanica
https://static.inaturalist.org/photos/56148277/medium.jpg?1573530002,Bischofia javanica
https://static.inaturalist.org/photos/56157522/medium.jpg?1573549129,Bischofia javanica
https://static.inaturalist.org/photos/56211490/medium.jpg?1573629545,Bischofia javanica
https://static.inaturalist.org/photos/56312450/medium.jpeg?1573791605,Bischofia javanica
https://static.inaturalist.org/photos/56375919/medium.jpg?1573888464,Bischofia javanica
https://static.inaturalist.org/photos/56376730/medium.jpg?1573890607,Bischofia javanica
https://static.inaturalist.org/photos/56442022/medium.jpg?1573979332,Bischofia javanica
https://static.inaturalist.org/photos/56443596/medium.jpg?1573984027,Bischofia javanica
https://static.inaturalist.org/photos/56444288/medium.jpg?1573985568,Bischofia javanica
https://static.inaturalist.org/photos/56515073/medium.jpeg?1574063854,Bischofia javanica
https://static.inaturalist.org/photos/56578557/medium.jpeg?1574162900,Bischofia javanica
https://static.inaturalist.org/photos/56628064/medium.jpeg?1574226357,Bischofia javanica
https://static.inaturalist.org/photos/56628066/medium.jpeg?1574226358,Bischofia javanica
https://static.inaturalist.org/photos/56680257/medium.jpeg?1574303842,Bischofia javanica
https://static.inaturalist.org/photos/56680331/medium.jpeg?1574303938,Bischofia javanica
https://static.inaturalist.org/photos/56731890/medium.jpeg?1574387944,Bischofia javanica
https://static.inaturalist.org/photos/56761016/medium.jpg?1574443797,Bischofia javanica
https://static.inaturalist.org/photos/56852436/medium.jpeg?1574564701,Bischofia javanica
https://static.inaturalist.org/photos/57063168/medium.jpeg?1574836962,Bischofia javanica
https://static.inaturalist.org/photos/57110760/medium.jpeg?1574913413,Bischofia javanica
https://static.inaturalist.org/photos/57118338/medium.jpeg?1574931559,Bischofia javanica
https://static.inaturalist.org/photos/57160268/medium.jpg?1575006045,Bischofia javanica
https://static.inaturalist.org/photos/57259106/medium.jpeg?1575163982,Bischofia javanica
https://static.inaturalist.org/photos/57442522/medium.jpg?1575460477,Bischofia javanica
https://static.inaturalist.org/photos/57448412/medium.jpg?1575472357,Bischofia javanica
https://static.inaturalist.org/photos/57508335/medium.jpg?1575572224,Bischofia javanica
https://static.inaturalist.org/photos/57538272/medium.jpeg?1575622204,Bischofia javanica
https://static.inaturalist.org/photos/57541948/medium.jpg?1575635411,Bischofia javanica
https://static.inaturalist.org/photos/57564813/medium.jpg?1575672662,Bischofia javanica
https://static.inaturalist.org/photos/57673389/medium.jpg?1575846671,Bischofia javanica
https://static.inaturalist.org/photos/57890793/medium.jpg?1576214308,Bischofia javanica
https://static.inaturalist.org/photos/57930087/medium.jpeg?1576288213,Bischofia javanica
https://static.inaturalist.org/photos/57932641/medium.jpeg?1576292092,Bischofia javanica
https://static.inaturalist.org/photos/57932647/medium.jpg?1576292094,Bischofia javanica
https://static.inaturalist.org/photos/57991334/medium.jpeg?1576395996,Bischofia javanica
https://static.inaturalist.org/photos/58036521/medium.jpg?1576462522,Bischofia javanica
https://static.inaturalist.org/photos/58044406/medium.jpeg?1576474112,Bischofia javanica
https://static.inaturalist.org/photos/58093644/medium.jpeg?1576564894,Bischofia javanica
https://static.inaturalist.org/photos/58095744/medium.jpeg?1576571138,Bischofia javanica
https://static.inaturalist.org/photos/58119858/medium.jpeg?1576619325,Bischofia javanica
https://static.inaturalist.org/photos/58123480/medium.jpeg?1576625744,Bischofia javanica
https://static.inaturalist.org/photos/58129583/medium.jpg?1576635547,Bischofia javanica
https://static.inaturalist.org/photos/58131210/medium.jpeg?1576638607,Bischofia javanica
https://static.inaturalist.org/photos/58138562/medium.jpeg?1576656045,Bischofia javanica
https://static.inaturalist.org/photos/58148230/medium.jpeg?1576684465,Bischofia javanica
https://static.inaturalist.org/photos/58155502/medium.jpeg?1576697069,Bischofia javanica
https://static.inaturalist.org/photos/58169565/medium.jpeg?1576719143,Bischofia javanica
https://static.inaturalist.org/photos/58264619/medium.jpeg?1576917144,Bischofia javanica
https://static.inaturalist.org/photos/58264640/medium.jpeg?1576917210,Bischofia javanica
https://static.inaturalist.org/photos/58305661/medium.jpg?1576982445,Bischofia javanica
https://static.inaturalist.org/photos/58515801/medium.jpg?1577356100,Bischofia javanica
https://static.inaturalist.org/photos/58553437/medium.jpeg?1577408161,Bischofia javanica
https://static.inaturalist.org/photos/58565103/medium.jpeg?1577423070,Bischofia javanica
https://static.inaturalist.org/photos/58566508/medium.jpg?1577425784,Bischofia javanica
https://static.inaturalist.org/photos/58686145/medium.jpg?1577612802,Bischofia javanica
https://static.inaturalist.org/photos/58690856/medium.jpg?1577623319,Bischofia javanica
https://static.inaturalist.org/photos/58691039/medium.jpg?1577623715,Bischofia javanica
https://static.inaturalist.org/photos/58703742/medium.jpg?1577640075,Bischofia javanica
https://static.inaturalist.org/photos/58801268/medium.jpeg?1577779577,Bischofia javanica
https://static.inaturalist.org/photos/58801282/medium.jpeg?1577779628,Bischofia javanica
https://static.inaturalist.org/photos/58932669/medium.jpeg?1577990332,Bischofia javanica
https://static.inaturalist.org/photos/59106098/medium.jpg?1578233267,Bischofia javanica
https://static.inaturalist.org/photos/59211455/medium.jpg?1578367780,Bischofia javanica
https://static.inaturalist.org/photos/59214743/medium.jpg?1578374371,Bischofia javanica
https://static.inaturalist.org/photos/59428693/medium.jpg?1578744156,Bischofia javanica
https://static.inaturalist.org/photos/59474446/medium.jpeg?1578797173,Bischofia javanica
https://static.inaturalist.org/photos/59474484/medium.jpeg?1578797229,Bischofia javanica
https://static.inaturalist.org/photos/59477084/medium.jpeg?1578800262,Bischofia javanica
https://static.inaturalist.org/photos/59483328/medium.jpg?1578807240,Bischofia javanica
https://static.inaturalist.org/photos/59565951/medium.jpeg?1578933553,Bischofia javanica
https://static.inaturalist.org/photos/59600168/medium.jpg?1578984356,Bischofia javanica
https://static.inaturalist.org/photos/59601063/medium.jpeg?1578985790,Bischofia javanica
https://static.inaturalist.org/photos/59607147/medium.jpg?1579001997,Bischofia javanica
https://static.inaturalist.org/photos/59785189/medium.jpg?1579272289,Bischofia javanica
https://static.inaturalist.org/photos/59833748/medium.jpg?1579355120,Bischofia javanica
https://static.inaturalist.org/photos/59884291/medium.jpg?1579415314,Bischofia javanica
https://static.inaturalist.org/photos/59939378/medium.jpeg?1579488061,Bischofia javanica
https://static.inaturalist.org/photos/60063337/medium.jpeg?1579676199,Bischofia javanica
https://static.inaturalist.org/photos/60352650/medium.jpg?1580094634,Bischofia javanica
https://static.inaturalist.org/photos/60817026/medium.jpg?1580781387,Bischofia javanica
https://static.inaturalist.org/photos/60808791/medium.jpg?1580772012,Bischofia javanica
https://static.inaturalist.org/photos/60877239/medium.jpeg?1580868714,Bischofia javanica
https://static.inaturalist.org/photos/60945599/medium.jpg?1580981898,Bischofia javanica
https://static.inaturalist.org/photos/60985370/medium.jpeg?1581044080,Bischofia javanica
https://static.inaturalist.org/photos/60995281/medium.jpg?1581066009,Bischofia javanica
https://static.inaturalist.org/photos/60998246/medium.jpg?1581074639,Bischofia javanica
https://static.inaturalist.org/photos/61253220/medium.jpeg?1581410518,Bischofia javanica
https://static.inaturalist.org/photos/61536853/medium.jpeg?1581820988,Bischofia javanica
https://static.inaturalist.org/photos/61623888/medium.jpeg?1581917727,Bischofia javanica
https://static.inaturalist.org/photos/61705421/medium.jpg?1582017830,Bischofia javanica
https://static.inaturalist.org/photos/61747388/medium.jpg?1582075897,Bischofia javanica
https://static.inaturalist.org/photos/62085995/medium.jpeg?1582528308,Bischofia javanica
https://static.inaturalist.org/photos/62086069/medium.jpg?1582528436,Bischofia javanica
https://static.inaturalist.org/photos/62086136/medium.jpg?1582528542,Bischofia javanica
https://static.inaturalist.org/photos/62086381/medium.jpeg?1582529079,Bischofia javanica
https://static.inaturalist.org/photos/62086649/medium.jpeg?1582529702,Bischofia javanica
https://static.inaturalist.org/photos/62410086/medium.jpg?1582970650,Bischofia javanica
https://static.inaturalist.org/photos/62410265/medium.jpg?1582970862,Bischofia javanica
https://static.inaturalist.org/photos/62697992/medium.jpeg?1583285495,Bischofia javanica
https://static.inaturalist.org/photos/62952016/medium.jpg?1583614734,Bischofia javanica
https://static.inaturalist.org/photos/63004418/medium.jpg?1583669934,Bischofia javanica
https://static.inaturalist.org/photos/63176206/medium.jpg?1583849567,Bischofia javanica
https://static.inaturalist.org/photos/63239647/medium.jpg?1583926438,Bischofia javanica
https://static.inaturalist.org/photos/63241741/medium.jpg?1583930699,Bischofia javanica
https://static.inaturalist.org/photos/63396251/medium.jpeg?1584114710,Bischofia javanica
https://static.inaturalist.org/photos/63440189/medium.jpeg?1584154611,Bischofia javanica
https://static.inaturalist.org/photos/63441192/medium.jpeg?1584155715,Bischofia javanica
https://static.inaturalist.org/photos/63445730/medium.jpeg?1584161134,Bischofia javanica
https://static.inaturalist.org/photos/63454234/medium.jpg?1584178003,Bischofia javanica
https://static.inaturalist.org/photos/63532424/medium.jpeg?1584242112,Bischofia javanica
https://static.inaturalist.org/photos/63532953/medium.jpeg?1584242678,Bischofia javanica
https://static.inaturalist.org/photos/63534590/medium.jpeg?1584244511,Bischofia javanica
https://static.inaturalist.org/photos/63544681/medium.jpeg?1584259413,Bischofia javanica
https://static.inaturalist.org/photos/63546038/medium.jpg?1584262360,Bischofia javanica
https://static.inaturalist.org/photos/63636609/medium.jpeg?1584336335,Bischofia javanica
https://static.inaturalist.org/photos/63641195/medium.jpg?1584345357,Bischofia javanica
https://static.inaturalist.org/photos/63641280/medium.jpg?1584345548,Bischofia javanica
https://static.inaturalist.org/photos/63650494/medium.jpeg?1584361978,Bischofia javanica
https://static.inaturalist.org/photos/63807113/medium.jpeg?1584514939,Bischofia javanica
https://static.inaturalist.org/photos/63902333/medium.jpeg?1584612024,Bischofia javanica
https://static.inaturalist.org/photos/63981740/medium.jpeg?1584676792,Bischofia javanica
https://static.inaturalist.org/photos/64071589/medium.jpeg?1584757949,Bischofia javanica
https://static.inaturalist.org/photos/64083476/medium.jpg?1584770456,Bischofia javanica
https://static.inaturalist.org/photos/64090842/medium.jpeg?1584782139,Bischofia javanica
https://static.inaturalist.org/photos/64097589/medium.jpg?1584792245,Bischofia javanica
https://static.inaturalist.org/photos/64178004/medium.jpg?1584842069,Bischofia javanica
https://static.inaturalist.org/photos/64178346/medium.jpg?1584842269,Bischofia javanica
https://static.inaturalist.org/photos/64179359/medium.jpg?1584842889,Bischofia javanica
https://static.inaturalist.org/photos/64197081/medium.jpg?1584858174,Bischofia javanica
https://static.inaturalist.org/photos/64199353/medium.jpeg?1584861639,Bischofia javanica
https://static.inaturalist.org/photos/64211117/medium.jpeg?1584881094,Bischofia javanica
https://static.inaturalist.org/photos/64283526/medium.jpeg?1584923292,Bischofia javanica
https://static.inaturalist.org/photos/64302261/medium.jpeg?1584938618,Bischofia javanica
https://static.inaturalist.org/photos/64380442/medium.jpeg?1585015873,Bischofia javanica
https://static.inaturalist.org/photos/64394550/medium.jpg?1585032482,Bischofia javanica
https://static.inaturalist.org/photos/64394568/medium.jpeg?1585032501,Bischofia javanica
https://static.inaturalist.org/photos/64394809/medium.jpg?1585032863,Bischofia javanica
https://static.inaturalist.org/photos/64395704/medium.jpeg?1585034568,Bischofia javanica
https://static.inaturalist.org/photos/64397833/medium.jpg?1585038833,Bischofia javanica
https://static.inaturalist.org/photos/64397873/medium.jpg?1585038896,Bischofia javanica
https://static.inaturalist.org/photos/64398035/medium.jpeg?1585039052,Bischofia javanica
https://static.inaturalist.org/photos/64398053/medium.jpg?1585039061,Bischofia javanica
https://static.inaturalist.org/photos/64398326/medium.jpeg?1585039330,Bischofia javanica
https://static.inaturalist.org/photos/64398483/medium.jpeg?1585039524,Bischofia javanica
https://static.inaturalist.org/photos/64411373/medium.jpg?1585057699,Bischofia javanica
https://static.inaturalist.org/photos/64575965/medium.jpeg?1585193478,Bischofia javanica
https://static.inaturalist.org/photos/64585688/medium.jpeg?1585205995,Bischofia javanica
https://static.inaturalist.org/photos/64592091/medium.jpg?1585218838,Bischofia javanica
https://static.inaturalist.org/photos/64666169/medium.jpeg?1585272101,Bischofia javanica
https://static.inaturalist.org/photos/64799804/medium.jpg?1585391124,Bischofia javanica
https://static.inaturalist.org/photos/64803434/medium.jpeg?1585396794,Bischofia javanica
https://static.inaturalist.org/photos/64903803/medium.jpeg?1585449197,Bischofia javanica
https://static.inaturalist.org/photos/64906056/medium.jpg?1585450670,Bischofia javanica
https://static.inaturalist.org/photos/64914366/medium.jpeg?1585458430,Bischofia javanica
https://static.inaturalist.org/photos/64924043/medium.jpeg?1585472162,Bischofia javanica
https://static.inaturalist.org/photos/65252630/medium.jpeg?1585712139,Bischofia javanica
https://static.inaturalist.org/photos/65258523/medium.jpeg?1585719399,Bischofia javanica
https://static.inaturalist.org/photos/65265964/medium.jpg?1585731909,Bischofia javanica
https://static.inaturalist.org/photos/65479214/medium.jpg?1585900693,Bischofia javanica
https://static.inaturalist.org/photos/65715201/medium.jpeg?1586067298,Bischofia javanica
https://static.inaturalist.org/photos/65740859/medium.jpg?1586093804,Bischofia javanica
https://static.inaturalist.org/photos/65828411/medium.jpeg?1586130284,Bischofia javanica
https://static.inaturalist.org/photos/65878973/medium.jpg?1586173979,Bischofia javanica
https://static.inaturalist.org/photos/65884539/medium.jpg?1586179090,Bischofia javanica
https://static.inaturalist.org/photos/65953185/medium.jpg?1586216387,Bischofia javanica
https://static.inaturalist.org/photos/66077407/medium.jpeg?1586304037,Bischofia javanica
https://static.inaturalist.org/photos/66329932/medium.jpeg?1586483678,Bischofia javanica
https://static.inaturalist.org/photos/66908245/medium.jpg?1586852428,Bischofia javanica
https://static.inaturalist.org/photos/67019686/medium.jpg?1586924849,Bischofia javanica
https://static.inaturalist.org/photos/67284127/medium.jpeg?1587110762,Bischofia javanica
https://static.inaturalist.org/photos/67349870/medium.jpeg?1587155695,Bischofia javanica
https://static.inaturalist.org/photos/67405161/medium.jpeg?1587188111,Bischofia javanica
https://static.inaturalist.org/photos/67549701/medium.jpeg?1587266849,Bischofia javanica
https://static.inaturalist.org/photos/67555860/medium.jpeg?1587271197,Bischofia javanica
https://static.inaturalist.org/photos/67564619/medium.jpeg?1587280219,Bischofia javanica
https://static.inaturalist.org/photos/68034633/medium.jpeg?1587562016,Bischofia javanica
https://static.inaturalist.org/photos/68102116/medium.jpg?1587587891,Bischofia javanica
https://static.inaturalist.org/photos/68106041/medium.jpg?1587589289,Bischofia javanica
https://static.inaturalist.org/photos/68142418/medium.jpg?1587603535,Bischofia javanica
https://static.inaturalist.org/photos/68193246/medium.jpeg?1587645060,Bischofia javanica
https://static.inaturalist.org/photos/68278364/medium.jpg?1587682166,Bischofia javanica
https://static.inaturalist.org/photos/68280639/medium.jpeg?1587683035,Bischofia javanica
https://static.inaturalist.org/photos/68304645/medium.jpeg?1587693880,Bischofia javanica
https://static.inaturalist.org/photos/68312277/medium.jpeg?1587697635,Bischofia javanica
https://static.inaturalist.org/photos/68325446/medium.jpeg?1587705488,Bischofia javanica
https://static.inaturalist.org/photos/68329371/medium.jpeg?1587708083,Bischofia javanica
https://static.inaturalist.org/photos/68334916/medium.jpeg?1587711689,Bischofia javanica
https://static.inaturalist.org/photos/68343403/medium.jpg?1587716686,Bischofia javanica
https://static.inaturalist.org/photos/68343486/medium.jpg?1587716742,Bischofia javanica
https://static.inaturalist.org/photos/68357849/medium.jpg?1587725238,Bischofia javanica
https://static.inaturalist.org/photos/68556202/medium.jpeg?1587766639,Bischofia javanica
https://static.inaturalist.org/photos/68575637/medium.jpg?1587770110,Bischofia javanica
https://static.inaturalist.org/photos/68576898/medium.jpg?1587770329,Bischofia javanica
https://static.inaturalist.org/photos/68580289/medium.jpg?1587770938,Bischofia javanica
https://static.inaturalist.org/photos/68589466/medium.jpeg?1587772636,Bischofia javanica
https://static.inaturalist.org/photos/68618792/medium.jpg?1587778997,Bischofia javanica
https://static.inaturalist.org/photos/68623025/medium.jpg?1587779929,Bischofia javanica
https://static.inaturalist.org/photos/68641083/medium.jpg?1587784247,Bischofia javanica
https://static.inaturalist.org/photos/68641241/medium.jpeg?1587784278,Bischofia javanica
https://static.inaturalist.org/photos/68674448/medium.jpg?1587795450,Bischofia javanica
https://static.inaturalist.org/photos/68649743/medium.jpeg?1587786453,Bischofia javanica
https://static.inaturalist.org/photos/68656987/medium.jpg?1587788376,Bischofia javanica
https://static.inaturalist.org/photos/68662025/medium.jpeg?1587790123,Bischofia javanica
https://static.inaturalist.org/photos/68671888/medium.jpg?1587794212,Bischofia javanica
https://static.inaturalist.org/photos/68693496/medium.jpeg?1587804323,Bischofia javanica
https://static.inaturalist.org/photos/68703997/medium.jpeg?1587808455,Bischofia javanica
https://static.inaturalist.org/photos/68733711/medium.jpg?1587818303,Bischofia javanica
https://static.inaturalist.org/photos/69032137/medium.jpg?1587864309,Bischofia javanica
https://static.inaturalist.org/photos/69091243/medium.jpeg?1587877434,Bischofia javanica
https://static.inaturalist.org/photos/69097167/medium.jpeg?1587879562,Bischofia javanica
https://static.inaturalist.org/photos/69098699/medium.jpeg?1587880286,Bischofia javanica
https://static.inaturalist.org/photos/69102850/medium.jpeg?1587882287,Bischofia javanica
https://static.inaturalist.org/photos/69106142/medium.jpeg?1587883831,Bischofia javanica
https://static.inaturalist.org/photos/69106485/medium.jpeg?1587883992,Bischofia javanica
https://static.inaturalist.org/photos/69110991/medium.jpeg?1587885863,Bischofia javanica
https://static.inaturalist.org/photos/69117713/medium.jpg?1587889173,Bischofia javanica
https://static.inaturalist.org/photos/69120151/medium.jpg?1587890162,Bischofia javanica
https://static.inaturalist.org/photos/69128910/medium.jpeg?1587893257,Bischofia javanica
https://static.inaturalist.org/photos/69138102/medium.jpeg?1587896306,Bischofia javanica
https://static.inaturalist.org/photos/69138124/medium.jpeg?1587896317,Bischofia javanica
https://static.inaturalist.org/photos/69138198/medium.jpeg?1587896343,Bischofia javanica
https://static.inaturalist.org/photos/69152755/medium.jpg?1587901000,Bischofia javanica
https://static.inaturalist.org/photos/69164892/medium.jpeg?1587904085,Bischofia javanica
https://static.inaturalist.org/photos/69179118/medium.jpeg?1587907261,Bischofia javanica
https://static.inaturalist.org/photos/69158366/medium.jpeg?1587902469,Bischofia javanica
https://static.inaturalist.org/photos/69200606/medium.jpeg?1587911422,Bischofia javanica
https://static.inaturalist.org/photos/69199984/medium.jpeg?1587911319,Bischofia javanica
https://static.inaturalist.org/photos/69214780/medium.jpeg?1587913690,Bischofia javanica
https://static.inaturalist.org/photos/69334930/medium.jpeg?1587931148,Bischofia javanica
https://static.inaturalist.org/photos/69448743/medium.jpeg?1587948049,Bischofia javanica
https://static.inaturalist.org/photos/69448883/medium.jpeg?1587948069,Bischofia javanica
https://static.inaturalist.org/photos/69452669/medium.jpeg?1587948653,Bischofia javanica
https://static.inaturalist.org/photos/69473218/medium.jpg?1587952282,Bischofia javanica
https://static.inaturalist.org/photos/69473383/medium.jpg?1587952310,Bischofia javanica
https://static.inaturalist.org/photos/69531560/medium.jpeg?1587967239,Bischofia javanica
https://static.inaturalist.org/photos/69531779/medium.jpeg?1587967322,Bischofia javanica
https://static.inaturalist.org/photos/69552420/medium.jpeg?1587977868,Bischofia javanica
https://static.inaturalist.org/photos/69558036/medium.jpeg?1587980269,Bischofia javanica
https://static.inaturalist.org/photos/69614025/medium.jpg?1587998150,Bischofia javanica
https://static.inaturalist.org/photos/69615918/medium.jpg?1587998482,Bischofia javanica
https://static.inaturalist.org/photos/69619538/medium.jpg?1587999208,Bischofia javanica
https://static.inaturalist.org/photos/69619981/medium.jpg?1587999296,Bischofia javanica
https://static.inaturalist.org/photos/69634062/medium.jpeg?1588001910,Bischofia javanica
https://static.inaturalist.org/photos/69639680/medium.jpeg?1588002869,Bischofia javanica
https://static.inaturalist.org/photos/69775383/medium.jpg?1588025407,Bischofia javanica
https://static.inaturalist.org/photos/69793429/medium.jpg?1588028603,Bischofia javanica
https://static.inaturalist.org/photos/69843204/medium.jpg?1588037260,Bischofia javanica
https://static.inaturalist.org/photos/69915649/medium.jpeg?1588057608,Bischofia javanica
https://static.inaturalist.org/photos/69919842/medium.jpg?1588060250,Bischofia javanica
https://static.inaturalist.org/photos/69920208/medium.jpg?1588060510,Bischofia javanica
https://static.inaturalist.org/photos/70081946/medium.jpg?1588121556,Bischofia javanica
https://static.inaturalist.org/photos/70132013/medium.jpg?1588148710,Bischofia javanica
https://static.inaturalist.org/photos/70134876/medium.jpeg?1588151299,Bischofia javanica
https://static.inaturalist.org/photos/70147738/medium.jpg?1588162665,Bischofia javanica
https://static.inaturalist.org/photos/70158427/medium.jpg?1588168129,Bischofia javanica
https://static.inaturalist.org/photos/70319892/medium.jpeg?1588238481,Bischofia javanica
https://static.inaturalist.org/photos/70329420/medium.jpeg?1588247209,Bischofia javanica
https://static.inaturalist.org/photos/70338804/medium.jpg?1588253370,Bischofia javanica
https://static.inaturalist.org/photos/70475808/medium.jpeg?1588312527,Bischofia javanica
https://static.inaturalist.org/photos/70478416/medium.jpeg?1588315072,Bischofia javanica
https://static.inaturalist.org/photos/70521924/medium.jpg?1588345473,Bischofia javanica
https://static.inaturalist.org/photos/70604559/medium.jpg?1588375926,Bischofia javanica
https://static.inaturalist.org/photos/70641541/medium.jpg?1588392443,Bischofia javanica
https://static.inaturalist.org/photos/70655750/medium.jpg?1588404480,Bischofia javanica
https://static.inaturalist.org/photos/70660856/medium.jpg?1588409927,Bischofia javanica
https://static.inaturalist.org/photos/70675040/medium.jpeg?1588421481,Bischofia javanica
https://static.inaturalist.org/photos/70675121/medium.jpeg?1588421537,Bischofia javanica
https://static.inaturalist.org/photos/70706102/medium.jpeg?1588434029,Bischofia javanica
https://static.inaturalist.org/photos/70840781/medium.jpg?1588474609,Bischofia javanica
https://static.inaturalist.org/photos/70841067/medium.jpeg?1588474729,Bischofia javanica
https://static.inaturalist.org/photos/70850446/medium.jpg?1588479265,Bischofia javanica
https://static.inaturalist.org/photos/71053408/medium.jpg?1588552383,Bischofia javanica
https://static.inaturalist.org/photos/71054839/medium.jpg?1588552900,Bischofia javanica
https://static.inaturalist.org/photos/71111485/medium.jpeg?1588581089,Bischofia javanica
https://static.inaturalist.org/photos/71603439/medium.jpg?1588857240,Bischofia javanica
https://static.inaturalist.org/photos/71705622/medium.jpg?1588898557,Bischofia javanica
https://static.inaturalist.org/photos/71754138/medium.jpg?1588938061,Bischofia javanica
https://static.inaturalist.org/photos/71906839/medium.jpeg?1589016737,Bischofia javanica
https://static.inaturalist.org/photos/72082394/medium.jpeg?1589095672,Bischofia javanica
https://static.inaturalist.org/photos/72102652/medium.jpeg?1589112030,Bischofia javanica
https://static.inaturalist.org/photos/72387414/medium.jpeg?1589246180,Bischofia javanica
https://static.inaturalist.org/photos/72413960/medium.jpeg?1589264535,Bischofia javanica
https://static.inaturalist.org/photos/72433566/medium.jpeg?1589285071,Bischofia javanica
https://static.inaturalist.org/photos/72552389/medium.jpg?1589337942,Bischofia javanica
https://static.inaturalist.org/photos/72564370/medium.jpg?1589346959,Bischofia javanica
https://static.inaturalist.org/photos/72590424/medium.jpeg?1589374107,Bischofia javanica
https://static.inaturalist.org/photos/72595648/medium.jpeg?1589377216,Bischofia javanica
https://static.inaturalist.org/photos/72727394/medium.jpeg?1589445577,Bischofia javanica
https://static.inaturalist.org/photos/72904554/medium.jpg?1589548495,Bischofia javanica
https://static.inaturalist.org/photos/73011572/medium.jpg?1589590259,Bischofia javanica
https://static.inaturalist.org/photos/73022738/medium.jpeg?1589595016,Bischofia javanica
https://static.inaturalist.org/photos/73055610/medium.jpeg?1589615435,Bischofia javanica
https://static.inaturalist.org/photos/73063868/medium.jpeg?1589622932,Bischofia javanica
https://static.inaturalist.org/photos/73228060/medium.jpeg?1589677755,Bischofia javanica
https://static.inaturalist.org/photos/73246120/medium.jpeg?1589684351,Bischofia javanica
https://static.inaturalist.org/photos/73267521/medium.jpeg?1589697041,Bischofia javanica
https://static.inaturalist.org/photos/73543906/medium.jpeg?1589809016,Bischofia javanica
https://static.inaturalist.org/photos/73845176/medium.jpg?1589941263,Bischofia javanica
https://static.inaturalist.org/photos/74015411/medium.jpg?1590019647,Bischofia javanica
https://static.inaturalist.org/photos/74033660/medium.jpeg?1590027063,Bischofia javanica
https://static.inaturalist.org/photos/74425689/medium.jpeg?1590206909,Bischofia javanica
https://static.inaturalist.org/photos/74620411/medium.jpeg?1590281619,Bischofia javanica
https://static.inaturalist.org/photos/74640848/medium.jpeg?1590288621,Bischofia javanica
https://static.inaturalist.org/photos/74700122/medium.jpeg?1590322764,Bischofia javanica
https://static.inaturalist.org/photos/74784649/medium.jpeg?1590345560,Bischofia javanica
https://static.inaturalist.org/photos/75134545/medium.jpg?1590472770,Bischofia javanica
https://static.inaturalist.org/photos/75135420/medium.jpg?1590473495,Bischofia javanica
https://static.inaturalist.org/photos/75273097/medium.jpeg?1590538416,Bischofia javanica
https://static.inaturalist.org/photos/75498296/medium.jpg?1590649205,Bischofia javanica
https://static.inaturalist.org/photos/75510872/medium.jpg?1590660535,Bischofia javanica
https://static.inaturalist.org/photos/75650585/medium.jpg?1590719281,Bischofia javanica
https://static.inaturalist.org/photos/75650593/medium.jpeg?1590719283,Bischofia javanica
https://static.inaturalist.org/photos/75666811/medium.jpeg?1590727859,Bischofia javanica
https://static.inaturalist.org/photos/75677244/medium.jpeg?1590735323,Bischofia javanica
https://static.inaturalist.org/photos/75688514/medium.jpeg?1590744301,Bischofia javanica
https://static.inaturalist.org/photos/75768571/medium.jpeg?1590780551,Bischofia javanica
https://static.inaturalist.org/photos/75818125/medium.jpeg?1590801635,Bischofia javanica
https://static.inaturalist.org/photos/76087462/medium.jpeg?1590923791,Bischofia javanica
https://static.inaturalist.org/photos/76087643/medium.jpeg?1590923878,Bischofia javanica
https://static.inaturalist.org/photos/76106936/medium.jpeg?1590932535,Bischofia javanica
https://static.inaturalist.org/photos/76628769/medium.jpg?1591150240,Bischofia javanica
https://static.inaturalist.org/photos/77599604/medium.jpeg?1591609599,Bischofia javanica
https://static.inaturalist.org/photos/76661660/medium.jpeg?1591175274,Bischofia javanica
https://static.inaturalist.org/photos/76851356/medium.jpg?1591277711,Bischofia javanica
https://static.inaturalist.org/photos/76855562/medium.jpg?1591279872,Bischofia javanica
https://static.inaturalist.org/photos/77022648/medium.jpeg?1591365433,Bischofia javanica
https://static.inaturalist.org/photos/77264119/medium.jpeg?1591470615,Bischofia javanica
https://static.inaturalist.org/photos/77315223/medium.jpeg?1591485765,Bischofia javanica
https://static.inaturalist.org/photos/77764915/medium.jpg?1591682382,Bischofia javanica
https://static.inaturalist.org/photos/77766465/medium.jpg?1591683883,Bischofia javanica
https://static.inaturalist.org/photos/77768246/medium.jpg?1591685369,Bischofia javanica
https://static.inaturalist.org/photos/77768256/medium.jpg?1591685376,Bischofia javanica
https://static.inaturalist.org/photos/77928835/medium.jpg?1591762160,Bischofia javanica
https://static.inaturalist.org/photos/78109589/medium.jpg?1591865831,Bischofia javanica
https://static.inaturalist.org/photos/78109609/medium.jpg?1591865852,Bischofia javanica
https://static.inaturalist.org/photos/78266958/medium.jpeg?1591939739,Bischofia javanica
https://static.inaturalist.org/photos/78269366/medium.jpg?1591942088,Bischofia javanica
https://static.inaturalist.org/photos/78404062/medium.jpeg?1592009289,Bischofia javanica
https://static.inaturalist.org/photos/78464422/medium.jpg?1592049692,Bischofia javanica
https://static.inaturalist.org/photos/78594943/medium.jpg?1592089484,Bischofia javanica
https://static.inaturalist.org/photos/78649807/medium.jpeg?1592111536,Bischofia javanica
https://static.inaturalist.org/photos/78659105/medium.jpeg?1592118954,Bischofia javanica
https://static.inaturalist.org/photos/78665950/medium.jpeg?1592124694,Bischofia javanica
https://static.inaturalist.org/photos/78896276/medium.jpg?1592209031,Bischofia javanica
https://static.inaturalist.org/photos/79082453/medium.jpg?1592289032,Bischofia javanica
https://static.inaturalist.org/photos/79082918/medium.jpg?1592289348,Bischofia javanica
https://static.inaturalist.org/photos/79090306/medium.jpg?1592295350,Bischofia javanica
https://static.inaturalist.org/photos/79265569/medium.jpg?1592377242,Bischofia javanica
https://static.inaturalist.org/photos/79269852/medium.jpg?1592381828,Bischofia javanica
https://static.inaturalist.org/photos/79283386/medium.jpg?1592394378,Bischofia javanica
https://static.inaturalist.org/photos/79603539/medium.jpeg?1592551960,Bischofia javanica
https://static.inaturalist.org/photos/79692681/medium.jpg?1592596947,Bischofia javanica
https://static.inaturalist.org/photos/79740065/medium.jpeg?1592615445,Bischofia javanica
https://static.inaturalist.org/photos/79751911/medium.jpg?1592621506,Bischofia javanica
https://static.inaturalist.org/photos/79770408/medium.jpeg?1592633938,Bischofia javanica
https://static.inaturalist.org/photos/79795958/medium.jpg?1592652210,Bischofia javanica
https://static.inaturalist.org/photos/79988987/medium.jpg?1592721642,Bischofia javanica
https://static.inaturalist.org/photos/80207244/medium.jpeg?1592797779,Bischofia javanica
https://static.inaturalist.org/photos/80231327/medium.jpg?1592813352,Bischofia javanica
https://static.inaturalist.org/photos/80369833/medium.jpg?1592867479,Bischofia javanica
https://static.inaturalist.org/photos/80408377/medium.jpeg?1592884656,Bischofia javanica
https://static.inaturalist.org/photos/80608179/medium.jpeg?1592984798,Bischofia javanica
https://static.inaturalist.org/photos/80609428/medium.jpeg?1592985607,Bischofia javanica
https://static.inaturalist.org/photos/80806469/medium.jpeg?1593087450,Bischofia javanica
https://static.inaturalist.org/photos/80966806/medium.jpg?1593167555,Bischofia javanica
https://static.inaturalist.org/photos/81302717/medium.jpg?1593312332,Bischofia javanica
https://static.inaturalist.org/photos/81563816/medium.jpg?1593421593,Bischofia javanica
https://static.inaturalist.org/photos/81563926/medium.jpg?1593421691,Bischofia javanica
https://static.inaturalist.org/photos/82233279/medium.jpeg?1593733606,Bischofia javanica
https://static.inaturalist.org/photos/82268459/medium.jpeg?1593751986,Bischofia javanica
https://static.inaturalist.org/photos/82311487/medium.jpeg?1593785257,Bischofia javanica
https://static.inaturalist.org/photos/82428577/medium.jpg?1593831403,Bischofia javanica
https://static.inaturalist.org/photos/82436113/medium.jpg?1593835463,Bischofia javanica
https://static.inaturalist.org/photos/82621698/medium.jpg?1593924967,Bischofia javanica
https://static.inaturalist.org/photos/82624298/medium.jpeg?1593926889,Bischofia javanica
https://static.inaturalist.org/photos/82624939/medium.jpeg?1593927386,Bischofia javanica
https://static.inaturalist.org/photos/83047795/medium.jpg?1594124767,Bischofia javanica
https://static.inaturalist.org/photos/83525426/medium.jpeg?1594348423,Bischofia javanica
https://static.inaturalist.org/photos/83928924/medium.jpeg?1594550910,Bischofia javanica
https://static.inaturalist.org/photos/84044439/medium.jpeg?1594585813,Bischofia javanica
https://static.inaturalist.org/photos/84296698/medium.jpeg?1594692133,Bischofia javanica
https://static.inaturalist.org/photos/84323209/medium.jpeg?1594711993,Bischofia javanica
https://static.inaturalist.org/photos/84323222/medium.jpeg?1594712010,Bischofia javanica
https://static.inaturalist.org/photos/84434788/medium.jpeg?1594764037,Bischofia javanica
https://static.inaturalist.org/photos/84444340/medium.jpg?1594768377,Bischofia javanica
https://static.inaturalist.org/photos/84474654/medium.jpeg?1594782911,Bischofia javanica
https://static.inaturalist.org/photos/84491857/medium.jpg?1594797631,Bischofia javanica
https://static.inaturalist.org/photos/84504185/medium.jpeg?1594809800,Bischofia javanica
https://static.inaturalist.org/photos/84606120/medium.jpg?1594852334,Bischofia javanica
https://static.inaturalist.org/photos/84689053/medium.jpeg?1594905427,Bischofia javanica
https://static.inaturalist.org/photos/84777575/medium.jpeg?1594938299,Bischofia javanica
https://static.inaturalist.org/photos/84857888/medium.jpeg?1594988916,Bischofia javanica
https://static.inaturalist.org/photos/84992891/medium.jpg?1595044044,Bischofia javanica
https://static.inaturalist.org/photos/85137185/medium.jpg?1595107866,Bischofia javanica
https://static.inaturalist.org/photos/85226525/medium.jpg?1595155288,Bischofia javanica
https://static.inaturalist.org/photos/85226744/medium.jpg?1595155420,Bischofia javanica
https://static.inaturalist.org/photos/85396693/medium.jpeg?1595212540,Bischofia javanica
https://static.inaturalist.org/photos/85435472/medium.jpeg?1595238362,Bischofia javanica
https://static.inaturalist.org/photos/85550724/medium.jpeg?1595284841,Bischofia javanica
https://static.inaturalist.org/photos/85550899/medium.jpg?1595284911,Bischofia javanica
https://static.inaturalist.org/photos/85551800/medium.jpg?1595285314,Bischofia javanica
https://static.inaturalist.org/photos/85552244/medium.jpg?1595285511,Bischofia javanica
https://static.inaturalist.org/photos/85559490/medium.jpeg?1595288532,Bischofia javanica
https://static.inaturalist.org/photos/85577552/medium.jpeg?1595296409,Bischofia javanica
https://static.inaturalist.org/photos/85586080/medium.jpeg?1595300198,Bischofia javanica
https://static.inaturalist.org/photos/85586185/medium.jpeg?1595300232,Bischofia javanica
https://static.inaturalist.org/photos/85586207/medium.jpeg?1595300241,Bischofia javanica
https://static.inaturalist.org/photos/85586277/medium.jpeg?1595300278,Bischofia javanica
https://static.inaturalist.org/photos/85620261/medium.jpg?1595326148,Bischofia javanica
https://static.inaturalist.org/photos/86298075/medium.jpeg?1595658702,Bischofia javanica
https://static.inaturalist.org/photos/86298689/medium.jpg?1595659204,Bischofia javanica
https://static.inaturalist.org/photos/86305557/medium.jpeg?1595665560,Bischofia javanica
https://static.inaturalist.org/photos/86455817/medium.jpg?1595721569,Bischofia javanica
https://static.inaturalist.org/photos/86500692/medium.jpg?1595743124,Bischofia javanica
https://static.inaturalist.org/photos/86682949/medium.jpeg?1595813752,Bischofia javanica
