image_url,scientific_name
https://static.inaturalist.org/photos/1406597/medium.JPG?1418009521,Dimocarpus longan
https://static.inaturalist.org/photos/5174765/medium.jpeg?1476060191,Dimocarpus longan
https://static.inaturalist.org/photos/5174921/medium.jpeg?1476060695,Dimocarpus longan
https://static.inaturalist.org/photos/6114473/medium.jpg?1485305541,Dimocarpus longan
https://static.inaturalist.org/photos/6465250/medium.jpg?1488738987,Dimocarpus longan
https://static.inaturalist.org/photos/8463782/medium.jpeg?1497595265,Dimocarpus longan
https://static.inaturalist.org/photos/8952614/medium.jpeg?1499659321,Dimocarpus longan
https://static.inaturalist.org/photos/10308361/medium.jpg?1504866242,Dimocarpus longan
https://static.inaturalist.org/photos/12150975/medium.jpeg?1512175367,Dimocarpus longan
https://static.inaturalist.org/photos/12958584/medium.jpg?1516205630,Dimocarpus longan
https://static.inaturalist.org/photos/12830529/medium.jpeg?1515660825,Dimocarpus longan
https://static.inaturalist.org/photos/13169923/medium.jpeg?1517152082,Dimocarpus longan
https://static.inaturalist.org/photos/13346804/medium.jpg?1517894881,Dimocarpus longan
https://static.inaturalist.org/photos/13575663/medium.jpeg?1518919360,Dimocarpus longan
https://static.inaturalist.org/photos/14832895/medium.jpeg?1522910136,Dimocarpus longan
https://static.inaturalist.org/photos/14903875/medium.jpeg?1523097905,Dimocarpus longan
https://static.inaturalist.org/photos/15023721/medium.jpeg?1523346445,Dimocarpus longan
https://static.inaturalist.org/photos/15294965/medium.jpg?1523683182,Dimocarpus longan
https://static.inaturalist.org/photos/16563805/medium.jpg?1524918742,Dimocarpus longan
https://static.inaturalist.org/photos/16639343/medium.jpg?1524941454,Dimocarpus longan
https://static.inaturalist.org/photos/16757065/medium.jpg?1524980225,Dimocarpus longan
https://static.inaturalist.org/photos/16775236/medium.jpeg?1525001922,Dimocarpus longan
https://static.inaturalist.org/photos/16780501/medium.jpg?1525005648,Dimocarpus longan
https://static.inaturalist.org/photos/16965365/medium.jpg?1525068435,Dimocarpus longan
https://static.inaturalist.org/photos/16999191/medium.jpeg?1525096941,Dimocarpus longan
https://static.inaturalist.org/photos/17780264/medium.jpeg?1526033167,Dimocarpus longan
https://static.inaturalist.org/photos/17780319/medium.jpeg?1526033284,Dimocarpus longan
https://static.inaturalist.org/photos/18281579/medium.jpeg?1526824823,Dimocarpus longan
https://static.inaturalist.org/photos/18281668/medium.jpeg?1526824924,Dimocarpus longan
https://static.inaturalist.org/photos/18281772/medium.jpeg?1526825039,Dimocarpus longan
https://static.inaturalist.org/photos/18385587/medium.jpeg?1526958953,Dimocarpus longan
https://static.inaturalist.org/photos/18499366/medium.jpg?1527161374,Dimocarpus longan
https://static.inaturalist.org/photos/18555813/medium.jpg?1527256944,Dimocarpus longan
https://static.inaturalist.org/photos/19617205/medium.jpeg?1528845118,Dimocarpus longan
https://static.inaturalist.org/photos/20164490/medium.jpeg?1529723241,Dimocarpus longan
https://static.inaturalist.org/photos/20284346/medium.jpeg?1529893755,Dimocarpus longan
https://static.inaturalist.org/photos/20396439/medium.jpeg?1530073622,Dimocarpus longan
https://static.inaturalist.org/photos/20574534/medium.jpeg?1530393575,Dimocarpus longan
https://static.inaturalist.org/photos/20709514/medium.jpeg?1530587097,Dimocarpus longan
https://static.inaturalist.org/photos/20767179/medium.jpeg?1530684619,Dimocarpus longan
https://static.inaturalist.org/photos/20869032/medium.jpg?1530846682,Dimocarpus longan
https://static.inaturalist.org/photos/20988084/medium.jpeg?1531030920,Dimocarpus longan
https://static.inaturalist.org/photos/21215657/medium.jpg?1531405134,Dimocarpus longan
https://static.inaturalist.org/photos/21252523/medium.jpeg?1531460599,Dimocarpus longan
https://static.inaturalist.org/photos/21312831/medium.jpeg?1531565391,Dimocarpus longan
https://static.inaturalist.org/photos/21436690/medium.jpg?1531735005,Dimocarpus longan
https://static.inaturalist.org/photos/22202627/medium.jpg?1532852986,Dimocarpus longan
https://static.inaturalist.org/photos/23956876/medium.jpeg?1535547796,Dimocarpus longan
https://static.inaturalist.org/photos/22202748/medium.jpeg?1532853274,Dimocarpus longan
https://static.inaturalist.org/photos/22500446/medium.jpg?1533287333,Dimocarpus longan
https://static.inaturalist.org/photos/22984324/medium.jpeg?1534062566,Dimocarpus longan
https://static.inaturalist.org/photos/24347110/medium.jpg?1536123029,Dimocarpus longan
https://static.inaturalist.org/photos/24970291/medium.jpeg?1537071447,Dimocarpus longan
https://static.inaturalist.org/photos/25215138/medium.jpg?1537443671,Dimocarpus longan
https://static.inaturalist.org/photos/25668247/medium.jpeg?1538085489,Dimocarpus longan
https://static.inaturalist.org/photos/25735898/medium.jpg?1538188351,Dimocarpus longan
https://static.inaturalist.org/photos/26973988/medium.jpg?1540085138,Dimocarpus longan
https://static.inaturalist.org/photos/27040438/medium.jpeg?1540176912,Dimocarpus longan
https://static.inaturalist.org/photos/27040510/medium.jpeg?1540176970,Dimocarpus longan
https://static.inaturalist.org/photos/27040525/medium.jpeg?1540176983,Dimocarpus longan
https://static.inaturalist.org/photos/27054036/medium.jpg?1540204384,Dimocarpus longan
https://static.inaturalist.org/photos/27190754/medium.jpeg?1540445717,Dimocarpus longan
https://static.inaturalist.org/photos/27342819/medium.jpeg?1540732650,Dimocarpus longan
https://static.inaturalist.org/photos/27342833/medium.jpeg?1540732677,Dimocarpus longan
https://static.inaturalist.org/photos/27342839/medium.jpeg?1540732690,Dimocarpus longan
https://static.inaturalist.org/photos/27342851/medium.jpeg?1540732720,Dimocarpus longan
https://static.inaturalist.org/photos/27342854/medium.jpeg?1540732731,Dimocarpus longan
https://static.inaturalist.org/photos/27438998/medium.jpg?1540884789,Dimocarpus longan
https://static.inaturalist.org/photos/27481957/medium.jpeg?1540959560,Dimocarpus longan
https://static.inaturalist.org/photos/27523349/medium.jpg?1541056360,Dimocarpus longan
https://static.inaturalist.org/photos/27702574/medium.jpg?1541398315,Dimocarpus longan
https://static.inaturalist.org/photos/28376311/medium.jpg?1542849385,Dimocarpus longan
https://static.inaturalist.org/photos/28608678/medium.jpeg?1543372661,Dimocarpus longan
https://static.inaturalist.org/photos/28682894/medium.jpg?1543578059,Dimocarpus longan
https://static.inaturalist.org/photos/28714559/medium.jpg?1543653308,Dimocarpus longan
https://static.inaturalist.org/photos/28717242/medium.jpeg?1543668199,Dimocarpus longan
https://static.inaturalist.org/photos/28754076/medium.jpeg?1543754961,Dimocarpus longan
https://static.inaturalist.org/photos/28780465/medium.jpeg?1543801173,Dimocarpus longan
https://static.inaturalist.org/photos/28968875/medium.jpeg?1544300017,Dimocarpus longan
https://static.inaturalist.org/photos/29096942/medium.jpeg?1544616025,Dimocarpus longan
https://static.inaturalist.org/photos/29363146/medium.jpeg?1545363089,Dimocarpus longan
https://static.inaturalist.org/photos/29533903/medium.jpeg?1545799811,Dimocarpus longan
https://static.inaturalist.org/photos/29700877/medium.jpg?1546210759,Dimocarpus longan
https://static.inaturalist.org/photos/29723737/medium.jpeg?1546260666,Dimocarpus longan
https://static.inaturalist.org/photos/29792241/medium.jpg?1546413452,Dimocarpus longan
https://static.inaturalist.org/photos/29943567/medium.jpeg?1546763359,Dimocarpus longan
https://static.inaturalist.org/photos/30003397/medium.jpg?1546897715,Dimocarpus longan
https://static.inaturalist.org/photos/30328428/medium.jpeg?1547710829,Dimocarpus longan
https://static.inaturalist.org/photos/30428835/medium.jpg?1547958722,Dimocarpus longan
https://static.inaturalist.org/photos/30576272/medium.jpeg?1548295826,Dimocarpus longan
https://static.inaturalist.org/photos/30834991/medium.jpg?1548902764,Dimocarpus longan
https://static.inaturalist.org/photos/30849680/medium.jpeg?1548947119,Dimocarpus longan
https://static.inaturalist.org/photos/30855849/medium.jpeg?1548960584,Dimocarpus longan
https://static.inaturalist.org/photos/30997098/medium.jpg?1549257473,Dimocarpus longan
https://static.inaturalist.org/photos/31411446/medium.jpeg?1550153409,Dimocarpus longan
https://static.inaturalist.org/photos/31514471/medium.jpeg?1550378634,Dimocarpus longan
https://static.inaturalist.org/photos/31798422/medium.jpeg?1550903022,Dimocarpus longan
https://static.inaturalist.org/photos/31806894/medium.jpg?1550906547,Dimocarpus longan
https://static.inaturalist.org/photos/31821458/medium.jpeg?1550912605,Dimocarpus longan
https://static.inaturalist.org/photos/32030752/medium.jpg?1551149035,Dimocarpus longan
https://static.inaturalist.org/photos/32266951/medium.jpeg?1551615473,Dimocarpus longan
https://static.inaturalist.org/photos/32414533/medium.jpg?1551847302,Dimocarpus longan
https://static.inaturalist.org/photos/32423121/medium.jpg?1551868982,Dimocarpus longan
https://static.inaturalist.org/photos/32458885/medium.jpeg?1551929343,Dimocarpus longan
https://static.inaturalist.org/photos/32517201/medium.jpeg?1552036954,Dimocarpus longan
https://static.inaturalist.org/photos/32517213/medium.jpeg?1552036972,Dimocarpus longan
https://static.inaturalist.org/photos/32680571/medium.jpg?1552298181,Dimocarpus longan
https://static.inaturalist.org/photos/33002440/medium.jpeg?1552865903,Dimocarpus longan
https://static.inaturalist.org/photos/33179079/medium.jpeg?1553149343,Dimocarpus longan
https://static.inaturalist.org/photos/33179809/medium.jpg?1553152591,Dimocarpus longan
https://static.inaturalist.org/photos/33258045/medium.jpg?1553286573,Dimocarpus longan
https://static.inaturalist.org/photos/33404296/medium.jpeg?1553477478,Dimocarpus longan
https://static.inaturalist.org/photos/33536073/medium.jpeg?1553677132,Dimocarpus longan
https://static.inaturalist.org/photos/33633092/medium.jpeg?1553818559,Dimocarpus longan
https://static.inaturalist.org/photos/33719717/medium.jpg?1553935454,Dimocarpus longan
https://static.inaturalist.org/photos/33802219/medium.jpeg?1554022859,Dimocarpus longan
https://static.inaturalist.org/photos/33803204/medium.jpeg?1554025316,Dimocarpus longan
https://static.inaturalist.org/photos/33811252/medium.jpeg?1554040542,Dimocarpus longan
https://static.inaturalist.org/photos/33811315/medium.jpeg?1554040627,Dimocarpus longan
https://static.inaturalist.org/photos/33811330/medium.jpeg?1554040647,Dimocarpus longan
https://static.inaturalist.org/photos/33811374/medium.jpeg?1554040699,Dimocarpus longan
https://static.inaturalist.org/photos/33811379/medium.jpeg?1554040704,Dimocarpus longan
https://static.inaturalist.org/photos/33811460/medium.jpeg?1554040797,Dimocarpus longan
https://static.inaturalist.org/photos/33887399/medium.jpg?1554128107,Dimocarpus longan
https://static.inaturalist.org/photos/34188311/medium.jpg?1554550154,Dimocarpus longan
https://static.inaturalist.org/photos/34243684/medium.jpeg?1554599164,Dimocarpus longan
https://static.inaturalist.org/photos/34349990/medium.jpeg?1554707655,Dimocarpus longan
https://static.inaturalist.org/photos/34792712/medium.jpg?1555247895,Dimocarpus longan
https://static.inaturalist.org/photos/34859614/medium.jpeg?1555300148,Dimocarpus longan
https://static.inaturalist.org/photos/35014762/medium.jpg?1555494415,Dimocarpus longan
https://static.inaturalist.org/photos/35028031/medium.jpg?1555512762,Dimocarpus longan
https://static.inaturalist.org/photos/35094510/medium.jpeg?1555576418,Dimocarpus longan
https://static.inaturalist.org/photos/35094869/medium.jpeg?1555577398,Dimocarpus longan
https://static.inaturalist.org/photos/35632862/medium.jpeg?1556087298,Dimocarpus longan
https://static.inaturalist.org/photos/35806590/medium.jpeg?1556252374,Dimocarpus longan
https://static.inaturalist.org/photos/35806921/medium.jpeg?1556252659,Dimocarpus longan
https://static.inaturalist.org/photos/35807403/medium.jpeg?1556253042,Dimocarpus longan
https://static.inaturalist.org/photos/35814752/medium.jpeg?1556259075,Dimocarpus longan
https://static.inaturalist.org/photos/35818401/medium.jpeg?1556262518,Dimocarpus longan
https://static.inaturalist.org/photos/35823549/medium.jpeg?1556267186,Dimocarpus longan
https://static.inaturalist.org/photos/35823563/medium.jpeg?1556267196,Dimocarpus longan
https://static.inaturalist.org/photos/35825786/medium.jpeg?1556269527,Dimocarpus longan
https://static.inaturalist.org/photos/35825977/medium.jpeg?1556269730,Dimocarpus longan
https://static.inaturalist.org/photos/35831164/medium.jpg?1556274633,Dimocarpus longan
https://static.inaturalist.org/photos/35837563/medium.jpeg?1556279389,Dimocarpus longan
https://static.inaturalist.org/photos/36064949/medium.jpeg?1556329215,Dimocarpus longan
https://static.inaturalist.org/photos/36080319/medium.jpg?1556332287,Dimocarpus longan
https://static.inaturalist.org/photos/36080934/medium.jpeg?1556332411,Dimocarpus longan
https://static.inaturalist.org/photos/36081100/medium.jpeg?1556332447,Dimocarpus longan
https://static.inaturalist.org/photos/36091187/medium.jpeg?1556334551,Dimocarpus longan
https://static.inaturalist.org/photos/36095374/medium.jpeg?1556335397,Dimocarpus longan
https://static.inaturalist.org/photos/36095036/medium.jpeg?1556335329,Dimocarpus longan
https://static.inaturalist.org/photos/36135400/medium.jpeg?1556348772,Dimocarpus longan
https://static.inaturalist.org/photos/36136122/medium.jpg?1556349212,Dimocarpus longan
https://static.inaturalist.org/photos/36465287/medium.jpg?1556420051,Dimocarpus longan
https://static.inaturalist.org/photos/36508714/medium.jpg?1556431284,Dimocarpus longan
https://static.inaturalist.org/photos/36514834/medium.jpeg?1556434037,Dimocarpus longan
https://static.inaturalist.org/photos/36521281/medium.jpeg?1556437786,Dimocarpus longan
https://static.inaturalist.org/photos/36530731/medium.jpeg?1556442653,Dimocarpus longan
https://static.inaturalist.org/photos/36770253/medium.jpeg?1556490966,Dimocarpus longan
https://static.inaturalist.org/photos/36771844/medium.jpeg?1556491200,Dimocarpus longan
https://static.inaturalist.org/photos/36799306/medium.jpeg?1556495148,Dimocarpus longan
https://static.inaturalist.org/photos/36807337/medium.jpeg?1556496427,Dimocarpus longan
https://static.inaturalist.org/photos/36845200/medium.jpg?1556502679,Dimocarpus longan
https://static.inaturalist.org/photos/36857148/medium.jpg?1556504695,Dimocarpus longan
https://static.inaturalist.org/photos/36862209/medium.jpg?1556505605,Dimocarpus longan
https://static.inaturalist.org/photos/36930939/medium.jpeg?1556521199,Dimocarpus longan
https://static.inaturalist.org/photos/36937029/medium.jpeg?1556524190,Dimocarpus longan
https://static.inaturalist.org/photos/36937037/medium.jpeg?1556524194,Dimocarpus longan
https://static.inaturalist.org/photos/36984454/medium.jpeg?1556543244,Dimocarpus longan
https://static.inaturalist.org/photos/36985802/medium.jpg?1556543535,Dimocarpus longan
https://static.inaturalist.org/photos/36995733/medium.jpeg?1556545476,Dimocarpus longan
https://static.inaturalist.org/photos/37009905/medium.jpg?1556548076,Dimocarpus longan
https://static.inaturalist.org/photos/37050040/medium.jpeg?1556554404,Dimocarpus longan
https://static.inaturalist.org/photos/37276081/medium.jpg?1556589270,Dimocarpus longan
https://static.inaturalist.org/photos/37283981/medium.jpg?1556590393,Dimocarpus longan
https://static.inaturalist.org/photos/37284600/medium.jpg?1556590483,Dimocarpus longan
https://static.inaturalist.org/photos/37285113/medium.jpg?1556590557,Dimocarpus longan
https://static.inaturalist.org/photos/37348551/medium.jpg?1556601378,Dimocarpus longan
https://static.inaturalist.org/photos/37352686/medium.jpg?1556602767,Dimocarpus longan
https://static.inaturalist.org/photos/37385434/medium.jpg?1556628516,Dimocarpus longan
https://static.inaturalist.org/photos/37456003/medium.jpeg?1556659933,Dimocarpus longan
https://static.inaturalist.org/photos/37611916/medium.jpeg?1556750863,Dimocarpus longan
https://static.inaturalist.org/photos/37779768/medium.jpg?1556878369,Dimocarpus longan
https://static.inaturalist.org/photos/37915070/medium.jpg?1556987887,Dimocarpus longan
https://static.inaturalist.org/photos/37976104/medium.jpg?1557019866,Dimocarpus longan
https://static.inaturalist.org/photos/38120705/medium.jpg?1557123523,Dimocarpus longan
https://static.inaturalist.org/photos/38679317/medium.jpeg?1557674269,Dimocarpus longan
https://static.inaturalist.org/photos/38763229/medium.jpeg?1557734015,Dimocarpus longan
https://static.inaturalist.org/photos/39098391/medium.jpg?1558089189,Dimocarpus longan
https://static.inaturalist.org/photos/39497759/medium.jpg?1558439188,Dimocarpus longan
https://static.inaturalist.org/photos/39764553/medium.jpeg?1558668440,Dimocarpus longan
https://static.inaturalist.org/photos/40016501/medium.jpeg?1558884739,Dimocarpus longan
https://static.inaturalist.org/photos/41127098/medium.jpeg?1559805382,Dimocarpus longan
https://static.inaturalist.org/photos/41220314/medium.jpeg?1559897341,Dimocarpus longan
https://static.inaturalist.org/photos/41287480/medium.jpg?1559956445,Dimocarpus longan
https://static.inaturalist.org/photos/41391139/medium.jpeg?1560045435,Dimocarpus longan
https://static.inaturalist.org/photos/41403350/medium.jpeg?1560055100,Dimocarpus longan
https://static.inaturalist.org/photos/41414524/medium.jpeg?1560068777,Dimocarpus longan
https://static.inaturalist.org/photos/41633990/medium.jpg?1560252812,Dimocarpus longan
https://static.inaturalist.org/photos/41732721/medium.jpeg?1560348031,Dimocarpus longan
https://static.inaturalist.org/photos/42483029/medium.jpeg?1561018569,Dimocarpus longan
https://static.inaturalist.org/photos/42485611/medium.jpeg?1561023209,Dimocarpus longan
https://static.inaturalist.org/photos/42792993/medium.jpg?1561296747,Dimocarpus longan
https://static.inaturalist.org/photos/42900401/medium.jpeg?1561379743,Dimocarpus longan
https://static.inaturalist.org/photos/43291169/medium.jpg?1561705317,Dimocarpus longan
https://static.inaturalist.org/photos/43883369/medium.jpeg?1562226937,Dimocarpus longan
https://static.inaturalist.org/photos/43889646/medium.jpg?1562239076,Dimocarpus longan
https://static.inaturalist.org/photos/43974841/medium.jpg?1562309317,Dimocarpus longan
https://static.inaturalist.org/photos/43977707/medium.jpg?1562316347,Dimocarpus longan
https://static.inaturalist.org/photos/44170271/medium.jpeg?1562468042,Dimocarpus longan
https://static.inaturalist.org/photos/44170395/medium.jpg?1562468120,Dimocarpus longan
https://static.inaturalist.org/photos/44170822/medium.jpg?1562468422,Dimocarpus longan
https://static.inaturalist.org/photos/44295627/medium.jpeg?1562559614,Dimocarpus longan
https://static.inaturalist.org/photos/44562009/medium.jpeg?1562796593,Dimocarpus longan
https://static.inaturalist.org/photos/44562032/medium.jpeg?1562796614,Dimocarpus longan
https://static.inaturalist.org/photos/44754318/medium.jpeg?1562971256,Dimocarpus longan
https://static.inaturalist.org/photos/44779221/medium.jpeg?1562992406,Dimocarpus longan
https://static.inaturalist.org/photos/44780757/medium.jpeg?1562994322,Dimocarpus longan
https://static.inaturalist.org/photos/44781124/medium.jpeg?1562994918,Dimocarpus longan
https://static.inaturalist.org/photos/44782374/medium.jpeg?1562996747,Dimocarpus longan
https://static.inaturalist.org/photos/44784042/medium.jpeg?1562999325,Dimocarpus longan
https://static.inaturalist.org/photos/44784254/medium.jpeg?1562999757,Dimocarpus longan
https://static.inaturalist.org/photos/44784510/medium.jpeg?1563000073,Dimocarpus longan
https://static.inaturalist.org/photos/44784971/medium.jpeg?1563000870,Dimocarpus longan
https://static.inaturalist.org/photos/44785126/medium.jpeg?1563001098,Dimocarpus longan
https://static.inaturalist.org/photos/44785137/medium.jpeg?1563001117,Dimocarpus longan
https://static.inaturalist.org/photos/44785504/medium.jpeg?1563001644,Dimocarpus longan
https://static.inaturalist.org/photos/44965453/medium.jpg?1563144101,Dimocarpus longan
https://static.inaturalist.org/photos/45203213/medium.jpeg?1563332021,Dimocarpus longan
https://static.inaturalist.org/photos/45219700/medium.jpg?1563358277,Dimocarpus longan
https://static.inaturalist.org/photos/45294909/medium.jpg?1563417314,Dimocarpus longan
https://static.inaturalist.org/photos/45295832/medium.jpg?1563418049,Dimocarpus longan
https://static.inaturalist.org/photos/45618298/medium.jpg?1563712583,Dimocarpus longan
https://static.inaturalist.org/photos/45726158/medium.jpeg?1563777345,Dimocarpus longan
https://static.inaturalist.org/photos/46148712/medium.jpeg?1564137610,Dimocarpus longan
https://static.inaturalist.org/photos/46227781/medium.jpg?1564195147,Dimocarpus longan
https://static.inaturalist.org/photos/46593953/medium.jpg?1564476409,Dimocarpus longan
https://static.inaturalist.org/photos/46804938/medium.jpeg?1564659881,Dimocarpus longan
https://static.inaturalist.org/photos/46949147/medium.jpeg?1564779488,Dimocarpus longan
https://static.inaturalist.org/photos/47090483/medium.jpg?1564891607,Dimocarpus longan
https://static.inaturalist.org/photos/47633161/medium.jpeg?1565367753,Dimocarpus longan
https://static.inaturalist.org/photos/47941441/medium.jpeg?1565611384,Dimocarpus longan
https://static.inaturalist.org/photos/47976861/medium.jpg?1565635246,Dimocarpus longan
https://static.inaturalist.org/photos/48679631/medium.jpeg?1566229314,Dimocarpus longan
https://static.inaturalist.org/photos/49362806/medium.jpg?1566804628,Dimocarpus longan
https://static.inaturalist.org/photos/50502106/medium.jpeg?1567775849,Dimocarpus longan
https://static.inaturalist.org/photos/50700889/medium.jpeg?1567941656,Dimocarpus longan
https://static.inaturalist.org/photos/50887550/medium.jpg?1568075793,Dimocarpus longan
https://static.inaturalist.org/photos/51101022/medium.jpg?1568267349,Dimocarpus longan
https://static.inaturalist.org/photos/51515848/medium.jpeg?1568638536,Dimocarpus longan
https://static.inaturalist.org/photos/51871701/medium.jpeg?1568947428,Dimocarpus longan
https://static.inaturalist.org/photos/51874300/medium.jpeg?1568949641,Dimocarpus longan
https://static.inaturalist.org/photos/52132595/medium.jpg?1569174988,Dimocarpus longan
https://static.inaturalist.org/photos/52193842/medium.jpeg?1569209584,Dimocarpus longan
https://static.inaturalist.org/photos/52758918/medium.jpeg?1569758281,Dimocarpus longan
https://static.inaturalist.org/photos/53107447/medium.jpeg?1570094356,Dimocarpus longan
https://static.inaturalist.org/photos/53112196/medium.jpeg?1570103635,Dimocarpus longan
https://static.inaturalist.org/photos/53179531/medium.jpg?1570170016,Dimocarpus longan
https://static.inaturalist.org/photos/53179871/medium.jpg?1570170729,Dimocarpus longan
https://static.inaturalist.org/photos/53261234/medium.jpg?1570262607,Dimocarpus longan
https://static.inaturalist.org/photos/53550233/medium.jpeg?1570516821,Dimocarpus longan
https://static.inaturalist.org/photos/53706632/medium.jpeg?1570682580,Dimocarpus longan
https://static.inaturalist.org/photos/53768031/medium.jpeg?1570750987,Dimocarpus longan
https://static.inaturalist.org/photos/53773875/medium.jpg?1570757945,Dimocarpus longan
https://static.inaturalist.org/photos/53773968/medium.jpg?1570758064,Dimocarpus longan
https://static.inaturalist.org/photos/53843179/medium.jpg?1570843306,Dimocarpus longan
https://static.inaturalist.org/photos/53845477/medium.jpg?1570845667,Dimocarpus longan
https://static.inaturalist.org/photos/53851223/medium.jpg?1570853066,Dimocarpus longan
https://static.inaturalist.org/photos/54062637/medium.jpeg?1571060833,Dimocarpus longan
https://static.inaturalist.org/photos/54144174/medium.jpeg?1571142577,Dimocarpus longan
https://static.inaturalist.org/photos/54344221/medium.jpeg?1571367338,Dimocarpus longan
https://static.inaturalist.org/photos/54438346/medium.jpg?1571494960,Dimocarpus longan
https://static.inaturalist.org/photos/54639583/medium.jpg?1571678916,Dimocarpus longan
https://static.inaturalist.org/photos/54692746/medium.jpeg?1571733376,Dimocarpus longan
https://static.inaturalist.org/photos/54847242/medium.jpeg?1571901746,Dimocarpus longan
https://static.inaturalist.org/photos/55061113/medium.jpeg?1572143938,Dimocarpus longan
https://static.inaturalist.org/photos/55062277/medium.jpeg?1572145217,Dimocarpus longan
https://static.inaturalist.org/photos/55063190/medium.jpeg?1572146190,Dimocarpus longan
https://static.inaturalist.org/photos/55090572/medium.jpeg?1572187376,Dimocarpus longan
https://static.inaturalist.org/photos/55090869/medium.jpeg?1572187582,Dimocarpus longan
https://static.inaturalist.org/photos/55396986/medium.jpg?1572572494,Dimocarpus longan
https://static.inaturalist.org/photos/55397197/medium.jpg?1572572831,Dimocarpus longan
https://static.inaturalist.org/photos/55397447/medium.jpg?1572573201,Dimocarpus longan
https://static.inaturalist.org/photos/55397936/medium.jpeg?1572574109,Dimocarpus longan
https://static.inaturalist.org/photos/55406692/medium.jpg?1572594283,Dimocarpus longan
https://static.inaturalist.org/photos/55416069/medium.jpg?1572615103,Dimocarpus longan
https://static.inaturalist.org/photos/55598550/medium.jpg?1572837027,Dimocarpus longan
https://static.inaturalist.org/photos/55662154/medium.jpeg?1572912152,Dimocarpus longan
https://static.inaturalist.org/photos/55753649/medium.jpg?1573026762,Dimocarpus longan
https://static.inaturalist.org/photos/55887998/medium.jpeg?1573204329,Dimocarpus longan
https://static.inaturalist.org/photos/55936063/medium.jpg?1573264408,Dimocarpus longan
https://static.inaturalist.org/photos/55946582/medium.jpg?1573279985,Dimocarpus longan
https://static.inaturalist.org/photos/55946879/medium.jpg?1573280396,Dimocarpus longan
https://static.inaturalist.org/photos/55993646/medium.jpg?1573340931,Dimocarpus longan
https://static.inaturalist.org/photos/56024255/medium.jpeg?1573385378,Dimocarpus longan
https://static.inaturalist.org/photos/56157862/medium.jpeg?1573550890,Dimocarpus longan
https://static.inaturalist.org/photos/56423163/medium.jpeg?1573950394,Dimocarpus longan
https://static.inaturalist.org/photos/57109935/medium.jpeg?1574911744,Dimocarpus longan
https://static.inaturalist.org/photos/57117593/medium.jpeg?1574929446,Dimocarpus longan
https://static.inaturalist.org/photos/57213256/medium.jpg?1575097159,Dimocarpus longan
https://static.inaturalist.org/photos/57259017/medium.jpeg?1575163839,Dimocarpus longan
https://static.inaturalist.org/photos/57321250/medium.jpeg?1575247442,Dimocarpus longan
https://static.inaturalist.org/photos/57324710/medium.jpeg?1575252354,Dimocarpus longan
https://static.inaturalist.org/photos/57366928/medium.jpg?1575327305,Dimocarpus longan
https://static.inaturalist.org/photos/57397860/medium.jpg?1575386290,Dimocarpus longan
https://static.inaturalist.org/photos/57438602/medium.jpeg?1575448381,Dimocarpus longan
https://static.inaturalist.org/photos/57451500/medium.jpg?1575477277,Dimocarpus longan
https://static.inaturalist.org/photos/57537963/medium.jpeg?1575621192,Dimocarpus longan
https://static.inaturalist.org/photos/57538888/medium.jpeg?1575624099,Dimocarpus longan
https://static.inaturalist.org/photos/57577346/medium.jpeg?1575691133,Dimocarpus longan
https://static.inaturalist.org/photos/57624737/medium.jpeg?1575770099,Dimocarpus longan
https://static.inaturalist.org/photos/57686398/medium.jpg?1575861852,Dimocarpus longan
https://static.inaturalist.org/photos/57692826/medium.jpeg?1575872057,Dimocarpus longan
https://static.inaturalist.org/photos/57694585/medium.jpeg?1575875559,Dimocarpus longan
https://static.inaturalist.org/photos/57694582/medium.jpeg?1575875553,Dimocarpus longan
https://static.inaturalist.org/photos/57752174/medium.jpg?1575975598,Dimocarpus longan
https://static.inaturalist.org/photos/57797182/medium.jpg?1576049931,Dimocarpus longan
https://static.inaturalist.org/photos/57812272/medium.jpg?1576085457,Dimocarpus longan
https://static.inaturalist.org/photos/57945484/medium.jpeg?1576323898,Dimocarpus longan
https://static.inaturalist.org/photos/57945492/medium.jpg?1576323907,Dimocarpus longan
https://static.inaturalist.org/photos/57955435/medium.jpeg?1576342504,Dimocarpus longan
https://static.inaturalist.org/photos/58037668/medium.jpeg?1576463981,Dimocarpus longan
https://static.inaturalist.org/photos/58043900/medium.jpeg?1576473170,Dimocarpus longan
https://static.inaturalist.org/photos/58044340/medium.jpeg?1576473977,Dimocarpus longan
https://static.inaturalist.org/photos/58123089/medium.jpeg?1576625022,Dimocarpus longan
https://static.inaturalist.org/photos/58123282/medium.jpeg?1576625371,Dimocarpus longan
https://static.inaturalist.org/photos/58135307/medium.jpg?1576648413,Dimocarpus longan
https://static.inaturalist.org/photos/58181474/medium.jpg?1576745197,Dimocarpus longan
https://static.inaturalist.org/photos/58181831/medium.jpg?1576746659,Dimocarpus longan
https://static.inaturalist.org/photos/58181846/medium.jpeg?1576746714,Dimocarpus longan
https://static.inaturalist.org/photos/58189895/medium.jpg?1576768743,Dimocarpus longan
https://static.inaturalist.org/photos/58220791/medium.jpeg?1576826213,Dimocarpus longan
https://static.inaturalist.org/photos/58232703/medium.jpeg?1576856388,Dimocarpus longan
https://static.inaturalist.org/photos/58416825/medium.jpg?1577167880,Dimocarpus longan
https://static.inaturalist.org/photos/58424886/medium.jpeg?1577190837,Dimocarpus longan
https://static.inaturalist.org/photos/58515827/medium.jpg?1577356204,Dimocarpus longan
https://static.inaturalist.org/photos/58566360/medium.jpeg?1577425497,Dimocarpus longan
https://static.inaturalist.org/photos/58568711/medium.jpg?1577431083,Dimocarpus longan
https://static.inaturalist.org/photos/58623024/medium.jpeg?1577517848,Dimocarpus longan
https://static.inaturalist.org/photos/58623590/medium.jpeg?1577519078,Dimocarpus longan
https://static.inaturalist.org/photos/58796369/medium.jpg?1577768855,Dimocarpus longan
https://static.inaturalist.org/photos/58800977/medium.jpg?1577779081,Dimocarpus longan
https://static.inaturalist.org/photos/58801091/medium.jpg?1577779292,Dimocarpus longan
https://static.inaturalist.org/photos/58801096/medium.jpg?1577779299,Dimocarpus longan
https://static.inaturalist.org/photos/58802081/medium.jpeg?1577781682,Dimocarpus longan
https://static.inaturalist.org/photos/58852174/medium.jpg?1577869382,Dimocarpus longan
https://static.inaturalist.org/photos/58913041/medium.jpg?1577954850,Dimocarpus longan
https://static.inaturalist.org/photos/58913172/medium.jpg?1577955096,Dimocarpus longan
https://static.inaturalist.org/photos/59095825/medium.jpeg?1578209725,Dimocarpus longan
https://static.inaturalist.org/photos/59333632/medium.jpg?1578585227,Dimocarpus longan
https://static.inaturalist.org/photos/59365331/medium.jpeg?1578630089,Dimocarpus longan
https://static.inaturalist.org/photos/59369211/medium.jpeg?1578639193,Dimocarpus longan
https://static.inaturalist.org/photos/59370656/medium.jpeg?1578642965,Dimocarpus longan
https://static.inaturalist.org/photos/59428764/medium.jpg?1578744390,Dimocarpus longan
https://static.inaturalist.org/photos/59474393/medium.jpeg?1578797118,Dimocarpus longan
https://static.inaturalist.org/photos/59610205/medium.jpg?1579008658,Dimocarpus longan
https://static.inaturalist.org/photos/59940427/medium.jpeg?1579488898,Dimocarpus longan
https://static.inaturalist.org/photos/59942724/medium.jpeg?1579491094,Dimocarpus longan
https://static.inaturalist.org/photos/59948807/medium.jpg?1579497729,Dimocarpus longan
https://static.inaturalist.org/photos/60300208/medium.jpg?1580040241,Dimocarpus longan
https://static.inaturalist.org/photos/60680437/medium.jpg?1580606985,Dimocarpus longan
https://static.inaturalist.org/photos/61108990/medium.jpeg?1581215731,Dimocarpus longan
https://static.inaturalist.org/photos/61246070/medium.jpg?1581395290,Dimocarpus longan
https://static.inaturalist.org/photos/61315822/medium.jpg?1581513989,Dimocarpus longan
https://static.inaturalist.org/photos/61350868/medium.jpeg?1581557172,Dimocarpus longan
https://static.inaturalist.org/photos/61356672/medium.jpeg?1581564603,Dimocarpus longan
https://static.inaturalist.org/photos/61365490/medium.jpg?1581580986,Dimocarpus longan
https://static.inaturalist.org/photos/62000160/medium.jpeg?1582429878,Dimocarpus longan
https://static.inaturalist.org/photos/62010767/medium.jpg?1582448216,Dimocarpus longan
https://static.inaturalist.org/photos/62838963/medium.jpeg?1583467119,Dimocarpus longan
https://static.inaturalist.org/photos/63229630/medium.jpg?1583901260,Dimocarpus longan
https://static.inaturalist.org/photos/63524289/medium.jpeg?1584235506,Dimocarpus longan
https://static.inaturalist.org/photos/63537845/medium.jpg?1584248349,Dimocarpus longan
https://static.inaturalist.org/photos/63639949/medium.jpeg?1584342857,Dimocarpus longan
https://static.inaturalist.org/photos/63640631/medium.jpeg?1584344180,Dimocarpus longan
https://static.inaturalist.org/photos/63640990/medium.jpeg?1584344958,Dimocarpus longan
https://static.inaturalist.org/photos/63650275/medium.jpeg?1584361831,Dimocarpus longan
https://static.inaturalist.org/photos/63729787/medium.jpg?1584441102,Dimocarpus longan
https://static.inaturalist.org/photos/63816890/medium.jpeg?1584534459,Dimocarpus longan
https://static.inaturalist.org/photos/64085877/medium.jpg?1584774875,Dimocarpus longan
https://static.inaturalist.org/photos/64175394/medium.jpg?1584840453,Dimocarpus longan
https://static.inaturalist.org/photos/64203123/medium.jpg?1584867980,Dimocarpus longan
https://static.inaturalist.org/photos/64409244/medium.jpg?1585055768,Dimocarpus longan
https://static.inaturalist.org/photos/64492130/medium.jpg?1585124665,Dimocarpus longan
https://static.inaturalist.org/photos/64493398/medium.jpeg?1585126979,Dimocarpus longan
https://static.inaturalist.org/photos/64591150/medium.jpeg?1585217256,Dimocarpus longan
https://static.inaturalist.org/photos/64794391/medium.jpg?1585382761,Dimocarpus longan
https://static.inaturalist.org/photos/64820631/medium.jpeg?1585408728,Dimocarpus longan
https://static.inaturalist.org/photos/64897014/medium.jpeg?1585444903,Dimocarpus longan
https://static.inaturalist.org/photos/64937964/medium.jpg?1585486180,Dimocarpus longan
https://static.inaturalist.org/photos/65044387/medium.jpg?1585542975,Dimocarpus longan
https://static.inaturalist.org/photos/65061081/medium.jpg?1585569200,Dimocarpus longan
https://static.inaturalist.org/photos/65141110/medium.jpg?1585618727,Dimocarpus longan
https://static.inaturalist.org/photos/65370540/medium.jpg?1585818182,Dimocarpus longan
https://static.inaturalist.org/photos/65406969/medium.jpg?1585850345,Dimocarpus longan
https://static.inaturalist.org/photos/65574759/medium.jpeg?1585970563,Dimocarpus longan
https://static.inaturalist.org/photos/65576807/medium.jpg?1585972518,Dimocarpus longan
https://static.inaturalist.org/photos/65880279/medium.jpg?1586175357,Dimocarpus longan
https://static.inaturalist.org/photos/66109219/medium.jpeg?1586329223,Dimocarpus longan
https://static.inaturalist.org/photos/66114068/medium.jpeg?1586336605,Dimocarpus longan
https://static.inaturalist.org/photos/66135356/medium.jpeg?1586357930,Dimocarpus longan
https://static.inaturalist.org/photos/66329829/medium.jpeg?1586483611,Dimocarpus longan
https://static.inaturalist.org/photos/66792526/medium.jpeg?1586780260,Dimocarpus longan
https://static.inaturalist.org/photos/66811786/medium.jpeg?1586791424,Dimocarpus longan
https://static.inaturalist.org/photos/66923818/medium.jpeg?1586870404,Dimocarpus longan
https://static.inaturalist.org/photos/67408564/medium.jpeg?1587192140,Dimocarpus longan
https://static.inaturalist.org/photos/67730026/medium.jpeg?1587366060,Dimocarpus longan
https://static.inaturalist.org/photos/67876555/medium.jpeg?1587458507,Dimocarpus longan
https://static.inaturalist.org/photos/68285902/medium.jpeg?1587685297,Dimocarpus longan
https://static.inaturalist.org/photos/68350614/medium.jpeg?1587721111,Dimocarpus longan
https://static.inaturalist.org/photos/68351154/medium.jpg?1587721471,Dimocarpus longan
https://static.inaturalist.org/photos/68647532/medium.jpeg?1587785846,Dimocarpus longan
https://static.inaturalist.org/photos/68677281/medium.jpeg?1587796681,Dimocarpus longan
https://static.inaturalist.org/photos/68685363/medium.jpg?1587800561,Dimocarpus longan
https://static.inaturalist.org/photos/68686043/medium.jpg?1587800937,Dimocarpus longan
https://static.inaturalist.org/photos/68699270/medium.jpg?1587806581,Dimocarpus longan
https://static.inaturalist.org/photos/69016493/medium.jpeg?1587861116,Dimocarpus longan
https://static.inaturalist.org/photos/69017828/medium.jpg?1587861383,Dimocarpus longan
https://static.inaturalist.org/photos/69045528/medium.jpeg?1587866874,Dimocarpus longan
https://static.inaturalist.org/photos/69054186/medium.jpg?1587868536,Dimocarpus longan
https://static.inaturalist.org/photos/69087207/medium.jpeg?1587876275,Dimocarpus longan
https://static.inaturalist.org/photos/69103758/medium.jpeg?1587882792,Dimocarpus longan
https://static.inaturalist.org/photos/69114778/medium.jpeg?1587887676,Dimocarpus longan
https://static.inaturalist.org/photos/69115035/medium.jpeg?1587887803,Dimocarpus longan
https://static.inaturalist.org/photos/69115419/medium.jpg?1587888016,Dimocarpus longan
https://static.inaturalist.org/photos/69125913/medium.jpeg?1587892276,Dimocarpus longan
https://static.inaturalist.org/photos/69118204/medium.jpg?1587889384,Dimocarpus longan
https://static.inaturalist.org/photos/69141395/medium.jpeg?1587897385,Dimocarpus longan
https://static.inaturalist.org/photos/69138749/medium.jpeg?1587896552,Dimocarpus longan
https://static.inaturalist.org/photos/69204347/medium.jpeg?1587912040,Dimocarpus longan
https://static.inaturalist.org/photos/69156265/medium.jpeg?1587901896,Dimocarpus longan
https://static.inaturalist.org/photos/69172796/medium.jpeg?1587905942,Dimocarpus longan
https://static.inaturalist.org/photos/69209730/medium.jpeg?1587912931,Dimocarpus longan
https://static.inaturalist.org/photos/69216531/medium.jpeg?1587913961,Dimocarpus longan
https://static.inaturalist.org/photos/69418267/medium.jpg?1587943187,Dimocarpus longan
https://static.inaturalist.org/photos/69445569/medium.jpg?1587947518,Dimocarpus longan
https://static.inaturalist.org/photos/69472414/medium.jpg?1587952121,Dimocarpus longan
https://static.inaturalist.org/photos/69473984/medium.jpg?1587952425,Dimocarpus longan
https://static.inaturalist.org/photos/69500105/medium.jpeg?1587957869,Dimocarpus longan
https://static.inaturalist.org/photos/69532921/medium.jpeg?1587967800,Dimocarpus longan
https://static.inaturalist.org/photos/69546863/medium.jpeg?1587975021,Dimocarpus longan
https://static.inaturalist.org/photos/69915918/medium.jpeg?1588057723,Dimocarpus longan
https://static.inaturalist.org/photos/69915987/medium.jpeg?1588057758,Dimocarpus longan
https://static.inaturalist.org/photos/69924368/medium.jpeg?1588063825,Dimocarpus longan
https://static.inaturalist.org/photos/70088354/medium.jpeg?1588124081,Dimocarpus longan
https://www.inaturalist.org/attachment_defaults/local_photos/medium.png,Dimocarpus longan
https://static.inaturalist.org/photos/70314909/medium.jpg?1588233943,Dimocarpus longan
https://static.inaturalist.org/photos/70343868/medium.jpeg?1588255951,Dimocarpus longan
https://static.inaturalist.org/photos/70360670/medium.jpg?1588262858,Dimocarpus longan
https://static.inaturalist.org/photos/70623223/medium.jpeg?1588383835,Dimocarpus longan
https://static.inaturalist.org/photos/70656021/medium.jpg?1588404804,Dimocarpus longan
https://static.inaturalist.org/photos/70670255/medium.jpeg?1588418113,Dimocarpus longan
https://static.inaturalist.org/photos/70672993/medium.jpeg?1588420225,Dimocarpus longan
https://static.inaturalist.org/photos/70849304/medium.jpeg?1588478633,Dimocarpus longan
https://static.inaturalist.org/photos/71057391/medium.jpg?1588553705,Dimocarpus longan
https://static.inaturalist.org/photos/71258294/medium.jpeg?1588651196,Dimocarpus longan
https://static.inaturalist.org/photos/72022281/medium.jpg?1589064169,Dimocarpus longan
https://static.inaturalist.org/photos/72022497/medium.jpeg?1589064242,Dimocarpus longan
https://static.inaturalist.org/photos/72094853/medium.jpg?1589106092,Dimocarpus longan
https://static.inaturalist.org/photos/72595579/medium.jpeg?1589377170,Dimocarpus longan
https://static.inaturalist.org/photos/73047251/medium.jpg?1589608923,Dimocarpus longan
https://static.inaturalist.org/photos/73048975/medium.jpg?1589610217,Dimocarpus longan
https://static.inaturalist.org/photos/73676769/medium.jpeg?1589859008,Dimocarpus longan
https://static.inaturalist.org/photos/73723688/medium.jpeg?1589894013,Dimocarpus longan
https://static.inaturalist.org/photos/73820805/medium.jpeg?1589930772,Dimocarpus longan
https://static.inaturalist.org/photos/74091330/medium.jpeg?1590065773,Dimocarpus longan
https://static.inaturalist.org/photos/74128266/medium.jpeg?1590079160,Dimocarpus longan
https://static.inaturalist.org/photos/74235655/medium.jpeg?1590122076,Dimocarpus longan
https://static.inaturalist.org/photos/74631087/medium.jpg?1590285230,Dimocarpus longan
https://static.inaturalist.org/photos/74672154/medium.jpg?1590306617,Dimocarpus longan
https://static.inaturalist.org/photos/74737448/medium.jpg?1590334343,Dimocarpus longan
https://static.inaturalist.org/photos/74934700/medium.jpeg?1590402512,Dimocarpus longan
https://static.inaturalist.org/photos/75358503/medium.jpg?1590589728,Dimocarpus longan
https://static.inaturalist.org/photos/75438669/medium.jpg?1590618229,Dimocarpus longan
https://static.inaturalist.org/photos/75658283/medium.jpg?1590722793,Dimocarpus longan
https://static.inaturalist.org/photos/75658409/medium.jpeg?1590722859,Dimocarpus longan
https://static.inaturalist.org/photos/75658520/medium.jpeg?1590722929,Dimocarpus longan
https://static.inaturalist.org/photos/75826371/medium.jpeg?1590805634,Dimocarpus longan
https://static.inaturalist.org/photos/76310067/medium.jpeg?1591007265,Dimocarpus longan
https://static.inaturalist.org/photos/76352307/medium.jpeg?1591026133,Dimocarpus longan
https://static.inaturalist.org/photos/76486761/medium.jpg?1591083399,Dimocarpus longan
https://static.inaturalist.org/photos/76486756/medium.jpeg?1591083398,Dimocarpus longan
https://static.inaturalist.org/photos/76486767/medium.jpg?1591083403,Dimocarpus longan
https://static.inaturalist.org/photos/76486773/medium.jpg?1591083408,Dimocarpus longan
https://static.inaturalist.org/photos/76652791/medium.jpeg?1591166799,Dimocarpus longan
https://static.inaturalist.org/photos/76660106/medium.jpeg?1591174004,Dimocarpus longan
https://static.inaturalist.org/photos/76660714/medium.jpeg?1591174446,Dimocarpus longan
https://static.inaturalist.org/photos/76991126/medium.jpg?1591340922,Dimocarpus longan
https://static.inaturalist.org/photos/77318749/medium.jpeg?1591487145,Dimocarpus longan
https://static.inaturalist.org/photos/77323658/medium.jpeg?1591488948,Dimocarpus longan
https://static.inaturalist.org/photos/77556557/medium.jpeg?1591581337,Dimocarpus longan
https://static.inaturalist.org/photos/77949404/medium.jpeg?1591782513,Dimocarpus longan
https://static.inaturalist.org/photos/78083380/medium.jpg?1591843365,Dimocarpus longan
https://static.inaturalist.org/photos/78126898/medium.jpg?1591878701,Dimocarpus longan
https://static.inaturalist.org/photos/78413023/medium.jpeg?1592013145,Dimocarpus longan
https://static.inaturalist.org/photos/78646811/medium.jpeg?1592109624,Dimocarpus longan
https://static.inaturalist.org/photos/78664228/medium.jpeg?1592123488,Dimocarpus longan
https://static.inaturalist.org/photos/78697240/medium.jpeg?1592141252,Dimocarpus longan
https://static.inaturalist.org/photos/78896099/medium.jpeg?1592208829,Dimocarpus longan
https://static.inaturalist.org/photos/79074650/medium.jpg?1592282417,Dimocarpus longan
https://static.inaturalist.org/photos/79248885/medium.jpg?1592364642,Dimocarpus longan
https://static.inaturalist.org/photos/79444215/medium.jpg?1592475110,Dimocarpus longan
https://static.inaturalist.org/photos/79414853/medium.jpeg?1592451244,Dimocarpus longan
https://static.inaturalist.org/photos/79421288/medium.jpeg?1592454495,Dimocarpus longan
https://static.inaturalist.org/photos/79435512/medium.jpg?1592466698,Dimocarpus longan
https://static.inaturalist.org/photos/79436434/medium.jpeg?1592467593,Dimocarpus longan
https://static.inaturalist.org/photos/79573602/medium.jpeg?1592530622,Dimocarpus longan
https://static.inaturalist.org/photos/79575780/medium.jpeg?1592531503,Dimocarpus longan
https://static.inaturalist.org/photos/79587101/medium.jpg?1592537400,Dimocarpus longan
https://static.inaturalist.org/photos/79603348/medium.jpg?1592551779,Dimocarpus longan
https://static.inaturalist.org/photos/79603623/medium.jpeg?1592552029,Dimocarpus longan
https://static.inaturalist.org/photos/79603633/medium.jpeg?1592552040,Dimocarpus longan
https://static.inaturalist.org/photos/79603981/medium.jpg?1592552347,Dimocarpus longan
https://static.inaturalist.org/photos/79605149/medium.jpeg?1592553277,Dimocarpus longan
https://static.inaturalist.org/photos/80210808/medium.jpg?1592799485,Dimocarpus longan
https://static.inaturalist.org/photos/80228567/medium.jpeg?1592811305,Dimocarpus longan
https://static.inaturalist.org/photos/80422004/medium.jpg?1592894116,Dimocarpus longan
https://static.inaturalist.org/photos/80422971/medium.jpeg?1592894762,Dimocarpus longan
https://static.inaturalist.org/photos/80423886/medium.jpeg?1592895535,Dimocarpus longan
https://static.inaturalist.org/photos/80439334/medium.jpeg?1592908236,Dimocarpus longan
https://static.inaturalist.org/photos/80574612/medium.jpg?1592962761,Dimocarpus longan
https://static.inaturalist.org/photos/80575086/medium.jpeg?1592962950,Dimocarpus longan
https://static.inaturalist.org/photos/80575416/medium.jpeg?1592963081,Dimocarpus longan
https://static.inaturalist.org/photos/80575478/medium.jpg?1592963116,Dimocarpus longan
https://static.inaturalist.org/photos/80575533/medium.jpeg?1592963137,Dimocarpus longan
https://static.inaturalist.org/photos/80579575/medium.jpg?1592964702,Dimocarpus longan
https://static.inaturalist.org/photos/80607352/medium.jpeg?1592984230,Dimocarpus longan
https://static.inaturalist.org/photos/80607932/medium.jpg?1592984609,Dimocarpus longan
https://static.inaturalist.org/photos/80609368/medium.jpeg?1592985555,Dimocarpus longan
https://static.inaturalist.org/photos/80609842/medium.jpeg?1592985945,Dimocarpus longan
https://static.inaturalist.org/photos/80630933/medium.jpg?1593002122,Dimocarpus longan
https://static.inaturalist.org/photos/80806705/medium.jpeg?1593087573,Dimocarpus longan
https://static.inaturalist.org/photos/81069070/medium.jpeg?1593211764,Dimocarpus longan
https://static.inaturalist.org/photos/81116224/medium.jpg?1593234853,Dimocarpus longan
https://static.inaturalist.org/photos/81562029/medium.jpeg?1593419942,Dimocarpus longan
https://static.inaturalist.org/photos/82622204/medium.jpeg?1593925341,Dimocarpus longan
https://static.inaturalist.org/photos/83017077/medium.jpeg?1594097825,Dimocarpus longan
https://static.inaturalist.org/photos/84854050/medium.jpeg?1594986879,Dimocarpus longan
https://static.inaturalist.org/photos/85017965/medium.jpeg?1595064339,Dimocarpus longan
https://static.inaturalist.org/photos/85018241/medium.jpeg?1595064526,Dimocarpus longan
https://static.inaturalist.org/photos/85206331/medium.jpg?1595141335,Dimocarpus longan
https://static.inaturalist.org/photos/85437210/medium.jpg?1595239571,Dimocarpus longan
https://static.inaturalist.org/photos/85554403/medium.jpg?1595286437,Dimocarpus longan
https://static.inaturalist.org/photos/85554732/medium.jpg?1595286580,Dimocarpus longan
https://static.inaturalist.org/photos/85619826/medium.jpg?1595325862,Dimocarpus longan
https://static.inaturalist.org/photos/85728732/medium.jpeg?1595371834,Dimocarpus longan
https://static.inaturalist.org/photos/85732814/medium.jpeg?1595373570,Dimocarpus longan
https://static.inaturalist.org/photos/85959808/medium.jpg?1595494459,Dimocarpus longan
https://static.inaturalist.org/photos/86468794/medium.jpg?1595727089,Dimocarpus longan
https://static.inaturalist.org/photos/86499463/medium.jpg?1595742131,Dimocarpus longan
https://static.inaturalist.org/photos/86508704/medium.jpeg?1595749525,Dimocarpus longan
