image_url,scientific_name
https://static.inaturalist.org/photos/9222096/medium.jpeg?1500746249,Schisandra chinensis
https://static.inaturalist.org/photos/10764289/medium.jpg?1506478168,Schisandra chinensis
https://static.inaturalist.org/photos/19963322/medium.jpg?1529389383,Schisandra chinensis
https://static.inaturalist.org/photos/28912719/medium.jpg?1544141742,Schisandra chinensis
https://static.inaturalist.org/photos/30270441/medium.jpg?1547556781,Schisandra chinensis
https://static.inaturalist.org/photos/30665419/medium.jpeg?1548530156,Schisandra chinensis
https://static.inaturalist.org/photos/33544295/medium.jpeg?1553698446,Schisandra chinensis
https://static.inaturalist.org/photos/34192221/medium.jpeg?1554557163,Schisandra chinensis
https://static.inaturalist.org/photos/34192487/medium.jpeg?1554557494,Schisandra chinensis
https://static.inaturalist.org/photos/34192613/medium.jpeg?1554557706,Schisandra chinensis
https://static.inaturalist.org/photos/34343280/medium.jpg?1554697391,Schisandra chinensis
https://static.inaturalist.org/photos/39069923/medium.png?1558047374,Schisandra chinensis
https://static.inaturalist.org/photos/39849280/medium.jpeg?1558747822,Schisandra chinensis
https://static.inaturalist.org/photos/41101031/medium.jpg?1559778063,Schisandra chinensis
https://static.inaturalist.org/photos/42675877/medium.jpeg?1561205592,Schisandra chinensis
https://static.inaturalist.org/photos/49137392/medium.jpeg?1566652061,Schisandra chinensis
https://static.inaturalist.org/photos/51272399/medium.png?1568430055,Schisandra chinensis
https://static.inaturalist.org/photos/51696779/medium.jpeg?1568797246,Schisandra chinensis
https://static.inaturalist.org/photos/51696800/medium.jpeg?1568797330,Schisandra chinensis
https://static.inaturalist.org/photos/52744710/medium.png?1569735227,Schisandra chinensis
https://static.inaturalist.org/photos/53707884/medium.jpeg?1570685122,Schisandra chinensis
https://static.inaturalist.org/photos/55751263/medium.jpg?1573023821,Schisandra chinensis
https://static.inaturalist.org/photos/55935586/medium.jpg?1573263813,Schisandra chinensis
https://static.inaturalist.org/photos/55946752/medium.jpg?1573280255,Schisandra chinensis
https://static.inaturalist.org/photos/60065067/medium.jpg?1579679709,Schisandra chinensis
https://static.inaturalist.org/photos/60122282/medium.jpg?1579783200,Schisandra chinensis
https://static.inaturalist.org/photos/63159579/medium.jpeg?1583815456,Schisandra chinensis
https://static.inaturalist.org/photos/63789866/medium.jpeg?1584495149,Schisandra chinensis
https://static.inaturalist.org/photos/64701674/medium.jpg?1585317739,Schisandra chinensis
https://static.inaturalist.org/photos/64784946/medium.jpg?1585369487,Schisandra chinensis
https://static.inaturalist.org/photos/66649486/medium.jpeg?1586699769,Schisandra chinensis
https://static.inaturalist.org/photos/67174300/medium.jpeg?1587044322,Schisandra chinensis
https://static.inaturalist.org/photos/67174574/medium.jpeg?1587044556,Schisandra chinensis
https://static.inaturalist.org/photos/67174814/medium.jpeg?1587044687,Schisandra chinensis
https://static.inaturalist.org/photos/67174915/medium.jpeg?1587044747,Schisandra chinensis
https://static.inaturalist.org/photos/76291789/medium.jpeg?1590992399,Schisandra chinensis
https://static.inaturalist.org/photos/77002813/medium.jpg?1591353793,Schisandra chinensis
https://static.inaturalist.org/photos/81770728/medium.jpeg?1593522562,Schisandra chinensis
https://static.inaturalist.org/photos/81771151/medium.jpeg?1593522755,Schisandra chinensis
https://static.inaturalist.org/photos/81772666/medium.jpeg?1593523500,Schisandra chinensis
https://static.inaturalist.org/photos/84715586/medium.jpg?1594916407,Schisandra chinensis
