image_url,scientific_name
https://static.inaturalist.org/photos/98576/medium.JPG,Pouteria sapota
https://static.inaturalist.org/photos/232485/medium.JPG?1357792086,Pouteria sapota
https://static.inaturalist.org/photos/374344/medium.JPG?1444790747,Pouteria sapota
https://static.inaturalist.org/photos/379302/medium.JPG?1371743111,Pouteria sapota
https://static.inaturalist.org/photos/486874/medium.JPG?1378427438,Pouteria sapota
https://static.inaturalist.org/photos/1449010/medium.jpg?1419832930,Pouteria sapota
https://static.inaturalist.org/photos/1578936/medium.JPG?1424901946,Pouteria sapota
https://static.inaturalist.org/photos/1697485/medium.jpg?1428364194,Pouteria sapota
https://static.inaturalist.org/photos/1747776/medium.JPG?1429654291,Pouteria sapota
https://static.inaturalist.org/photos/1810663/medium.JPG?1430940866,Pouteria sapota
https://static.inaturalist.org/photos/1818073/medium.JPG?1431125354,Pouteria sapota
https://static.inaturalist.org/photos/2529360/medium.JPG?1444935312,Pouteria sapota
https://static.inaturalist.org/photos/2819309/medium.jpg?1451271027,Pouteria sapota
https://static.inaturalist.org/photos/3122296/medium.jpg?1457483383,Pouteria sapota
https://static.inaturalist.org/photos/3305648/medium.jpg?1459982665,Pouteria sapota
https://static.inaturalist.org/photos/3317818/medium.JPG?1460139201,Pouteria sapota
https://static.inaturalist.org/photos/3770707/medium.jpg?1463874620,Pouteria sapota
https://static.inaturalist.org/photos/3832919/medium.jpg?1464380387,Pouteria sapota
https://static.inaturalist.org/photos/3833246/medium.jpg?1464384288,Pouteria sapota
https://static.inaturalist.org/photos/4108371/medium.jpg?1466961205,Pouteria sapota
https://static.inaturalist.org/photos/4309781/medium.jpeg?1469036402,Pouteria sapota
https://static.inaturalist.org/photos/4668880/medium.jpeg?1472143848,Pouteria sapota
https://static.inaturalist.org/photos/4910951/medium.jpeg?1474083330,Pouteria sapota
https://static.inaturalist.org/photos/4935596/medium.jpeg?1474259435,Pouteria sapota
https://static.inaturalist.org/photos/5288036/medium.jpeg?1477007527,Pouteria sapota
https://static.inaturalist.org/photos/5362670/medium.jpeg?1477678711,Pouteria sapota
https://static.inaturalist.org/photos/5461658/medium.jpg?1478546101,Pouteria sapota
https://static.inaturalist.org/photos/6116630/medium.jpg?1485322465,Pouteria sapota
https://static.inaturalist.org/photos/6259372/medium.jpg?1486876334,Pouteria sapota
https://static.inaturalist.org/photos/6479742/medium.jpeg?1488842873,Pouteria sapota
https://static.inaturalist.org/photos/6521233/medium.jpeg?1489179393,Pouteria sapota
https://static.inaturalist.org/photos/6778546/medium.jpg?1490806795,Pouteria sapota
https://static.inaturalist.org/photos/7290171/medium.jpeg?1492626539,Pouteria sapota
https://static.inaturalist.org/photos/7583537/medium.jpeg?1493745774,Pouteria sapota
https://static.inaturalist.org/photos/7622379/medium.jpeg?1493936606,Pouteria sapota
https://static.inaturalist.org/photos/8131552/medium.jpg?1496190231,Pouteria sapota
https://static.inaturalist.org/photos/8471205/medium.jpeg?1497640882,Pouteria sapota
https://static.inaturalist.org/photos/8550075/medium.jpeg?1497989156,Pouteria sapota
https://static.inaturalist.org/photos/8990153/medium.jpeg?1499791091,Pouteria sapota
https://static.inaturalist.org/photos/9132055/medium.jpg?1500390158,Pouteria sapota
https://static.inaturalist.org/photos/9813177/medium.jpeg?1502929867,Pouteria sapota
https://static.inaturalist.org/photos/10127291/medium.jpeg?1504142452,Pouteria sapota
https://static.inaturalist.org/photos/10339339/medium.jpeg?1504988310,Pouteria sapota
https://static.inaturalist.org/photos/10819884/medium.jpg?1506701999,Pouteria sapota
https://static.inaturalist.org/photos/10988623/medium.jpeg?1507311655,Pouteria sapota
https://static.inaturalist.org/photos/11622110/medium.jpeg?1509777204,Pouteria sapota
https://static.inaturalist.org/photos/12604155/medium.jpeg?1514576425,Pouteria sapota
https://static.inaturalist.org/photos/12918149/medium.jpeg?1516060409,Pouteria sapota
https://static.inaturalist.org/photos/14338611/medium.jpg?1521642617,Pouteria sapota
https://static.inaturalist.org/photos/16308259/medium.jpg?1524696354,Pouteria sapota
https://static.inaturalist.org/photos/18805820/medium.jpg?1527640303,Pouteria sapota
https://static.inaturalist.org/photos/18888661/medium.jpg?1527791496,Pouteria sapota
https://static.inaturalist.org/photos/22393172/medium.jpeg?1533097993,Pouteria sapota
https://static.inaturalist.org/photos/22436152/medium.jpeg?1533170541,Pouteria sapota
https://static.inaturalist.org/photos/23025990/medium.jpeg?1534113507,Pouteria sapota
https://static.inaturalist.org/photos/23835589/medium.jpeg?1535333866,Pouteria sapota
https://static.inaturalist.org/photos/25202050/medium.jpeg?1537408681,Pouteria sapota
https://static.inaturalist.org/photos/25507005/medium.jpg?1537830084,Pouteria sapota
https://static.inaturalist.org/photos/27030975/medium.jpeg?1540167251,Pouteria sapota
https://static.inaturalist.org/photos/28610569/medium.jpeg?1543376299,Pouteria sapota
https://static.inaturalist.org/photos/29008676/medium.jpeg?1544385968,Pouteria sapota
https://static.inaturalist.org/photos/29825719/medium.jpg?1546492943,Pouteria sapota
https://static.inaturalist.org/photos/30130490/medium.jpeg?1547231832,Pouteria sapota
https://static.inaturalist.org/photos/32654373/medium.jpeg?1552257027,Pouteria sapota
https://static.inaturalist.org/photos/33380585/medium.jpg?1553457225,Pouteria sapota
https://static.inaturalist.org/photos/34078746/medium.jpeg?1554397937,Pouteria sapota
https://static.inaturalist.org/photos/34165104/medium.jpeg?1554509087,Pouteria sapota
https://static.inaturalist.org/photos/34305639/medium.jpeg?1554668739,Pouteria sapota
https://static.inaturalist.org/photos/35988691/medium.jpeg?1556313628,Pouteria sapota
https://static.inaturalist.org/photos/36025617/medium.jpg?1556321022,Pouteria sapota
https://static.inaturalist.org/photos/36034323/medium.jpeg?1556322786,Pouteria sapota
https://static.inaturalist.org/photos/36840148/medium.jpeg?1556501805,Pouteria sapota
https://static.inaturalist.org/photos/37100773/medium.jpeg?1556562921,Pouteria sapota
https://static.inaturalist.org/photos/37254170/medium.jpeg?1556586105,Pouteria sapota
https://static.inaturalist.org/photos/37289478/medium.jpeg?1556591195,Pouteria sapota
https://static.inaturalist.org/photos/41705956/medium.jpeg?1560306356,Pouteria sapota
https://static.inaturalist.org/photos/42644086/medium.jpeg?1561165611,Pouteria sapota
https://static.inaturalist.org/photos/43358382/medium.jpeg?1561765155,Pouteria sapota
https://static.inaturalist.org/photos/44674711/medium.jpg?1562894981,Pouteria sapota
https://static.inaturalist.org/photos/47143863/medium.jpg?1564940082,Pouteria sapota
https://static.inaturalist.org/photos/48998192/medium.jpg?1566511204,Pouteria sapota
https://static.inaturalist.org/photos/49968386/medium.jpeg?1567308037,Pouteria sapota
https://static.inaturalist.org/photos/52096477/medium.jpg?1569146936,Pouteria sapota
https://static.inaturalist.org/photos/55243770/medium.jpeg?1572363306,Pouteria sapota
https://static.inaturalist.org/photos/55790650/medium.jpeg?1573074522,Pouteria sapota
https://static.inaturalist.org/photos/56287818/medium.jpeg?1573758864,Pouteria sapota
https://static.inaturalist.org/photos/58173559/medium.jpeg?1576725675,Pouteria sapota
https://static.inaturalist.org/photos/58327517/medium.jpg?1577030228,Pouteria sapota
https://static.inaturalist.org/photos/58707928/medium.jpeg?1577644793,Pouteria sapota
https://static.inaturalist.org/photos/59006587/medium.jpeg?1578092502,Pouteria sapota
https://static.inaturalist.org/photos/60843912/medium.jpg?1580830241,Pouteria sapota
https://static.inaturalist.org/photos/63172593/medium.png?1583843494,Pouteria sapota
https://static.inaturalist.org/photos/63661499/medium.jpeg?1584373858,Pouteria sapota
https://static.inaturalist.org/photos/65121249/medium.jpg?1585606018,Pouteria sapota
https://static.inaturalist.org/photos/65715598/medium.jpeg?1586067908,Pouteria sapota
https://static.inaturalist.org/photos/66451616/medium.jpeg?1586571746,Pouteria sapota
https://static.inaturalist.org/photos/66688606/medium.jpg?1586716958,Pouteria sapota
https://static.inaturalist.org/photos/67263747/medium.jpeg?1587090891,Pouteria sapota
https://static.inaturalist.org/photos/67513987/medium.jpeg?1587249542,Pouteria sapota
https://static.inaturalist.org/photos/67869522/medium.jpeg?1587448579,Pouteria sapota
https://static.inaturalist.org/photos/68102120/medium.jpeg?1587587892,Pouteria sapota
https://static.inaturalist.org/photos/68759982/medium.jpeg?1587823984,Pouteria sapota
https://static.inaturalist.org/photos/69294302/medium.jpeg?1587925396,Pouteria sapota
https://static.inaturalist.org/photos/70333125/medium.jpeg?1588249684,Pouteria sapota
https://static.inaturalist.org/photos/71605513/medium.jpg?1588858477,Pouteria sapota
https://static.inaturalist.org/photos/72519249/medium.jpg?1589322085,Pouteria sapota
https://static.inaturalist.org/photos/74045907/medium.jpeg?1590032956,Pouteria sapota
https://static.inaturalist.org/photos/74639323/medium.jpeg?1590288123,Pouteria sapota
https://static.inaturalist.org/photos/84234431/medium.jpeg?1594668466,Pouteria sapota
