image_url,scientific_name
https://static.inaturalist.org/photos/709050/medium.jpg?1444777511,Garcinia mangostana
https://static.inaturalist.org/photos/790613/medium.JPG?1444784222,Garcinia mangostana
https://static.inaturalist.org/photos/1583990/medium.jpg?1444323320,Garcinia mangostana
https://static.inaturalist.org/photos/1987926/medium.jpg?1444777566,Garcinia mangostana
https://static.inaturalist.org/photos/4473298/medium.jpg?1470597183,Garcinia mangostana
https://static.inaturalist.org/photos/8403165/medium.jpeg?1497316364,Garcinia mangostana
https://static.inaturalist.org/photos/9842401/medium.jpg?1503072638,Garcinia mangostana
https://static.inaturalist.org/photos/12879543/medium.jpeg?1515902289,Garcinia mangostana
https://static.inaturalist.org/photos/15499570/medium.jpg?1523855073,Garcinia mangostana
https://static.inaturalist.org/photos/16512209/medium.jpeg?1524878728,Garcinia mangostana
https://static.inaturalist.org/photos/16771178/medium.jpg?1524996768,Garcinia mangostana
https://static.inaturalist.org/photos/20192773/medium.jpeg?1529776477,Garcinia mangostana
https://static.inaturalist.org/photos/20924176/medium.jpeg?1530937490,Garcinia mangostana
https://static.inaturalist.org/photos/21540071/medium.jpg?1531894651,Garcinia mangostana
https://static.inaturalist.org/photos/21945609/medium.jpg?1532521951,Garcinia mangostana
https://static.inaturalist.org/photos/22105986/medium.jpg?1532737785,Garcinia mangostana
https://static.inaturalist.org/photos/22400208/medium.jpg?1533119721,Garcinia mangostana
https://static.inaturalist.org/photos/24404582/medium.jpeg?1536238109,Garcinia mangostana
https://static.inaturalist.org/photos/27339242/medium.jpeg?1540725015,Garcinia mangostana
https://static.inaturalist.org/photos/28421690/medium.jpg?1542974057,Garcinia mangostana
https://static.inaturalist.org/photos/28595466/medium.jpeg?1543348418,Garcinia mangostana
https://static.inaturalist.org/photos/28597190/medium.jpeg?1543351223,Garcinia mangostana
https://static.inaturalist.org/photos/31220121/medium.jpg?1549725894,Garcinia mangostana
https://static.inaturalist.org/photos/31259812/medium.jpg?1549806537,Garcinia mangostana
https://static.inaturalist.org/photos/31813021/medium.jpeg?1550909154,Garcinia mangostana
https://static.inaturalist.org/photos/31868277/medium.jpg?1550928695,Garcinia mangostana
https://static.inaturalist.org/photos/31886896/medium.jpeg?1550933462,Garcinia mangostana
https://static.inaturalist.org/photos/31893351/medium.jpg?1550934972,Garcinia mangostana
https://static.inaturalist.org/photos/31878327/medium.jpg?1550931395,Garcinia mangostana
https://static.inaturalist.org/photos/34064046/medium.jpeg?1554372482,Garcinia mangostana
https://static.inaturalist.org/photos/34244516/medium.jpg?1554599705,Garcinia mangostana
https://static.inaturalist.org/photos/36284680/medium.jpeg?1556389348,Garcinia mangostana
https://static.inaturalist.org/photos/36294628/medium.jpeg?1556390881,Garcinia mangostana
https://static.inaturalist.org/photos/36532506/medium.jpg?1556443422,Garcinia mangostana
https://static.inaturalist.org/photos/37007267/medium.jpeg?1556547604,Garcinia mangostana
https://static.inaturalist.org/photos/41883485/medium.jpeg?1560483790,Garcinia mangostana
https://static.inaturalist.org/photos/41954170/medium.jpg?1560557717,Garcinia mangostana
https://static.inaturalist.org/photos/42146438/medium.jpg?1560717163,Garcinia mangostana
https://static.inaturalist.org/photos/42512335/medium.jpg?1561048101,Garcinia mangostana
https://static.inaturalist.org/photos/42595225/medium.jpg?1561129776,Garcinia mangostana
https://static.inaturalist.org/photos/42991124/medium.jpg?1561446895,Garcinia mangostana
https://static.inaturalist.org/photos/43228786/medium.jpg?1561653295,Garcinia mangostana
https://static.inaturalist.org/photos/45134180/medium.jpg?1563288191,Garcinia mangostana
https://static.inaturalist.org/photos/46118926/medium.jpg?1564103344,Garcinia mangostana
https://static.inaturalist.org/photos/47929265/medium.jpg?1565593247,Garcinia mangostana
https://static.inaturalist.org/photos/48243226/medium.jpeg?1565859869,Garcinia mangostana
https://static.inaturalist.org/photos/49668724/medium.jpeg?1567069446,Garcinia mangostana
https://static.inaturalist.org/photos/51172251/medium.jpeg?1568332165,Garcinia mangostana
https://static.inaturalist.org/photos/51683267/medium.jpg?1568775494,Garcinia mangostana
https://static.inaturalist.org/photos/52163602/medium.jpg?1569191217,Garcinia mangostana
https://static.inaturalist.org/photos/53241945/medium.jpg?1570236622,Garcinia mangostana
https://static.inaturalist.org/photos/53350525/medium.jpg?1570335407,Garcinia mangostana
https://static.inaturalist.org/photos/54287084/medium.jpg?1571301177,Garcinia mangostana
https://static.inaturalist.org/photos/55847628/medium.jpg?1573154128,Garcinia mangostana
https://static.inaturalist.org/photos/56892599/medium.jpeg?1574620080,Garcinia mangostana
https://static.inaturalist.org/photos/57053298/medium.jpg?1574821346,Garcinia mangostana
https://static.inaturalist.org/photos/58397854/medium.jpg?1577139288,Garcinia mangostana
https://static.inaturalist.org/photos/58509936/medium.jpg?1577339652,Garcinia mangostana
https://static.inaturalist.org/photos/59099322/medium.jpg?1578218274,Garcinia mangostana
https://static.inaturalist.org/photos/59591707/medium.jpg?1578967412,Garcinia mangostana
https://static.inaturalist.org/photos/59591728/medium.jpg?1578967437,Garcinia mangostana
https://static.inaturalist.org/photos/62412236/medium.jpeg?1582974263,Garcinia mangostana
https://static.inaturalist.org/photos/62416535/medium.jpeg?1582980265,Garcinia mangostana
https://static.inaturalist.org/photos/62419438/medium.jpeg?1582983566,Garcinia mangostana
https://static.inaturalist.org/photos/65742537/medium.jpg?1586094836,Garcinia mangostana
https://static.inaturalist.org/photos/65991256/medium.jpg?1586254013,Garcinia mangostana
https://static.inaturalist.org/photos/69594944/medium.jpeg?1587993917,Garcinia mangostana
https://static.inaturalist.org/photos/72096595/medium.jpg?1589107357,Garcinia mangostana
https://static.inaturalist.org/photos/72096806/medium.jpg?1589107553,Garcinia mangostana
https://static.inaturalist.org/photos/74443531/medium.jpeg?1590220818,Garcinia mangostana
https://static.inaturalist.org/photos/77075181/medium.jpg?1591385416,Garcinia mangostana
https://static.inaturalist.org/photos/81292669/medium.jpg?1593307935,Garcinia mangostana
https://static.inaturalist.org/photos/81821082/medium.jpeg?1593539997,Garcinia mangostana
https://static.inaturalist.org/photos/82613512/medium.jpeg?1593919019,Garcinia mangostana
