image_url,scientific_name
https://static.inaturalist.org/photos/10433/medium.jpg?1444278739,Mespilus germanica
https://static.inaturalist.org/photos/1133145/medium.JPG?1411511159,Mespilus germanica
https://static.inaturalist.org/photos/1256390/medium.?1413404388,Mespilus germanica
https://static.inaturalist.org/photos/1226520/medium.jpg?1413319469,Mespilus germanica
https://static.inaturalist.org/photos/1320435/medium.JPG?1415009965,Mespilus germanica
https://static.inaturalist.org/photos/1646113/medium.JPG?1427039425,Mespilus germanica
https://static.inaturalist.org/photos/1760378/medium.JPG?1429960418,Mespilus germanica
https://static.inaturalist.org/photos/1788323/medium.jpg?1430531744,Mespilus germanica
https://static.inaturalist.org/photos/1827446/medium.jpg?1431279460,Mespilus germanica
https://static.inaturalist.org/photos/2595597/medium.JPG?1446396662,Mespilus germanica
https://static.inaturalist.org/photos/2703760/medium.jpg?1448548716,Mespilus germanica
https://static.inaturalist.org/photos/3061518/medium.jpg?1456392991,Mespilus germanica
https://static.inaturalist.org/photos/3771591/medium.jpg?1463878009,Mespilus germanica
https://static.inaturalist.org/photos/3846770/medium.jpg?1464527306,Mespilus germanica
https://static.inaturalist.org/photos/4545374/medium.jpeg?1471110741,Mespilus germanica
https://static.inaturalist.org/photos/4806413/medium.jpeg?1473273031,Mespilus germanica
https://static.inaturalist.org/photos/4807859/medium.jpg?1473281635,Mespilus germanica
https://static.inaturalist.org/photos/5205971/medium.jpg?1476314896,Mespilus germanica
https://static.inaturalist.org/photos/5379307/medium.jpeg?1477838803,Mespilus germanica
https://static.inaturalist.org/photos/6247202/medium.jpeg?1486763768,Mespilus germanica
https://static.inaturalist.org/photos/7193630/medium.jpeg?1492444239,Mespilus germanica
https://static.inaturalist.org/photos/7388771/medium.jpeg?1492964420,Mespilus germanica
https://static.inaturalist.org/photos/7918470/medium.jpeg?1495313456,Mespilus germanica
https://static.inaturalist.org/photos/9886589/medium.jpeg?1503243928,Mespilus germanica
https://static.inaturalist.org/photos/10646693/medium.jpeg?1506098064,Mespilus germanica
https://static.inaturalist.org/photos/10663243/medium.jpg?1506152306,Mespilus germanica
https://static.inaturalist.org/photos/10927117/medium.jpg?1507060474,Mespilus germanica
https://static.inaturalist.org/photos/11042229/medium.jpeg?1507495958,Mespilus germanica
https://static.inaturalist.org/photos/11349226/medium.jpg?1508687970,Mespilus germanica
https://static.inaturalist.org/photos/11443097/medium.jpg?1509049649,Mespilus germanica
https://static.inaturalist.org/photos/11606555/medium.jpg?1509717459,Mespilus germanica
https://static.inaturalist.org/photos/11673454/medium.jpg?1509952718,Mespilus germanica
https://static.inaturalist.org/photos/12143065/medium.jpeg?1512143416,Mespilus germanica
https://static.inaturalist.org/photos/12159115/medium.jpeg?1512222438,Mespilus germanica
https://static.inaturalist.org/photos/12402884/medium.jpeg?1513399613,Mespilus germanica
https://static.inaturalist.org/photos/12739110/medium.jpg?1515215330,Mespilus germanica
https://static.inaturalist.org/photos/12920926/medium.jpg?1516068373,Mespilus germanica
https://static.inaturalist.org/photos/14310305/medium.jpg?1521552553,Mespilus germanica
https://static.inaturalist.org/photos/14401580/medium.jpeg?1521827354,Mespilus germanica
https://static.inaturalist.org/photos/14909931/medium.jpeg?1523114477,Mespilus germanica
https://static.inaturalist.org/photos/16357758/medium.jpg?1524782736,Mespilus germanica
https://static.inaturalist.org/photos/16771344/medium.jpg?1524997037,Mespilus germanica
https://static.inaturalist.org/photos/17445560/medium.jpg?1525512403,Mespilus germanica
https://static.inaturalist.org/photos/17572669/medium.jpg?1525686702,Mespilus germanica
https://static.inaturalist.org/photos/17646429/medium.jpg?1525803622,Mespilus germanica
https://static.inaturalist.org/photos/17686035/medium.jpeg?1525876686,Mespilus germanica
https://static.inaturalist.org/photos/17746666/medium.jpg?1525976462,Mespilus germanica
https://static.inaturalist.org/photos/17760093/medium.jpeg?1525991495,Mespilus germanica
https://static.inaturalist.org/photos/17787304/medium.jpeg?1526050853,Mespilus germanica
https://static.inaturalist.org/photos/17897814/medium.jpeg?1526223227,Mespilus germanica
https://static.inaturalist.org/photos/17950100/medium.jpeg?1526286321,Mespilus germanica
https://static.inaturalist.org/photos/18219854/medium.jpg?1526737813,Mespilus germanica
https://static.inaturalist.org/photos/18300373/medium.jpeg?1526843900,Mespilus germanica
https://static.inaturalist.org/photos/19457129/medium.jpeg?1528611266,Mespilus germanica
https://static.inaturalist.org/photos/19464042/medium.jpeg?1528632511,Mespilus germanica
https://static.inaturalist.org/photos/19467994/medium.jpg?1528639017,Mespilus germanica
https://static.inaturalist.org/photos/19585159/medium.jpg?1528800149,Mespilus germanica
https://static.inaturalist.org/photos/20828293/medium.jpeg?1530797557,Mespilus germanica
https://static.inaturalist.org/photos/20951512/medium.jpg?1530988878,Mespilus germanica
https://static.inaturalist.org/photos/20994343/medium.jpg?1531050582,Mespilus germanica
https://static.inaturalist.org/photos/21018798/medium.jpg?1531079362,Mespilus germanica
https://static.inaturalist.org/photos/21422625/medium.jpg?1531706597,Mespilus germanica
https://static.inaturalist.org/photos/21467271/medium.jpg?1531778894,Mespilus germanica
https://static.inaturalist.org/photos/21617733/medium.jpg?1532021989,Mespilus germanica
https://static.inaturalist.org/photos/21789417/medium.jpg?1532285943,Mespilus germanica
https://static.inaturalist.org/photos/21847980/medium.jpg?1532368843,Mespilus germanica
https://static.inaturalist.org/photos/21955219/medium.jpeg?1532535621,Mespilus germanica
https://static.inaturalist.org/photos/22005618/medium.jpg?1532618144,Mespilus germanica
https://static.inaturalist.org/photos/22451438/medium.jpeg?1533206861,Mespilus germanica
https://static.inaturalist.org/photos/25823851/medium.jpg?1538321156,Mespilus germanica
https://static.inaturalist.org/photos/23302899/medium.jpeg?1534533907,Mespilus germanica
https://static.inaturalist.org/photos/23347930/medium.jpeg?1534606079,Mespilus germanica
https://static.inaturalist.org/photos/23411012/medium.jpeg?1534691486,Mespilus germanica
https://static.inaturalist.org/photos/23414804/medium.png?1534695530,Mespilus germanica
https://static.inaturalist.org/photos/23646040/medium.jpeg?1535047487,Mespilus germanica
https://static.inaturalist.org/photos/23685632/medium.jpg?1535118276,Mespilus germanica
https://static.inaturalist.org/photos/23726259/medium.jpeg?1535176268,Mespilus germanica
https://static.inaturalist.org/photos/23793510/medium.jpeg?1535292346,Mespilus germanica
https://static.inaturalist.org/photos/23798551/medium.jpeg?1535297168,Mespilus germanica
https://static.inaturalist.org/photos/23962078/medium.jpg?1535554877,Mespilus germanica
https://static.inaturalist.org/photos/24115250/medium.jpg?1535811002,Mespilus germanica
https://static.inaturalist.org/photos/24177071/medium.jpeg?1535899008,Mespilus germanica
https://static.inaturalist.org/photos/24190902/medium.jpeg?1535912904,Mespilus germanica
https://static.inaturalist.org/photos/24241797/medium.jpeg?1535984919,Mespilus germanica
https://static.inaturalist.org/photos/24351192/medium.jpg?1536137621,Mespilus germanica
https://static.inaturalist.org/photos/24416049/medium.jpg?1536254670,Mespilus germanica
https://static.inaturalist.org/photos/24511370/medium.jpg?1536413147,Mespilus germanica
https://static.inaturalist.org/photos/24513916/medium.jpg?1536416255,Mespilus germanica
https://static.inaturalist.org/photos/24578754/medium.jpg?1536495102,Mespilus germanica
https://static.inaturalist.org/photos/24804573/medium.jpeg?1536829531,Mespilus germanica
https://static.inaturalist.org/photos/24858639/medium.jpg?1536911374,Mespilus germanica
https://static.inaturalist.org/photos/24865222/medium.jpeg?1536930593,Mespilus germanica
https://static.inaturalist.org/photos/24974658/medium.jpg?1537079733,Mespilus germanica
https://static.inaturalist.org/photos/24980426/medium.jpg?1537095693,Mespilus germanica
https://static.inaturalist.org/photos/24982208/medium.jpg?1537100255,Mespilus germanica
https://static.inaturalist.org/photos/25161963/medium.jpg?1537355008,Mespilus germanica
https://static.inaturalist.org/photos/25212719/medium.jpeg?1537435248,Mespilus germanica
https://static.inaturalist.org/photos/25288913/medium.jpg?1537546657,Mespilus germanica
https://static.inaturalist.org/photos/25381905/medium.png?1537655921,Mespilus germanica
https://static.inaturalist.org/photos/25471351/medium.jpg?1537783682,Mespilus germanica
https://static.inaturalist.org/photos/25476206/medium.jpg?1537795359,Mespilus germanica
https://static.inaturalist.org/photos/25815848/medium.jpeg?1538312464,Mespilus germanica
https://static.inaturalist.org/photos/25818237/medium.jpg?1538315436,Mespilus germanica
https://static.inaturalist.org/photos/25834820/medium.jpg?1538330946,Mespilus germanica
https://static.inaturalist.org/photos/25837471/medium.jpg?1538333301,Mespilus germanica
https://static.inaturalist.org/photos/25852624/medium.jpg?1538345381,Mespilus germanica
https://static.inaturalist.org/photos/25901262/medium.jpg?1538421164,Mespilus germanica
https://static.inaturalist.org/photos/26008407/medium.jpeg?1538593572,Mespilus germanica
https://static.inaturalist.org/photos/26089531/medium.jpeg?1538724927,Mespilus germanica
https://static.inaturalist.org/photos/26212823/medium.jpg?1538917422,Mespilus germanica
https://static.inaturalist.org/photos/26285189/medium.jpg?1539010029,Mespilus germanica
https://static.inaturalist.org/photos/26339746/medium.jpeg?1539092788,Mespilus germanica
https://static.inaturalist.org/photos/26551242/medium.jpg?1539435850,Mespilus germanica
https://static.inaturalist.org/photos/26739400/medium.jpg?1539705465,Mespilus germanica
https://static.inaturalist.org/photos/26877729/medium.jpeg?1539941364,Mespilus germanica
https://static.inaturalist.org/photos/26929051/medium.jpeg?1540028768,Mespilus germanica
https://static.inaturalist.org/photos/26990612/medium.jpeg?1540119803,Mespilus germanica
https://static.inaturalist.org/photos/38670850/medium.jpg?1557667992,Mespilus germanica
https://static.inaturalist.org/photos/27118490/medium.jpeg?1540321659,Mespilus germanica
https://static.inaturalist.org/photos/27195566/medium.jpg?1540459098,Mespilus germanica
https://static.inaturalist.org/photos/27452198/medium.jpeg?1540917946,Mespilus germanica
https://static.inaturalist.org/photos/27789132/medium.jpg?1541543931,Mespilus germanica
https://static.inaturalist.org/photos/27830252/medium.jpg?1541608646,Mespilus germanica
https://static.inaturalist.org/photos/27831440/medium.jpeg?1541611024,Mespilus germanica
https://static.inaturalist.org/photos/27934774/medium.jpg?1541777443,Mespilus germanica
https://static.inaturalist.org/photos/28002801/medium.jpg?1541933038,Mespilus germanica
https://static.inaturalist.org/photos/28045520/medium.jpg?1542029590,Mespilus germanica
https://static.inaturalist.org/photos/28245336/medium.jpg?1542548817,Mespilus germanica
https://static.inaturalist.org/photos/28353435/medium.jpeg?1542797782,Mespilus germanica
https://static.inaturalist.org/photos/28462258/medium.jpg?1543071968,Mespilus germanica
https://static.inaturalist.org/photos/28922200/medium.jpeg?1544168586,Mespilus germanica
https://static.inaturalist.org/photos/28953011/medium.jpg?1544259544,Mespilus germanica
https://static.inaturalist.org/photos/28956889/medium.jpg?1544276748,Mespilus germanica
https://static.inaturalist.org/photos/29829112/medium.jpeg?1546502995,Mespilus germanica
https://static.inaturalist.org/photos/29952634/medium.jpg?1546791298,Mespilus germanica
https://static.inaturalist.org/photos/30150897/medium.jpeg?1547279957,Mespilus germanica
https://static.inaturalist.org/photos/30150907/medium.jpg?1547279977,Mespilus germanica
https://static.inaturalist.org/photos/30151941/medium.jpeg?1547283289,Mespilus germanica
https://static.inaturalist.org/photos/30152954/medium.jpg?1547287842,Mespilus germanica
https://static.inaturalist.org/photos/30441464/medium.jpg?1547995609,Mespilus germanica
https://static.inaturalist.org/photos/30819900/medium.jpeg?1548871181,Mespilus germanica
https://static.inaturalist.org/photos/30858687/medium.jpg?1548965471,Mespilus germanica
https://static.inaturalist.org/photos/31539057/medium.jpeg?1550432016,Mespilus germanica
https://static.inaturalist.org/photos/31921731/medium.jpeg?1550956528,Mespilus germanica
https://static.inaturalist.org/photos/32467793/medium.jpeg?1551951192,Mespilus germanica
https://static.inaturalist.org/photos/33249539/medium.jpg?1553276651,Mespilus germanica
https://static.inaturalist.org/photos/33255314/medium.jpg?1553283542,Mespilus germanica
https://static.inaturalist.org/photos/33932064/medium.jpg?1554176411,Mespilus germanica
https://static.inaturalist.org/photos/34598856/medium.jpeg?1555012121,Mespilus germanica
https://static.inaturalist.org/photos/35254332/medium.jpg?1555755993,Mespilus germanica
https://static.inaturalist.org/photos/36577865/medium.jpg?1556460314,Mespilus germanica
https://static.inaturalist.org/photos/36589815/medium.jpg?1556462616,Mespilus germanica
https://static.inaturalist.org/photos/37381635/medium.jpeg?1556626032,Mespilus germanica
https://static.inaturalist.org/photos/37520000/medium.jpeg?1556696388,Mespilus germanica
https://static.inaturalist.org/photos/37767345/medium.jpg?1556860090,Mespilus germanica
https://static.inaturalist.org/photos/37880569/medium.jpg?1556954075,Mespilus germanica
https://static.inaturalist.org/photos/38170609/medium.jpg?1557170859,Mespilus germanica
https://static.inaturalist.org/photos/38231868/medium.jpg?1557227972,Mespilus germanica
https://static.inaturalist.org/photos/38264360/medium.jpeg?1557254916,Mespilus germanica
https://static.inaturalist.org/photos/38405436/medium.jpg?1557404063,Mespilus germanica
https://static.inaturalist.org/photos/38449255/medium.jpg?1557440559,Mespilus germanica
https://static.inaturalist.org/photos/38478907/medium.jpg?1557477260,Mespilus germanica
https://static.inaturalist.org/photos/38576457/medium.jpeg?1557587714,Mespilus germanica
https://static.inaturalist.org/photos/38779157/medium.jpeg?1557758807,Mespilus germanica
https://static.inaturalist.org/photos/38791449/medium.jpg?1557769451,Mespilus germanica
https://static.inaturalist.org/photos/38853677/medium.jpg?1557835634,Mespilus germanica
https://static.inaturalist.org/photos/38861856/medium.jpeg?1557844369,Mespilus germanica
https://static.inaturalist.org/photos/38887896/medium.jpeg?1557864520,Mespilus germanica
https://static.inaturalist.org/photos/38891603/medium.jpg?1557866929,Mespilus germanica
https://static.inaturalist.org/photos/38937240/medium.jpg?1557922057,Mespilus germanica
https://static.inaturalist.org/photos/39040186/medium.jpeg?1558025145,Mespilus germanica
https://static.inaturalist.org/photos/39042600/medium.jpg?1558027008,Mespilus germanica
https://static.inaturalist.org/photos/39149251/medium.jpg?1558134922,Mespilus germanica
https://static.inaturalist.org/photos/39188914/medium.jpeg?1558183140,Mespilus germanica
https://static.inaturalist.org/photos/39216642/medium.jpg?1558201647,Mespilus germanica
https://static.inaturalist.org/photos/39222173/medium.jpg?1558204960,Mespilus germanica
https://static.inaturalist.org/photos/39323201/medium.jpeg?1558288698,Mespilus germanica
https://static.inaturalist.org/photos/39393997/medium.jpg?1558348838,Mespilus germanica
https://static.inaturalist.org/photos/39401556/medium.jpeg?1558357478,Mespilus germanica
https://static.inaturalist.org/photos/39426758/medium.jpg?1558375625,Mespilus germanica
https://static.inaturalist.org/photos/39492377/medium.jpeg?1558427978,Mespilus germanica
https://static.inaturalist.org/photos/39602844/medium.jpg?1558532053,Mespilus germanica
https://static.inaturalist.org/photos/39777515/medium.jpg?1558687214,Mespilus germanica
https://static.inaturalist.org/photos/39950775/medium.jpeg?1558827102,Mespilus germanica
https://static.inaturalist.org/photos/39951265/medium.jpeg?1558827365,Mespilus germanica
https://static.inaturalist.org/photos/40114643/medium.jpg?1558954603,Mespilus germanica
https://static.inaturalist.org/photos/40123434/medium.jpg?1558963466,Mespilus germanica
https://static.inaturalist.org/photos/40168831/medium.jpg?1558990195,Mespilus germanica
https://static.inaturalist.org/photos/40269477/medium.jpeg?1559077053,Mespilus germanica
https://static.inaturalist.org/photos/40791313/medium.jpg?1559509417,Mespilus germanica
https://static.inaturalist.org/photos/40857533/medium.jpg?1559558337,Mespilus germanica
https://static.inaturalist.org/photos/42089145/medium.jpeg?1560672457,Mespilus germanica
https://static.inaturalist.org/photos/42517878/medium.jpg?1561051926,Mespilus germanica
https://static.inaturalist.org/photos/42532958/medium.jpeg?1561061791,Mespilus germanica
https://static.inaturalist.org/photos/42572542/medium.jpg?1561095977,Mespilus germanica
https://static.inaturalist.org/photos/42919811/medium.jpg?1561393436,Mespilus germanica
https://static.inaturalist.org/photos/43021751/medium.jpg?1561479683,Mespilus germanica
https://static.inaturalist.org/photos/43107622/medium.jpg?1561550857,Mespilus germanica
https://static.inaturalist.org/photos/43123154/medium.jpg?1561562777,Mespilus germanica
https://static.inaturalist.org/photos/43921089/medium.jpg?1562264518,Mespilus germanica
https://static.inaturalist.org/photos/44119974/medium.jpg?1562438596,Mespilus germanica
https://static.inaturalist.org/photos/44151931/medium.jpg?1562456878,Mespilus germanica
https://static.inaturalist.org/photos/44191557/medium.jpeg?1562493237,Mespilus germanica
https://static.inaturalist.org/photos/44375223/medium.jpeg?1562627021,Mespilus germanica
https://static.inaturalist.org/photos/44428514/medium.jpeg?1562683542,Mespilus germanica
https://static.inaturalist.org/photos/44514948/medium.jpeg?1562763219,Mespilus germanica
https://static.inaturalist.org/photos/44695636/medium.jpg?1562924709,Mespilus germanica
https://static.inaturalist.org/photos/49165609/medium.jpg?1566669063,Mespilus germanica
https://static.inaturalist.org/photos/44894190/medium.jpeg?1563094829,Mespilus germanica
https://static.inaturalist.org/photos/45015156/medium.jpg?1563193329,Mespilus germanica
https://static.inaturalist.org/photos/45397263/medium.jpeg?1563521736,Mespilus germanica
https://static.inaturalist.org/photos/45722711/medium.jpg?1563772612,Mespilus germanica
https://static.inaturalist.org/photos/45858533/medium.jpg?1563897211,Mespilus germanica
https://static.inaturalist.org/photos/46145567/medium.jpg?1564131231,Mespilus germanica
https://static.inaturalist.org/photos/46252817/medium.jpg?1564228736,Mespilus germanica
https://static.inaturalist.org/photos/46258532/medium.jpg?1564234033,Mespilus germanica
https://static.inaturalist.org/photos/46361693/medium.jpeg?1564309880,Mespilus germanica
https://static.inaturalist.org/photos/46464736/medium.jpg?1564368369,Mespilus germanica
https://static.inaturalist.org/photos/46822170/medium.jpg?1564674185,Mespilus germanica
https://static.inaturalist.org/photos/46990918/medium.jpeg?1564821325,Mespilus germanica
https://static.inaturalist.org/photos/47004353/medium.jpg?1564838006,Mespilus germanica
https://static.inaturalist.org/photos/47125970/medium.jpg?1564931111,Mespilus germanica
https://static.inaturalist.org/photos/47530972/medium.jpg?1565274394,Mespilus germanica
https://static.inaturalist.org/photos/47628925/medium.jpeg?1565365048,Mespilus germanica
https://static.inaturalist.org/photos/47712042/medium.jpeg?1565442718,Mespilus germanica
https://static.inaturalist.org/photos/47810226/medium.jpg?1565510128,Mespilus germanica
https://static.inaturalist.org/photos/47817076/medium.jpeg?1565520265,Mespilus germanica
https://static.inaturalist.org/photos/47822205/medium.jpeg?1565525792,Mespilus germanica
https://static.inaturalist.org/photos/47949960/medium.jpeg?1565618718,Mespilus germanica
https://static.inaturalist.org/photos/47953216/medium.jpg?1565621034,Mespilus germanica
https://static.inaturalist.org/photos/47955928/medium.jpeg?1565623140,Mespilus germanica
https://static.inaturalist.org/photos/48039664/medium.jpg?1565683756,Mespilus germanica
https://static.inaturalist.org/photos/48046378/medium.jpeg?1565693629,Mespilus germanica
https://static.inaturalist.org/photos/48419513/medium.jpg?1566006920,Mespilus germanica
https://static.inaturalist.org/photos/48558162/medium.jpeg?1566134965,Mespilus germanica
https://static.inaturalist.org/photos/48666681/medium.jpeg?1566219587,Mespilus germanica
https://static.inaturalist.org/photos/48848620/medium.jpeg?1566379491,Mespilus germanica
https://static.inaturalist.org/photos/49161318/medium.jpeg?1566667214,Mespilus germanica
https://static.inaturalist.org/photos/49292277/medium.jpeg?1566758753,Mespilus germanica
https://static.inaturalist.org/photos/49398075/medium.jpg?1566837417,Mespilus germanica
https://static.inaturalist.org/photos/49470023/medium.jpeg?1566897964,Mespilus germanica
https://static.inaturalist.org/photos/49484006/medium.jpeg?1566914072,Mespilus germanica
https://static.inaturalist.org/photos/49572583/medium.jpg?1566985393,Mespilus germanica
https://static.inaturalist.org/photos/49633600/medium.jpg?1567031203,Mespilus germanica
https://static.inaturalist.org/photos/49689416/medium.jpg?1567090901,Mespilus germanica
https://static.inaturalist.org/photos/50014464/medium.jpg?1567354534,Mespilus germanica
https://static.inaturalist.org/photos/50214581/medium.jpeg?1567498261,Mespilus germanica
https://static.inaturalist.org/photos/50234384/medium.jpeg?1567522663,Mespilus germanica
https://static.inaturalist.org/photos/50490737/medium.jpeg?1567754138,Mespilus germanica
https://static.inaturalist.org/photos/50490542/medium.jpg?1567753605,Mespilus germanica
https://static.inaturalist.org/photos/50513792/medium.jpeg?1567784679,Mespilus germanica
https://static.inaturalist.org/photos/50580660/medium.jpg?1567848699,Mespilus germanica
https://static.inaturalist.org/photos/50674523/medium.jpg?1567907971,Mespilus germanica
https://static.inaturalist.org/photos/50867274/medium.jpeg?1568060841,Mespilus germanica
https://static.inaturalist.org/photos/50928081/medium.jpg?1568126801,Mespilus germanica
https://static.inaturalist.org/photos/51129978/medium.jpeg?1568303468,Mespilus germanica
https://static.inaturalist.org/photos/51287824/medium.jpeg?1568457065,Mespilus germanica
https://static.inaturalist.org/photos/51394330/medium.jpeg?1568540792,Mespilus germanica
https://static.inaturalist.org/photos/51395956/medium.jpeg?1568543463,Mespilus germanica
https://static.inaturalist.org/photos/51400321/medium.jpg?1568549082,Mespilus germanica
https://static.inaturalist.org/photos/51401039/medium.jpg?1568549768,Mespilus germanica
https://static.inaturalist.org/photos/51415959/medium.jpg?1568560478,Mespilus germanica
https://static.inaturalist.org/photos/51548801/medium.jpg?1568658994,Mespilus germanica
https://static.inaturalist.org/photos/51565081/medium.jpg?1568668481,Mespilus germanica
https://static.inaturalist.org/photos/51895165/medium.jpg?1568984055,Mespilus germanica
https://static.inaturalist.org/photos/52090933/medium.jpeg?1569136737,Mespilus germanica
https://static.inaturalist.org/photos/52092490/medium.jpeg?1569139921,Mespilus germanica
https://static.inaturalist.org/photos/52235896/medium.jpeg?1569259686,Mespilus germanica
https://static.inaturalist.org/photos/52257838/medium.jpeg?1569273526,Mespilus germanica
https://static.inaturalist.org/photos/52264583/medium.jpg?1569277734,Mespilus germanica
https://static.inaturalist.org/photos/52481839/medium.jpeg?1569481085,Mespilus germanica
https://static.inaturalist.org/photos/52489401/medium.jpeg?1569497741,Mespilus germanica
https://static.inaturalist.org/photos/52572851/medium.jpeg?1569573657,Mespilus germanica
https://static.inaturalist.org/photos/52659446/medium.jpg?1569675398,Mespilus germanica
https://static.inaturalist.org/photos/52687347/medium.jpeg?1569693882,Mespilus germanica
https://static.inaturalist.org/photos/52780745/medium.jpg?1569774858,Mespilus germanica
https://static.inaturalist.org/photos/52878592/medium.jpeg?1569859755,Mespilus germanica
https://static.inaturalist.org/photos/52878796/medium.jpg?1569859946,Mespilus germanica
https://static.inaturalist.org/photos/53263629/medium.jpg?1570267117,Mespilus germanica
https://static.inaturalist.org/photos/52979998/medium.jpg?1569955857,Mespilus germanica
https://static.inaturalist.org/photos/53059169/medium.jpg?1570039306,Mespilus germanica
https://static.inaturalist.org/photos/53065160/medium.jpeg?1570044035,Mespilus germanica
https://static.inaturalist.org/photos/53104894/medium.jpeg?1570087750,Mespilus germanica
https://static.inaturalist.org/photos/53121186/medium.jpg?1570112952,Mespilus germanica
https://static.inaturalist.org/photos/53180698/medium.jpeg?1570172877,Mespilus germanica
https://static.inaturalist.org/photos/53274015/medium.jpg?1570282612,Mespilus germanica
https://static.inaturalist.org/photos/53284867/medium.jpg?1570290953,Mespilus germanica
https://static.inaturalist.org/photos/53369861/medium.jpeg?1570365406,Mespilus germanica
https://static.inaturalist.org/photos/53373940/medium.jpeg?1570369473,Mespilus germanica
https://static.inaturalist.org/photos/53377517/medium.jpeg?1570372205,Mespilus germanica
https://static.inaturalist.org/photos/53381091/medium.jpeg?1570374126,Mespilus germanica
https://static.inaturalist.org/photos/53381119/medium.jpeg?1570374140,Mespilus germanica
https://static.inaturalist.org/photos/53397234/medium.jpg?1570383717,Mespilus germanica
https://static.inaturalist.org/photos/53404815/medium.jpeg?1570388489,Mespilus germanica
https://static.inaturalist.org/photos/53632746/medium.jpg?1570600278,Mespilus germanica
https://static.inaturalist.org/photos/53637464/medium.jpeg?1570610988,Mespilus germanica
https://static.inaturalist.org/photos/53733192/medium.jpg?1570722579,Mespilus germanica
https://static.inaturalist.org/photos/53792155/medium.jpeg?1570790713,Mespilus germanica
https://static.inaturalist.org/photos/53818875/medium.jpg?1570819301,Mespilus germanica
https://static.inaturalist.org/photos/53859419/medium.jpeg?1570870403,Mespilus germanica
https://static.inaturalist.org/photos/53861317/medium.jpg?1570874048,Mespilus germanica
https://static.inaturalist.org/photos/53957014/medium.jpg?1570965096,Mespilus germanica
https://static.inaturalist.org/photos/53964080/medium.jpg?1570973098,Mespilus germanica
https://static.inaturalist.org/photos/53967052/medium.jpeg?1570975413,Mespilus germanica
https://static.inaturalist.org/photos/53989594/medium.jpeg?1570991949,Mespilus germanica
https://static.inaturalist.org/photos/54045642/medium.jpeg?1571038326,Mespilus germanica
https://static.inaturalist.org/photos/54369673/medium.jpeg?1571412131,Mespilus germanica
https://static.inaturalist.org/photos/54518256/medium.jpg?1571578194,Mespilus germanica
https://static.inaturalist.org/photos/54621442/medium.jpg?1571664900,Mespilus germanica
https://static.inaturalist.org/photos/54941103/medium.jpeg?1572017468,Mespilus germanica
https://static.inaturalist.org/photos/54999082/medium.jpg?1572090425,Mespilus germanica
https://static.inaturalist.org/photos/55088365/medium.jpeg?1572185498,Mespilus germanica
https://static.inaturalist.org/photos/55094822/medium.jpeg?1572190918,Mespilus germanica
https://static.inaturalist.org/photos/55166383/medium.jpg?1572265678,Mespilus germanica
https://static.inaturalist.org/photos/55181335/medium.jpeg?1572282378,Mespilus germanica
https://static.inaturalist.org/photos/55233986/medium.jpg?1572352259,Mespilus germanica
https://static.inaturalist.org/photos/55326454/medium.jpeg?1572466768,Mespilus germanica
https://static.inaturalist.org/photos/55355296/medium.jpeg?1572511171,Mespilus germanica
https://static.inaturalist.org/photos/55366234/medium.jpeg?1572532691,Mespilus germanica
https://static.inaturalist.org/photos/55388540/medium.jpg?1572559676,Mespilus germanica
https://static.inaturalist.org/photos/55389676/medium.jpg?1572560928,Mespilus germanica
https://static.inaturalist.org/photos/55409176/medium.jpeg?1572601765,Mespilus germanica
https://static.inaturalist.org/photos/55435666/medium.jpeg?1572637970,Mespilus germanica
https://static.inaturalist.org/photos/55846526/medium.jpg?1573153073,Mespilus germanica
https://static.inaturalist.org/photos/55952250/medium.jpg?1573289910,Mespilus germanica
https://static.inaturalist.org/photos/55954478/medium.jpeg?1573296835,Mespilus germanica
https://static.inaturalist.org/photos/55963712/medium.jpg?1573312836,Mespilus germanica
https://static.inaturalist.org/photos/56031800/medium.jpg?1573396678,Mespilus germanica
https://static.inaturalist.org/photos/56090626/medium.jpeg?1573459196,Mespilus germanica
https://static.inaturalist.org/photos/56093192/medium.jpeg?1573466936,Mespilus germanica
https://static.inaturalist.org/photos/56095089/medium.jpg?1573473338,Mespilus germanica
https://static.inaturalist.org/photos/56319141/medium.jpeg?1573807565,Mespilus germanica
https://static.inaturalist.org/photos/56348902/medium.jpeg?1573850346,Mespilus germanica
https://static.inaturalist.org/photos/56365141/medium.jpg?1573870765,Mespilus germanica
https://static.inaturalist.org/photos/56394943/medium.jpg?1573922768,Mespilus germanica
https://static.inaturalist.org/photos/56818846/medium.jpg?1574531905,Mespilus germanica
https://static.inaturalist.org/photos/56832481/medium.jpeg?1574545553,Mespilus germanica
https://static.inaturalist.org/photos/56954104/medium.jpeg?1574695677,Mespilus germanica
https://static.inaturalist.org/photos/56954333/medium.jpeg?1574695925,Mespilus germanica
https://static.inaturalist.org/photos/57016975/medium.jpg?1574781396,Mespilus germanica
https://static.inaturalist.org/photos/57099921/medium.jpeg?1574895811,Mespilus germanica
https://static.inaturalist.org/photos/57099931/medium.jpeg?1574895820,Mespilus germanica
https://static.inaturalist.org/photos/57126775/medium.jpeg?1574953264,Mespilus germanica
https://static.inaturalist.org/photos/57137614/medium.jpg?1574969528,Mespilus germanica
https://static.inaturalist.org/photos/57299130/medium.jpg?1575225359,Mespilus germanica
https://static.inaturalist.org/photos/57359818/medium.jpg?1575317907,Mespilus germanica
https://static.inaturalist.org/photos/57391057/medium.jpeg?1575369985,Mespilus germanica
https://static.inaturalist.org/photos/57473479/medium.jpeg?1575505403,Mespilus germanica
https://static.inaturalist.org/photos/57637519/medium.jpeg?1575794818,Mespilus germanica
https://static.inaturalist.org/photos/57644246/medium.jpg?1575811632,Mespilus germanica
https://static.inaturalist.org/photos/58189957/medium.jpeg?1576768859,Mespilus germanica
https://static.inaturalist.org/photos/58688579/medium.jpg?1577618456,Mespilus germanica
https://static.inaturalist.org/photos/58700502/medium.jpeg?1577636232,Mespilus germanica
https://static.inaturalist.org/photos/59175683/medium.jpeg?1578325528,Mespilus germanica
https://static.inaturalist.org/photos/59192647/medium.jpg?1578345469,Mespilus germanica
https://static.inaturalist.org/photos/59194986/medium.jpg?1578348156,Mespilus germanica
https://static.inaturalist.org/photos/60992801/medium.jpg?1581059923,Mespilus germanica
https://static.inaturalist.org/photos/62193586/medium.jpg?1582666465,Mespilus germanica
https://static.inaturalist.org/photos/63921276/medium.jpeg?1584634368,Mespilus germanica
https://static.inaturalist.org/photos/63920052/medium.jpg?1584633458,Mespilus germanica
https://static.inaturalist.org/photos/64238299/medium.jpeg?1584899553,Mespilus germanica
https://static.inaturalist.org/photos/64496495/medium.jpeg?1585132954,Mespilus germanica
https://static.inaturalist.org/photos/64922671/medium.jpeg?1585470061,Mespilus germanica
https://static.inaturalist.org/photos/65053339/medium.jpeg?1585556432,Mespilus germanica
https://static.inaturalist.org/photos/65372186/medium.jpeg?1585821182,Mespilus germanica
https://static.inaturalist.org/photos/65448249/medium.jpg?1585872227,Mespilus germanica
https://static.inaturalist.org/photos/66004655/medium.jpg?1586268122,Mespilus germanica
https://static.inaturalist.org/photos/66135338/medium.jpeg?1586357920,Mespilus germanica
https://static.inaturalist.org/photos/66386505/medium.jpeg?1586539315,Mespilus germanica
https://static.inaturalist.org/photos/66409419/medium.jpeg?1586550495,Mespilus germanica
https://static.inaturalist.org/photos/66473178/medium.jpeg?1586590845,Mespilus germanica
https://static.inaturalist.org/photos/66473373/medium.jpeg?1586591034,Mespilus germanica
https://static.inaturalist.org/photos/66506199/medium.jpg?1586619211,Mespilus germanica
https://static.inaturalist.org/photos/66507925/medium.jpeg?1586620081,Mespilus germanica
https://static.inaturalist.org/photos/67031895/medium.jpeg?1586941663,Mespilus germanica
https://static.inaturalist.org/photos/67152808/medium.jpeg?1587019536,Mespilus germanica
https://static.inaturalist.org/photos/67153096/medium.jpeg?1587019899,Mespilus germanica
https://static.inaturalist.org/photos/67460416/medium.jpeg?1587228580,Mespilus germanica
https://static.inaturalist.org/photos/67599267/medium.jpeg?1587307335,Mespilus germanica
https://static.inaturalist.org/photos/68056642/medium.jpeg?1587572094,Mespilus germanica
https://static.inaturalist.org/photos/69133992/medium.jpg?1587894872,Mespilus germanica
https://static.inaturalist.org/photos/69180743/medium.jpg?1587907564,Mespilus germanica
https://static.inaturalist.org/photos/69266221/medium.jpg?1587921385,Mespilus germanica
https://static.inaturalist.org/photos/69654088/medium.jpg?1588005414,Mespilus germanica
https://static.inaturalist.org/photos/69462248/medium.jpg?1587950262,Mespilus germanica
https://static.inaturalist.org/photos/69593754/medium.jpeg?1587993633,Mespilus germanica
https://static.inaturalist.org/photos/69610592/medium.jpg?1587997484,Mespilus germanica
https://static.inaturalist.org/photos/69937310/medium.jpeg?1588073140,Mespilus germanica
https://static.inaturalist.org/photos/70909667/medium.jpg?1588515004,Mespilus germanica
https://static.inaturalist.org/photos/71150942/medium.jpeg?1588606091,Mespilus germanica
https://static.inaturalist.org/photos/71480392/medium.jpeg?1588785821,Mespilus germanica
https://static.inaturalist.org/photos/71482881/medium.jpeg?1588786757,Mespilus germanica
https://static.inaturalist.org/photos/71491151/medium.jpeg?1588789847,Mespilus germanica
https://static.inaturalist.org/photos/71503487/medium.jpg?1588794449,Mespilus germanica
https://static.inaturalist.org/photos/71593737/medium.jpeg?1588850073,Mespilus germanica
https://static.inaturalist.org/photos/71932388/medium.jpeg?1589033358,Mespilus germanica
https://static.inaturalist.org/photos/71938648/medium.jpg?1589036252,Mespilus germanica
https://static.inaturalist.org/photos/72496221/medium.jpeg?1589313328,Mespilus germanica
https://static.inaturalist.org/photos/72573872/medium.jpg?1589358037,Mespilus germanica
https://static.inaturalist.org/photos/72623816/medium.jpeg?1589390337,Mespilus germanica
https://static.inaturalist.org/photos/73101256/medium.jpg?1589641226,Mespilus germanica
https://static.inaturalist.org/photos/73105171/medium.jpg?1589642423,Mespilus germanica
https://static.inaturalist.org/photos/73107964/medium.jpg?1589643244,Mespilus germanica
https://static.inaturalist.org/photos/73129331/medium.jpg?1589649007,Mespilus germanica
https://static.inaturalist.org/photos/73179550/medium.jpeg?1589662259,Mespilus germanica
https://static.inaturalist.org/photos/73269641/medium.jpeg?1589698594,Mespilus germanica
https://static.inaturalist.org/photos/73624131/medium.jpg?1589836489,Mespilus germanica
https://static.inaturalist.org/photos/74316578/medium.jpeg?1590167277,Mespilus germanica
https://static.inaturalist.org/photos/74467395/medium.jpg?1590235208,Mespilus germanica
https://static.inaturalist.org/photos/74480890/medium.jpeg?1590241138,Mespilus germanica
https://static.inaturalist.org/photos/74926615/medium.jpg?1590396752,Mespilus germanica
https://static.inaturalist.org/photos/74982755/medium.jpg?1590422446,Mespilus germanica
https://static.inaturalist.org/photos/74999000/medium.jpeg?1590426855,Mespilus germanica
https://static.inaturalist.org/photos/76226753/medium.jpeg?1590965084,Mespilus germanica
https://static.inaturalist.org/photos/81932426/medium.jpg?1593596043,Mespilus germanica
https://static.inaturalist.org/photos/77242019/medium.jpg?1591464100,Mespilus germanica
https://static.inaturalist.org/photos/78015124/medium.jpg?1591814899,Mespilus germanica
https://static.inaturalist.org/photos/78442197/medium.jpg?1592032780,Mespilus germanica
https://static.inaturalist.org/photos/78702387/medium.jpg?1592143217,Mespilus germanica
https://static.inaturalist.org/photos/78733691/medium.jpg?1592152161,Mespilus germanica
https://static.inaturalist.org/photos/79342745/medium.jpg?1592421026,Mespilus germanica
https://static.inaturalist.org/photos/79353773/medium.jpg?1592424848,Mespilus germanica
https://static.inaturalist.org/photos/79526316/medium.jpeg?1592510637,Mespilus germanica
https://static.inaturalist.org/photos/79611817/medium.jpeg?1592560588,Mespilus germanica
https://static.inaturalist.org/photos/79637731/medium.jpeg?1592576790,Mespilus germanica
https://static.inaturalist.org/photos/80972153/medium.jpeg?1593171733,Mespilus germanica
https://static.inaturalist.org/photos/81173066/medium.jpeg?1593270517,Mespilus germanica
https://static.inaturalist.org/photos/81769919/medium.jpg?1593522200,Mespilus germanica
https://static.inaturalist.org/photos/81769912/medium.jpg?1593522199,Mespilus germanica
https://static.inaturalist.org/photos/81770092/medium.jpeg?1593522271,Mespilus germanica
https://static.inaturalist.org/photos/82462278/medium.jpeg?1593858080,Mespilus germanica
https://static.inaturalist.org/photos/82763489/medium.jpg?1593985589,Mespilus germanica
https://static.inaturalist.org/photos/84516837/medium.jpeg?1594817846,Mespilus germanica
https://static.inaturalist.org/photos/84571321/medium.jpg?1594838690,Mespilus germanica
https://static.inaturalist.org/photos/84885772/medium.jpg?1595000188,Mespilus germanica
https://static.inaturalist.org/photos/85015435/medium.jpg?1595062595,Mespilus germanica
https://static.inaturalist.org/photos/85953900/medium.jpeg?1595487535,Mespilus germanica
https://static.inaturalist.org/photos/85959326/medium.jpeg?1595493945,Mespilus germanica
https://static.inaturalist.org/photos/86168853/medium.jpeg?1595602931,Mespilus germanica
