image_url,scientific_name
https://static.inaturalist.org/photos/350031/medium.JPG?1444788230,Brassica juncea
https://static.inaturalist.org/photos/774187/medium.jpg?1397007562,Brassica juncea
https://static.inaturalist.org/photos/1160590/medium.jpg?1412539246,Brassica juncea
https://static.inaturalist.org/photos/1227334/medium.?1413327444,Brassica juncea
https://static.inaturalist.org/photos/1239984/medium.?1413366046,Brassica juncea
https://static.inaturalist.org/photos/1786775/medium.jpg?1430504669,Brassica juncea
https://static.inaturalist.org/photos/1815595/medium.jpg?1431055118,Brassica juncea
https://static.inaturalist.org/photos/2398875/medium.jpg?1544549874,Brassica juncea
https://static.inaturalist.org/photos/2620872/medium.jpg?1446881907,Brassica juncea
https://static.inaturalist.org/photos/2709393/medium.JPG?1448673353,Brassica juncea
https://static.inaturalist.org/photos/2852413/medium.jpg?1452116431,Brassica juncea
https://static.inaturalist.org/photos/3272678/medium.jpg?1459610352,Brassica juncea
https://static.inaturalist.org/photos/4278102/medium.jpeg?1468702490,Brassica juncea
https://static.inaturalist.org/photos/5104900/medium.jpeg?1475541283,Brassica juncea
https://static.inaturalist.org/photos/5638011/medium.jpg?1480367982,Brassica juncea
https://static.inaturalist.org/photos/5829434/medium.jpg?1481940440,Brassica juncea
https://static.inaturalist.org/photos/6616911/medium.jpeg?1489834091,Brassica juncea
https://static.inaturalist.org/photos/6861497/medium.jpg?1491250766,Brassica juncea
https://static.inaturalist.org/photos/7109367/medium.jpg?1492288886,Brassica juncea
https://static.inaturalist.org/photos/7253782/medium.jpg?1492549098,Brassica juncea
https://static.inaturalist.org/photos/7484776/medium.jpg?1493328901,Brassica juncea
https://static.inaturalist.org/photos/8221962/medium.jpg?1496605893,Brassica juncea
https://static.inaturalist.org/photos/8870096/medium.jpg?1499331257,Brassica juncea
https://static.inaturalist.org/photos/9166618/medium.jpeg?1500514281,Brassica juncea
https://static.inaturalist.org/photos/9281136/medium.jpeg?1500946813,Brassica juncea
https://static.inaturalist.org/photos/11689349/medium.jpg?1510018956,Brassica juncea
https://static.inaturalist.org/photos/11842533/medium.png?1510755291,Brassica juncea
https://static.inaturalist.org/photos/12501713/medium.jpeg?1513986631,Brassica juncea
https://static.inaturalist.org/photos/14106791/medium.jpeg?1520897254,Brassica juncea
https://static.inaturalist.org/photos/14222636/medium.jpeg?1521307023,Brassica juncea
https://static.inaturalist.org/photos/16086642/medium.jpg?1524372262,Brassica juncea
https://static.inaturalist.org/photos/16521917/medium.jpg?1524882502,Brassica juncea
https://static.inaturalist.org/photos/16743880/medium.jpeg?1524973716,Brassica juncea
https://static.inaturalist.org/photos/16934264/medium.jpg?1525055744,Brassica juncea
https://static.inaturalist.org/photos/16938863/medium.jpg?1525057149,Brassica juncea
https://static.inaturalist.org/photos/21036208/medium.jpeg?1531097657,Brassica juncea
https://static.inaturalist.org/photos/25123869/medium.jpg?1537289913,Brassica juncea
https://static.inaturalist.org/photos/25779195/medium.jpeg?1538255167,Brassica juncea
https://static.inaturalist.org/photos/30277309/medium.jpeg?1547574859,Brassica juncea
https://static.inaturalist.org/photos/30610807/medium.jpg?1548383576,Brassica juncea
https://static.inaturalist.org/photos/33251381/medium.jpg?1553278546,Brassica juncea
https://static.inaturalist.org/photos/34088657/medium.jpg?1554408283,Brassica juncea
https://static.inaturalist.org/photos/34104660/medium.jpg?1554423726,Brassica juncea
https://static.inaturalist.org/photos/34825364/medium.jpg?1555273804,Brassica juncea
https://static.inaturalist.org/photos/35831651/medium.jpeg?1556275057,Brassica juncea
https://static.inaturalist.org/photos/37800648/medium.jpg?1556898879,Brassica juncea
https://static.inaturalist.org/photos/43485716/medium.jpeg?1561883106,Brassica juncea
https://static.inaturalist.org/photos/50457059/medium.jpeg?1567721117,Brassica juncea
https://static.inaturalist.org/photos/54303091/medium.jpg?1571327703,Brassica juncea
https://static.inaturalist.org/photos/57020205/medium.jpg?1574785202,Brassica juncea
https://static.inaturalist.org/photos/58233346/medium.jpeg?1576857951,Brassica juncea
https://static.inaturalist.org/photos/59171486/medium.jpeg?1578319193,Brassica juncea
https://static.inaturalist.org/photos/59437569/medium.jpeg?1578759877,Brassica juncea
https://static.inaturalist.org/photos/63972086/medium.jpeg?1584668442,Brassica juncea
https://static.inaturalist.org/photos/64481498/medium.jpeg?1585107476,Brassica juncea
https://static.inaturalist.org/photos/64663741/medium.jpg?1585270324,Brassica juncea
https://static.inaturalist.org/photos/65074471/medium.jpg?1585580667,Brassica juncea
https://static.inaturalist.org/photos/65394649/medium.jpeg?1585843216,Brassica juncea
https://static.inaturalist.org/photos/74374271/medium.jpg?1590185298,Brassica juncea
https://static.inaturalist.org/photos/74982591/medium.jpg?1590422391,Brassica juncea
