image_url,scientific_name
https://static.inaturalist.org/photos/4916582/medium.jpeg?1474134188,Abelmoschus moschatus
https://static.inaturalist.org/photos/7427676/medium.jpeg?1493087560,Abelmoschus moschatus
https://static.inaturalist.org/photos/8011330/medium.jpg?1495684374,Abelmoschus moschatus
https://static.inaturalist.org/photos/9770310/medium.jpg?1502753681,Abelmoschus moschatus
https://static.inaturalist.org/photos/12293177/medium.jpeg?1512840112,Abelmoschus moschatus
https://static.inaturalist.org/photos/14521780/medium.jpeg?1522146673,Abelmoschus moschatus tuberosus
https://static.inaturalist.org/photos/22042678/medium.jpg?1532656844,Abelmoschus moschatus
https://static.inaturalist.org/photos/25117412/medium.jpeg?1537282175,Abelmoschus moschatus
https://static.inaturalist.org/photos/26866301/medium.jpeg?1539912998,Abelmoschus moschatus
https://static.inaturalist.org/photos/27523088/medium.jpg?1541055317,Abelmoschus moschatus
https://static.inaturalist.org/photos/28450449/medium.jpeg?1543029857,Abelmoschus moschatus
https://static.inaturalist.org/photos/28827633/medium.jpeg?1543910019,Abelmoschus moschatus
https://static.inaturalist.org/photos/30739334/medium.jpeg?1548667970,Abelmoschus moschatus
https://static.inaturalist.org/photos/37795214/medium.jpg?1556895097,Abelmoschus moschatus
https://static.inaturalist.org/photos/44087508/medium.jpeg?1562418783,Abelmoschus moschatus
https://static.inaturalist.org/photos/45606356/medium.jpeg?1563696929,Abelmoschus moschatus tuberosus
https://static.inaturalist.org/photos/47802478/medium.jpeg?1565498896,Abelmoschus moschatus
https://static.inaturalist.org/photos/49393052/medium.jpeg?1566834609,Abelmoschus moschatus
https://static.inaturalist.org/photos/50094885/medium.jpg?1567406524,Abelmoschus moschatus
https://static.inaturalist.org/photos/51876373/medium.jpeg?1568951443,Abelmoschus moschatus
https://static.inaturalist.org/photos/52199008/medium.jpeg?1569214586,Abelmoschus moschatus
https://static.inaturalist.org/photos/52748149/medium.jpeg?1569740879,Abelmoschus moschatus
https://static.inaturalist.org/photos/53344855/medium.jpeg?1570329844,Abelmoschus moschatus
https://static.inaturalist.org/photos/53712725/medium.jpg?1570695573,Abelmoschus moschatus
https://static.inaturalist.org/photos/53409310/medium.jpeg?1570628941,Abelmoschus moschatus
https://static.inaturalist.org/photos/53629328/medium.jpeg?1570593747,Abelmoschus moschatus
https://static.inaturalist.org/photos/53719994/medium.jpeg?1570709658,Abelmoschus moschatus
https://static.inaturalist.org/photos/54671889/medium.jpeg?1571704765,Abelmoschus moschatus
https://static.inaturalist.org/photos/55212666/medium.jpeg?1572311581,Abelmoschus moschatus
https://static.inaturalist.org/photos/55481004/medium.jpg?1572710094,Abelmoschus moschatus
https://static.inaturalist.org/photos/55866817/medium.jpg?1573175132,Abelmoschus moschatus
https://static.inaturalist.org/photos/56442456/medium.jpg?1573980333,Abelmoschus moschatus
https://static.inaturalist.org/photos/56867261/medium.jpeg?1574584275,Abelmoschus moschatus
https://static.inaturalist.org/photos/57122715/medium.jpeg?1574945247,Abelmoschus moschatus
https://static.inaturalist.org/photos/57122729/medium.jpeg?1574945310,Abelmoschus moschatus
https://static.inaturalist.org/photos/57332945/medium.jpg?1575266661,Abelmoschus moschatus
https://static.inaturalist.org/photos/59092877/medium.jpeg?1578203625,Abelmoschus moschatus
https://static.inaturalist.org/photos/61137196/medium.jpeg?1581260455,Abelmoschus moschatus
https://static.inaturalist.org/photos/63703593/medium.jpg?1584406174,Abelmoschus moschatus tuberosus
https://static.inaturalist.org/photos/66087802/medium.jpeg?1586309823,Abelmoschus moschatus tuberosus
https://static.inaturalist.org/photos/66713863/medium.jpeg?1586725819,Abelmoschus moschatus tuberosus
https://static.inaturalist.org/photos/66718153/medium.jpeg?1586727478,Abelmoschus moschatus tuberosus
https://static.inaturalist.org/photos/69044372/medium.jpg?1587866650,Abelmoschus moschatus tuberosus
https://static.inaturalist.org/photos/69697753/medium.jpg?1588012856,Abelmoschus moschatus
https://static.inaturalist.org/photos/69914465/medium.jpg?1588056971,Abelmoschus moschatus
https://static.inaturalist.org/photos/75460319/medium.jpg?1590627120,Abelmoschus moschatus tuberosus
https://static.inaturalist.org/photos/84789464/medium.jpeg?1594943708,Abelmoschus moschatus
https://static.inaturalist.org/photos/86349140/medium.jpeg?1595688481,Abelmoschus moschatus
