image_url,scientific_name
https://static.inaturalist.org/photos/184230/medium.JPG?1349498744,Byrsonima crassifolia
https://static.inaturalist.org/photos/275680/medium.JPG?1444797862,Byrsonima crassifolia
https://static.inaturalist.org/photos/287237/medium.JPG?1444799426,Byrsonima crassifolia
https://static.inaturalist.org/photos/301387/medium.JPG?1366406238,Byrsonima crassifolia
https://static.inaturalist.org/photos/417466/medium.JPG?1373992856,Byrsonima crassifolia
https://static.inaturalist.org/photos/618312/medium.JPG?1388266562,Byrsonima crassifolia
https://static.inaturalist.org/photos/786920/medium.JPG?1444784164,Byrsonima crassifolia
https://static.inaturalist.org/photos/797332/medium.JPG?1398019806,Byrsonima crassifolia
https://static.inaturalist.org/photos/823120/medium.JPG?1398984573,Byrsonima crassifolia
https://static.inaturalist.org/photos/838982/medium.JPG?1399484417,Byrsonima crassifolia
https://static.inaturalist.org/photos/871530/medium.JPG?1400816715,Byrsonima crassifolia
https://static.inaturalist.org/photos/1024982/medium.jpg?1406960725,Byrsonima crassifolia
https://static.inaturalist.org/photos/1064386/medium.JPG?1408590669,Byrsonima crassifolia
https://static.inaturalist.org/photos/1364655/medium.JPG?1416610126,Byrsonima crassifolia
https://static.inaturalist.org/photos/1367635/medium.jpg?1416703038,Byrsonima crassifolia
https://static.inaturalist.org/photos/1466070/medium.jpg?1420505681,Byrsonima crassifolia
https://static.inaturalist.org/photos/1560259/medium.jpg?1444301390,Byrsonima crassifolia
https://static.inaturalist.org/photos/1719627/medium.jpg?1428937347,Byrsonima crassifolia
https://static.inaturalist.org/photos/1747763/medium.JPG?1429654408,Byrsonima crassifolia
https://static.inaturalist.org/photos/1845825/medium.JPG?1431657149,Byrsonima crassifolia
https://static.inaturalist.org/photos/1892756/medium.jpg?1432332765,Byrsonima crassifolia
https://static.inaturalist.org/photos/1948877/medium.JPG?1433216941,Byrsonima crassifolia
https://static.inaturalist.org/photos/1968818/medium.JPG?1433640599,Byrsonima crassifolia
https://static.inaturalist.org/photos/2017852/medium.JPG?1434645810,Byrsonima crassifolia
https://static.inaturalist.org/photos/2108580/medium.jpg?1436473600,Byrsonima crassifolia
https://static.inaturalist.org/photos/2131302/medium.JPG?1436895469,Byrsonima crassifolia
https://static.inaturalist.org/photos/2261175/medium.JPG?1439489801,Byrsonima crassifolia
https://static.inaturalist.org/photos/3037057/medium.JPG?1455922867,Byrsonima crassifolia
https://static.inaturalist.org/photos/3086699/medium.JPG?1456855828,Byrsonima crassifolia
https://static.inaturalist.org/photos/3408004/medium.jpg?1461006064,Byrsonima crassifolia
https://static.inaturalist.org/photos/3715486/medium.jpg?1463621326,Byrsonima crassifolia
https://static.inaturalist.org/photos/3725050/medium.JPG?1463699281,Byrsonima crassifolia
https://static.inaturalist.org/photos/4035953/medium.jpg?1466191617,Byrsonima crassifolia
https://static.inaturalist.org/photos/4037069/medium.jpg?1466200248,Byrsonima crassifolia
https://static.inaturalist.org/photos/4109348/medium.jpg?1466967576,Byrsonima crassifolia
https://static.inaturalist.org/photos/4130385/medium.jpg?1467186314,Byrsonima crassifolia
https://static.inaturalist.org/photos/4186286/medium.jpg?1467698524,Byrsonima crassifolia
https://static.inaturalist.org/photos/4230151/medium.jpeg?1468177000,Byrsonima crassifolia
https://static.inaturalist.org/photos/4584579/medium.jpeg?1471388128,Byrsonima crassifolia
https://static.inaturalist.org/photos/4677341/medium.jpeg?1472230512,Byrsonima crassifolia
https://static.inaturalist.org/photos/5099077/medium.jpeg?1475509449,Byrsonima crassifolia
https://static.inaturalist.org/photos/5123873/medium.jpeg?1475688327,Byrsonima crassifolia
https://static.inaturalist.org/photos/5298643/medium.jpg?1477101493,Byrsonima crassifolia
https://static.inaturalist.org/photos/5364883/medium.jpg?1477697446,Byrsonima crassifolia
https://static.inaturalist.org/photos/5413494/medium.jpg?1478122449,Byrsonima crassifolia
https://static.inaturalist.org/photos/5529034/medium.jpg?1479252097,Byrsonima crassifolia
https://static.inaturalist.org/photos/5569555/medium.jpeg?1479666665,Byrsonima crassifolia
https://static.inaturalist.org/photos/5725345/medium.jpg?1481172126,Byrsonima crassifolia
https://static.inaturalist.org/photos/5731247/medium.jpeg?1481223966,Byrsonima crassifolia
https://static.inaturalist.org/photos/5750587/medium.jpeg?1481312079,Byrsonima crassifolia
https://static.inaturalist.org/photos/6189528/medium.jpg?1486181120,Byrsonima crassifolia
https://static.inaturalist.org/photos/6291342/medium.jpeg?1487196448,Byrsonima crassifolia
https://static.inaturalist.org/photos/6559384/medium.jpeg?1489434472,Byrsonima crassifolia
https://static.inaturalist.org/photos/6576416/medium.jpeg?1489545875,Byrsonima crassifolia
https://static.inaturalist.org/photos/6795885/medium.jpg?1490910821,Byrsonima crassifolia
https://static.inaturalist.org/photos/6859995/medium.jpeg?1491244530,Byrsonima crassifolia
https://static.inaturalist.org/photos/7176960/medium.jpg?1492397523,Byrsonima crassifolia
https://static.inaturalist.org/photos/7373799/medium.jpeg?1492897833,Byrsonima crassifolia
https://static.inaturalist.org/photos/7435507/medium.jpeg?1493137413,Byrsonima crassifolia
https://static.inaturalist.org/photos/7463754/medium.jpg?1493240015,Byrsonima crassifolia
https://static.inaturalist.org/photos/7470569/medium.png?1493264892,Byrsonima crassifolia
https://static.inaturalist.org/photos/7488996/medium.jpeg?1493339337,Byrsonima crassifolia
https://static.inaturalist.org/photos/7498615/medium.jpeg?1493397940,Byrsonima crassifolia
https://static.inaturalist.org/photos/7509276/medium.jpg?1493438863,Byrsonima crassifolia
https://static.inaturalist.org/photos/7584768/medium.jpeg?1493750775,Byrsonima crassifolia
https://static.inaturalist.org/photos/7611784/medium.jpg?1493874834,Byrsonima crassifolia
https://static.inaturalist.org/photos/7632765/medium.jpeg?1494003014,Byrsonima crassifolia
https://static.inaturalist.org/photos/7703047/medium.jpeg?1494296383,Byrsonima crassifolia
https://static.inaturalist.org/photos/7922892/medium.jpg?1495323446,Byrsonima crassifolia
https://static.inaturalist.org/photos/7988327/medium.jpg?1495585645,Byrsonima crassifolia
https://static.inaturalist.org/photos/8056814/medium.jpeg?1495909460,Byrsonima crassifolia
https://static.inaturalist.org/photos/8167168/medium.jpg?1496359472,Byrsonima crassifolia
https://static.inaturalist.org/photos/8243123/medium.jpg?1496683247,Byrsonima crassifolia
https://static.inaturalist.org/photos/8336102/medium.jpg?1497069278,Byrsonima crassifolia
https://static.inaturalist.org/photos/8625395/medium.jpg?1498347750,Byrsonima crassifolia
https://static.inaturalist.org/photos/8774393/medium.jpeg?1498955188,Byrsonima crassifolia
https://static.inaturalist.org/photos/8924839/medium.jpeg?1499565644,Byrsonima crassifolia
https://static.inaturalist.org/photos/8925101/medium.jpeg?1499566227,Byrsonima crassifolia
https://static.inaturalist.org/photos/8958375/medium.jpeg?1499695891,Byrsonima crassifolia
https://static.inaturalist.org/photos/8981553/medium.jpeg?1499742233,Byrsonima crassifolia
https://static.inaturalist.org/photos/8981632/medium.jpeg?1499742397,Byrsonima crassifolia
https://static.inaturalist.org/photos/8981646/medium.jpeg?1499742417,Byrsonima crassifolia
https://static.inaturalist.org/photos/8985957/medium.jpeg?1499764154,Byrsonima crassifolia
https://static.inaturalist.org/photos/9017440/medium.jpeg?1499901713,Byrsonima crassifolia
https://static.inaturalist.org/photos/9317414/medium.jpg?1501086874,Byrsonima crassifolia
https://static.inaturalist.org/photos/9333760/medium.jpg?1501134335,Byrsonima crassifolia
https://static.inaturalist.org/photos/9551606/medium.jpeg?1501969221,Byrsonima crassifolia
https://static.inaturalist.org/photos/9556377/medium.jpeg?1501979923,Byrsonima crassifolia
https://static.inaturalist.org/photos/9656176/medium.jpeg?1502332542,Byrsonima crassifolia
https://static.inaturalist.org/photos/9752497/medium.jpeg?1502686304,Byrsonima crassifolia
https://static.inaturalist.org/photos/9820581/medium.jpeg?1502971012,Byrsonima crassifolia
https://static.inaturalist.org/photos/9826119/medium.jpeg?1502994176,Byrsonima crassifolia
https://static.inaturalist.org/photos/10136322/medium.jpeg?1504191777,Byrsonima crassifolia
https://static.inaturalist.org/photos/10623817/medium.jpeg?1506008737,Byrsonima crassifolia
https://static.inaturalist.org/photos/10904298/medium.jpeg?1506974418,Byrsonima crassifolia
https://static.inaturalist.org/photos/11231689/medium.jpeg?1508195739,Byrsonima crassifolia
https://static.inaturalist.org/photos/11724184/medium.jpeg?1510194584,Byrsonima crassifolia
https://static.inaturalist.org/photos/11724187/medium.jpeg?1510194600,Byrsonima crassifolia
https://static.inaturalist.org/photos/11724198/medium.jpg?1510194647,Byrsonima crassifolia
https://static.inaturalist.org/photos/11731034/medium.jpeg?1510245099,Byrsonima crassifolia
https://static.inaturalist.org/photos/11731054/medium.jpeg?1510245140,Byrsonima crassifolia
https://static.inaturalist.org/photos/11731074/medium.jpeg?1510245178,Byrsonima crassifolia
https://static.inaturalist.org/photos/11848360/medium.jpeg?1510776952,Byrsonima crassifolia
https://static.inaturalist.org/photos/11860423/medium.jpeg?1510860041,Byrsonima crassifolia
https://static.inaturalist.org/photos/11862495/medium.jpg?1510866292,Byrsonima crassifolia
https://static.inaturalist.org/photos/11862401/medium.jpeg?1510866083,Byrsonima crassifolia
https://static.inaturalist.org/photos/11918130/medium.jpg?1511125002,Byrsonima crassifolia
https://static.inaturalist.org/photos/12366348/medium.jpeg?1513200540,Byrsonima crassifolia
https://static.inaturalist.org/photos/12977763/medium.jpeg?1516298841,Byrsonima crassifolia
https://static.inaturalist.org/photos/12978614/medium.jpg?1516302881,Byrsonima crassifolia
https://static.inaturalist.org/photos/13144083/medium.jpeg?1517029104,Byrsonima crassifolia
https://static.inaturalist.org/photos/13232670/medium.jpg?1517416123,Byrsonima crassifolia
https://static.inaturalist.org/photos/13590136/medium.jpeg?1518979789,Byrsonima crassifolia
https://static.inaturalist.org/photos/13597251/medium.jpg?1518998161,Byrsonima crassifolia
https://static.inaturalist.org/photos/14324972/medium.jpg?1521589796,Byrsonima crassifolia
https://static.inaturalist.org/photos/14767788/medium.jpeg?1522771467,Byrsonima crassifolia
https://static.inaturalist.org/photos/14770357/medium.jpeg?1522776922,Byrsonima crassifolia
https://static.inaturalist.org/photos/14802754/medium.jpeg?1522853700,Byrsonima crassifolia
https://static.inaturalist.org/photos/14839409/medium.png?1522938003,Byrsonima crassifolia
https://static.inaturalist.org/photos/14839483/medium.png?1522938160,Byrsonima crassifolia
https://static.inaturalist.org/photos/14886958/medium.jpg?1523049463,Byrsonima crassifolia
https://static.inaturalist.org/photos/15098000/medium.jpg?1523493514,Byrsonima crassifolia
https://static.inaturalist.org/photos/15733851/medium.jpeg?1524076128,Byrsonima crassifolia
https://static.inaturalist.org/photos/16598462/medium.jpeg?1524931521,Byrsonima crassifolia
https://static.inaturalist.org/photos/16711429/medium.jpeg?1524961955,Byrsonima crassifolia
https://static.inaturalist.org/photos/17225960/medium.jpg?1525220344,Byrsonima crassifolia
https://static.inaturalist.org/photos/17407580/medium.jpg?1525450249,Byrsonima crassifolia
https://static.inaturalist.org/photos/17588261/medium.jpg?1525713510,Byrsonima crassifolia
https://static.inaturalist.org/photos/17673527/medium.jpeg?1525839997,Byrsonima crassifolia
https://static.inaturalist.org/photos/17712599/medium.jpeg?1525910472,Byrsonima crassifolia
https://static.inaturalist.org/photos/17714743/medium.jpeg?1525913381,Byrsonima crassifolia
https://static.inaturalist.org/photos/17887078/medium.jpg?1526194184,Byrsonima crassifolia
https://static.inaturalist.org/photos/18056893/medium.jpeg?1526452106,Byrsonima crassifolia
https://static.inaturalist.org/photos/18435330/medium.jpg?1527040653,Byrsonima crassifolia
https://static.inaturalist.org/photos/18491953/medium.jpeg?1527136156,Byrsonima crassifolia
https://static.inaturalist.org/photos/18555765/medium.jpeg?1527256883,Byrsonima crassifolia
https://static.inaturalist.org/photos/18696559/medium.jpg?1527471699,Byrsonima crassifolia
https://static.inaturalist.org/photos/18727083/medium.jpg?1527527289,Byrsonima crassifolia
https://static.inaturalist.org/photos/18733717/medium.jpg?1527534037,Byrsonima crassifolia
https://static.inaturalist.org/photos/18857551/medium.jpg?1527728992,Byrsonima crassifolia
https://static.inaturalist.org/photos/18866071/medium.jpg?1527740073,Byrsonima crassifolia
https://static.inaturalist.org/photos/19055868/medium.jpg?1528046192,Byrsonima crassifolia
https://static.inaturalist.org/photos/20699956/medium.jpg?1530574283,Byrsonima crassifolia
https://static.inaturalist.org/photos/20715864/medium.jpeg?1530599527,Byrsonima crassifolia
https://static.inaturalist.org/photos/20716232/medium.jpg?1530601177,Byrsonima crassifolia
https://static.inaturalist.org/photos/20968326/medium.jpeg?1531006353,Byrsonima crassifolia
https://static.inaturalist.org/photos/21668072/medium.jpg?1532106893,Byrsonima crassifolia
https://static.inaturalist.org/photos/21962520/medium.jpeg?1532544282,Byrsonima crassifolia
https://static.inaturalist.org/photos/22178818/medium.jpeg?1532821604,Byrsonima crassifolia
https://static.inaturalist.org/photos/22238042/medium.jpg?1532892557,Byrsonima crassifolia
https://static.inaturalist.org/photos/22436809/medium.jpeg?1533171247,Byrsonima crassifolia
https://static.inaturalist.org/photos/22543826/medium.jpeg?1533351274,Byrsonima crassifolia
https://static.inaturalist.org/photos/23380816/medium.jpg?1534637708,Byrsonima crassifolia
https://static.inaturalist.org/photos/23571354/medium.jpeg?1534913590,Byrsonima crassifolia
https://static.inaturalist.org/photos/23692004/medium.jpeg?1535127269,Byrsonima crassifolia
https://static.inaturalist.org/photos/23782811/medium.jpg?1535264780,Byrsonima crassifolia
https://static.inaturalist.org/photos/23818016/medium.jpg?1535316189,Byrsonima crassifolia
https://static.inaturalist.org/photos/23949051/medium.jpg?1535522175,Byrsonima crassifolia
https://static.inaturalist.org/photos/24116099/medium.jpg?1535811938,Byrsonima crassifolia
https://static.inaturalist.org/photos/24140896/medium.jpeg?1535837997,Byrsonima crassifolia
https://static.inaturalist.org/photos/24243418/medium.jpg?1535986601,Byrsonima crassifolia
https://static.inaturalist.org/photos/25445631/medium.jpg?1537741782,Byrsonima crassifolia
https://static.inaturalist.org/photos/26376056/medium.jpeg?1539137351,Byrsonima crassifolia
https://static.inaturalist.org/photos/26424140/medium.jpeg?1539217891,Byrsonima crassifolia
https://static.inaturalist.org/photos/26570521/medium.jpg?1539458632,Byrsonima crassifolia
https://static.inaturalist.org/photos/26666425/medium.jpg?1539574233,Byrsonima crassifolia
https://static.inaturalist.org/photos/27137060/medium.jpg?1540348392,Byrsonima crassifolia
https://static.inaturalist.org/photos/27183025/medium.jpeg?1540431941,Byrsonima crassifolia
https://static.inaturalist.org/photos/27182947/medium.jpeg?1540431832,Byrsonima crassifolia
https://static.inaturalist.org/photos/27418741/medium.jpg?1540849852,Byrsonima crassifolia
https://static.inaturalist.org/photos/27587760/medium.jpg?1541202236,Byrsonima crassifolia
https://static.inaturalist.org/photos/27769783/medium.jpg?1541509729,Byrsonima crassifolia
https://static.inaturalist.org/photos/27912767/medium.jpeg?1541717638,Byrsonima crassifolia
https://static.inaturalist.org/photos/28917025/medium.jpg?1544151676,Byrsonima crassifolia
https://static.inaturalist.org/photos/28930295/medium.jpeg?1544201935,Byrsonima crassifolia
https://static.inaturalist.org/photos/29345376/medium.jpeg?1545317645,Byrsonima crassifolia
https://static.inaturalist.org/photos/29411961/medium.jpeg?1545501578,Byrsonima crassifolia
https://static.inaturalist.org/photos/29689345/medium.jpeg?1546189775,Byrsonima crassifolia
https://static.inaturalist.org/photos/29732607/medium.jpeg?1546282853,Byrsonima crassifolia
https://static.inaturalist.org/photos/30067638/medium.jpg?1547062355,Byrsonima crassifolia
https://static.inaturalist.org/photos/30411880/medium.jpeg?1547934583,Byrsonima crassifolia
https://static.inaturalist.org/photos/30709968/medium.jpg?1548617697,Byrsonima crassifolia
https://static.inaturalist.org/photos/30942760/medium.jpg?1549152564,Byrsonima crassifolia
https://static.inaturalist.org/photos/31063971/medium.jpg?1549412774,Byrsonima crassifolia
https://static.inaturalist.org/photos/31108250/medium.jpg?1549490621,Byrsonima crassifolia
https://static.inaturalist.org/photos/31316031/medium.jpeg?1549915631,Byrsonima crassifolia
https://static.inaturalist.org/photos/31512498/medium.jpeg?1550375176,Byrsonima crassifolia
https://static.inaturalist.org/photos/31519795/medium.jpeg?1550390117,Byrsonima crassifolia
https://static.inaturalist.org/photos/31698875/medium.jpg?1550772598,Byrsonima crassifolia
https://static.inaturalist.org/photos/32582758/medium.jpeg?1552154536,Byrsonima crassifolia
https://static.inaturalist.org/photos/33092968/medium.jpeg?1553018538,Byrsonima crassifolia
https://static.inaturalist.org/photos/33146662/medium.jpeg?1553104844,Byrsonima crassifolia
https://static.inaturalist.org/photos/33262129/medium.jpg?1553291441,Byrsonima crassifolia
https://static.inaturalist.org/photos/33367023/medium.jpeg?1553445785,Byrsonima crassifolia
https://static.inaturalist.org/photos/33561777/medium.jpeg?1553720214,Byrsonima crassifolia
https://static.inaturalist.org/photos/33986764/medium.jpeg?1554256171,Byrsonima crassifolia
https://static.inaturalist.org/photos/34057089/medium.jpg?1554352174,Byrsonima crassifolia
https://static.inaturalist.org/photos/34297645/medium.jpeg?1554663192,Byrsonima crassifolia
https://static.inaturalist.org/photos/34326085/medium.jpg?1554682601,Byrsonima crassifolia
https://static.inaturalist.org/photos/34393840/medium.jpg?1554761581,Byrsonima crassifolia
https://static.inaturalist.org/photos/34798226/medium.jpeg?1555253256,Byrsonima crassifolia
https://static.inaturalist.org/photos/35121180/medium.jpeg?1555610154,Byrsonima crassifolia
https://static.inaturalist.org/photos/35201755/medium.jpg?1555698089,Byrsonima crassifolia
https://static.inaturalist.org/photos/35336739/medium.jpeg?1555822871,Byrsonima crassifolia
https://static.inaturalist.org/photos/35386315/medium.jpg?1555872901,Byrsonima crassifolia
https://static.inaturalist.org/photos/35424115/medium.jpg?1555893129,Byrsonima crassifolia
https://static.inaturalist.org/photos/35440151/medium.jpeg?1555904351,Byrsonima crassifolia
https://static.inaturalist.org/photos/35472741/medium.jpeg?1555946647,Byrsonima crassifolia
https://static.inaturalist.org/photos/35520872/medium.jpg?1555978999,Byrsonima crassifolia
https://static.inaturalist.org/photos/35645893/medium.jpeg?1556109910,Byrsonima crassifolia
https://static.inaturalist.org/photos/35689833/medium.jpg?1556146900,Byrsonima crassifolia
https://static.inaturalist.org/photos/35693636/medium.jpg?1556150173,Byrsonima crassifolia
https://static.inaturalist.org/photos/35707895/medium.jpeg?1556162252,Byrsonima crassifolia
https://static.inaturalist.org/photos/35951845/medium.jpeg?1556306512,Byrsonima crassifolia
https://static.inaturalist.org/photos/35979825/medium.jpeg?1556311888,Byrsonima crassifolia
https://static.inaturalist.org/photos/35996000/medium.jpeg?1556315086,Byrsonima crassifolia
https://static.inaturalist.org/photos/35991722/medium.jpeg?1556314264,Byrsonima crassifolia
https://static.inaturalist.org/photos/35991787/medium.jpeg?1556314280,Byrsonima crassifolia
https://static.inaturalist.org/photos/36003630/medium.jpeg?1556316600,Byrsonima crassifolia
https://static.inaturalist.org/photos/36018941/medium.jpg?1556319675,Byrsonima crassifolia
https://static.inaturalist.org/photos/36025866/medium.jpeg?1556321068,Byrsonima crassifolia
https://static.inaturalist.org/photos/36039749/medium.jpg?1556323885,Byrsonima crassifolia
https://static.inaturalist.org/photos/36048459/medium.jpg?1556325869,Byrsonima crassifolia
https://static.inaturalist.org/photos/36056602/medium.jpeg?1556327538,Byrsonima crassifolia
https://static.inaturalist.org/photos/36071334/medium.jpg?1556330527,Byrsonima crassifolia
https://static.inaturalist.org/photos/36072385/medium.jpeg?1556330739,Byrsonima crassifolia
https://static.inaturalist.org/photos/36072772/medium.jpeg?1556330812,Byrsonima crassifolia
https://static.inaturalist.org/photos/36164369/medium.jpeg?1556365463,Byrsonima crassifolia
https://static.inaturalist.org/photos/36209430/medium.jpeg?1556376891,Byrsonima crassifolia
https://static.inaturalist.org/photos/36216843/medium.jpeg?1556378148,Byrsonima crassifolia
https://static.inaturalist.org/photos/36221286/medium.jpeg?1556378930,Byrsonima crassifolia
https://static.inaturalist.org/photos/36226704/medium.jpeg?1556379900,Byrsonima crassifolia
https://static.inaturalist.org/photos/36240579/medium.jpeg?1556382293,Byrsonima crassifolia
https://static.inaturalist.org/photos/36241011/medium.jpeg?1556382372,Byrsonima crassifolia
https://static.inaturalist.org/photos/36293547/medium.jpeg?1556390708,Byrsonima crassifolia
https://static.inaturalist.org/photos/36300965/medium.jpg?1556391923,Byrsonima crassifolia
https://static.inaturalist.org/photos/36333928/medium.jpg?1556397110,Byrsonima crassifolia
https://static.inaturalist.org/photos/36373639/medium.jpg?1556403344,Byrsonima crassifolia
https://static.inaturalist.org/photos/36390245/medium.jpeg?1556406339,Byrsonima crassifolia
https://static.inaturalist.org/photos/36394794/medium.jpeg?1556407121,Byrsonima crassifolia
https://static.inaturalist.org/photos/36419831/medium.jpg?1556411694,Byrsonima crassifolia
https://static.inaturalist.org/photos/36433911/medium.jpeg?1556414157,Byrsonima crassifolia
https://static.inaturalist.org/photos/36454611/medium.jpeg?1556418001,Byrsonima crassifolia
https://static.inaturalist.org/photos/36475654/medium.jpg?1556422144,Byrsonima crassifolia
https://static.inaturalist.org/photos/36491109/medium.jpeg?1556425812,Byrsonima crassifolia
https://static.inaturalist.org/photos/36591335/medium.jpeg?1556462901,Byrsonima crassifolia
https://static.inaturalist.org/photos/36599963/medium.jpeg?1556464467,Byrsonima crassifolia
https://static.inaturalist.org/photos/36599616/medium.jpg?1556464408,Byrsonima crassifolia
https://static.inaturalist.org/photos/36692040/medium.jpg?1556479044,Byrsonima crassifolia
https://static.inaturalist.org/photos/36692442/medium.jpg?1556479110,Byrsonima crassifolia
https://static.inaturalist.org/photos/36696895/medium.jpg?1556479826,Byrsonima crassifolia
https://static.inaturalist.org/photos/36714355/medium.jpeg?1556482740,Byrsonima crassifolia
https://static.inaturalist.org/photos/36719726/medium.jpg?1556483603,Byrsonima crassifolia
https://static.inaturalist.org/photos/36719796/medium.jpeg?1556483612,Byrsonima crassifolia
https://static.inaturalist.org/photos/36750013/medium.jpeg?1556488077,Byrsonima crassifolia
https://static.inaturalist.org/photos/36748992/medium.jpeg?1556487931,Byrsonima crassifolia
https://static.inaturalist.org/photos/36811962/medium.jpeg?1556497178,Byrsonima crassifolia
https://static.inaturalist.org/photos/36814618/medium.jpeg?1556497628,Byrsonima crassifolia
https://static.inaturalist.org/photos/36823969/medium.jpg?1556499119,Byrsonima crassifolia
https://static.inaturalist.org/photos/36828888/medium.jpg?1556499915,Byrsonima crassifolia
https://static.inaturalist.org/photos/36832034/medium.jpeg?1556500403,Byrsonima crassifolia
https://static.inaturalist.org/photos/36852280/medium.jpeg?1556503877,Byrsonima crassifolia
https://static.inaturalist.org/photos/36861937/medium.jpeg?1556505558,Byrsonima crassifolia
https://static.inaturalist.org/photos/36887164/medium.jpeg?1556509813,Byrsonima crassifolia
https://static.inaturalist.org/photos/36893490/medium.jpeg?1556510999,Byrsonima crassifolia
https://static.inaturalist.org/photos/36901826/medium.jpg?1556512844,Byrsonima crassifolia
https://static.inaturalist.org/photos/37037365/medium.jpeg?1556552592,Byrsonima crassifolia
https://static.inaturalist.org/photos/37074456/medium.jpeg?1556558623,Byrsonima crassifolia
https://static.inaturalist.org/photos/37112059/medium.jpeg?1556564782,Byrsonima crassifolia
https://static.inaturalist.org/photos/37093797/medium.jpg?1556561826,Byrsonima crassifolia
https://static.inaturalist.org/photos/37111601/medium.jpg?1556564694,Byrsonima crassifolia
https://static.inaturalist.org/photos/37126447/medium.jpeg?1556567103,Byrsonima crassifolia
https://static.inaturalist.org/photos/37141273/medium.jpeg?1556569309,Byrsonima crassifolia
https://static.inaturalist.org/photos/37142215/medium.jpeg?1556569458,Byrsonima crassifolia
https://static.inaturalist.org/photos/37142462/medium.jpeg?1556569495,Byrsonima crassifolia
https://static.inaturalist.org/photos/37142139/medium.jpeg?1556569448,Byrsonima crassifolia
https://static.inaturalist.org/photos/37188044/medium.jpeg?1556576596,Byrsonima crassifolia
https://static.inaturalist.org/photos/37191540/medium.jpeg?1556577138,Byrsonima crassifolia
https://static.inaturalist.org/photos/37198775/medium.jpg?1556578316,Byrsonima crassifolia
https://static.inaturalist.org/photos/37208205/medium.jpg?1556579810,Byrsonima crassifolia
https://static.inaturalist.org/photos/37212359/medium.jpg?1556580375,Byrsonima crassifolia
https://static.inaturalist.org/photos/37255439/medium.jpg?1556586286,Byrsonima crassifolia
https://static.inaturalist.org/photos/37236101/medium.jpg?1556583599,Byrsonima crassifolia
https://static.inaturalist.org/photos/37279319/medium.jpg?1556589703,Byrsonima crassifolia
https://static.inaturalist.org/photos/37279366/medium.jpg?1556589709,Byrsonima crassifolia
https://static.inaturalist.org/photos/37279427/medium.jpg?1556589718,Byrsonima crassifolia
https://static.inaturalist.org/photos/37286280/medium.jpeg?1556590728,Byrsonima crassifolia
https://static.inaturalist.org/photos/37292974/medium.jpeg?1556591698,Byrsonima crassifolia
https://static.inaturalist.org/photos/37289407/medium.jpg?1556591191,Byrsonima crassifolia
https://static.inaturalist.org/photos/37289549/medium.jpg?1556591211,Byrsonima crassifolia
https://static.inaturalist.org/photos/37290105/medium.jpg?1556591293,Byrsonima crassifolia
https://static.inaturalist.org/photos/37300517/medium.jpeg?1556592935,Byrsonima crassifolia
https://static.inaturalist.org/photos/37302558/medium.jpeg?1556593298,Byrsonima crassifolia
https://static.inaturalist.org/photos/37313522/medium.jpeg?1556594997,Byrsonima crassifolia
https://static.inaturalist.org/photos/37317952/medium.jpeg?1556595712,Byrsonima crassifolia
https://static.inaturalist.org/photos/37298466/medium.jpg?1556592600,Byrsonima crassifolia
https://static.inaturalist.org/photos/37298907/medium.jpg?1556592675,Byrsonima crassifolia
https://static.inaturalist.org/photos/37327763/medium.jpeg?1556597307,Byrsonima crassifolia
https://static.inaturalist.org/photos/37337396/medium.jpeg?1556598908,Byrsonima crassifolia
https://static.inaturalist.org/photos/37346542/medium.jpeg?1556600769,Byrsonima crassifolia
https://static.inaturalist.org/photos/37350912/medium.jpeg?1556602150,Byrsonima crassifolia
https://static.inaturalist.org/photos/37351355/medium.jpg?1556602306,Byrsonima crassifolia
https://static.inaturalist.org/photos/37365558/medium.jpg?1556610705,Byrsonima crassifolia
https://static.inaturalist.org/photos/37365874/medium.jpg?1556611000,Byrsonima crassifolia
https://static.inaturalist.org/photos/37396711/medium.jpeg?1556634590,Byrsonima crassifolia
https://static.inaturalist.org/photos/37427381/medium.jpg?1556647690,Byrsonima crassifolia
https://static.inaturalist.org/photos/37637271/medium.png?1556765221,Byrsonima crassifolia
https://static.inaturalist.org/photos/37654433/medium.jpeg?1556774791,Byrsonima crassifolia
https://static.inaturalist.org/photos/37702606/medium.jpeg?1556819463,Byrsonima crassifolia
https://static.inaturalist.org/photos/37723038/medium.jpeg?1556830881,Byrsonima crassifolia
https://static.inaturalist.org/photos/37776539/medium.jpeg?1556873762,Byrsonima crassifolia
https://static.inaturalist.org/photos/37807779/medium.jpeg?1556903636,Byrsonima crassifolia
https://static.inaturalist.org/photos/37827120/medium.jpeg?1556915229,Byrsonima crassifolia
https://static.inaturalist.org/photos/37948664/medium.jpeg?1557005764,Byrsonima crassifolia
https://static.inaturalist.org/photos/37950824/medium.jpg?1557006693,Byrsonima crassifolia
https://static.inaturalist.org/photos/37978577/medium.jpeg?1557021477,Byrsonima crassifolia
https://static.inaturalist.org/photos/38026885/medium.jpeg?1557069471,Byrsonima crassifolia
https://static.inaturalist.org/photos/38088569/medium.jpg?1557100971,Byrsonima crassifolia
https://static.inaturalist.org/photos/38195748/medium.jpeg?1557186268,Byrsonima crassifolia
https://static.inaturalist.org/photos/38246259/medium.jpeg?1557242976,Byrsonima crassifolia
https://static.inaturalist.org/photos/38266569/medium.jpeg?1557256509,Byrsonima crassifolia
https://static.inaturalist.org/photos/38475817/medium.jpeg?1557468704,Byrsonima crassifolia
https://static.inaturalist.org/photos/38544981/medium.jpeg?1557547643,Byrsonima crassifolia
https://static.inaturalist.org/photos/38630153/medium.jpeg?1557620936,Byrsonima crassifolia
https://static.inaturalist.org/photos/38639774/medium.jpg?1557628456,Byrsonima crassifolia
https://static.inaturalist.org/photos/38723334/medium.jpeg?1557699058,Byrsonima crassifolia
https://static.inaturalist.org/photos/38728047/medium.jpg?1557701567,Byrsonima crassifolia
https://static.inaturalist.org/photos/38773309/medium.jpg?1557752724,Byrsonima crassifolia
https://static.inaturalist.org/photos/38810764/medium.jpeg?1557784798,Byrsonima crassifolia
https://static.inaturalist.org/photos/38878634/medium.jpg?1557857958,Byrsonima crassifolia
https://static.inaturalist.org/photos/38879016/medium.jpg?1557858260,Byrsonima crassifolia
https://static.inaturalist.org/photos/38950040/medium.jpg?1557935232,Byrsonima crassifolia
https://static.inaturalist.org/photos/38950055/medium.jpg?1557935246,Byrsonima crassifolia
https://static.inaturalist.org/photos/38950074/medium.jpg?1557935259,Byrsonima crassifolia
https://static.inaturalist.org/photos/38961349/medium.jpeg?1557943331,Byrsonima crassifolia
https://static.inaturalist.org/photos/39432658/medium.jpeg?1558379258,Byrsonima crassifolia
https://static.inaturalist.org/photos/39536380/medium.jpeg?1558468481,Byrsonima crassifolia
https://static.inaturalist.org/photos/39672186/medium.jpg?1558583676,Byrsonima crassifolia
https://static.inaturalist.org/photos/39673511/medium.jpg?1558584707,Byrsonima crassifolia
https://static.inaturalist.org/photos/39673527/medium.jpg?1558584733,Byrsonima crassifolia
https://static.inaturalist.org/photos/39807328/medium.jpeg?1558719073,Byrsonima crassifolia
https://static.inaturalist.org/photos/40124686/medium.jpeg?1558964702,Byrsonima crassifolia
https://static.inaturalist.org/photos/40206799/medium.jpg?1559012462,Byrsonima crassifolia
https://static.inaturalist.org/photos/40242804/medium.jpg?1559058809,Byrsonima crassifolia
https://static.inaturalist.org/photos/40246737/medium.jpeg?1559061756,Byrsonima crassifolia
https://static.inaturalist.org/photos/40263313/medium.jpg?1559072825,Byrsonima crassifolia
https://static.inaturalist.org/photos/40865099/medium.jpeg?1559567516,Byrsonima crassifolia
https://static.inaturalist.org/photos/40883803/medium.jpg?1559581251,Byrsonima crassifolia
https://static.inaturalist.org/photos/41143714/medium.jpeg?1559829839,Byrsonima crassifolia
https://static.inaturalist.org/photos/41205845/medium.jpeg?1559876314,Byrsonima crassifolia
https://static.inaturalist.org/photos/41722967/medium.jpeg?1560336336,Byrsonima crassifolia
https://static.inaturalist.org/photos/41962772/medium.jpg?1560564101,Byrsonima crassifolia
https://static.inaturalist.org/photos/42050062/medium.jpeg?1560638337,Byrsonima crassifolia
https://static.inaturalist.org/photos/42174258/medium.jpeg?1560733356,Byrsonima crassifolia
https://static.inaturalist.org/photos/42310164/medium.jpg?1560864878,Byrsonima crassifolia
https://static.inaturalist.org/photos/42338257/medium.jpg?1560884746,Byrsonima crassifolia
https://static.inaturalist.org/photos/42476540/medium.jpg?1561006959,Byrsonima crassifolia
https://static.inaturalist.org/photos/42589147/medium.jpeg?1561124538,Byrsonima crassifolia
https://static.inaturalist.org/photos/42811731/medium.jpg?1561307745,Byrsonima crassifolia
https://static.inaturalist.org/photos/43282049/medium.jpg?1561692716,Byrsonima crassifolia
https://static.inaturalist.org/photos/43658646/medium.jpeg?1562022214,Byrsonima crassifolia
https://static.inaturalist.org/photos/44195303/medium.jpg?1562497749,Byrsonima crassifolia
https://static.inaturalist.org/photos/44497382/medium.jpeg?1562734115,Byrsonima crassifolia
https://static.inaturalist.org/photos/44524501/medium.jpeg?1562770924,Byrsonima crassifolia
https://static.inaturalist.org/photos/44611014/medium.jpg?1562851575,Byrsonima crassifolia
https://static.inaturalist.org/photos/44921672/medium.jpeg?1563119579,Byrsonima crassifolia
https://static.inaturalist.org/photos/44953182/medium.jpg?1563137474,Byrsonima crassifolia
https://static.inaturalist.org/photos/45023491/medium.jpg?1563200858,Byrsonima crassifolia
https://static.inaturalist.org/photos/45233258/medium.jpeg?1563373401,Byrsonima crassifolia
https://static.inaturalist.org/photos/45274153/medium.jpeg?1563401614,Byrsonima crassifolia
https://static.inaturalist.org/photos/45447754/medium.jpeg?1563564045,Byrsonima crassifolia
https://static.inaturalist.org/photos/45477187/medium.jpeg?1563584045,Byrsonima crassifolia
https://static.inaturalist.org/photos/45868245/medium.jpeg?1563903501,Byrsonima crassifolia
https://static.inaturalist.org/photos/45925513/medium.jpeg?1563941759,Byrsonima crassifolia
https://static.inaturalist.org/photos/45928743/medium.jpeg?1563945673,Byrsonima crassifolia
https://static.inaturalist.org/photos/46171800/medium.jpeg?1564157578,Byrsonima crassifolia
https://static.inaturalist.org/photos/46207644/medium.jpeg?1564180603,Byrsonima crassifolia
https://static.inaturalist.org/photos/69777563/medium.jpeg?1588025797,Byrsonima crassifolia
https://static.inaturalist.org/photos/46838615/medium.jpg?1564685398,Byrsonima crassifolia
https://static.inaturalist.org/photos/46839890/medium.jpg?1564686283,Byrsonima crassifolia
https://static.inaturalist.org/photos/47316635/medium.jpg?1565068474,Byrsonima crassifolia
https://static.inaturalist.org/photos/47415981/medium.jpeg?1565155713,Byrsonima crassifolia
https://static.inaturalist.org/photos/47416322/medium.jpg?1565156392,Byrsonima crassifolia
https://static.inaturalist.org/photos/47775288/medium.jpg?1565480051,Byrsonima crassifolia
https://static.inaturalist.org/photos/47808798/medium.jpg?1565507604,Byrsonima crassifolia
https://static.inaturalist.org/photos/48279726/medium.jpeg?1565890803,Byrsonima crassifolia
https://static.inaturalist.org/photos/48382015/medium.jpeg?1565980644,Byrsonima crassifolia
https://static.inaturalist.org/photos/48624898/medium.jpg?1566173924,Byrsonima crassifolia
https://static.inaturalist.org/photos/48893414/medium.jpeg?1566416135,Byrsonima crassifolia
https://static.inaturalist.org/photos/48912484/medium.jpg?1566430627,Byrsonima crassifolia
https://static.inaturalist.org/photos/49302198/medium.jpeg?1566763900,Byrsonima crassifolia
https://static.inaturalist.org/photos/49322059/medium.jpeg?1566774282,Byrsonima crassifolia
https://static.inaturalist.org/photos/49802126/medium.jpg?1567182503,Byrsonima crassifolia
https://static.inaturalist.org/photos/50384344/medium.jpeg?1567651213,Byrsonima crassifolia
https://static.inaturalist.org/photos/50625427/medium.jpeg?1567882310,Byrsonima crassifolia
https://static.inaturalist.org/photos/50941024/medium.jpg?1568134902,Byrsonima crassifolia
https://static.inaturalist.org/photos/51571924/medium.jpg?1568672375,Byrsonima crassifolia
https://static.inaturalist.org/photos/51870243/medium.jpeg?1568946461,Byrsonima crassifolia
https://static.inaturalist.org/photos/51924390/medium.jpeg?1569000439,Byrsonima crassifolia
https://static.inaturalist.org/photos/52015534/medium.jpeg?1569081051,Byrsonima crassifolia
https://static.inaturalist.org/photos/52014964/medium.jpeg?1569080743,Byrsonima crassifolia
https://static.inaturalist.org/photos/52017453/medium.jpeg?1569082193,Byrsonima crassifolia
https://static.inaturalist.org/photos/52291962/medium.jpg?1569301358,Byrsonima crassifolia
https://static.inaturalist.org/photos/53335350/medium.jpeg?1570322154,Byrsonima crassifolia
https://static.inaturalist.org/photos/53340153/medium.jpeg?1570326185,Byrsonima crassifolia
https://static.inaturalist.org/photos/53387004/medium.jpeg?1570377771,Byrsonima crassifolia
https://static.inaturalist.org/photos/53387261/medium.jpeg?1570377937,Byrsonima crassifolia
https://static.inaturalist.org/photos/53430568/medium.jpg?1570403293,Byrsonima crassifolia
https://static.inaturalist.org/photos/53456829/medium.jpeg?1570426637,Byrsonima crassifolia
https://static.inaturalist.org/photos/53457888/medium.jpeg?1570427896,Byrsonima crassifolia
https://static.inaturalist.org/photos/53693191/medium.jpg?1570666476,Byrsonima crassifolia
https://static.inaturalist.org/photos/53778915/medium.jpeg?1570763410,Byrsonima crassifolia
https://static.inaturalist.org/photos/53989487/medium.jpg?1570991886,Byrsonima crassifolia
https://static.inaturalist.org/photos/54002941/medium.jpeg?1571000311,Byrsonima crassifolia
https://static.inaturalist.org/photos/54003221/medium.jpeg?1571000453,Byrsonima crassifolia
https://static.inaturalist.org/photos/54012972/medium.jpeg?1571006829,Byrsonima crassifolia
https://static.inaturalist.org/photos/54072577/medium.jpeg?1571068439,Byrsonima crassifolia
https://static.inaturalist.org/photos/54072700/medium.jpeg?1571068530,Byrsonima crassifolia
https://static.inaturalist.org/photos/54187015/medium.jpeg?1571179462,Byrsonima crassifolia
https://static.inaturalist.org/photos/54340433/medium.jpeg?1571362782,Byrsonima crassifolia
https://static.inaturalist.org/photos/54340478/medium.jpeg?1571362827,Byrsonima crassifolia
https://static.inaturalist.org/photos/54359863/medium.jpg?1571401368,Byrsonima crassifolia
https://static.inaturalist.org/photos/54782761/medium.jpeg?1571839652,Byrsonima crassifolia
https://static.inaturalist.org/photos/54806186/medium.jpeg?1571858467,Byrsonima crassifolia
https://static.inaturalist.org/photos/55145956/medium.jpeg?1572230544,Byrsonima crassifolia
https://static.inaturalist.org/photos/55666789/medium.jpeg?1572917535,Byrsonima crassifolia
https://static.inaturalist.org/photos/55671021/medium.jpeg?1572921479,Byrsonima crassifolia
https://static.inaturalist.org/photos/56041562/medium.jpeg?1573406721,Byrsonima crassifolia
https://static.inaturalist.org/photos/56364967/medium.jpg?1573870593,Byrsonima crassifolia
https://static.inaturalist.org/photos/56531962/medium.jpeg?1574097227,Byrsonima crassifolia
https://static.inaturalist.org/photos/56710352/medium.jpeg?1574361547,Byrsonima crassifolia
https://static.inaturalist.org/photos/56724082/medium.jpeg?1574378438,Byrsonima crassifolia
https://static.inaturalist.org/photos/56907235/medium.jpeg?1574632522,Byrsonima crassifolia
https://static.inaturalist.org/photos/57289966/medium.jpeg?1575216097,Byrsonima crassifolia
https://static.inaturalist.org/photos/58410758/medium.jpeg?1577156076,Byrsonima crassifolia
https://static.inaturalist.org/photos/58900091/medium.jpg?1577934089,Byrsonima crassifolia
https://static.inaturalist.org/photos/58975785/medium.jpg?1578055740,Byrsonima crassifolia
https://static.inaturalist.org/photos/59357518/medium.jpg?1578617641,Byrsonima crassifolia
https://static.inaturalist.org/photos/59365992/medium.jpeg?1578631517,Byrsonima crassifolia
https://static.inaturalist.org/photos/59547901/medium.jpeg?1578894528,Byrsonima crassifolia
https://static.inaturalist.org/photos/61246742/medium.jpeg?1581396385,Byrsonima crassifolia
https://static.inaturalist.org/photos/61286514/medium.jpeg?1581461139,Byrsonima crassifolia
https://static.inaturalist.org/photos/61563289/medium.jpeg?1581862895,Byrsonima crassifolia
https://static.inaturalist.org/photos/61633681/medium.jpg?1581938853,Byrsonima crassifolia
https://static.inaturalist.org/photos/62294674/medium.jpg?1582811602,Byrsonima crassifolia
https://static.inaturalist.org/photos/62383101/medium.jpeg?1582929949,Byrsonima crassifolia
https://static.inaturalist.org/photos/62623603/medium.jpeg?1583188961,Byrsonima crassifolia
https://static.inaturalist.org/photos/62624623/medium.jpeg?1583189886,Byrsonima crassifolia
https://static.inaturalist.org/photos/62626294/medium.jpeg?1583191510,Byrsonima crassifolia
https://static.inaturalist.org/photos/62626506/medium.jpeg?1583191628,Byrsonima crassifolia
https://static.inaturalist.org/photos/62630971/medium.jpeg?1583196426,Byrsonima crassifolia
https://static.inaturalist.org/photos/62631059/medium.jpeg?1583196522,Byrsonima crassifolia
https://static.inaturalist.org/photos/62678972/medium.jpg?1583265361,Byrsonima crassifolia
https://static.inaturalist.org/photos/63560412/medium.jpg?1584282403,Byrsonima crassifolia
https://static.inaturalist.org/photos/63809146/medium.jpg?1584518369,Byrsonima crassifolia
https://static.inaturalist.org/photos/64406425/medium.jpg?1585052702,Byrsonima crassifolia
https://static.inaturalist.org/photos/64365740/medium.jpg?1585003932,Byrsonima crassifolia
https://static.inaturalist.org/photos/64449987/medium.jpg?1585084497,Byrsonima crassifolia
https://static.inaturalist.org/photos/64450025/medium.jpg?1585084520,Byrsonima crassifolia
https://static.inaturalist.org/photos/64706479/medium.jpg?1585321487,Byrsonima crassifolia
https://static.inaturalist.org/photos/65150818/medium.jpg?1585626044,Byrsonima crassifolia
https://static.inaturalist.org/photos/65254731/medium.jpeg?1585714359,Byrsonima crassifolia
https://static.inaturalist.org/photos/65677979/medium.jpeg?1586042373,Byrsonima crassifolia
https://static.inaturalist.org/photos/65759406/medium.jpeg?1586103107,Byrsonima crassifolia
https://static.inaturalist.org/photos/65805990/medium.jpg?1586121053,Byrsonima crassifolia
https://static.inaturalist.org/photos/65924544/medium.jpg?1586202412,Byrsonima crassifolia
https://static.inaturalist.org/photos/65911198/medium.jpeg?1586195194,Byrsonima crassifolia
https://static.inaturalist.org/photos/66156079/medium.jpeg?1586368723,Byrsonima crassifolia
https://static.inaturalist.org/photos/66533170/medium.jpg?1586630181,Byrsonima crassifolia
https://static.inaturalist.org/photos/66693122/medium.jpeg?1586718678,Byrsonima crassifolia
https://static.inaturalist.org/photos/66840682/medium.jpeg?1586806239,Byrsonima crassifolia
https://static.inaturalist.org/photos/66959979/medium.jpeg?1586890965,Byrsonima crassifolia
https://static.inaturalist.org/photos/66984268/medium.jpg?1586902613,Byrsonima crassifolia
https://static.inaturalist.org/photos/67085060/medium.jpg?1586978327,Byrsonima crassifolia
https://static.inaturalist.org/photos/67095919/medium.jpeg?1586983231,Byrsonima crassifolia
https://static.inaturalist.org/photos/67351796/medium.jpeg?1587156657,Byrsonima crassifolia
https://static.inaturalist.org/photos/67360397/medium.jpg?1587160974,Byrsonima crassifolia
https://static.inaturalist.org/photos/67370906/medium.jpeg?1587166645,Byrsonima crassifolia
https://static.inaturalist.org/photos/67536448/medium.jpeg?1587259563,Byrsonima crassifolia
https://static.inaturalist.org/photos/67548505/medium.jpg?1587266126,Byrsonima crassifolia
https://static.inaturalist.org/photos/67694649/medium.jpg?1587342485,Byrsonima crassifolia
https://static.inaturalist.org/photos/67702765/medium.jpg?1587346223,Byrsonima crassifolia
https://static.inaturalist.org/photos/67775372/medium.jpg?1587400863,Byrsonima crassifolia
https://static.inaturalist.org/photos/67826542/medium.jpg?1587422290,Byrsonima crassifolia
https://static.inaturalist.org/photos/67859900/medium.jpeg?1587440233,Byrsonima crassifolia
https://static.inaturalist.org/photos/68373966/medium.jpeg?1587732369,Byrsonima crassifolia
https://static.inaturalist.org/photos/68381334/medium.jpg?1587734585,Byrsonima crassifolia
https://static.inaturalist.org/photos/68388146/medium.jpeg?1587736231,Byrsonima crassifolia
https://static.inaturalist.org/photos/68424547/medium.jpeg?1587743619,Byrsonima crassifolia
https://static.inaturalist.org/photos/68426152/medium.jpeg?1587743905,Byrsonima crassifolia
https://static.inaturalist.org/photos/68442014/medium.jpg?1587746712,Byrsonima crassifolia
https://static.inaturalist.org/photos/68446120/medium.jpg?1587747465,Byrsonima crassifolia
https://static.inaturalist.org/photos/68450566/medium.jpeg?1587748248,Byrsonima crassifolia
https://static.inaturalist.org/photos/68455646/medium.jpeg?1587749185,Byrsonima crassifolia
https://static.inaturalist.org/photos/68477222/medium.jpg?1587753034,Byrsonima crassifolia
https://static.inaturalist.org/photos/68477983/medium.jpeg?1587753154,Byrsonima crassifolia
https://static.inaturalist.org/photos/68484320/medium.jpg?1587754232,Byrsonima crassifolia
https://static.inaturalist.org/photos/68495263/medium.jpeg?1587756205,Byrsonima crassifolia
https://static.inaturalist.org/photos/68496961/medium.jpeg?1587756497,Byrsonima crassifolia
https://static.inaturalist.org/photos/68502287/medium.jpeg?1587757419,Byrsonima crassifolia
https://static.inaturalist.org/photos/68509051/medium.jpeg?1587758671,Byrsonima crassifolia
https://static.inaturalist.org/photos/68515151/medium.jpeg?1587759744,Byrsonima crassifolia
https://static.inaturalist.org/photos/68518977/medium.jpeg?1587760358,Byrsonima crassifolia
https://static.inaturalist.org/photos/68525225/medium.jpeg?1587761392,Byrsonima crassifolia
https://static.inaturalist.org/photos/68545720/medium.jpg?1587764777,Byrsonima crassifolia
https://static.inaturalist.org/photos/68558055/medium.jpg?1587766946,Byrsonima crassifolia
https://static.inaturalist.org/photos/68558489/medium.jpeg?1587767021,Byrsonima crassifolia
https://static.inaturalist.org/photos/68562822/medium.jpeg?1587767795,Byrsonima crassifolia
https://static.inaturalist.org/photos/68566431/medium.jpeg?1587768443,Byrsonima crassifolia
https://static.inaturalist.org/photos/68576554/medium.jpeg?1587770263,Byrsonima crassifolia
https://static.inaturalist.org/photos/68580151/medium.jpeg?1587770913,Byrsonima crassifolia
https://static.inaturalist.org/photos/68587431/medium.jpeg?1587772235,Byrsonima crassifolia
https://static.inaturalist.org/photos/68592101/medium.jpeg?1587773166,Byrsonima crassifolia
https://static.inaturalist.org/photos/68594345/medium.jpg?1587773629,Byrsonima crassifolia
https://static.inaturalist.org/photos/68596678/medium.jpeg?1587774167,Byrsonima crassifolia
https://static.inaturalist.org/photos/68604800/medium.jpeg?1587775946,Byrsonima crassifolia
https://static.inaturalist.org/photos/68623633/medium.jpg?1587780056,Byrsonima crassifolia
https://static.inaturalist.org/photos/68641753/medium.jpg?1587784397,Byrsonima crassifolia
https://static.inaturalist.org/photos/68647162/medium.jpeg?1587785739,Byrsonima crassifolia
https://static.inaturalist.org/photos/68658804/medium.jpeg?1587788919,Byrsonima crassifolia
https://static.inaturalist.org/photos/68666396/medium.jpeg?1587791833,Byrsonima crassifolia
https://static.inaturalist.org/photos/68745470/medium.jpeg?1587821128,Byrsonima crassifolia
https://static.inaturalist.org/photos/68752517/medium.jpeg?1587822571,Byrsonima crassifolia
https://static.inaturalist.org/photos/68758487/medium.jpeg?1587823724,Byrsonima crassifolia
https://static.inaturalist.org/photos/68764928/medium.jpeg?1587824876,Byrsonima crassifolia
https://static.inaturalist.org/photos/68791037/medium.jpeg?1587829103,Byrsonima crassifolia
https://static.inaturalist.org/photos/68916953/medium.jpeg?1587846217,Byrsonima crassifolia
https://static.inaturalist.org/photos/68882269/medium.jpg?1587841686,Byrsonima crassifolia
https://static.inaturalist.org/photos/68897383/medium.jpg?1587843776,Byrsonima crassifolia
https://static.inaturalist.org/photos/68908908/medium.jpeg?1587845253,Byrsonima crassifolia
https://static.inaturalist.org/photos/68911421/medium.jpeg?1587845544,Byrsonima crassifolia
https://static.inaturalist.org/photos/68913839/medium.jpeg?1587845839,Byrsonima crassifolia
https://static.inaturalist.org/photos/68925117/medium.jpeg?1587847244,Byrsonima crassifolia
https://static.inaturalist.org/photos/68928980/medium.jpeg?1587847701,Byrsonima crassifolia
https://static.inaturalist.org/photos/68946151/medium.jpeg?1587849962,Byrsonima crassifolia
https://static.inaturalist.org/photos/68950863/medium.jpeg?1587850620,Byrsonima crassifolia
https://static.inaturalist.org/photos/68968979/medium.jpeg?1587853177,Byrsonima crassifolia
https://static.inaturalist.org/photos/68983741/medium.jpg?1587855493,Byrsonima crassifolia
https://static.inaturalist.org/photos/68986350/medium.jpeg?1587855934,Byrsonima crassifolia
https://static.inaturalist.org/photos/68986498/medium.jpeg?1587855956,Byrsonima crassifolia
https://static.inaturalist.org/photos/68973468/medium.jpeg?1587853870,Byrsonima crassifolia
https://static.inaturalist.org/photos/69040667/medium.jpg?1587865946,Byrsonima crassifolia
https://static.inaturalist.org/photos/69040716/medium.jpeg?1587865956,Byrsonima crassifolia
https://static.inaturalist.org/photos/69050262/medium.jpeg?1587867735,Byrsonima crassifolia
https://static.inaturalist.org/photos/69055757/medium.jpg?1587868860,Byrsonima crassifolia
https://static.inaturalist.org/photos/69096039/medium.jpeg?1587879119,Byrsonima crassifolia
https://static.inaturalist.org/photos/69160861/medium.jpg?1587903110,Byrsonima crassifolia
https://static.inaturalist.org/photos/69194324/medium.jpeg?1587910332,Byrsonima crassifolia
https://static.inaturalist.org/photos/69214366/medium.jpeg?1587913628,Byrsonima crassifolia
https://static.inaturalist.org/photos/69230368/medium.jpeg?1587916041,Byrsonima crassifolia
https://static.inaturalist.org/photos/69230764/medium.jpg?1587916111,Byrsonima crassifolia
https://static.inaturalist.org/photos/69405239/medium.jpeg?1587941097,Byrsonima crassifolia
https://static.inaturalist.org/photos/69272598/medium.jpeg?1587922293,Byrsonima crassifolia
https://static.inaturalist.org/photos/69300668/medium.jpeg?1587926318,Byrsonima crassifolia
https://static.inaturalist.org/photos/69342547/medium.jpeg?1587932299,Byrsonima crassifolia
https://static.inaturalist.org/photos/69352224/medium.jpeg?1587933611,Byrsonima crassifolia
https://static.inaturalist.org/photos/69359815/medium.jpeg?1587934714,Byrsonima crassifolia
https://static.inaturalist.org/photos/69362533/medium.jpeg?1587935113,Byrsonima crassifolia
https://static.inaturalist.org/photos/69381447/medium.jpg?1587937620,Byrsonima crassifolia
https://static.inaturalist.org/photos/69381506/medium.jpeg?1587937625,Byrsonima crassifolia
https://static.inaturalist.org/photos/69394636/medium.jpg?1587939477,Byrsonima crassifolia
https://static.inaturalist.org/photos/69410304/medium.jpeg?1587941935,Byrsonima crassifolia
https://static.inaturalist.org/photos/69427748/medium.jpeg?1587944576,Byrsonima crassifolia
https://static.inaturalist.org/photos/69432106/medium.jpeg?1587945275,Byrsonima crassifolia
https://static.inaturalist.org/photos/69445057/medium.jpeg?1587947439,Byrsonima crassifolia
https://static.inaturalist.org/photos/69460206/medium.jpeg?1587949908,Byrsonima crassifolia
https://static.inaturalist.org/photos/69461077/medium.jpeg?1587950065,Byrsonima crassifolia
https://static.inaturalist.org/photos/69463808/medium.jpeg?1587950526,Byrsonima crassifolia
https://static.inaturalist.org/photos/69466894/medium.jpeg?1587951095,Byrsonima crassifolia
https://static.inaturalist.org/photos/69470477/medium.jpeg?1587951768,Byrsonima crassifolia
https://static.inaturalist.org/photos/69470297/medium.jpeg?1587951735,Byrsonima crassifolia
https://static.inaturalist.org/photos/69477897/medium.jpeg?1587953183,Byrsonima crassifolia
https://static.inaturalist.org/photos/69486030/medium.jpeg?1587954876,Byrsonima crassifolia
https://static.inaturalist.org/photos/69507199/medium.jpg?1587959396,Byrsonima crassifolia
https://static.inaturalist.org/photos/69526116/medium.jpg?1587965054,Byrsonima crassifolia
https://static.inaturalist.org/photos/69542103/medium.jpeg?1587972416,Byrsonima crassifolia
https://static.inaturalist.org/photos/69596966/medium.jpg?1587994397,Byrsonima crassifolia
https://static.inaturalist.org/photos/69599429/medium.jpg?1587994971,Byrsonima crassifolia
https://static.inaturalist.org/photos/69619200/medium.jpeg?1587999137,Byrsonima crassifolia
https://static.inaturalist.org/photos/69620381/medium.jpeg?1587999368,Byrsonima crassifolia
https://static.inaturalist.org/photos/69656364/medium.jpeg?1588005817,Byrsonima crassifolia
https://static.inaturalist.org/photos/69659858/medium.jpeg?1588006418,Byrsonima crassifolia
https://static.inaturalist.org/photos/69676696/medium.jpg?1588009334,Byrsonima crassifolia
https://static.inaturalist.org/photos/69688785/medium.jpg?1588011314,Byrsonima crassifolia
https://static.inaturalist.org/photos/69689898/medium.jpeg?1588011538,Byrsonima crassifolia
https://static.inaturalist.org/photos/69691402/medium.jpeg?1588011810,Byrsonima crassifolia
https://static.inaturalist.org/photos/69709016/medium.jpeg?1588014683,Byrsonima crassifolia
https://static.inaturalist.org/photos/69723040/medium.jpeg?1588016965,Byrsonima crassifolia
https://static.inaturalist.org/photos/69726666/medium.jpeg?1588017494,Byrsonima crassifolia
https://static.inaturalist.org/photos/69732977/medium.jpeg?1588018457,Byrsonima crassifolia
https://static.inaturalist.org/photos/69736517/medium.jpeg?1588019020,Byrsonima crassifolia
https://static.inaturalist.org/photos/69736222/medium.jpeg?1588018972,Byrsonima crassifolia
https://static.inaturalist.org/photos/69774099/medium.jpeg?1588025194,Byrsonima crassifolia
https://static.inaturalist.org/photos/69775408/medium.jpeg?1588025413,Byrsonima crassifolia
https://static.inaturalist.org/photos/69804947/medium.jpg?1588030602,Byrsonima crassifolia
https://static.inaturalist.org/photos/69806022/medium.jpeg?1588030785,Byrsonima crassifolia
https://static.inaturalist.org/photos/69817064/medium.jpeg?1588032616,Byrsonima crassifolia
https://static.inaturalist.org/photos/69821899/medium.jpeg?1588033521,Byrsonima crassifolia
https://static.inaturalist.org/photos/69818336/medium.jpg?1588032844,Byrsonima crassifolia
https://static.inaturalist.org/photos/69826707/medium.jpeg?1588034328,Byrsonima crassifolia
https://static.inaturalist.org/photos/69828436/medium.jpeg?1588034647,Byrsonima crassifolia
https://static.inaturalist.org/photos/69852079/medium.jpeg?1588038786,Byrsonima crassifolia
https://static.inaturalist.org/photos/69863649/medium.jpg?1588040822,Byrsonima crassifolia
https://static.inaturalist.org/photos/69879619/medium.jpeg?1588044427,Byrsonima crassifolia
https://static.inaturalist.org/photos/69881282/medium.jpeg?1588044828,Byrsonima crassifolia
https://static.inaturalist.org/photos/69879321/medium.jpg?1588044355,Byrsonima crassifolia
https://static.inaturalist.org/photos/69885318/medium.jpg?1588045808,Byrsonima crassifolia
https://static.inaturalist.org/photos/69945788/medium.jpg?1588077788,Byrsonima crassifolia
https://static.inaturalist.org/photos/69985913/medium.jpeg?1588091910,Byrsonima crassifolia
https://static.inaturalist.org/photos/70081310/medium.jpeg?1588121322,Byrsonima crassifolia
https://static.inaturalist.org/photos/70080135/medium.jpeg?1588120917,Byrsonima crassifolia
https://static.inaturalist.org/photos/70404123/medium.jpeg?1588279466,Byrsonima crassifolia
https://static.inaturalist.org/photos/70559974/medium.jpeg?1588359384,Byrsonima crassifolia
https://static.inaturalist.org/photos/70661144/medium.jpeg?1588410138,Byrsonima crassifolia
https://static.inaturalist.org/photos/70671898/medium.jpeg?1588419391,Byrsonima crassifolia
https://static.inaturalist.org/photos/70792165/medium.jpeg?1588457492,Byrsonima crassifolia
https://static.inaturalist.org/photos/70939688/medium.jpeg?1588522951,Byrsonima crassifolia
https://static.inaturalist.org/photos/71238024/medium.jpeg?1588640525,Byrsonima crassifolia
https://static.inaturalist.org/photos/71846631/medium.jpg?1588976813,Byrsonima crassifolia
https://static.inaturalist.org/photos/71878545/medium.jpg?1588992337,Byrsonima crassifolia
https://static.inaturalist.org/photos/72008473/medium.jpg?1589059339,Byrsonima crassifolia
https://static.inaturalist.org/photos/72224281/medium.jpeg?1589155809,Byrsonima crassifolia
https://static.inaturalist.org/photos/72492102/medium.jpg?1589311737,Byrsonima crassifolia
https://static.inaturalist.org/photos/72528757/medium.jpg?1589326522,Byrsonima crassifolia
https://static.inaturalist.org/photos/72806865/medium.jpeg?1589487989,Byrsonima crassifolia
https://static.inaturalist.org/photos/72931374/medium.jpeg?1589560398,Byrsonima crassifolia
https://static.inaturalist.org/photos/73056858/medium.jpg?1589616838,Byrsonima crassifolia
https://static.inaturalist.org/photos/73512584/medium.jpeg?1589786721,Byrsonima crassifolia
https://static.inaturalist.org/photos/74731475/medium.jpeg?1590332781,Byrsonima crassifolia
https://static.inaturalist.org/photos/74895926/medium.jpg?1590376944,Byrsonima crassifolia
https://static.inaturalist.org/photos/75374649/medium.jpeg?1590595949,Byrsonima crassifolia
https://static.inaturalist.org/photos/76425281/medium.jpeg?1591050952,Byrsonima crassifolia
https://static.inaturalist.org/photos/76767628/medium.jpeg?1591223427,Byrsonima crassifolia
https://static.inaturalist.org/photos/76789207/medium.jpg?1591232562,Byrsonima crassifolia
https://static.inaturalist.org/photos/77014900/medium.jpeg?1591361847,Byrsonima crassifolia
https://static.inaturalist.org/photos/77015083/medium.jpeg?1591361937,Byrsonima crassifolia
https://static.inaturalist.org/photos/77039142/medium.jpeg?1591372154,Byrsonima crassifolia
https://static.inaturalist.org/photos/77051493/medium.jpeg?1591376797,Byrsonima crassifolia
https://static.inaturalist.org/photos/77051901/medium.jpeg?1591376945,Byrsonima crassifolia
https://static.inaturalist.org/photos/77197449/medium.jpeg?1591449674,Byrsonima crassifolia
https://static.inaturalist.org/photos/77632914/medium.jpeg?1591628265,Byrsonima crassifolia
https://static.inaturalist.org/photos/77723658/medium.jpeg?1591660418,Byrsonima crassifolia
https://static.inaturalist.org/photos/77775375/medium.jpeg?1591692030,Byrsonima crassifolia
https://static.inaturalist.org/photos/77889376/medium.jpg?1591743433,Byrsonima crassifolia
https://static.inaturalist.org/photos/78042705/medium.jpg?1591824930,Byrsonima crassifolia
https://static.inaturalist.org/photos/79358806/medium.jpg?1592426966,Byrsonima crassifolia
https://static.inaturalist.org/photos/79411422/medium.jpeg?1592449736,Byrsonima crassifolia
https://static.inaturalist.org/photos/81712698/medium.jpeg?1593484505,Byrsonima crassifolia
https://static.inaturalist.org/photos/82782608/medium.jpeg?1593991515,Byrsonima crassifolia
https://static.inaturalist.org/photos/84468662/medium.jpeg?1594779942,Byrsonima crassifolia
https://static.inaturalist.org/photos/85352875/medium.jpeg?1595196104,Byrsonima crassifolia
https://static.inaturalist.org/photos/85855007/medium.jpeg?1595440132,Byrsonima crassifolia
