image_url,scientific_name
https://static.inaturalist.org/photos/729796/medium.JPG?1395150852,Arachis hypogaea
https://static.inaturalist.org/photos/1623307/medium.JPG?1426402491,Arachis hypogaea
https://static.inaturalist.org/photos/2024233/medium.JPG?1434810288,Arachis hypogaea
https://static.inaturalist.org/photos/2584676/medium.JPG?1446156846,Arachis hypogaea
https://static.inaturalist.org/photos/4890479/medium.jpeg?1473924387,Arachis hypogaea
https://static.inaturalist.org/photos/6938941/medium.jpg?1491679397,Arachis hypogaea
https://static.inaturalist.org/photos/10171595/medium.jpg?1504352616,Arachis hypogaea
https://static.inaturalist.org/photos/11102870/medium.jpg?1507691777,Arachis hypogaea
https://static.inaturalist.org/photos/11651023/medium.jpg?1509888109,Arachis hypogaea
https://static.inaturalist.org/photos/13333192/medium.jpg?1517849431,Arachis hypogaea
https://static.inaturalist.org/photos/14624699/medium.jpg?1522438872,Arachis hypogaea
https://static.inaturalist.org/photos/14910969/medium.jpeg?1523116185,Arachis hypogaea
https://static.inaturalist.org/photos/16299450/medium.jpg?1524685365,Arachis hypogaea
https://static.inaturalist.org/photos/16512237/medium.jpeg?1524878740,Arachis hypogaea
https://static.inaturalist.org/photos/17010378/medium.jpeg?1525101604,Arachis hypogaea
https://static.inaturalist.org/photos/22028560/medium.jpg?1532641891,Arachis hypogaea
https://static.inaturalist.org/photos/22517900/medium.jpeg?1533318965,Arachis hypogaea
https://static.inaturalist.org/photos/23555111/medium.jpeg?1534890907,Arachis hypogaea
https://static.inaturalist.org/photos/24552156/medium.jpeg?1536450843,Arachis hypogaea
https://static.inaturalist.org/photos/24552335/medium.jpeg?1536451047,Arachis hypogaea
https://static.inaturalist.org/photos/24639319/medium.jpg?1536567974,Arachis hypogaea
https://static.inaturalist.org/photos/25669442/medium.jpeg?1538086771,Arachis hypogaea
https://static.inaturalist.org/photos/26727836/medium.jpeg?1539680617,Arachis hypogaea
https://static.inaturalist.org/photos/26727837/medium.jpeg?1539680623,Arachis hypogaea
https://static.inaturalist.org/photos/27516819/medium.jpeg?1541037042,Arachis hypogaea
https://static.inaturalist.org/photos/27676119/medium.jpg?1541365746,Arachis hypogaea
https://static.inaturalist.org/photos/27818606/medium.jpeg?1541581009,Arachis hypogaea
https://static.inaturalist.org/photos/27820175/medium.jpeg?1541582921,Arachis hypogaea
https://static.inaturalist.org/photos/28703827/medium.jpeg?1543625794,Arachis hypogaea
https://static.inaturalist.org/photos/30424747/medium.jpeg?1547952965,Arachis hypogaea
https://static.inaturalist.org/photos/31519239/medium.jpg?1550388631,Arachis hypogaea
https://static.inaturalist.org/photos/32962939/medium.jpeg?1552823211,Arachis hypogaea
https://static.inaturalist.org/photos/34008499/medium.jpeg?1554299254,Arachis hypogaea
https://static.inaturalist.org/photos/34008706/medium.png?1554299555,Arachis hypogaea
https://static.inaturalist.org/photos/34689093/medium.jpeg?1555124644,Arachis hypogaea
https://static.inaturalist.org/photos/36935613/medium.jpg?1556523482,Arachis hypogaea
https://static.inaturalist.org/photos/37011867/medium.jpeg?1556548433,Arachis hypogaea
https://static.inaturalist.org/photos/37736422/medium.jpg?1556838879,Arachis hypogaea
https://static.inaturalist.org/photos/41342018/medium.jpeg?1560014334,Arachis hypogaea
https://static.inaturalist.org/photos/41798443/medium.jpeg?1560396435,Arachis hypogaea
https://static.inaturalist.org/photos/44600215/medium.jpg?1562836411,Arachis hypogaea
https://static.inaturalist.org/photos/46174008/medium.jpeg?1564159029,Arachis hypogaea
https://static.inaturalist.org/photos/49989227/medium.jpeg?1567335805,Arachis hypogaea
https://static.inaturalist.org/photos/52217295/medium.jpeg?1569245193,Arachis hypogaea
https://static.inaturalist.org/photos/52580432/medium.jpg?1569588390,Arachis hypogaea
https://static.inaturalist.org/photos/52619994/medium.jpg?1569620626,Arachis hypogaea
https://static.inaturalist.org/photos/53962677/medium.jpg?1570972081,Arachis hypogaea
https://static.inaturalist.org/photos/55028825/medium.jpeg?1572118076,Arachis hypogaea
https://static.inaturalist.org/photos/55945787/medium.jpg?1573278946,Arachis hypogaea
https://static.inaturalist.org/photos/55946027/medium.jpg?1573279267,Arachis hypogaea
https://static.inaturalist.org/photos/55948287/medium.jpg?1573282266,Arachis hypogaea
https://static.inaturalist.org/photos/56202034/medium.jpeg?1573612338,Arachis hypogaea
https://static.inaturalist.org/photos/58848492/medium.jpeg?1577859219,Arachis hypogaea
https://static.inaturalist.org/photos/59801507/medium.jpg?1579295791,Arachis hypogaea
https://static.inaturalist.org/photos/69144453/medium.jpeg?1587898341,Arachis hypogaea
https://static.inaturalist.org/photos/69578840/medium.jpg?1587988991,Arachis hypogaea
https://static.inaturalist.org/photos/73950320/medium.jpeg?1589997052,Arachis hypogaea
https://static.inaturalist.org/photos/74422828/medium.jpeg?1590205135,Arachis hypogaea
https://static.inaturalist.org/photos/75718189/medium.jpeg?1590762493,Arachis hypogaea
https://static.inaturalist.org/photos/78705715/medium.jpg?1592144341,Arachis hypogaea
https://static.inaturalist.org/photos/81747032/medium.jpeg?1593508211,Arachis hypogaea
https://static.inaturalist.org/photos/83925036/medium.jpeg?1594548535,Arachis hypogaea
https://static.inaturalist.org/photos/85813121/medium.jpeg?1595424141,Arachis hypogaea
