image_url,scientific_name
https://static.inaturalist.org/photos/781904/medium.jpg?1397364453,Sclerocarya birrea
https://static.inaturalist.org/photos/984419/medium.jpg?1405330283,Sclerocarya birrea
https://static.inaturalist.org/photos/984420/medium.jpg?1405330424,Sclerocarya birrea
https://static.inaturalist.org/photos/3883073/medium.jpg?1464865794,Sclerocarya birrea
https://static.inaturalist.org/photos/4668654/medium.jpg?1472142972,Sclerocarya birrea
https://static.inaturalist.org/photos/5591475/medium.jpeg?1479895541,Sclerocarya birrea caffra
https://static.inaturalist.org/photos/6350289/medium.jpg?1487763646,Sclerocarya birrea
https://static.inaturalist.org/photos/6369223/medium.jpeg?1487927699,Sclerocarya birrea caffra
https://static.inaturalist.org/photos/10402300/medium.jpeg?1505206569,Sclerocarya birrea
https://static.inaturalist.org/photos/11097926/medium.jpg?1507676813,Sclerocarya birrea
https://static.inaturalist.org/photos/12007857/medium.jpg?1511541843,Sclerocarya birrea
https://static.inaturalist.org/photos/12044176/medium.jpg?1511697419,Sclerocarya birrea caffra
https://static.inaturalist.org/photos/12142177/medium.jpg?1512138516,Sclerocarya birrea
https://static.inaturalist.org/photos/12882989/medium.jpg?1515919543,Sclerocarya birrea caffra
https://static.inaturalist.org/photos/13368308/medium.jpg?1518013548,Sclerocarya birrea
https://static.inaturalist.org/photos/14230002/medium.jpeg?1521321595,Sclerocarya birrea
https://static.inaturalist.org/photos/15135159/medium.jpg?1523537795,Sclerocarya birrea caffra
https://static.inaturalist.org/photos/15151759/medium.jpg?1523552893,Sclerocarya birrea caffra
https://static.inaturalist.org/photos/15205699/medium.jpg?1523602357,Sclerocarya birrea caffra
https://static.inaturalist.org/photos/15258735/medium.jpg?1523652042,Sclerocarya birrea caffra
https://static.inaturalist.org/photos/15258848/medium.jpg?1523652144,Sclerocarya birrea caffra
https://static.inaturalist.org/photos/15337370/medium.jpg?1523726660,Sclerocarya birrea caffra
https://static.inaturalist.org/photos/15374747/medium.jpg?1523753405,Sclerocarya birrea caffra
https://static.inaturalist.org/photos/15431575/medium.jpg?1523805482,Sclerocarya birrea caffra
https://static.inaturalist.org/photos/15465738/medium.jpg?1523828794,Sclerocarya birrea caffra
https://static.inaturalist.org/photos/15497072/medium.jpg?1523852641,Sclerocarya birrea caffra
https://static.inaturalist.org/photos/15526883/medium.jpg?1523895233,Sclerocarya birrea caffra
https://static.inaturalist.org/photos/15527134/medium.jpg?1523895427,Sclerocarya birrea caffra
https://static.inaturalist.org/photos/15529252/medium.jpg?1523896907,Sclerocarya birrea caffra
https://static.inaturalist.org/photos/15530423/medium.jpg?1523897678,Sclerocarya birrea caffra
https://static.inaturalist.org/photos/15594477/medium.jpg?1523952718,Sclerocarya birrea caffra
https://static.inaturalist.org/photos/15621677/medium.jpg?1523980792,Sclerocarya birrea caffra
https://static.inaturalist.org/photos/15796553/medium.jpg?1524129179,Sclerocarya birrea caffra
https://static.inaturalist.org/photos/15797483/medium.jpg?1524130929,Sclerocarya birrea caffra
https://static.inaturalist.org/photos/15810281/medium.jpg?1524147914,Sclerocarya birrea caffra
https://static.inaturalist.org/photos/15938043/medium.jpg?1524257465,Sclerocarya birrea caffra
https://static.inaturalist.org/photos/15962066/medium.jpg?1524272475,Sclerocarya birrea caffra
https://static.inaturalist.org/photos/15962149/medium.jpg?1524272565,Sclerocarya birrea caffra
https://static.inaturalist.org/photos/15962460/medium.jpg?1524272818,Sclerocarya birrea caffra
https://static.inaturalist.org/photos/15963148/medium.jpg?1524273282,Sclerocarya birrea caffra
https://static.inaturalist.org/photos/16098288/medium.jpg?1524384576,Sclerocarya birrea caffra
https://static.inaturalist.org/photos/16099423/medium.jpg?1524386033,Sclerocarya birrea caffra
https://static.inaturalist.org/photos/16099468/medium.jpg?1524386099,Sclerocarya birrea caffra
https://static.inaturalist.org/photos/16117882/medium.jpg?1524410733,Sclerocarya birrea caffra
https://static.inaturalist.org/photos/19070382/medium.jpg?1528059240,Sclerocarya birrea
https://static.inaturalist.org/photos/20418626/medium.jpeg?1530124286,Sclerocarya birrea
https://static.inaturalist.org/photos/20418734/medium.jpeg?1530124448,Sclerocarya birrea
https://static.inaturalist.org/photos/20679425/medium.jpeg?1530550901,Sclerocarya birrea caffra
https://static.inaturalist.org/photos/24816050/medium.jpeg?1536852208,Sclerocarya birrea caffra
https://static.inaturalist.org/photos/24832596/medium.jpeg?1536869577,Sclerocarya birrea
https://static.inaturalist.org/photos/25370713/medium.jpg?1537645995,Sclerocarya birrea
https://static.inaturalist.org/photos/26036396/medium.jpeg?1538630086,Sclerocarya birrea caffra
https://static.inaturalist.org/photos/26177098/medium.jpeg?1538859632,Sclerocarya birrea caffra
https://static.inaturalist.org/photos/26229669/medium.jpeg?1538936000,Sclerocarya birrea
https://static.inaturalist.org/photos/26557671/medium.jpeg?1539445496,Sclerocarya birrea
https://static.inaturalist.org/photos/26558219/medium.jpeg?1539445987,Sclerocarya birrea
https://static.inaturalist.org/photos/27287637/medium.jpeg?1540627906,Sclerocarya birrea caffra
https://static.inaturalist.org/photos/28664031/medium.jpeg?1543521047,Sclerocarya birrea caffra
https://static.inaturalist.org/photos/29044547/medium.jpg?1544472435,Sclerocarya birrea
https://static.inaturalist.org/photos/29044550/medium.jpg?1544472441,Sclerocarya birrea
https://static.inaturalist.org/photos/29044552/medium.jpg?1544472443,Sclerocarya birrea
https://static.inaturalist.org/photos/29251897/medium.jpg?1545058028,Sclerocarya birrea caffra
https://static.inaturalist.org/photos/29313221/medium.jpeg?1545232287,Sclerocarya birrea
https://static.inaturalist.org/photos/29580788/medium.jpeg?1545932734,Sclerocarya birrea
https://static.inaturalist.org/photos/30969409/medium.jpg?1549215109,Sclerocarya birrea
https://static.inaturalist.org/photos/31050701/medium.jpg?1549391105,Sclerocarya birrea caffra
https://static.inaturalist.org/photos/31107125/medium.jpeg?1549489354,Sclerocarya birrea caffra
https://static.inaturalist.org/photos/31127386/medium.jpeg?1549513237,Sclerocarya birrea caffra
https://static.inaturalist.org/photos/31338928/medium.jpg?1549966460,Sclerocarya birrea
https://static.inaturalist.org/photos/31614126/medium.jpg?1550573538,Sclerocarya birrea
https://static.inaturalist.org/photos/32084094/medium.jpg?1551269642,Sclerocarya birrea
https://static.inaturalist.org/photos/32126317/medium.jpeg?1551362021,Sclerocarya birrea
https://static.inaturalist.org/photos/35728988/medium.jpeg?1556195935,Sclerocarya birrea caffra
https://static.inaturalist.org/photos/35729600/medium.jpg?1556196514,Sclerocarya birrea caffra
https://static.inaturalist.org/photos/35757898/medium.jpg?1556219200,Sclerocarya birrea
https://static.inaturalist.org/photos/37480372/medium.jpg?1556670991,Sclerocarya birrea caffra
https://static.inaturalist.org/photos/40023669/medium.jpeg?1558888675,Sclerocarya birrea
https://static.inaturalist.org/photos/41216370/medium.jpeg?1559889393,Sclerocarya birrea
https://static.inaturalist.org/photos/41588943/medium.jpg?1560202675,Sclerocarya birrea
https://static.inaturalist.org/photos/41987753/medium.jpg?1560597643,Sclerocarya birrea
https://static.inaturalist.org/photos/42305196/medium.jpg?1560860121,Sclerocarya birrea caffra
https://static.inaturalist.org/photos/42580077/medium.jpeg?1561112376,Sclerocarya birrea
https://static.inaturalist.org/photos/42580288/medium.jpeg?1561112643,Sclerocarya birrea
https://static.inaturalist.org/photos/43669050/medium.jpg?1562029055,Sclerocarya birrea caffra
https://static.inaturalist.org/photos/43715616/medium.jpeg?1562080628,Sclerocarya birrea
https://static.inaturalist.org/photos/44069168/medium.jpeg?1562393216,Sclerocarya birrea caffra
https://static.inaturalist.org/photos/46399674/medium.jpg?1564334572,Sclerocarya birrea caffra
https://static.inaturalist.org/photos/47455762/medium.jpeg?1565200709,Sclerocarya birrea
https://static.inaturalist.org/photos/49238733/medium.jpg?1566719548,Sclerocarya birrea caffra
https://static.inaturalist.org/photos/50093479/medium.jpg?1567404143,Sclerocarya birrea
https://static.inaturalist.org/photos/50859000/medium.jpeg?1568056098,Sclerocarya birrea
https://static.inaturalist.org/photos/51816786/medium.jpeg?1568908294,Sclerocarya birrea
https://static.inaturalist.org/photos/52653796/medium.jpg?1569666923,Sclerocarya birrea caffra
https://static.inaturalist.org/photos/53279450/medium.jpg?1570287181,Sclerocarya birrea
https://static.inaturalist.org/photos/53448998/medium.jpg?1570416876,Sclerocarya birrea caffra
https://static.inaturalist.org/photos/53588017/medium.jpg?1570558270,Sclerocarya birrea caffra
https://static.inaturalist.org/photos/53586621/medium.jpeg?1570557217,Sclerocarya birrea caffra
https://static.inaturalist.org/photos/53961820/medium.jpg?1570971226,Sclerocarya birrea
https://static.inaturalist.org/photos/53962263/medium.jpg?1570971677,Sclerocarya birrea
https://static.inaturalist.org/photos/55092286/medium.jpeg?1572188899,Sclerocarya birrea
https://static.inaturalist.org/photos/55302774/medium.jpg?1572442958,Sclerocarya birrea caffra
https://static.inaturalist.org/photos/55483173/medium.jpg?1572712202,Sclerocarya birrea
https://static.inaturalist.org/photos/56020558/medium.jpeg?1573377306,Sclerocarya birrea
https://static.inaturalist.org/photos/56095162/medium.jpeg?1573473589,Sclerocarya birrea caffra
https://static.inaturalist.org/photos/56109869/medium.jpg?1573494084,Sclerocarya birrea caffra
https://static.inaturalist.org/photos/56315803/medium.jpeg?1573798663,Sclerocarya birrea
https://static.inaturalist.org/photos/56635705/medium.jpg?1574244410,Sclerocarya birrea
https://static.inaturalist.org/photos/56636118/medium.jpg?1574245999,Sclerocarya birrea
https://static.inaturalist.org/photos/56688861/medium.jpeg?1574320095,Sclerocarya birrea caffra
https://static.inaturalist.org/photos/56756587/medium.jpeg?1574437588,Sclerocarya birrea
https://static.inaturalist.org/photos/57208989/medium.jpeg?1575087801,Sclerocarya birrea caffra
https://static.inaturalist.org/photos/57236388/medium.jpeg?1575140354,Sclerocarya birrea
https://static.inaturalist.org/photos/57341128/medium.jpg?1575287060,Sclerocarya birrea
https://static.inaturalist.org/photos/57636292/medium.jpg?1575790739,Sclerocarya birrea
https://static.inaturalist.org/photos/58384780/medium.jpeg?1577123863,Sclerocarya birrea caffra
https://static.inaturalist.org/photos/58468552/medium.jpg?1577272704,Sclerocarya birrea
https://static.inaturalist.org/photos/59305692/medium.jpeg?1578527831,Sclerocarya birrea caffra
https://static.inaturalist.org/photos/59318797/medium.jpg?1578549744,Sclerocarya birrea
https://static.inaturalist.org/photos/59493405/medium.jpg?1578826223,Sclerocarya birrea
https://static.inaturalist.org/photos/59561642/medium.jpeg?1578926571,Sclerocarya birrea caffra
https://static.inaturalist.org/photos/59819257/medium.jpg?1579321155,Sclerocarya birrea
https://static.inaturalist.org/photos/60356331/medium.jpg?1580098380,Sclerocarya birrea caffra
https://static.inaturalist.org/photos/60377636/medium.jpeg?1580138440,Sclerocarya birrea
https://static.inaturalist.org/photos/60416605/medium.jpeg?1580186152,Sclerocarya birrea
https://static.inaturalist.org/photos/60425094/medium.jpg?1580206724,Sclerocarya birrea caffra
https://static.inaturalist.org/photos/61117352/medium.jpeg?1581226835,Sclerocarya birrea
https://static.inaturalist.org/photos/61323925/medium.jpeg?1581526914,Sclerocarya birrea caffra
https://static.inaturalist.org/photos/61911220/medium.jpg?1582317411,Sclerocarya birrea
https://static.inaturalist.org/photos/61939229/medium.jpg?1582355709,Sclerocarya birrea
https://static.inaturalist.org/photos/61960764/medium.jpeg?1582391319,Sclerocarya birrea
https://static.inaturalist.org/photos/62033588/medium.jpg?1582481075,Sclerocarya birrea caffra
https://static.inaturalist.org/photos/62308551/medium.jpeg?1582827748,Sclerocarya birrea
https://static.inaturalist.org/photos/62717376/medium.jpeg?1583314964,Sclerocarya birrea caffra
https://static.inaturalist.org/photos/62813267/medium.jpeg?1583440972,Sclerocarya birrea caffra
https://static.inaturalist.org/photos/63418842/medium.jpeg?1584134807,Sclerocarya birrea
https://static.inaturalist.org/photos/63487090/medium.jpeg?1584210584,Sclerocarya birrea
https://static.inaturalist.org/photos/63504626/medium.jpeg?1584221910,Sclerocarya birrea
https://static.inaturalist.org/photos/63504879/medium.jpeg?1584222077,Sclerocarya birrea caffra
https://static.inaturalist.org/photos/63504956/medium.jpeg?1584222147,Sclerocarya birrea
https://static.inaturalist.org/photos/63593896/medium.jpeg?1584304929,Sclerocarya birrea
https://static.inaturalist.org/photos/63928457/medium.jpeg?1584639360,Sclerocarya birrea
https://static.inaturalist.org/photos/64094077/medium.jpg?1584787430,Sclerocarya birrea
https://static.inaturalist.org/photos/64505573/medium.jpeg?1585144852,Sclerocarya birrea
https://static.inaturalist.org/photos/65159775/medium.jpg?1585638068,Sclerocarya birrea
https://static.inaturalist.org/photos/65219834/medium.jpeg?1585689997,Sclerocarya birrea caffra
https://static.inaturalist.org/photos/65385331/medium.jpeg?1585836759,Sclerocarya birrea caffra
https://static.inaturalist.org/photos/65804694/medium.jpeg?1586120635,Sclerocarya birrea caffra
https://static.inaturalist.org/photos/65891933/medium.jpeg?1586184690,Sclerocarya birrea
https://static.inaturalist.org/photos/67192616/medium.jpg?1587055379,Sclerocarya birrea
https://static.inaturalist.org/photos/68780331/medium.jpg?1587827403,Sclerocarya birrea
https://static.inaturalist.org/photos/69770222/medium.jpg?1588024543,Sclerocarya birrea
https://static.inaturalist.org/photos/70807294/medium.jpeg?1588462205,Sclerocarya birrea
https://static.inaturalist.org/photos/71528311/medium.jpg?1588804811,Sclerocarya birrea caffra
https://static.inaturalist.org/photos/71749103/medium.jpeg?1588933443,Sclerocarya birrea
https://static.inaturalist.org/photos/72287776/medium.jpeg?1589202050,Sclerocarya birrea
https://static.inaturalist.org/photos/72750011/medium.jpg?1589464867,Sclerocarya birrea
https://static.inaturalist.org/photos/74112405/medium.jpeg?1590073686,Sclerocarya birrea caffra
https://static.inaturalist.org/photos/78135701/medium.jpeg?1591883571,Sclerocarya birrea caffra
https://static.inaturalist.org/photos/83203552/medium.jpg?1594192449,Sclerocarya birrea caffra
https://static.inaturalist.org/photos/84005323/medium.jpeg?1594576158,Sclerocarya birrea caffra
https://static.inaturalist.org/photos/85022059/medium.jpeg?1595067415,Sclerocarya birrea
