image_url,scientific_name
https://static.inaturalist.org/photos/1428216/medium.JPG?1418826890,Corypha utan
https://static.inaturalist.org/photos/1428221/medium.JPG?1418826967,Corypha utan
https://static.inaturalist.org/photos/17573468/medium.jpeg?1525689626,Corypha utan
https://static.inaturalist.org/photos/22347960/medium.jpg?1533036137,Corypha utan
https://static.inaturalist.org/photos/26137878/medium.jpeg?1538800878,Corypha utan
https://static.inaturalist.org/photos/27216027/medium.jpg?1540493658,Corypha utan
https://static.inaturalist.org/photos/27216122/medium.jpg?1540493789,Corypha utan
https://static.inaturalist.org/photos/29776529/medium.jpeg?1546384426,Corypha utan
https://static.inaturalist.org/photos/30372209/medium.jpg?1547841281,Corypha utan
https://static.inaturalist.org/photos/47200335/medium.jpg?1564971777,Corypha utan
https://static.inaturalist.org/photos/47581812/medium.jpeg?1565309945,Corypha utan
https://static.inaturalist.org/photos/48459545/medium.jpeg?1566055181,Corypha utan
https://static.inaturalist.org/photos/48459581/medium.jpeg?1566055198,Corypha utan
https://static.inaturalist.org/photos/67133065/medium.jpeg?1587002093,Corypha utan
https://static.inaturalist.org/photos/82789521/medium.jpeg?1593993948,Corypha utan
