image_url,scientific_name
https://static.inaturalist.org/photos/79122/medium.JPG,Astrocaryum standleyanum
https://static.inaturalist.org/photos/139378/medium.jpg?1444532666,Astrocaryum standleyanum
https://static.inaturalist.org/photos/2938367/medium.jpg?1453962277,Astrocaryum standleyanum
https://static.inaturalist.org/photos/8471305/medium.jpeg?1497641291,Astrocaryum standleyanum
https://static.inaturalist.org/photos/9190371/medium.jpg?1500605197,Astrocaryum standleyanum
https://static.inaturalist.org/photos/13239597/medium.jpg?1517436098,Astrocaryum standleyanum
https://static.inaturalist.org/photos/13504177/medium.jpg?1518625721,Astrocaryum standleyanum
https://static.inaturalist.org/photos/14934727/medium.jpeg?1523157684,Astrocaryum standleyanum
https://static.inaturalist.org/photos/24688315/medium.jpg?1536641108,Astrocaryum standleyanum
https://static.inaturalist.org/photos/25085211/medium.jpeg?1537222934,Astrocaryum standleyanum
https://static.inaturalist.org/photos/30994560/medium.jpeg?1549252432,Astrocaryum standleyanum
https://static.inaturalist.org/photos/31917056/medium.jpg?1550951284,Astrocaryum standleyanum
https://static.inaturalist.org/photos/32972890/medium.jpg?1552839447,Astrocaryum standleyanum
https://static.inaturalist.org/photos/34468326/medium.jpeg?1554850786,Astrocaryum standleyanum
https://static.inaturalist.org/photos/35779535/medium.jpeg?1556233983,Astrocaryum standleyanum
https://static.inaturalist.org/photos/38875632/medium.jpg?1557855699,Astrocaryum standleyanum
https://static.inaturalist.org/photos/40280494/medium.jpeg?1559085546,Astrocaryum standleyanum
https://static.inaturalist.org/photos/59510435/medium.jpeg?1578850886,Astrocaryum standleyanum
https://static.inaturalist.org/photos/59732928/medium.jpeg?1579186762,Astrocaryum standleyanum
https://static.inaturalist.org/photos/60108096/medium.jpg?1579749407,Astrocaryum standleyanum
https://static.inaturalist.org/photos/65321130/medium.jpeg?1585776540,Astrocaryum standleyanum
https://static.inaturalist.org/photos/67856833/medium.jpg?1587438168,Astrocaryum standleyanum
https://static.inaturalist.org/photos/68765313/medium.jpg?1587824944,Astrocaryum standleyanum
https://static.inaturalist.org/photos/68783330/medium.jpg?1587827871,Astrocaryum standleyanum
https://static.inaturalist.org/photos/69263020/medium.jpg?1587920944,Astrocaryum standleyanum
https://static.inaturalist.org/photos/69357191/medium.jpeg?1587934331,Astrocaryum standleyanum
https://static.inaturalist.org/photos/69446808/medium.jpeg?1587947733,Astrocaryum standleyanum
https://static.inaturalist.org/photos/69476550/medium.jpg?1587952910,Astrocaryum standleyanum
https://static.inaturalist.org/photos/69596492/medium.jpeg?1587994277,Astrocaryum standleyanum
https://static.inaturalist.org/photos/69620436/medium.jpeg?1587999380,Astrocaryum standleyanum
https://static.inaturalist.org/photos/72079100/medium.jpeg?1589092341,Astrocaryum standleyanum
https://static.inaturalist.org/photos/73209358/medium.jpg?1589671301,Astrocaryum standleyanum
https://static.inaturalist.org/photos/73359974/medium.jpeg?1589734207,Astrocaryum standleyanum
https://static.inaturalist.org/photos/74949331/medium.jpeg?1590410616,Astrocaryum standleyanum
https://static.inaturalist.org/photos/75032114/medium.jpeg?1590435332,Astrocaryum standleyanum
https://static.inaturalist.org/photos/82207717/medium.jpeg?1593722804,Astrocaryum standleyanum
