image_url,scientific_name
https://static.inaturalist.org/photos/184645/medium.jpg?1444587361,Phoenix dactylifera
https://static.inaturalist.org/photos/274493/medium.jpg?1363556300,Phoenix dactylifera
https://static.inaturalist.org/photos/547431/medium.JPG?1382254314,Phoenix dactylifera
https://static.inaturalist.org/photos/548232/medium.jpg?1382313880,Phoenix dactylifera
https://static.inaturalist.org/photos/551072/medium.JPG?1382502597,Phoenix dactylifera
https://static.inaturalist.org/photos/1373993/medium.JPG?1416886837,Phoenix dactylifera
https://static.inaturalist.org/photos/1380827/medium.jpg?1417108422,Phoenix dactylifera
https://static.inaturalist.org/photos/1388919/medium.jpg?1444724172,Phoenix dactylifera
https://static.inaturalist.org/photos/1465258/medium.jpg?1444696718,Phoenix dactylifera
https://static.inaturalist.org/photos/1611705/medium.JPG?1426011020,Phoenix dactylifera
https://static.inaturalist.org/photos/1722271/medium.JPG?1428995138,Phoenix dactylifera
https://static.inaturalist.org/photos/1891148/medium.jpg?1432319353,Phoenix dactylifera
https://static.inaturalist.org/photos/1961273/medium.jpg?1433517587,Phoenix dactylifera
https://static.inaturalist.org/photos/1997729/medium.JPG?1434232767,Phoenix dactylifera
https://static.inaturalist.org/photos/2353652/medium.JPG?1441649347,Phoenix dactylifera
https://static.inaturalist.org/photos/2500645/medium.JPG?1444409251,Phoenix dactylifera
https://static.inaturalist.org/photos/2548749/medium.JPG?1445348518,Phoenix dactylifera
https://static.inaturalist.org/photos/2708888/medium.jpg?1448665246,Phoenix dactylifera
https://static.inaturalist.org/photos/2816100/medium.JPG?1451196682,Phoenix dactylifera
https://static.inaturalist.org/photos/2833864/medium.JPG?1451686479,Phoenix dactylifera
https://static.inaturalist.org/photos/2898808/medium.jpg?1453150990,Phoenix dactylifera
https://static.inaturalist.org/photos/3053285/medium.jpg?1456227810,Phoenix dactylifera
https://static.inaturalist.org/photos/3090589/medium.jpg?1456936087,Phoenix dactylifera
https://static.inaturalist.org/photos/3103220/medium.jpg?1457186821,Phoenix dactylifera
https://static.inaturalist.org/photos/3143145/medium.jpeg?1457839282,Phoenix dactylifera
https://static.inaturalist.org/photos/3145241/medium.jpg?1457874990,Phoenix dactylifera
https://static.inaturalist.org/photos/3156236/medium.JPG?1458000365,Phoenix dactylifera
https://static.inaturalist.org/photos/3206220/medium.jpg?1458707129,Phoenix dactylifera
https://static.inaturalist.org/photos/3206327/medium.JPG?1458707834,Phoenix dactylifera
https://static.inaturalist.org/photos/3219098/medium.jpeg?1458893037,Phoenix dactylifera
https://static.inaturalist.org/photos/3220090/medium.jpg?1458919783,Phoenix dactylifera
https://static.inaturalist.org/photos/3504228/medium.jpeg?1461775601,Phoenix dactylifera
https://static.inaturalist.org/photos/3525111/medium.jpg?1461987028,Phoenix dactylifera
https://static.inaturalist.org/photos/3711107/medium.jpeg?1463590393,Phoenix dactylifera
https://static.inaturalist.org/photos/4432927/medium.jpeg?1470244950,Phoenix dactylifera
https://static.inaturalist.org/photos/4432986/medium.jpg?1470245092,Phoenix dactylifera
https://static.inaturalist.org/photos/4433229/medium.jpeg?1470245534,Phoenix dactylifera
https://static.inaturalist.org/photos/4589939/medium.jpeg?1471448910,Phoenix dactylifera
https://static.inaturalist.org/photos/4678045/medium.jpg?1472236361,Phoenix dactylifera
https://static.inaturalist.org/photos/4732249/medium.jpeg?1472697272,Phoenix dactylifera
https://static.inaturalist.org/photos/4792117/medium.jpeg?1473163190,Phoenix dactylifera
https://static.inaturalist.org/photos/4873155/medium.jpg?1473795541,Phoenix dactylifera
https://static.inaturalist.org/photos/4905448/medium.jpg?1474051496,Phoenix dactylifera
https://static.inaturalist.org/photos/5051765/medium.jpeg?1475145247,Phoenix dactylifera
https://static.inaturalist.org/photos/5072258/medium.jpeg?1475309981,Phoenix dactylifera
https://static.inaturalist.org/photos/5286695/medium.jpeg?1476999007,Phoenix dactylifera
https://static.inaturalist.org/photos/5402647/medium.jpg?1478022287,Phoenix dactylifera
https://static.inaturalist.org/photos/5567432/medium.jpeg?1479645363,Phoenix dactylifera
https://static.inaturalist.org/photos/5677370/medium.jpeg?1480677677,Phoenix dactylifera
https://static.inaturalist.org/photos/5751391/medium.jpg?1481314316,Phoenix dactylifera
https://static.inaturalist.org/photos/5821659/medium.jpg?1481830503,Phoenix dactylifera
https://static.inaturalist.org/photos/6117682/medium.jpg?1485355329,Phoenix dactylifera
https://static.inaturalist.org/photos/6127708/medium.jpeg?1485470301,Phoenix dactylifera
https://static.inaturalist.org/photos/6132250/medium.jpeg?1485538474,Phoenix dactylifera
https://static.inaturalist.org/photos/6154705/medium.jpeg?1485781584,Phoenix dactylifera
https://static.inaturalist.org/photos/6169204/medium.jpeg?1485925833,Phoenix dactylifera
https://static.inaturalist.org/photos/6170737/medium.jpeg?1485966149,Phoenix dactylifera
https://static.inaturalist.org/photos/6170764/medium.jpeg?1485966675,Phoenix dactylifera
https://static.inaturalist.org/photos/6190094/medium.jpeg?1486186492,Phoenix dactylifera
https://static.inaturalist.org/photos/6320954/medium.jpg?1487520652,Phoenix dactylifera
https://static.inaturalist.org/photos/6331927/medium.jpeg?1487611740,Phoenix dactylifera
https://static.inaturalist.org/photos/6338708/medium.jpeg?1487656926,Phoenix dactylifera
https://static.inaturalist.org/photos/6447507/medium.jpeg?1488585685,Phoenix dactylifera
https://static.inaturalist.org/photos/6447523/medium.jpeg?1488585793,Phoenix dactylifera
https://static.inaturalist.org/photos/6543865/medium.jpeg?1489339702,Phoenix dactylifera
https://static.inaturalist.org/photos/6844398/medium.jpg?1491168790,Phoenix dactylifera
https://static.inaturalist.org/photos/6931954/medium.jpeg?1491628710,Phoenix dactylifera
https://static.inaturalist.org/photos/7038768/medium.jpg?1492142641,Phoenix dactylifera
https://static.inaturalist.org/photos/7472191/medium.jpg?1493272658,Phoenix dactylifera
https://static.inaturalist.org/photos/7586393/medium.jpeg?1493756412,Phoenix dactylifera
https://static.inaturalist.org/photos/7603161/medium.jpg?1493840970,Phoenix dactylifera
https://static.inaturalist.org/photos/7603399/medium.jpg?1493842285,Phoenix dactylifera
https://static.inaturalist.org/photos/7618205/medium.jpg?1493921886,Phoenix dactylifera
https://static.inaturalist.org/photos/7645750/medium.jpg?1494074898,Phoenix dactylifera
https://static.inaturalist.org/photos/8154734/medium.jpeg?1496287187,Phoenix dactylifera
https://static.inaturalist.org/photos/8379435/medium.jpg?1497231964,Phoenix dactylifera
https://static.inaturalist.org/photos/9138028/medium.jpg?1500407310,Phoenix dactylifera
https://static.inaturalist.org/photos/9151559/medium.jpg?1500465363,Phoenix dactylifera
https://static.inaturalist.org/photos/9666442/medium.jpg?1502386245,Phoenix dactylifera
https://static.inaturalist.org/photos/9994573/medium.jpeg?1503630197,Phoenix dactylifera
https://static.inaturalist.org/photos/10015622/medium.jpeg?1503714405,Phoenix dactylifera
https://static.inaturalist.org/photos/10060197/medium.jpeg?1503875851,Phoenix dactylifera
https://static.inaturalist.org/photos/10117267/medium.jpeg?1504105634,Phoenix dactylifera
https://static.inaturalist.org/photos/10412877/medium.jpg?1505252962,Phoenix dactylifera
https://static.inaturalist.org/photos/10413757/medium.jpg?1505255636,Phoenix dactylifera
https://static.inaturalist.org/photos/10443526/medium.jpeg?1505386069,Phoenix dactylifera
https://static.inaturalist.org/photos/10464791/medium.jpeg?1505470419,Phoenix dactylifera
https://static.inaturalist.org/photos/10464807/medium.jpeg?1505470612,Phoenix dactylifera
https://static.inaturalist.org/photos/11085244/medium.jpg?1507646382,Phoenix dactylifera
https://static.inaturalist.org/photos/11434162/medium.jpg?1509020855,Phoenix dactylifera
https://static.inaturalist.org/photos/11632845/medium.jpeg?1509820856,Phoenix dactylifera
https://static.inaturalist.org/photos/11688459/medium.jpg?1510016385,Phoenix dactylifera
https://static.inaturalist.org/photos/12147772/medium.jpeg?1512162040,Phoenix dactylifera
https://static.inaturalist.org/photos/12230499/medium.jpeg?1512522598,Phoenix dactylifera
https://static.inaturalist.org/photos/12238351/medium.jpg?1512573941,Phoenix dactylifera
https://static.inaturalist.org/photos/12287490/medium.jpg?1512796627,Phoenix dactylifera
https://static.inaturalist.org/photos/12333802/medium.jpg?1513026331,Phoenix dactylifera
https://static.inaturalist.org/photos/12354642/medium.jpg?1513125574,Phoenix dactylifera
https://static.inaturalist.org/photos/12373595/medium.jpg?1513226587,Phoenix dactylifera
https://static.inaturalist.org/photos/12395981/medium.jpg?1513368042,Phoenix dactylifera
https://static.inaturalist.org/photos/12563541/medium.jpg?1514367612,Phoenix dactylifera
https://static.inaturalist.org/photos/12719981/medium.jpg?1515114766,Phoenix dactylifera
https://static.inaturalist.org/photos/12761247/medium.jpeg?1515319054,Phoenix dactylifera
https://static.inaturalist.org/photos/12761367/medium.jpeg?1515321463,Phoenix dactylifera
https://static.inaturalist.org/photos/12796747/medium.jpg?1515470209,Phoenix dactylifera
https://static.inaturalist.org/photos/12817850/medium.jpeg?1515600417,Phoenix dactylifera
https://static.inaturalist.org/photos/12985694/medium.jpg?1516327293,Phoenix dactylifera
https://static.inaturalist.org/photos/13124216/medium.jpg?1516934656,Phoenix dactylifera
https://static.inaturalist.org/photos/13157035/medium.png?1517094372,Phoenix dactylifera
https://static.inaturalist.org/photos/13191334/medium.jpg?1517235843,Phoenix dactylifera
https://static.inaturalist.org/photos/13276814/medium.jpeg?1517606792,Phoenix dactylifera
https://static.inaturalist.org/photos/13765641/medium.jpg?1519685605,Phoenix dactylifera
https://static.inaturalist.org/photos/13802390/medium.jpeg?1519842206,Phoenix dactylifera
https://static.inaturalist.org/photos/13830471/medium.jpg?1519954406,Phoenix dactylifera
https://static.inaturalist.org/photos/13916940/medium.jpeg?1520261768,Phoenix dactylifera
https://static.inaturalist.org/photos/13918488/medium.jpg?1520267198,Phoenix dactylifera
https://static.inaturalist.org/photos/13940809/medium.jpg?1520346027,Phoenix dactylifera
https://static.inaturalist.org/photos/13940776/medium.jpg?1520345932,Phoenix dactylifera
https://static.inaturalist.org/photos/13944327/medium.jpeg?1520361117,Phoenix dactylifera
https://static.inaturalist.org/photos/13950130/medium.jpg?1520376625,Phoenix dactylifera
https://static.inaturalist.org/photos/13977271/medium.jpg?1520473795,Phoenix dactylifera
https://static.inaturalist.org/photos/13996271/medium.jpg?1520554486,Phoenix dactylifera
https://static.inaturalist.org/photos/14011640/medium.jpeg?1520619526,Phoenix dactylifera
https://static.inaturalist.org/photos/14017988/medium.jpg?1520635184,Phoenix dactylifera
https://static.inaturalist.org/photos/14018033/medium.jpg?1520635311,Phoenix dactylifera
https://static.inaturalist.org/photos/14057479/medium.jpg?1520754339,Phoenix dactylifera
https://static.inaturalist.org/photos/14075992/medium.jpg?1520807517,Phoenix dactylifera
https://static.inaturalist.org/photos/14084575/medium.jpg?1520823430,Phoenix dactylifera
https://static.inaturalist.org/photos/14087142/medium.jpeg?1520829258,Phoenix dactylifera
https://static.inaturalist.org/photos/14090198/medium.jpg?1520837342,Phoenix dactylifera
https://static.inaturalist.org/photos/14136780/medium.jpg?1520994095,Phoenix dactylifera
https://static.inaturalist.org/photos/14149019/medium.jpeg?1521051218,Phoenix dactylifera
https://static.inaturalist.org/photos/14169690/medium.jpg?1521126113,Phoenix dactylifera
https://static.inaturalist.org/photos/14171175/medium.jpeg?1521131807,Phoenix dactylifera
https://static.inaturalist.org/photos/14221548/medium.jpg?1521304377,Phoenix dactylifera
https://static.inaturalist.org/photos/14256956/medium.jpeg?1521398830,Phoenix dactylifera
https://static.inaturalist.org/photos/14267033/medium.jpeg?1521417735,Phoenix dactylifera
https://static.inaturalist.org/photos/14303214/medium.jpeg?1521516654,Phoenix dactylifera
https://static.inaturalist.org/photos/14341704/medium.jpg?1521651349,Phoenix dactylifera
https://static.inaturalist.org/photos/14394085/medium.jpg?1521804985,Phoenix dactylifera
https://static.inaturalist.org/photos/14413284/medium.jpeg?1521852757,Phoenix dactylifera
https://static.inaturalist.org/photos/14424294/medium.jpeg?1521902563,Phoenix dactylifera
https://static.inaturalist.org/photos/14795316/medium.jpg?1522823296,Phoenix dactylifera
https://static.inaturalist.org/photos/14835997/medium.jpeg?1522924916,Phoenix dactylifera
https://static.inaturalist.org/photos/14851988/medium.jpg?1522963237,Phoenix dactylifera
https://static.inaturalist.org/photos/15038512/medium.jpg?1523386595,Phoenix dactylifera
https://static.inaturalist.org/photos/15085390/medium.jpg?1523480343,Phoenix dactylifera
https://static.inaturalist.org/photos/15509938/medium.jpg?1523870960,Phoenix dactylifera
https://static.inaturalist.org/photos/15509945/medium.jpg?1523870970,Phoenix dactylifera
https://static.inaturalist.org/photos/15509949/medium.jpg?1523870980,Phoenix dactylifera
https://static.inaturalist.org/photos/15509955/medium.jpg?1523870993,Phoenix dactylifera
https://static.inaturalist.org/photos/15509962/medium.jpg?1523871001,Phoenix dactylifera
https://static.inaturalist.org/photos/16103569/medium.jpeg?1524392864,Phoenix dactylifera
https://static.inaturalist.org/photos/16146964/medium.jpg?1524433290,Phoenix dactylifera
https://static.inaturalist.org/photos/16209844/medium.jpg?1524522010,Phoenix dactylifera
https://static.inaturalist.org/photos/16243221/medium.jpg?1524590288,Phoenix dactylifera
https://static.inaturalist.org/photos/16257639/medium.jpeg?1524607698,Phoenix dactylifera
https://static.inaturalist.org/photos/16257700/medium.jpg?1524607829,Phoenix dactylifera
https://static.inaturalist.org/photos/16504878/medium.jpeg?1524875647,Phoenix dactylifera
https://static.inaturalist.org/photos/16602676/medium.jpeg?1524932630,Phoenix dactylifera
https://static.inaturalist.org/photos/16669235/medium.jpeg?1524949366,Phoenix dactylifera
https://static.inaturalist.org/photos/16762034/medium.jpg?1524983827,Phoenix dactylifera
https://static.inaturalist.org/photos/17446190/medium.jpg?1525515627,Phoenix dactylifera
https://static.inaturalist.org/photos/17744510/medium.png?1525973734,Phoenix dactylifera
https://static.inaturalist.org/photos/17800656/medium.jpg?1526066814,Phoenix dactylifera
https://static.inaturalist.org/photos/17847037/medium.jpg?1526145526,Phoenix dactylifera
https://static.inaturalist.org/photos/18320210/medium.jpg?1526862712,Phoenix dactylifera
https://static.inaturalist.org/photos/18652400/medium.jpeg?1527414382,Phoenix dactylifera
https://static.inaturalist.org/photos/18866616/medium.jpeg?1527741223,Phoenix dactylifera
https://static.inaturalist.org/photos/18883720/medium.jpg?1527785173,Phoenix dactylifera
https://static.inaturalist.org/photos/18932560/medium.jpeg?1527870460,Phoenix dactylifera
https://static.inaturalist.org/photos/19035659/medium.jpg?1528015078,Phoenix dactylifera
https://static.inaturalist.org/photos/19280476/medium.jpg?1528327165,Phoenix dactylifera
https://static.inaturalist.org/photos/19342629/medium.jpg?1528440915,Phoenix dactylifera
https://static.inaturalist.org/photos/19393813/medium.jpg?1528521975,Phoenix dactylifera
https://static.inaturalist.org/photos/19688216/medium.jpg?1528966512,Phoenix dactylifera
https://static.inaturalist.org/photos/19755914/medium.jpg?1529091012,Phoenix dactylifera
https://static.inaturalist.org/photos/19869761/medium.jpg?1529258782,Phoenix dactylifera
https://static.inaturalist.org/photos/20091204/medium.jpg?1529611496,Phoenix dactylifera
https://static.inaturalist.org/photos/20617410/medium.jpeg?1530463477,Phoenix dactylifera
https://static.inaturalist.org/photos/20716076/medium.jpeg?1530600541,Phoenix dactylifera
https://static.inaturalist.org/photos/20957753/medium.jpg?1530995495,Phoenix dactylifera
https://static.inaturalist.org/photos/20959311/medium.png?1530996948,Phoenix dactylifera
https://static.inaturalist.org/photos/21131685/medium.jpg?1531256156,Phoenix dactylifera
https://static.inaturalist.org/photos/21157515/medium.jpg?1531303415,Phoenix dactylifera
https://static.inaturalist.org/photos/21158235/medium.jpg?1531306113,Phoenix dactylifera
https://static.inaturalist.org/photos/21408367/medium.jpg?1531691228,Phoenix dactylifera
https://static.inaturalist.org/photos/21813443/medium.jpg?1532309776,Phoenix dactylifera
https://static.inaturalist.org/photos/22077948/medium.jpg?1532710597,Phoenix dactylifera
https://static.inaturalist.org/photos/22105481/medium.jpg?1532737285,Phoenix dactylifera
https://static.inaturalist.org/photos/22833229/medium.jpg?1533821372,Phoenix dactylifera
https://static.inaturalist.org/photos/23050537/medium.jpeg?1534141363,Phoenix dactylifera
https://static.inaturalist.org/photos/24356235/medium.jpg?1536152765,Phoenix dactylifera
https://static.inaturalist.org/photos/24553822/medium.jpg?1536452639,Phoenix dactylifera
https://static.inaturalist.org/photos/24505147/medium.jpg?1536395317,Phoenix dactylifera
https://static.inaturalist.org/photos/24666516/medium.jpeg?1536612097,Phoenix dactylifera
https://static.inaturalist.org/photos/24771613/medium.jpg?1536779358,Phoenix dactylifera
https://static.inaturalist.org/photos/24826350/medium.jpg?1536863063,Phoenix dactylifera
https://static.inaturalist.org/photos/24834866/medium.jpeg?1536871981,Phoenix dactylifera
https://static.inaturalist.org/photos/24876038/medium.jpg?1536942086,Phoenix dactylifera
https://static.inaturalist.org/photos/24957530/medium.jpg?1537055550,Phoenix dactylifera
https://static.inaturalist.org/photos/25573294/medium.jpeg?1537937064,Phoenix dactylifera
https://static.inaturalist.org/photos/25796214/medium.jpg?1538272004,Phoenix dactylifera
https://static.inaturalist.org/photos/25844955/medium.jpeg?1538339217,Phoenix dactylifera
https://static.inaturalist.org/photos/26049632/medium.jpeg?1538664658,Phoenix dactylifera
https://static.inaturalist.org/photos/26087373/medium.jpg?1538718186,Phoenix dactylifera
https://static.inaturalist.org/photos/26603704/medium.jpg?1539500475,Phoenix dactylifera
https://static.inaturalist.org/photos/26913364/medium.jpeg?1539995097,Phoenix dactylifera
https://static.inaturalist.org/photos/27218888/medium.jpg?1540496837,Phoenix dactylifera
https://static.inaturalist.org/photos/27488041/medium.jpeg?1540986083,Phoenix dactylifera
https://static.inaturalist.org/photos/27529079/medium.jpg?1541082384,Phoenix dactylifera
https://static.inaturalist.org/photos/28173324/medium.jpg?1542385738,Phoenix dactylifera
https://static.inaturalist.org/photos/28242602/medium.jpg?1542537640,Phoenix dactylifera
https://static.inaturalist.org/photos/28308741/medium.jpg?1542677354,Phoenix dactylifera
https://static.inaturalist.org/photos/28333582/medium.jpg?1542744658,Phoenix dactylifera
https://static.inaturalist.org/photos/28373683/medium.jpeg?1542844037,Phoenix dactylifera
https://static.inaturalist.org/photos/28373763/medium.jpeg?1542844228,Phoenix dactylifera
https://static.inaturalist.org/photos/28420276/medium.jpeg?1542966513,Phoenix dactylifera
https://static.inaturalist.org/photos/28538795/medium.jpg?1543207953,Phoenix dactylifera
https://static.inaturalist.org/photos/28649298/medium.jpg?1543475559,Phoenix dactylifera
https://static.inaturalist.org/photos/28727327/medium.jpg?1543692002,Phoenix dactylifera
https://static.inaturalist.org/photos/28742402/medium.jpg?1543717449,Phoenix dactylifera
https://static.inaturalist.org/photos/28795226/medium.jpg?1543841330,Phoenix dactylifera
https://static.inaturalist.org/photos/28838123/medium.jpg?1543945584,Phoenix dactylifera
https://static.inaturalist.org/photos/28870322/medium.jpeg?1544032771,Phoenix dactylifera
https://static.inaturalist.org/photos/28932306/medium.jpeg?1544207208,Phoenix dactylifera
https://static.inaturalist.org/photos/28946742/medium.jpg?1544238688,Phoenix dactylifera
https://static.inaturalist.org/photos/29001971/medium.jpeg?1544374569,Phoenix dactylifera
https://static.inaturalist.org/photos/29003389/medium.jpeg?1544377559,Phoenix dactylifera
https://static.inaturalist.org/photos/29075197/medium.jpeg?1544553162,Phoenix dactylifera
https://static.inaturalist.org/photos/29213233/medium.jpeg?1544952484,Phoenix dactylifera
https://static.inaturalist.org/photos/29330072/medium.jpg?1545267436,Phoenix dactylifera
https://static.inaturalist.org/photos/29375913/medium.jpg?1545409340,Phoenix dactylifera
https://static.inaturalist.org/photos/29448632/medium.jpeg?1545585540,Phoenix dactylifera
https://static.inaturalist.org/photos/29499624/medium.jpg?1545702130,Phoenix dactylifera
https://static.inaturalist.org/photos/29707547/medium.jpeg?1546221613,Phoenix dactylifera
https://static.inaturalist.org/photos/29773973/medium.jpeg?1546380263,Phoenix dactylifera
https://static.inaturalist.org/photos/29814932/medium.jpeg?1546474314,Phoenix dactylifera
https://static.inaturalist.org/photos/30053417/medium.jpg?1547017696,Phoenix dactylifera
https://static.inaturalist.org/photos/30093222/medium.jpg?1547127116,Phoenix dactylifera
https://static.inaturalist.org/photos/30109285/medium.jpg?1547166267,Phoenix dactylifera
https://static.inaturalist.org/photos/30211055/medium.jpeg?1547410924,Phoenix dactylifera
https://static.inaturalist.org/photos/30212104/medium.jpeg?1547412310,Phoenix dactylifera
https://static.inaturalist.org/photos/30298611/medium.jpg?1547627455,Phoenix dactylifera
https://static.inaturalist.org/photos/30400293/medium.jpeg?1547913735,Phoenix dactylifera
https://static.inaturalist.org/photos/30478365/medium.jpg?1548066233,Phoenix dactylifera
https://static.inaturalist.org/photos/30688404/medium.jpeg?1548565784,Phoenix dactylifera
https://static.inaturalist.org/photos/31026491/medium.jpg?1549331754,Phoenix dactylifera
https://static.inaturalist.org/photos/31114491/medium.jpg?1549498031,Phoenix dactylifera
https://static.inaturalist.org/photos/31321225/medium.jpeg?1549924960,Phoenix dactylifera
https://static.inaturalist.org/photos/31396096/medium.jpg?1550105500,Phoenix dactylifera
https://static.inaturalist.org/photos/31453519/medium.jpg?1550258956,Phoenix dactylifera
https://static.inaturalist.org/photos/31584860/medium.jpeg?1550518823,Phoenix dactylifera
https://static.inaturalist.org/photos/31776935/medium.jpeg?1550894599,Phoenix dactylifera
https://static.inaturalist.org/photos/31809217/medium.jpeg?1550907615,Phoenix dactylifera
https://static.inaturalist.org/photos/31905001/medium.jpg?1550938120,Phoenix dactylifera
https://static.inaturalist.org/photos/31907675/medium.jpeg?1550939836,Phoenix dactylifera
https://static.inaturalist.org/photos/31913524/medium.jpg?1550946722,Phoenix dactylifera
https://static.inaturalist.org/photos/31978024/medium.jpg?1551049746,Phoenix dactylifera
https://static.inaturalist.org/photos/32190319/medium.jpg?1551486262,Phoenix dactylifera
https://static.inaturalist.org/photos/32190873/medium.jpeg?1551487104,Phoenix dactylifera
https://static.inaturalist.org/photos/32225162/medium.jpg?1551554526,Phoenix dactylifera
https://static.inaturalist.org/photos/32258988/medium.jpg?1551593565,Phoenix dactylifera
https://static.inaturalist.org/photos/32337627/medium.jpeg?1551720744,Phoenix dactylifera
https://static.inaturalist.org/photos/32492042/medium.jpeg?1551997670,Phoenix dactylifera
https://static.inaturalist.org/photos/32547795/medium.jpg?1552087926,Phoenix dactylifera
https://static.inaturalist.org/photos/32604077/medium.jpg?1552178826,Phoenix dactylifera
https://static.inaturalist.org/photos/32617428/medium.jpg?1552196675,Phoenix dactylifera
https://static.inaturalist.org/photos/32620539/medium.jpg?1552204086,Phoenix dactylifera
https://static.inaturalist.org/photos/32646831/medium.jpeg?1552249644,Phoenix dactylifera
https://static.inaturalist.org/photos/32667613/medium.jpg?1552271195,Phoenix dactylifera
https://static.inaturalist.org/photos/32738417/medium.jpg?1552413271,Phoenix dactylifera
https://static.inaturalist.org/photos/32795850/medium.jpg?1552517585,Phoenix dactylifera
https://static.inaturalist.org/photos/32798259/medium.jpg?1552520978,Phoenix dactylifera
https://static.inaturalist.org/photos/32953420/medium.jpg?1552795967,Phoenix dactylifera
https://static.inaturalist.org/photos/33251384/medium.jpg?1553278546,Phoenix dactylifera
https://static.inaturalist.org/photos/33251421/medium.jpg?1553278584,Phoenix dactylifera
https://static.inaturalist.org/photos/33429339/medium.jpeg?1553522826,Phoenix dactylifera
https://static.inaturalist.org/photos/33441359/medium.jpeg?1553537218,Phoenix dactylifera
https://static.inaturalist.org/photos/33448658/medium.jpg?1553545441,Phoenix dactylifera
https://static.inaturalist.org/photos/33740753/medium.jpg?1553964124,Phoenix dactylifera
https://static.inaturalist.org/photos/33740720/medium.jpg?1553964099,Phoenix dactylifera
https://static.inaturalist.org/photos/33740742/medium.jpg?1553964117,Phoenix dactylifera
https://static.inaturalist.org/photos/33741202/medium.jpg?1553964403,Phoenix dactylifera
https://static.inaturalist.org/photos/33817392/medium.jpeg?1554047377,Phoenix dactylifera
https://static.inaturalist.org/photos/33835716/medium.jpg?1554062448,Phoenix dactylifera
https://static.inaturalist.org/photos/33886488/medium.jpeg?1554126761,Phoenix dactylifera
https://static.inaturalist.org/photos/34338441/medium.jpeg?1554692603,Phoenix dactylifera
https://static.inaturalist.org/photos/34645092/medium.jpeg?1555078779,Phoenix dactylifera
https://static.inaturalist.org/photos/34894615/medium.jpeg?1555355581,Phoenix dactylifera
https://static.inaturalist.org/photos/34910737/medium.jpeg?1555369689,Phoenix dactylifera
https://static.inaturalist.org/photos/34979910/medium.jpg?1555450527,Phoenix dactylifera
https://static.inaturalist.org/photos/35274616/medium.jpeg?1555778736,Phoenix dactylifera
https://static.inaturalist.org/photos/35440526/medium.jpeg?1555904720,Phoenix dactylifera
https://static.inaturalist.org/photos/35818124/medium.jpg?1556262317,Phoenix dactylifera
https://static.inaturalist.org/photos/35856921/medium.jpg?1556287000,Phoenix dactylifera
https://static.inaturalist.org/photos/35876396/medium.jpg?1556291822,Phoenix dactylifera
https://static.inaturalist.org/photos/35877666/medium.jpeg?1556292099,Phoenix dactylifera
https://static.inaturalist.org/photos/35920480/medium.jpeg?1556300332,Phoenix dactylifera
https://static.inaturalist.org/photos/36150005/medium.jpeg?1556357752,Phoenix dactylifera
https://static.inaturalist.org/photos/36311329/medium.jpg?1556393490,Phoenix dactylifera
https://static.inaturalist.org/photos/36326386/medium.jpg?1556395915,Phoenix dactylifera
https://static.inaturalist.org/photos/36390382/medium.jpeg?1556406361,Phoenix dactylifera
https://static.inaturalist.org/photos/36440713/medium.jpeg?1556415359,Phoenix dactylifera
https://static.inaturalist.org/photos/36503558/medium.jpg?1556429273,Phoenix dactylifera
https://static.inaturalist.org/photos/36601824/medium.jpg?1556464784,Phoenix dactylifera
https://static.inaturalist.org/photos/36820147/medium.jpg?1556498536,Phoenix dactylifera
https://static.inaturalist.org/photos/36866915/medium.jpg?1556506462,Phoenix dactylifera
https://static.inaturalist.org/photos/36916641/medium.jpg?1556516384,Phoenix dactylifera
https://static.inaturalist.org/photos/37005940/medium.jpeg?1556547383,Phoenix dactylifera
https://static.inaturalist.org/photos/37070269/medium.jpeg?1556557929,Phoenix dactylifera
https://static.inaturalist.org/photos/37163656/medium.jpg?1556572867,Phoenix dactylifera
https://static.inaturalist.org/photos/37170875/medium.jpeg?1556574005,Phoenix dactylifera
https://static.inaturalist.org/photos/37181577/medium.jpeg?1556575589,Phoenix dactylifera
https://static.inaturalist.org/photos/37249361/medium.jpeg?1556585450,Phoenix dactylifera
https://static.inaturalist.org/photos/37309748/medium.jpg?1556594449,Phoenix dactylifera
https://static.inaturalist.org/photos/37318492/medium.jpg?1556595799,Phoenix dactylifera
https://static.inaturalist.org/photos/37327793/medium.jpeg?1556597310,Phoenix dactylifera
https://static.inaturalist.org/photos/37342107/medium.jpg?1556599791,Phoenix dactylifera
https://static.inaturalist.org/photos/37458310/medium.jpeg?1556660921,Phoenix dactylifera
https://static.inaturalist.org/photos/37520725/medium.jpg?1556697491,Phoenix dactylifera
https://static.inaturalist.org/photos/37939477/medium.jpg?1557001651,Phoenix dactylifera
https://static.inaturalist.org/photos/38004788/medium.jpeg?1557046808,Phoenix dactylifera
https://static.inaturalist.org/photos/38199199/medium.jpeg?1557188587,Phoenix dactylifera
https://static.inaturalist.org/photos/38729005/medium.jpeg?1557702129,Phoenix dactylifera
https://static.inaturalist.org/photos/38773534/medium.jpg?1557752935,Phoenix dactylifera
https://static.inaturalist.org/photos/38828219/medium.jpg?1557798915,Phoenix dactylifera
https://static.inaturalist.org/photos/38995466/medium.jpg?1557968298,Phoenix dactylifera
https://static.inaturalist.org/photos/39655425/medium.jpeg?1558570390,Phoenix dactylifera
https://static.inaturalist.org/photos/39821818/medium.jpg?1558729264,Phoenix dactylifera
https://static.inaturalist.org/photos/40246844/medium.jpeg?1559061840,Phoenix dactylifera
https://static.inaturalist.org/photos/40626114/medium.jpg?1559399917,Phoenix dactylifera
https://static.inaturalist.org/photos/40789416/medium.jpg?1559508610,Phoenix dactylifera
https://static.inaturalist.org/photos/41127613/medium.jpg?1559806620,Phoenix dactylifera
https://static.inaturalist.org/photos/41281047/medium.jpg?1559951600,Phoenix dactylifera
https://static.inaturalist.org/photos/41523920/medium.jpg?1560144735,Phoenix dactylifera
https://static.inaturalist.org/photos/41674364/medium.jpg?1560283801,Phoenix dactylifera
https://static.inaturalist.org/photos/42031053/medium.jpg?1560626930,Phoenix dactylifera
https://static.inaturalist.org/photos/42363265/medium.jpg?1560902476,Phoenix dactylifera
https://static.inaturalist.org/photos/42802345/medium.jpeg?1561302580,Phoenix dactylifera
https://static.inaturalist.org/photos/43692506/medium.jpeg?1562051441,Phoenix dactylifera
https://static.inaturalist.org/photos/43894598/medium.jpeg?1562245169,Phoenix dactylifera
https://static.inaturalist.org/photos/43908291/medium.jpg?1562255863,Phoenix dactylifera
https://static.inaturalist.org/photos/43974158/medium.jpeg?1562307684,Phoenix dactylifera
https://static.inaturalist.org/photos/44083852/medium.jpg?1562415760,Phoenix dactylifera
https://static.inaturalist.org/photos/44245415/medium.jpeg?1562528814,Phoenix dactylifera
https://static.inaturalist.org/photos/44747817/medium.jpg?1562966951,Phoenix dactylifera
https://static.inaturalist.org/photos/45337660/medium.jpg?1563466086,Phoenix dactylifera
https://static.inaturalist.org/photos/45396613/medium.jpeg?1563520200,Phoenix dactylifera
https://static.inaturalist.org/photos/45587200/medium.jpeg?1563676144,Phoenix dactylifera
https://static.inaturalist.org/photos/45884682/medium.jpeg?1563913267,Phoenix dactylifera
https://static.inaturalist.org/photos/46500252/medium.jpeg?1564409353,Phoenix dactylifera
https://static.inaturalist.org/photos/46715877/medium.jpeg?1564583745,Phoenix dactylifera
https://static.inaturalist.org/photos/46833054/medium.jpg?1564681219,Phoenix dactylifera
https://static.inaturalist.org/photos/48045527/medium.jpg?1565692451,Phoenix dactylifera
https://static.inaturalist.org/photos/48069380/medium.jpg?1565713177,Phoenix dactylifera
https://static.inaturalist.org/photos/48308193/medium.jpeg?1565909444,Phoenix dactylifera
https://static.inaturalist.org/photos/49146264/medium.jpeg?1566658552,Phoenix dactylifera
https://static.inaturalist.org/photos/50700578/medium.jpg?1567941186,Phoenix dactylifera
https://static.inaturalist.org/photos/50742207/medium.jpg?1567967848,Phoenix dactylifera
https://static.inaturalist.org/photos/51003059/medium.jpg?1568179143,Phoenix dactylifera
https://static.inaturalist.org/photos/50968574/medium.jpg?1568151909,Phoenix dactylifera
https://static.inaturalist.org/photos/51087518/medium.jpeg?1568251602,Phoenix dactylifera
https://static.inaturalist.org/photos/51101696/medium.jpeg?1568268948,Phoenix dactylifera
https://static.inaturalist.org/photos/51157220/medium.jpg?1568321270,Phoenix dactylifera
https://static.inaturalist.org/photos/51164480/medium.jpg?1568326181,Phoenix dactylifera
https://static.inaturalist.org/photos/51174081/medium.jpg?1568333826,Phoenix dactylifera
https://static.inaturalist.org/photos/51184295/medium.jpg?1568343283,Phoenix dactylifera
https://static.inaturalist.org/photos/51198230/medium.jpeg?1568367423,Phoenix dactylifera
https://static.inaturalist.org/photos/51648958/medium.jpg?1568748536,Phoenix dactylifera
https://static.inaturalist.org/photos/52204831/medium.jpg?1569225330,Phoenix dactylifera
https://static.inaturalist.org/photos/52211446/medium.jpeg?1569239330,Phoenix dactylifera
https://static.inaturalist.org/photos/52425032/medium.jpg?1569433165,Phoenix dactylifera
https://static.inaturalist.org/photos/52978807/medium.jpg?1569954979,Phoenix dactylifera
https://static.inaturalist.org/photos/52978799/medium.jpg?1569954972,Phoenix dactylifera
https://static.inaturalist.org/photos/53056182/medium.jpg?1570036706,Phoenix dactylifera
https://static.inaturalist.org/photos/53184820/medium.jpeg?1570183264,Phoenix dactylifera
https://static.inaturalist.org/photos/53304003/medium.jpg?1570302045,Phoenix dactylifera
https://static.inaturalist.org/photos/53389831/medium.jpeg?1570379343,Phoenix dactylifera
https://static.inaturalist.org/photos/53454233/medium.jpg?1570423394,Phoenix dactylifera
https://static.inaturalist.org/photos/53623756/medium.jpeg?1570587828,Phoenix dactylifera
https://static.inaturalist.org/photos/53714729/medium.jpg?1570700064,Phoenix dactylifera
https://static.inaturalist.org/photos/53714824/medium.jpg?1570700176,Phoenix dactylifera
https://static.inaturalist.org/photos/53803273/medium.jpg?1570805696,Phoenix dactylifera
https://static.inaturalist.org/photos/54028241/medium.jpeg?1571017067,Phoenix dactylifera
https://static.inaturalist.org/photos/54220468/medium.jpeg?1571225422,Phoenix dactylifera
https://static.inaturalist.org/photos/54293587/medium.jpeg?1571317222,Phoenix dactylifera
https://static.inaturalist.org/photos/54433767/medium.jpg?1571489893,Phoenix dactylifera
https://static.inaturalist.org/photos/54619976/medium.jpg?1571663224,Phoenix dactylifera
https://static.inaturalist.org/photos/54923454/medium.jpg?1571988491,Phoenix dactylifera
https://static.inaturalist.org/photos/54936937/medium.jpg?1572013125,Phoenix dactylifera
https://static.inaturalist.org/photos/54946670/medium.jpeg?1572022412,Phoenix dactylifera
https://static.inaturalist.org/photos/54957029/medium.jpeg?1572031782,Phoenix dactylifera
https://static.inaturalist.org/photos/54994760/medium.jpg?1572081243,Phoenix dactylifera
https://static.inaturalist.org/photos/55020082/medium.jpg?1572111071,Phoenix dactylifera
https://static.inaturalist.org/photos/55070904/medium.jpeg?1572159277,Phoenix dactylifera
https://static.inaturalist.org/photos/55235195/medium.jpg?1572353584,Phoenix dactylifera
https://static.inaturalist.org/photos/55304753/medium.jpg?1572445454,Phoenix dactylifera
https://static.inaturalist.org/photos/55307228/medium.jpg?1572448137,Phoenix dactylifera
https://static.inaturalist.org/photos/55308629/medium.jpg?1572449808,Phoenix dactylifera
https://static.inaturalist.org/photos/55347850/medium.jpg?1572491697,Phoenix dactylifera
https://static.inaturalist.org/photos/55348078/medium.jpg?1572492093,Phoenix dactylifera
https://static.inaturalist.org/photos/55388967/medium.jpg?1572560155,Phoenix dactylifera
https://static.inaturalist.org/photos/55435803/medium.jpeg?1572638117,Phoenix dactylifera
https://static.inaturalist.org/photos/55435806/medium.jpeg?1572638124,Phoenix dactylifera
https://static.inaturalist.org/photos/55473472/medium.jpg?1572700007,Phoenix dactylifera
https://static.inaturalist.org/photos/55496334/medium.jpeg?1572724616,Phoenix dactylifera
https://static.inaturalist.org/photos/55679975/medium.jpeg?1572935127,Phoenix dactylifera
https://static.inaturalist.org/photos/55720327/medium.jpg?1572988886,Phoenix dactylifera
https://static.inaturalist.org/photos/55770850/medium.jpeg?1573055099,Phoenix dactylifera
https://static.inaturalist.org/photos/56215897/medium.jpeg?1573643093,Phoenix dactylifera
https://static.inaturalist.org/photos/56268389/medium.jpeg?1573728656,Phoenix dactylifera
https://static.inaturalist.org/photos/56337118/medium.jpg?1573837695,Phoenix dactylifera
https://static.inaturalist.org/photos/56369868/medium.jpeg?1573877496,Phoenix dactylifera
https://static.inaturalist.org/photos/56477825/medium.jpeg?1574023903,Phoenix dactylifera
https://static.inaturalist.org/photos/56636096/medium.jpg?1574245854,Phoenix dactylifera
https://static.inaturalist.org/photos/56794089/medium.jpeg?1574490092,Phoenix dactylifera
https://static.inaturalist.org/photos/56870074/medium.jpg?1574590645,Phoenix dactylifera
https://static.inaturalist.org/photos/57361042/medium.jpg?1575319675,Phoenix dactylifera
https://static.inaturalist.org/photos/57463098/medium.jpeg?1575492295,Phoenix dactylifera
https://static.inaturalist.org/photos/57751253/medium.jpg?1575973849,Phoenix dactylifera
https://static.inaturalist.org/photos/57755115/medium.jpg?1575982853,Phoenix dactylifera
https://static.inaturalist.org/photos/57976872/medium.jpeg?1576372039,Phoenix dactylifera
https://static.inaturalist.org/photos/58374025/medium.jpg?1577104098,Phoenix dactylifera
https://static.inaturalist.org/photos/58536872/medium.jpg?1577388637,Phoenix dactylifera
https://static.inaturalist.org/photos/58805662/medium.jpeg?1577791707,Phoenix dactylifera
https://static.inaturalist.org/photos/58824621/medium.jpeg?1577820665,Phoenix dactylifera
https://static.inaturalist.org/photos/58934808/medium.jpeg?1577992983,Phoenix dactylifera
https://static.inaturalist.org/photos/58986476/medium.jpg?1578068692,Phoenix dactylifera
https://static.inaturalist.org/photos/59018764/medium.jpg?1578104617,Phoenix dactylifera
https://static.inaturalist.org/photos/59038202/medium.jpeg?1578134790,Phoenix dactylifera
https://static.inaturalist.org/photos/59158442/medium.jpeg?1578289578,Phoenix dactylifera
https://static.inaturalist.org/photos/59222023/medium.jpeg?1578390309,Phoenix dactylifera
https://static.inaturalist.org/photos/59222128/medium.jpeg?1578390501,Phoenix dactylifera
https://static.inaturalist.org/photos/59232671/medium.jpg?1578410130,Phoenix dactylifera
https://static.inaturalist.org/photos/59588928/medium.jpg?1578963566,Phoenix dactylifera
https://static.inaturalist.org/photos/59622297/medium.jpeg?1579027029,Phoenix dactylifera
https://static.inaturalist.org/photos/59627573/medium.jpeg?1579034040,Phoenix dactylifera
https://static.inaturalist.org/photos/59640507/medium.jpeg?1579051310,Phoenix dactylifera
https://static.inaturalist.org/photos/59912512/medium.jpg?1579461606,Phoenix dactylifera
https://static.inaturalist.org/photos/60410966/medium.jpeg?1580176811,Phoenix dactylifera
https://static.inaturalist.org/photos/60481204/medium.jpg?1580296885,Phoenix dactylifera
https://static.inaturalist.org/photos/60709635/medium.jpeg?1580653271,Phoenix dactylifera
https://static.inaturalist.org/photos/60800272/medium.jpg?1580763884,Phoenix dactylifera
https://static.inaturalist.org/photos/60804566/medium.jpg?1580768010,Phoenix dactylifera
https://static.inaturalist.org/photos/61434911/medium.jpeg?1581691147,Phoenix dactylifera
https://static.inaturalist.org/photos/61527620/medium.jpeg?1581812004,Phoenix dactylifera
https://static.inaturalist.org/photos/61528538/medium.jpg?1581812952,Phoenix dactylifera
https://static.inaturalist.org/photos/61528548/medium.jpg?1581812966,Phoenix dactylifera
https://static.inaturalist.org/photos/61528526/medium.jpg?1581812939,Phoenix dactylifera
https://static.inaturalist.org/photos/61815555/medium.jpg?1582169267,Phoenix dactylifera
https://static.inaturalist.org/photos/61894066/medium.jpeg?1582295052,Phoenix dactylifera
https://static.inaturalist.org/photos/62100968/medium.jpeg?1582556073,Phoenix dactylifera
https://static.inaturalist.org/photos/62101004/medium.jpeg?1582556119,Phoenix dactylifera
https://static.inaturalist.org/photos/62415884/medium.jpg?1582979346,Phoenix dactylifera
https://static.inaturalist.org/photos/62680689/medium.jpeg?1583267305,Phoenix dactylifera
https://static.inaturalist.org/photos/62963106/medium.jpeg?1583621789,Phoenix dactylifera
https://static.inaturalist.org/photos/63290341/medium.jpg?1583975674,Phoenix dactylifera
https://static.inaturalist.org/photos/63378303/medium.jpeg?1584082663,Phoenix dactylifera
https://static.inaturalist.org/photos/63812759/medium.jpg?1584527426,Phoenix dactylifera
https://static.inaturalist.org/photos/63901421/medium.jpeg?1584610375,Phoenix dactylifera
https://static.inaturalist.org/photos/64240094/medium.jpeg?1584900597,Phoenix dactylifera
https://static.inaturalist.org/photos/64353638/medium.jpg?1584995870,Phoenix dactylifera
https://static.inaturalist.org/photos/65528635/medium.jpg?1585942434,Phoenix dactylifera
https://static.inaturalist.org/photos/65725748/medium.jpeg?1586080369,Phoenix dactylifera
https://static.inaturalist.org/photos/65810679/medium.jpg?1586122678,Phoenix dactylifera
https://static.inaturalist.org/photos/65823383/medium.jpg?1586128027,Phoenix dactylifera
https://static.inaturalist.org/photos/66125372/medium.jpeg?1586351347,Phoenix dactylifera
https://static.inaturalist.org/photos/66202491/medium.jpeg?1586392158,Phoenix dactylifera
https://static.inaturalist.org/photos/66463374/medium.jpeg?1586579264,Phoenix dactylifera
https://static.inaturalist.org/photos/66934483/medium.jpeg?1586877442,Phoenix dactylifera
https://static.inaturalist.org/photos/67027299/medium.jpg?1586934596,Phoenix dactylifera
https://static.inaturalist.org/photos/67242684/medium.jpg?1587078843,Phoenix dactylifera
https://static.inaturalist.org/photos/67337355/medium.jpeg?1587149610,Phoenix dactylifera
https://static.inaturalist.org/photos/67519233/medium.jpg?1587251657,Phoenix dactylifera
https://static.inaturalist.org/photos/67805363/medium.jpeg?1587413049,Phoenix dactylifera
https://static.inaturalist.org/photos/68028375/medium.jpeg?1587557490,Phoenix dactylifera
https://static.inaturalist.org/photos/68307521/medium.jpg?1587695340,Phoenix dactylifera
https://static.inaturalist.org/photos/68307528/medium.jpg?1587695345,Phoenix dactylifera
https://static.inaturalist.org/photos/68307536/medium.jpg?1587695349,Phoenix dactylifera
https://static.inaturalist.org/photos/68358236/medium.jpg?1587725380,Phoenix dactylifera
https://static.inaturalist.org/photos/68395560/medium.jpg?1587737952,Phoenix dactylifera
https://static.inaturalist.org/photos/68420021/medium.jpeg?1587742821,Phoenix dactylifera
https://static.inaturalist.org/photos/68583179/medium.jpg?1587771460,Phoenix dactylifera
https://static.inaturalist.org/photos/68820542/medium.jpg?1587833524,Phoenix dactylifera
https://static.inaturalist.org/photos/69282309/medium.jpg?1587923638,Phoenix dactylifera
https://static.inaturalist.org/photos/69526630/medium.jpg?1587965262,Phoenix dactylifera
https://static.inaturalist.org/photos/70142644/medium.jpg?1588159096,Phoenix dactylifera
https://static.inaturalist.org/photos/70390180/medium.jpeg?1588274630,Phoenix dactylifera
https://static.inaturalist.org/photos/71281582/medium.jpeg?1588673523,Phoenix dactylifera
https://static.inaturalist.org/photos/71594046/medium.jpeg?1588850343,Phoenix dactylifera
https://static.inaturalist.org/photos/71608346/medium.jpg?1588860038,Phoenix dactylifera
https://static.inaturalist.org/photos/71774560/medium.jpeg?1588949271,Phoenix dactylifera
https://static.inaturalist.org/photos/72008288/medium.jpg?1589059284,Phoenix dactylifera
https://static.inaturalist.org/photos/72417433/medium.jpg?1589268252,Phoenix dactylifera
https://static.inaturalist.org/photos/72418996/medium.jpeg?1589270111,Phoenix dactylifera
https://static.inaturalist.org/photos/72487246/medium.jpg?1589309924,Phoenix dactylifera
https://static.inaturalist.org/photos/72793398/medium.jpeg?1589482896,Phoenix dactylifera
https://static.inaturalist.org/photos/72942295/medium.jpeg?1589564333,Phoenix dactylifera
https://static.inaturalist.org/photos/72990863/medium.jpeg?1589581803,Phoenix dactylifera
https://static.inaturalist.org/photos/73182679/medium.jpeg?1589663081,Phoenix dactylifera
https://static.inaturalist.org/photos/73722664/medium.jpeg?1589893472,Phoenix dactylifera
https://static.inaturalist.org/photos/77024560/medium.jpeg?1591366303,Phoenix dactylifera
https://static.inaturalist.org/photos/77158743/medium.jpg?1591422241,Phoenix dactylifera
https://static.inaturalist.org/photos/77396627/medium.jpg?1591531793,Phoenix dactylifera
https://static.inaturalist.org/photos/77406174/medium.jpg?1591536298,Phoenix dactylifera
https://static.inaturalist.org/photos/78219048/medium.jpeg?1591916513,Phoenix dactylifera
https://static.inaturalist.org/photos/78254111/medium.jpeg?1591932130,Phoenix dactylifera
https://static.inaturalist.org/photos/78316417/medium.jpg?1591975895,Phoenix dactylifera
https://static.inaturalist.org/photos/78435103/medium.jpeg?1592026309,Phoenix dactylifera
https://static.inaturalist.org/photos/78484634/medium.jpg?1592058323,Phoenix dactylifera
https://static.inaturalist.org/photos/78551573/medium.jpeg?1592077362,Phoenix dactylifera
https://static.inaturalist.org/photos/78703119/medium.jpeg?1592143450,Phoenix dactylifera
https://static.inaturalist.org/photos/79266427/medium.jpg?1592378140,Phoenix dactylifera
https://static.inaturalist.org/photos/79447434/medium.jpg?1592477742,Phoenix dactylifera
https://static.inaturalist.org/photos/79686796/medium.jpg?1592595011,Phoenix dactylifera
https://static.inaturalist.org/photos/79845469/medium.jpeg?1592669740,Phoenix dactylifera
https://static.inaturalist.org/photos/79843918/medium.jpeg?1592669296,Phoenix dactylifera
https://static.inaturalist.org/photos/79966161/medium.jpeg?1592708251,Phoenix dactylifera
https://static.inaturalist.org/photos/80105118/medium.jpeg?1592764695,Phoenix dactylifera
https://static.inaturalist.org/photos/80899939/medium.jpeg?1593125180,Phoenix dactylifera
https://static.inaturalist.org/photos/81447413/medium.jpg?1593373793,Phoenix dactylifera
https://static.inaturalist.org/photos/81569902/medium.jpeg?1593426667,Phoenix dactylifera
https://static.inaturalist.org/photos/82192578/medium.jpg?1593716887,Phoenix dactylifera
https://static.inaturalist.org/photos/82419086/medium.jpg?1593826772,Phoenix dactylifera
https://static.inaturalist.org/photos/82685159/medium.jpeg?1593962029,Phoenix dactylifera
https://static.inaturalist.org/photos/84493181/medium.jpg?1594799110,Phoenix dactylifera
https://static.inaturalist.org/photos/84792489/medium.jpeg?1594945029,Phoenix dactylifera
https://static.inaturalist.org/photos/85446349/medium.jpeg?1595245360,Phoenix dactylifera
