image_url,scientific_name
https://static.inaturalist.org/photos/275627/medium.JPG?1444797777,Caryota urens
https://static.inaturalist.org/photos/566709/medium.JPG?1383719506,Caryota maxima
https://static.inaturalist.org/photos/657920/medium.JPG?1391136396,Caryota urens
https://static.inaturalist.org/photos/666459/medium.JPG?1391749038,Caryota urens
https://static.inaturalist.org/photos/712838/medium.jpg?1444778631,Caryota mitis
https://static.inaturalist.org/photos/932672/medium.JPG?1423670269,Caryota mitis
https://static.inaturalist.org/photos/1236095/medium.?1413348223,Caryota urens
https://static.inaturalist.org/photos/1236371/medium.?1413353620,Caryota
https://static.inaturalist.org/photos/1481760/medium.jpg?1421085860,Caryota mitis
https://static.inaturalist.org/photos/1484230/medium.jpg?1421206013,Caryota
https://static.inaturalist.org/photos/1618990/medium.JPG?1426278144,Caryota
https://static.inaturalist.org/photos/2130898/medium.JPG?1436889499,Caryota
https://static.inaturalist.org/photos/2351797/medium.JPG?1441595492,Caryota urens
https://static.inaturalist.org/photos/3515383/medium.jpg?1461890800,Caryota urens
https://static.inaturalist.org/photos/4438381/medium.jpeg?1470275066,Caryota obtusa
https://static.inaturalist.org/photos/4836550/medium.jpg?1473520947,Caryota maxima
https://static.inaturalist.org/photos/5219765/medium.jpg?1476464310,Caryota
https://static.inaturalist.org/photos/5514287/medium.jpeg?1479093287,Caryota mitis
https://static.inaturalist.org/photos/5901688/medium.jpg?1482976309,Caryota urens
https://static.inaturalist.org/photos/6090623/medium.jpg?1485047211,Caryota mitis
https://static.inaturalist.org/photos/6320585/medium.jpg?1487516779,Caryota urens
https://static.inaturalist.org/photos/6494347/medium.jpg?1488962860,Caryota maxima
https://static.inaturalist.org/photos/6538133/medium.jpeg?1489288342,Caryota
https://static.inaturalist.org/photos/6646802/medium.jpg?1490016083,Caryota
https://static.inaturalist.org/photos/6659793/medium.jpg?1490107968,Caryota
https://static.inaturalist.org/photos/8620531/medium.jpeg?1498333561,Caryota
https://static.inaturalist.org/photos/7139248/medium.jpg?1492328402,Caryota urens
https://static.inaturalist.org/photos/7228556/medium.jpeg?1492488405,Caryota
https://static.inaturalist.org/photos/7364424/medium.jpeg?1492870621,Caryota mitis
https://static.inaturalist.org/photos/7365145/medium.jpeg?1492873015,Caryota mitis
https://static.inaturalist.org/photos/7365151/medium.jpeg?1492873051,Caryota mitis
https://static.inaturalist.org/photos/7436155/medium.jpg?1493139818,Caryota
https://static.inaturalist.org/photos/7641357/medium.jpeg?1494040762,Caryota urens
https://static.inaturalist.org/photos/8472440/medium.jpeg?1497645319,Caryota
https://static.inaturalist.org/photos/9212145/medium.jpg?1500695556,Caryota mitis
https://static.inaturalist.org/photos/9798394/medium.jpeg?1502859827,Caryota
https://static.inaturalist.org/photos/10215289/medium.jpeg?1504503512,Caryota
https://static.inaturalist.org/photos/10351329/medium.jpeg?1505023968,Caryota
https://static.inaturalist.org/photos/11037753/medium.jpg?1507485707,Caryota
https://static.inaturalist.org/photos/11144229/medium.jpg?1507859105,Caryota
https://static.inaturalist.org/photos/11481754/medium.jpeg?1509217946,Caryota urens
https://static.inaturalist.org/photos/11998190/medium.jpeg?1511481697,Caryota maxima
https://static.inaturalist.org/photos/12028707/medium.jpeg?1511635343,Caryota
https://static.inaturalist.org/photos/12159167/medium.jpeg?1512222713,Caryota mitis
https://static.inaturalist.org/photos/12195089/medium.jpeg?1512355032,Caryota
https://static.inaturalist.org/photos/12495273/medium.jpg?1513954379,Caryota mitis
https://static.inaturalist.org/photos/12622638/medium.jpg?1514664197,Caryota
https://static.inaturalist.org/photos/12858077/medium.jpeg?1515805755,Caryota
https://static.inaturalist.org/photos/12858171/medium.jpeg?1515805967,Caryota
https://static.inaturalist.org/photos/12878421/medium.jpeg?1515898895,Caryota
https://static.inaturalist.org/photos/12879092/medium.jpeg?1515900847,Caryota
https://static.inaturalist.org/photos/13268657/medium.jpeg?1517560231,Caryota mitis
https://static.inaturalist.org/photos/13859422/medium.jpeg?1520085097,Caryota mitis
https://static.inaturalist.org/photos/14009648/medium.jpeg?1520612717,Caryota urens
https://static.inaturalist.org/photos/14056409/medium.jpg?1520749717,Caryota
https://static.inaturalist.org/photos/14258042/medium.jpeg?1521400954,Caryota mitis
https://static.inaturalist.org/photos/14330818/medium.jpeg?1521603749,Caryota mitis
https://static.inaturalist.org/photos/14363377/medium.jpg?1521702562,Caryota
https://static.inaturalist.org/photos/14948180/medium.jpeg?1523199892,Caryota mitis
https://static.inaturalist.org/photos/15984500/medium.jpg?1524290249,Caryota mitis
https://static.inaturalist.org/photos/16372969/medium.jpeg?1524798606,Caryota mitis
https://static.inaturalist.org/photos/16374023/medium.jpeg?1524799521,Caryota mitis
https://static.inaturalist.org/photos/16388736/medium.jpg?1524823460,Caryota
https://static.inaturalist.org/photos/16440978/medium.jpeg?1524851307,Caryota mitis
https://static.inaturalist.org/photos/16558319/medium.jpg?1524912472,Caryota
https://static.inaturalist.org/photos/16568462/medium.jpg?1524922035,Caryota mitis
https://static.inaturalist.org/photos/16814284/medium.jpeg?1525019538,Caryota
https://static.inaturalist.org/photos/16960059/medium.jpg?1525064645,Caryota mitis
https://static.inaturalist.org/photos/16961086/medium.jpg?1525065215,Caryota
https://static.inaturalist.org/photos/16986567/medium.jpg?1525089519,Caryota
https://static.inaturalist.org/photos/16987754/medium.jpeg?1525090556,Caryota
https://static.inaturalist.org/photos/16993212/medium.jpg?1525094030,Caryota
https://static.inaturalist.org/photos/17162417/medium.jpeg?1525167544,Caryota
https://static.inaturalist.org/photos/17181584/medium.jpg?1525189366,Caryota mitis
https://static.inaturalist.org/photos/17307276/medium.jpeg?1525308434,Caryota urens
https://static.inaturalist.org/photos/17332782/medium.jpg?1525344048,Caryota mitis
https://static.inaturalist.org/photos/17333877/medium.jpg?1525346529,Caryota mitis
https://static.inaturalist.org/photos/18014629/medium.jpg?1526398432,Caryota mitis
https://static.inaturalist.org/photos/18045971/medium.jpg?1526432228,Caryota
https://static.inaturalist.org/photos/18711963/medium.jpeg?1527502869,Caryota urens
https://static.inaturalist.org/photos/19542666/medium.jpeg?1528736122,Caryota
https://static.inaturalist.org/photos/19551387/medium.jpeg?1528745975,Caryota mitis
https://static.inaturalist.org/photos/20233857/medium.jpg?1529836905,Caryota mitis
https://static.inaturalist.org/photos/20293255/medium.jpg?1529906389,Caryota
https://static.inaturalist.org/photos/22752041/medium.jpeg?1533678796,Caryota
https://static.inaturalist.org/photos/23434580/medium.jpg?1534713541,Caryota urens
https://static.inaturalist.org/photos/23725130/medium.jpeg?1535173708,Caryota mitis
https://static.inaturalist.org/photos/24404531/medium.jpeg?1536238025,Caryota
https://static.inaturalist.org/photos/24963025/medium.jpg?1537061342,Caryota
https://static.inaturalist.org/photos/26773674/medium.jpg?1539748890,Caryota mitis
https://static.inaturalist.org/photos/27292728/medium.jpg?1540646987,Caryota
https://static.inaturalist.org/photos/27325905/medium.jpg?1540690512,Caryota mitis
https://static.inaturalist.org/photos/27332271/medium.jpeg?1540701458,Caryota maxima
https://static.inaturalist.org/photos/27402118/medium.jpeg?1540827627,Caryota mitis
https://static.inaturalist.org/photos/27560810/medium.jpg?1541144705,Caryota mitis
https://static.inaturalist.org/photos/27653386/medium.jpeg?1541322808,Caryota maxima
https://static.inaturalist.org/photos/27698883/medium.jpg?1541391734,Caryota
https://static.inaturalist.org/photos/27709914/medium.jpg?1541408738,Caryota maxima
https://static.inaturalist.org/photos/27714813/medium.jpg?1541423139,Caryota mitis
https://static.inaturalist.org/photos/27747215/medium.jpg?1541470245,Caryota
https://static.inaturalist.org/photos/27747242/medium.jpg?1541470265,Caryota
https://static.inaturalist.org/photos/27747293/medium.jpg?1541470310,Caryota
https://static.inaturalist.org/photos/27757951/medium.jpg?1541486515,Caryota
https://static.inaturalist.org/photos/27761042/medium.jpg?1541490976,Caryota
https://static.inaturalist.org/photos/27761612/medium.jpg?1541491845,Caryota
https://static.inaturalist.org/photos/27763195/medium.jpeg?1541493564,Caryota
https://static.inaturalist.org/photos/27798799/medium.jpeg?1541556570,Caryota maxima
https://static.inaturalist.org/photos/27818146/medium.jpeg?1541580639,Caryota
https://static.inaturalist.org/photos/27824575/medium.jpg?1541597500,Caryota maxima
https://static.inaturalist.org/photos/27825217/medium.jpg?1541598580,Caryota maxima
https://static.inaturalist.org/photos/27826980/medium.jpeg?1541602753,Caryota maxima
https://static.inaturalist.org/photos/27827236/medium.jpeg?1541603257,Caryota maxima
https://static.inaturalist.org/photos/27852543/medium.jpg?1541640549,Caryota
https://static.inaturalist.org/photos/27861807/medium.jpeg?1541651849,Caryota maxima
https://static.inaturalist.org/photos/27867494/medium.jpg?1541659153,Caryota maxima
https://static.inaturalist.org/photos/27867677/medium.jpg?1541659239,Caryota maxima
https://static.inaturalist.org/photos/27869034/medium.jpg?1541659856,Caryota maxima
https://static.inaturalist.org/photos/27868981/medium.jpeg?1541659824,Caryota maxima
https://static.inaturalist.org/photos/27868994/medium.jpg?1541659832,Caryota maxima
https://static.inaturalist.org/photos/27869472/medium.jpg?1541660071,Caryota maxima
https://static.inaturalist.org/photos/27867439/medium.jpeg?1541659127,Caryota maxima
https://static.inaturalist.org/photos/27873945/medium.jpg?1541665044,Caryota maxima
https://static.inaturalist.org/photos/27874037/medium.jpg?1541665110,Caryota maxima
https://static.inaturalist.org/photos/27876126/medium.jpg?1541666187,Caryota maxima
https://static.inaturalist.org/photos/27876547/medium.jpg?1541666379,Caryota maxima
https://static.inaturalist.org/photos/27884268/medium.jpeg?1541671049,Caryota
https://static.inaturalist.org/photos/27887263/medium.jpeg?1541675769,Caryota
https://static.inaturalist.org/photos/27887325/medium.jpeg?1541675900,Caryota maxima
https://static.inaturalist.org/photos/27889014/medium.jpg?1541679172,Caryota
https://static.inaturalist.org/photos/27889997/medium.jpg?1541680895,Caryota maxima
https://static.inaturalist.org/photos/27890148/medium.jpeg?1541681164,Caryota
https://static.inaturalist.org/photos/27893490/medium.jpeg?1541686181,Caryota maxima
https://static.inaturalist.org/photos/27894643/medium.jpeg?1541688323,Caryota maxima
https://static.inaturalist.org/photos/27900102/medium.jpeg?1541696802,Caryota
https://static.inaturalist.org/photos/28067076/medium.jpeg?1542073765,Caryota maxima
https://static.inaturalist.org/photos/28461005/medium.jpeg?1543067522,Caryota mitis
https://static.inaturalist.org/photos/28570148/medium.jpg?1543278768,Caryota
https://static.inaturalist.org/photos/28618353/medium.jpg?1543400399,Caryota
https://static.inaturalist.org/photos/28735435/medium.jpg?1543704561,Caryota maxima
https://static.inaturalist.org/photos/28996986/medium.jpg?1544363438,Caryota mitis
https://static.inaturalist.org/photos/29385526/medium.jpg?1545430034,Caryota
https://static.inaturalist.org/photos/29561712/medium.jpeg?1545874926,Caryota urens
https://static.inaturalist.org/photos/29718824/medium.jpeg?1546241554,Caryota mitis
https://static.inaturalist.org/photos/29823496/medium.jpg?1546488453,Caryota mitis
https://static.inaturalist.org/photos/29970282/medium.jpeg?1546818504,Caryota
https://static.inaturalist.org/photos/30241524/medium.jpeg?1547481301,Caryota urens
https://static.inaturalist.org/photos/30364971/medium.jpg?1547827909,Caryota
https://static.inaturalist.org/photos/30808349/medium.jpeg?1548834682,Caryota
https://static.inaturalist.org/photos/31014613/medium.jpg?1549312371,Caryota
https://static.inaturalist.org/photos/31165134/medium.jpeg?1549582416,Caryota
https://static.inaturalist.org/photos/31232858/medium.jpeg?1549746870,Caryota urens
https://static.inaturalist.org/photos/31263433/medium.jpg?1549814569,Caryota mitis
https://static.inaturalist.org/photos/31362324/medium.jpeg?1550020185,Caryota
https://static.inaturalist.org/photos/31360538/medium.jpg?1550017505,Caryota mitis
https://static.inaturalist.org/photos/31388888/medium.jpeg?1550092414,Caryota
https://static.inaturalist.org/photos/31414993/medium.jpg?1550161904,Caryota
https://static.inaturalist.org/photos/31481421/medium.jpeg?1550327709,Caryota mitis
https://static.inaturalist.org/photos/31482668/medium.jpeg?1550329874,Caryota mitis
https://static.inaturalist.org/photos/31564291/medium.jpg?1550466623,Caryota mitis
https://static.inaturalist.org/photos/31582001/medium.jpg?1550513974,Caryota mitis
https://static.inaturalist.org/photos/31672980/medium.jpg?1550704602,Caryota
https://static.inaturalist.org/photos/31754671/medium.jpg?1550883642,Caryota
https://static.inaturalist.org/photos/31754717/medium.jpeg?1550883677,Caryota
https://static.inaturalist.org/photos/31759849/medium.jpeg?1550886828,Caryota
https://static.inaturalist.org/photos/31800551/medium.jpg?1550903812,Caryota
https://static.inaturalist.org/photos/31810290/medium.jpg?1550908067,Caryota
https://static.inaturalist.org/photos/31818766/medium.jpeg?1550911461,Caryota
https://static.inaturalist.org/photos/31818962/medium.jpeg?1550911560,Caryota
https://static.inaturalist.org/photos/31826396/medium.jpeg?1550914564,Caryota
https://static.inaturalist.org/photos/31910122/medium.jpeg?1550942541,Caryota mitis
https://static.inaturalist.org/photos/32289323/medium.jpg?1551645910,Caryota urens
https://static.inaturalist.org/photos/32493202/medium.jpg?1551998993,Caryota
https://static.inaturalist.org/photos/32657460/medium.jpeg?1552260297,Caryota urens
https://static.inaturalist.org/photos/32820808/medium.jpg?1552577479,Caryota mitis
https://static.inaturalist.org/photos/32882482/medium.jpeg?1552685686,Caryota
https://static.inaturalist.org/photos/32968053/medium.jpeg?1552833323,Caryota urens
https://static.inaturalist.org/photos/33183742/medium.jpg?1553166765,Caryota
https://static.inaturalist.org/photos/33274034/medium.jpeg?1553305648,Caryota urens
https://static.inaturalist.org/photos/33369361/medium.jpg?1553447768,Caryota mitis
https://static.inaturalist.org/photos/33407027/medium.jpeg?1553480236,Caryota mitis
https://static.inaturalist.org/photos/33408056/medium.jpeg?1553481299,Caryota mitis
https://static.inaturalist.org/photos/33504000/medium.jpg?1553632008,Caryota urens
https://static.inaturalist.org/photos/33762188/medium.jpg?1553979023,Caryota
https://static.inaturalist.org/photos/33882547/medium.jpeg?1554118503,Caryota
https://static.inaturalist.org/photos/34059492/medium.jpeg?1554357825,Caryota
https://static.inaturalist.org/photos/34062855/medium.jpg?1554367989,Caryota
https://static.inaturalist.org/photos/34401109/medium.jpeg?1554767456,Caryota
https://static.inaturalist.org/photos/34407265/medium.jpg?1554773342,Caryota obtusa
https://static.inaturalist.org/photos/35211448/medium.jpeg?1555705167,Caryota
https://static.inaturalist.org/photos/35660934/medium.jpeg?1556124200,Caryota
https://static.inaturalist.org/photos/35806121/medium.jpeg?1556251906,Caryota mitis
https://static.inaturalist.org/photos/35822817/medium.jpeg?1556266560,Caryota mitis
https://static.inaturalist.org/photos/35829238/medium.jpeg?1556272968,Caryota mitis
https://static.inaturalist.org/photos/35834227/medium.jpeg?1556277111,Caryota mitis
https://static.inaturalist.org/photos/35880306/medium.jpeg?1556292673,Caryota mitis
https://static.inaturalist.org/photos/36038549/medium.jpeg?1556323618,Caryota
https://static.inaturalist.org/photos/36088718/medium.jpeg?1556334059,Caryota mitis
https://static.inaturalist.org/photos/36096747/medium.jpeg?1556335674,Caryota mitis
https://static.inaturalist.org/photos/36139691/medium.jpg?1556351236,Caryota
https://static.inaturalist.org/photos/36183245/medium.jpeg?1556371636,Caryota mitis
https://static.inaturalist.org/photos/36224318/medium.jpg?1556379490,Caryota mitis
https://static.inaturalist.org/photos/36241410/medium.jpeg?1556382453,Caryota
https://static.inaturalist.org/photos/36246959/medium.jpeg?1556383423,Caryota
https://static.inaturalist.org/photos/36512418/medium.jpg?1556432841,Caryota mitis
https://static.inaturalist.org/photos/36651661/medium.jpeg?1556472592,Caryota mitis
https://static.inaturalist.org/photos/36776760/medium.jpeg?1556491901,Caryota mitis
https://static.inaturalist.org/photos/37313998/medium.jpg?1556595067,Caryota urens
https://static.inaturalist.org/photos/37360543/medium.jpg?1556606421,Caryota
https://static.inaturalist.org/photos/37366811/medium.jpeg?1556612174,Caryota
https://static.inaturalist.org/photos/37373702/medium.jpeg?1556619009,Caryota maxima
https://static.inaturalist.org/photos/37381036/medium.jpeg?1556625653,Caryota mitis
https://static.inaturalist.org/photos/37388682/medium.jpeg?1556630221,Caryota mitis
https://static.inaturalist.org/photos/37388758/medium.jpeg?1556630270,Caryota mitis
https://static.inaturalist.org/photos/37389214/medium.jpeg?1556630558,Caryota
https://static.inaturalist.org/photos/37389271/medium.jpeg?1556630602,Caryota mitis
https://static.inaturalist.org/photos/37514690/medium.jpg?1556689764,Caryota mitis
https://static.inaturalist.org/photos/37527473/medium.jpeg?1556705612,Caryota maxima
https://static.inaturalist.org/photos/37529159/medium.jpeg?1556707962,Caryota mitis
https://static.inaturalist.org/photos/37529674/medium.jpeg?1556708550,Caryota mitis
https://static.inaturalist.org/photos/37562845/medium.jpg?1556727865,Caryota
https://static.inaturalist.org/photos/37562233/medium.jpeg?1556727652,Caryota
https://static.inaturalist.org/photos/37820240/medium.jpg?1556910995,Caryota
https://static.inaturalist.org/photos/37861200/medium.jpg?1556936529,Caryota mitis
https://static.inaturalist.org/photos/37865038/medium.jpg?1556938849,Caryota mitis
https://static.inaturalist.org/photos/37874392/medium.jpg?1556946204,Caryota mitis
https://static.inaturalist.org/photos/37887611/medium.jpeg?1556966438,Caryota mitis
https://static.inaturalist.org/photos/38003775/medium.jpeg?1557044895,Caryota mitis
https://static.inaturalist.org/photos/38005094/medium.jpg?1557047174,Caryota mitis
https://static.inaturalist.org/photos/39537849/medium.jpg?1558469468,Caryota urens
https://static.inaturalist.org/photos/40587814/medium.jpg?1559360670,Caryota mitis
https://static.inaturalist.org/photos/40626436/medium.jpg?1559400094,Caryota mitis
https://static.inaturalist.org/photos/40626606/medium.jpeg?1559400184,Caryota
https://static.inaturalist.org/photos/41145403/medium.jpg?1559831403,Caryota urens
https://static.inaturalist.org/photos/41810517/medium.jpeg?1560416388,Caryota
https://static.inaturalist.org/photos/42043187/medium.jpg?1560634091,Caryota
https://static.inaturalist.org/photos/42092712/medium.jpeg?1560677835,Caryota mitis
https://static.inaturalist.org/photos/42142526/medium.jpg?1560715056,Caryota mitis
https://static.inaturalist.org/photos/42142608/medium.jpg?1560715119,Caryota
https://static.inaturalist.org/photos/42395072/medium.jpeg?1560940054,Caryota
https://static.inaturalist.org/photos/42497889/medium.jpeg?1561037871,Caryota urens
https://static.inaturalist.org/photos/42658795/medium.jpeg?1561179291,Caryota
https://static.inaturalist.org/photos/42886972/medium.jpg?1561355535,Caryota urens
https://static.inaturalist.org/photos/43425247/medium.jpeg?1561831856,Caryota mitis
https://static.inaturalist.org/photos/44032310/medium.jpeg?1562363348,Caryota mitis
https://static.inaturalist.org/photos/44145657/medium.jpg?1562453355,Caryota mitis
https://static.inaturalist.org/photos/44491048/medium.jpeg?1562727658,Caryota urens
https://static.inaturalist.org/photos/44510981/medium.jpeg?1562758696,Caryota urens
https://static.inaturalist.org/photos/44760074/medium.jpg?1562975027,Caryota
https://static.inaturalist.org/photos/45218384/medium.jpeg?1563355631,Caryota urens
https://static.inaturalist.org/photos/45218497/medium.jpeg?1563355793,Caryota urens
https://static.inaturalist.org/photos/45298394/medium.jpg?1563420336,Caryota urens
https://static.inaturalist.org/photos/45298601/medium.jpg?1563420509,Caryota urens
https://static.inaturalist.org/photos/45477105/medium.jpeg?1563583990,Caryota
https://static.inaturalist.org/photos/45621585/medium.jpg?1563715332,Caryota urens
https://static.inaturalist.org/photos/45921621/medium.jpeg?1563938484,Caryota mitis
https://static.inaturalist.org/photos/46106566/medium.jpeg?1564094824,Caryota mitis
https://static.inaturalist.org/photos/46529677/medium.jpg?1564426108,Caryota
https://static.inaturalist.org/photos/46586713/medium.jpg?1564464425,Caryota
https://static.inaturalist.org/photos/46690103/medium.jpeg?1564551093,Caryota mitis
https://static.inaturalist.org/photos/46741312/medium.jpg?1564599780,Caryota urens
https://static.inaturalist.org/photos/46893078/medium.jpg?1564729031,Caryota mitis
https://static.inaturalist.org/photos/46899213/medium.jpeg?1564741610,Caryota urens
https://static.inaturalist.org/photos/47151740/medium.jpeg?1564943738,Caryota urens
https://static.inaturalist.org/photos/47817219/medium.jpg?1565520491,Caryota mitis
https://static.inaturalist.org/photos/48122924/medium.jpeg?1565747897,Caryota
https://static.inaturalist.org/photos/48529533/medium.jpg?1566099557,Caryota urens
https://static.inaturalist.org/photos/48647417/medium.jpg?1566190954,Caryota
https://static.inaturalist.org/photos/48701267/medium.jpeg?1566243729,Caryota
https://static.inaturalist.org/photos/48720750/medium.jpeg?1566258484,Caryota rumphiana
https://static.inaturalist.org/photos/48849128/medium.jpeg?1566380337,Caryota urens
https://static.inaturalist.org/photos/48862446/medium.jpeg?1566395812,Caryota
https://static.inaturalist.org/photos/48886404/medium.jpg?1566411532,Caryota
https://static.inaturalist.org/photos/48935285/medium.jpeg?1566451468,Caryota urens
https://static.inaturalist.org/photos/48935332/medium.jpeg?1566451509,Caryota urens
https://static.inaturalist.org/photos/48935703/medium.jpeg?1566451915,Caryota urens
https://static.inaturalist.org/photos/49128722/medium.jpg?1566641012,Caryota urens
https://static.inaturalist.org/photos/49453823/medium.jpg?1566873564,Caryota urens
https://static.inaturalist.org/photos/49647736/medium.jpeg?1567041625,Caryota mitis
https://static.inaturalist.org/photos/49659477/medium.jpeg?1567051865,Caryota mitis
https://static.inaturalist.org/photos/49882862/medium.jpg?1567258588,Caryota urens
https://static.inaturalist.org/photos/49892477/medium.jpeg?1567264756,Caryota mitis
https://static.inaturalist.org/photos/49912419/medium.jpg?1567275651,Caryota mitis
https://static.inaturalist.org/photos/50316048/medium.jpeg?1567601000,Caryota urens
https://static.inaturalist.org/photos/50317454/medium.jpg?1567602599,Caryota urens
https://static.inaturalist.org/photos/50571388/medium.jpg?1567830106,Caryota mitis
https://static.inaturalist.org/photos/51283473/medium.jpeg?1568447952,Caryota
https://static.inaturalist.org/photos/52007938/medium.jpeg?1569076752,Caryota mitis
https://static.inaturalist.org/photos/52008742/medium.jpg?1569077239,Caryota mitis
https://static.inaturalist.org/photos/52009042/medium.jpg?1569077402,Caryota mitis
https://static.inaturalist.org/photos/52009078/medium.jpg?1569077418,Caryota mitis
https://static.inaturalist.org/photos/52163696/medium.jpg?1569191274,Caryota urens
https://static.inaturalist.org/photos/52393815/medium.jpg?1569403218,Caryota
https://static.inaturalist.org/photos/52572781/medium.jpg?1569573431,Caryota urens
https://static.inaturalist.org/photos/52774174/medium.jpeg?1569770748,Caryota maxima
https://static.inaturalist.org/photos/52932820/medium.jpg?1569900665,Caryota
https://static.inaturalist.org/photos/52943392/medium.jpeg?1569920080,Caryota mitis
https://static.inaturalist.org/photos/53743472/medium.jpeg?1570731612,Caryota
https://static.inaturalist.org/photos/53874238/medium.jpeg?1570889463,Caryota mitis
https://static.inaturalist.org/photos/53875549/medium.jpg?1570890492,Caryota mitis
https://static.inaturalist.org/photos/53882341/medium.jpeg?1570896199,Caryota mitis
https://static.inaturalist.org/photos/53882594/medium.jpeg?1570896404,Caryota mitis
https://static.inaturalist.org/photos/53882657/medium.jpeg?1570896460,Caryota mitis
https://static.inaturalist.org/photos/53882836/medium.jpeg?1570896610,Caryota mitis
https://static.inaturalist.org/photos/53941741/medium.jpeg?1570939068,Caryota
https://static.inaturalist.org/photos/54282672/medium.jpg?1571290082,Caryota
https://static.inaturalist.org/photos/54283624/medium.jpg?1571292502,Caryota
https://static.inaturalist.org/photos/54616076/medium.jpeg?1571657829,Caryota
https://static.inaturalist.org/photos/54683918/medium.jpg?1571716263,Caryota
https://static.inaturalist.org/photos/54880318/medium.jpg?1571942759,Caryota
https://static.inaturalist.org/photos/55587810/medium.jpeg?1572828885,Caryota maxima
https://static.inaturalist.org/photos/55612451/medium.jpg?1572855145,Caryota
https://static.inaturalist.org/photos/55701674/medium.jpg?1572971424,Caryota mitis
https://static.inaturalist.org/photos/55736409/medium.jpg?1573004801,Caryota
https://static.inaturalist.org/photos/55736865/medium.jpg?1573005176,Caryota
https://static.inaturalist.org/photos/55737173/medium.jpg?1573005454,Caryota
https://static.inaturalist.org/photos/55752995/medium.jpg?1573026163,Caryota maxima
https://static.inaturalist.org/photos/55880626/medium.jpg?1573192796,Caryota
https://static.inaturalist.org/photos/55884110/medium.jpg?1573196139,Caryota maxima
https://static.inaturalist.org/photos/55884151/medium.jpg?1573196183,Caryota maxima
https://static.inaturalist.org/photos/55888401/medium.jpg?1573205409,Caryota maxima
https://static.inaturalist.org/photos/55889953/medium.jpg?1573209022,Caryota maxima
https://static.inaturalist.org/photos/55898767/medium.jpeg?1573225273,Caryota
https://static.inaturalist.org/photos/55945482/medium.jpg?1573278465,Caryota maxima
https://static.inaturalist.org/photos/55945789/medium.jpg?1573278950,Caryota maxima
https://static.inaturalist.org/photos/55946163/medium.jpg?1573279415,Caryota maxima
https://static.inaturalist.org/photos/55947255/medium.jpg?1573280907,Caryota
https://static.inaturalist.org/photos/55947611/medium.jpg?1573281412,Caryota maxima
https://static.inaturalist.org/photos/55949077/medium.jpg?1573283376,Caryota maxima
https://static.inaturalist.org/photos/55949091/medium.jpg?1573283405,Caryota maxima
https://static.inaturalist.org/photos/55949611/medium.jpeg?1573284260,Caryota maxima
https://static.inaturalist.org/photos/56014769/medium.jpg?1573365536,Caryota maxima
https://static.inaturalist.org/photos/56017315/medium.jpg?1573370396,Caryota urens
https://static.inaturalist.org/photos/56032056/medium.jpeg?1573396890,Caryota maxima
https://static.inaturalist.org/photos/56212818/medium.jpg?1573633684,Caryota maxima
https://static.inaturalist.org/photos/56381795/medium.jpeg?1573903938,Caryota
https://static.inaturalist.org/photos/56434072/medium.jpeg?1573963542,Caryota
https://static.inaturalist.org/photos/56562724/medium.jpg?1574130715,Caryota mitis
https://static.inaturalist.org/photos/57277943/medium.jpg?1575194259,Caryota
https://static.inaturalist.org/photos/57337552/medium.jpeg?1575277327,Caryota mitis
https://static.inaturalist.org/photos/57499154/medium.jpeg?1575557823,Caryota mitis
https://static.inaturalist.org/photos/57532994/medium.jpeg?1575607280,Caryota
https://static.inaturalist.org/photos/57596197/medium.jpeg?1575735168,Caryota mitis
https://static.inaturalist.org/photos/57596344/medium.jpeg?1575735366,Caryota mitis
https://static.inaturalist.org/photos/57596498/medium.jpeg?1575735534,Caryota mitis
https://static.inaturalist.org/photos/57596747/medium.jpeg?1575735870,Caryota mitis
https://static.inaturalist.org/photos/57597124/medium.jpeg?1575736273,Caryota mitis
https://static.inaturalist.org/photos/57598190/medium.jpeg?1575737493,Caryota mitis
https://static.inaturalist.org/photos/57598501/medium.jpeg?1575737903,Caryota mitis
https://static.inaturalist.org/photos/57598828/medium.jpeg?1575738428,Caryota mitis
https://static.inaturalist.org/photos/57599259/medium.jpeg?1575738892,Caryota mitis
https://static.inaturalist.org/photos/57622335/medium.jpg?1575766974,Caryota mitis
https://static.inaturalist.org/photos/57623480/medium.jpg?1575768256,Caryota mitis
https://static.inaturalist.org/photos/57686580/medium.jpeg?1575862047,Caryota mitis
https://static.inaturalist.org/photos/57749878/medium.jpeg?1575969535,Caryota mitis
https://static.inaturalist.org/photos/57784259/medium.jpeg?1576025832,Caryota
https://static.inaturalist.org/photos/57799998/medium.jpeg?1576054608,Caryota mitis
https://static.inaturalist.org/photos/57800001/medium.jpeg?1576054619,Caryota mitis
https://static.inaturalist.org/photos/57800011/medium.jpeg?1576054638,Caryota mitis
https://static.inaturalist.org/photos/58046851/medium.jpg?1576480419,Caryota mitis
https://static.inaturalist.org/photos/58084186/medium.jpeg?1576547247,Caryota
https://static.inaturalist.org/photos/58258896/medium.jpeg?1576900632,Caryota mitis
https://static.inaturalist.org/photos/58284480/medium.jpeg?1576955345,Caryota
https://static.inaturalist.org/photos/58628738/medium.jpg?1577533403,Caryota urens
https://static.inaturalist.org/photos/58685267/medium.jpeg?1577610354,Caryota
https://static.inaturalist.org/photos/58762664/medium.jpg?1577726019,Caryota mitis
https://static.inaturalist.org/photos/58800991/medium.jpg?1577779115,Caryota
https://static.inaturalist.org/photos/58869112/medium.jpeg?1577901822,Caryota urens
https://static.inaturalist.org/photos/59015505/medium.jpeg?1578101457,Caryota mitis
https://static.inaturalist.org/photos/59219432/medium.jpeg?1578383975,Caryota
https://static.inaturalist.org/photos/59489014/medium.jpg?1578818032,Caryota mitis
https://static.inaturalist.org/photos/59613468/medium.jpeg?1579015108,Caryota
https://static.inaturalist.org/photos/59613471/medium.jpeg?1579015110,Caryota
https://static.inaturalist.org/photos/59726836/medium.jpeg?1579177999,Caryota mitis
https://static.inaturalist.org/photos/59734130/medium.jpg?1579188380,Caryota
https://static.inaturalist.org/photos/59757191/medium.jpg?1579217676,Caryota
https://static.inaturalist.org/photos/59760991/medium.jpeg?1579222267,Caryota
https://static.inaturalist.org/photos/59869773/medium.jpg?1579396583,Caryota urens
https://static.inaturalist.org/photos/59899208/medium.jpeg?1579445217,Caryota
https://static.inaturalist.org/photos/59968443/medium.jpeg?1579537912,Caryota mitis
https://static.inaturalist.org/photos/60036341/medium.jpg?1579633924,Caryota mitis
https://static.inaturalist.org/photos/60044949/medium.jpg?1579646746,Caryota mitis
https://static.inaturalist.org/photos/60121062/medium.jpeg?1579780073,Caryota no
https://static.inaturalist.org/photos/60122887/medium.jpeg?1579784442,Caryota mitis
https://static.inaturalist.org/photos/60266624/medium.jpeg?1579994044,Caryota urens
https://static.inaturalist.org/photos/60297122/medium.jpeg?1580033526,Caryota urens
https://static.inaturalist.org/photos/60632131/medium.jpeg?1580546078,Caryota
https://static.inaturalist.org/photos/61111827/medium.jpeg?1581219057,Caryota
https://static.inaturalist.org/photos/61375095/medium.jpg?1581602640,Caryota mitis
https://static.inaturalist.org/photos/62163575/medium.jpg?1582630419,Caryota
https://static.inaturalist.org/photos/62437409/medium.jpg?1583001039,Caryota
https://static.inaturalist.org/photos/62494160/medium.jpeg?1583048628,Caryota mitis
https://static.inaturalist.org/photos/62754517/medium.jpg?1583360549,Caryota mitis
https://static.inaturalist.org/photos/62797645/medium.jpg?1583426512,Caryota
https://static.inaturalist.org/photos/63473003/medium.jpg?1584201441,Caryota mitis
https://static.inaturalist.org/photos/63621886/medium.jpeg?1584322257,Caryota
https://static.inaturalist.org/photos/64075481/medium.jpg?1584761010,Caryota urens
https://static.inaturalist.org/photos/64385477/medium.jpg?1585020199,Caryota mitis
https://static.inaturalist.org/photos/64893431/medium.jpg?1585442922,Caryota
https://static.inaturalist.org/photos/65470439/medium.jpg?1585888009,Caryota
https://static.inaturalist.org/photos/65612638/medium.jpg?1586010558,Caryota maxima
https://static.inaturalist.org/photos/66417532/medium.jpg?1586554303,Caryota mitis
https://static.inaturalist.org/photos/67247151/medium.jpg?1587081119,Caryota mitis
https://static.inaturalist.org/photos/67470274/medium.jpg?1587232775,Caryota mitis
https://static.inaturalist.org/photos/67611224/medium.jpg?1587312219,Caryota mitis
https://static.inaturalist.org/photos/67619486/medium.jpeg?1587315606,Caryota urens
https://static.inaturalist.org/photos/67752674/medium.jpeg?1587389358,Caryota mitis
https://static.inaturalist.org/photos/67959919/medium.jpg?1587507146,Caryota mitis
https://static.inaturalist.org/photos/71093120/medium.jpg?1588567487,Caryota
https://static.inaturalist.org/photos/68082046/medium.jpg?1587580934,Caryota mitis
https://static.inaturalist.org/photos/68119224/medium.jpg?1587593844,Caryota
https://static.inaturalist.org/photos/68234878/medium.jpg?1587663797,Caryota mitis
https://static.inaturalist.org/photos/68298717/medium.jpg?1587691174,Caryota
https://static.inaturalist.org/photos/68312486/medium.jpg?1587697727,Caryota mitis
https://static.inaturalist.org/photos/68405605/medium.jpg?1587740141,Caryota mitis
https://static.inaturalist.org/photos/68542892/medium.jpg?1587764326,Caryota
https://static.inaturalist.org/photos/68902409/medium.jpeg?1587844435,Caryota
https://static.inaturalist.org/photos/69056097/medium.jpg?1587868935,Caryota
https://static.inaturalist.org/photos/69156396/medium.jpg?1587901937,Caryota urens
https://static.inaturalist.org/photos/69174519/medium.jpg?1587906338,Caryota mitis
https://static.inaturalist.org/photos/69342512/medium.jpeg?1587932295,Caryota maxima
https://static.inaturalist.org/photos/69492661/medium.jpeg?1587956256,Caryota maxima
https://static.inaturalist.org/photos/69745142/medium.jpeg?1588020360,Caryota mitis
https://static.inaturalist.org/photos/69817206/medium.jpg?1588032642,Caryota
https://static.inaturalist.org/photos/69908330/medium.jpg?1588053509,Caryota urens
https://static.inaturalist.org/photos/70305928/medium.jpeg?1588225797,Caryota mitis
https://static.inaturalist.org/photos/70471799/medium.jpg?1588309559,Caryota urens
https://static.inaturalist.org/photos/70473885/medium.jpeg?1588310960,Caryota mitis
https://static.inaturalist.org/photos/70885371/medium.jpeg?1588504090,Caryota urens
https://static.inaturalist.org/photos/71337505/medium.jpeg?1588702127,Caryota urens
https://static.inaturalist.org/photos/71432336/medium.jpg?1588754930,Caryota urens
https://static.inaturalist.org/photos/71717843/medium.jpeg?1588904731,Caryota urens
https://static.inaturalist.org/photos/71888524/medium.jpg?1588999001,Caryota
https://static.inaturalist.org/photos/72740809/medium.jpeg?1589459424,Caryota mitis
https://static.inaturalist.org/photos/72868896/medium.jpeg?1589515473,Caryota
https://static.inaturalist.org/photos/73566276/medium.jpeg?1589817494,Caryota
https://static.inaturalist.org/photos/74486863/medium.jpg?1590243212,Caryota mitis
https://static.inaturalist.org/photos/74649636/medium.jpeg?1590292319,Caryota mitis
https://static.inaturalist.org/photos/75190763/medium.jpg?1590507983,Caryota
https://static.inaturalist.org/photos/75872704/medium.jpeg?1590838485,Caryota urens
https://static.inaturalist.org/photos/75995778/medium.jpg?1590877624,Caryota
https://static.inaturalist.org/photos/76088909/medium.jpeg?1590924545,Caryota urens
https://static.inaturalist.org/photos/76088948/medium.jpeg?1590924562,Caryota urens
https://static.inaturalist.org/photos/76555291/medium.jpg?1591120004,Caryota
https://static.inaturalist.org/photos/76555354/medium.jpg?1591120024,Caryota
https://static.inaturalist.org/photos/76556023/medium.jpg?1591120280,Caryota
https://static.inaturalist.org/photos/76682352/medium.jpeg?1591190210,Caryota urens
https://static.inaturalist.org/photos/77144116/medium.jpg?1591413237,Caryota mitis
https://static.inaturalist.org/photos/78506250/medium.jpg?1592065137,Caryota
https://static.inaturalist.org/photos/78608347/medium.jpg?1592093955,Caryota mitis
https://static.inaturalist.org/photos/78644029/medium.jpeg?1592108086,Caryota mitis
https://static.inaturalist.org/photos/78644059/medium.jpeg?1592108102,Caryota mitis
https://static.inaturalist.org/photos/78885286/medium.jpeg?1592199915,Caryota
https://static.inaturalist.org/photos/79119999/medium.jpeg?1592314818,Caryota urens
https://static.inaturalist.org/photos/79120920/medium.jpeg?1592315200,Caryota urens
https://static.inaturalist.org/photos/79933710/medium.jpeg?1592695226,Caryota
https://static.inaturalist.org/photos/79971355/medium.jpg?1592710630,Caryota
https://static.inaturalist.org/photos/80053342/medium.jpg?1592751661,Caryota
https://static.inaturalist.org/photos/80428984/medium.jpg?1592900196,Caryota mitis
https://static.inaturalist.org/photos/80913074/medium.jpg?1593130861,Caryota maxima
https://static.inaturalist.org/photos/82166031/medium.jpeg?1593707371,Caryota
https://static.inaturalist.org/photos/83696583/medium.jpg?1594438634,Caryota mitis
https://static.inaturalist.org/photos/83697370/medium.jpg?1594439060,Caryota mitis
https://static.inaturalist.org/photos/83928405/medium.jpeg?1594550601,Caryota mitis
https://static.inaturalist.org/photos/84277378/medium.jpeg?1594683749,Caryota mitis
https://static.inaturalist.org/photos/84654409/medium.jpg?1594878995,Caryota
https://static.inaturalist.org/photos/84841487/medium.jpeg?1594977701,Caryota
https://static.inaturalist.org/photos/85427691/medium.jpeg?1595231935,Caryota mitis
https://static.inaturalist.org/photos/85567922/medium.jpeg?1595292315,Caryota
https://static.inaturalist.org/photos/85633818/medium.jpg?1595334821,Caryota
