image_url,scientific_name
https://static.inaturalist.org/photos/588308/medium.jpg?1444341300,Nypa fruticans
https://static.inaturalist.org/photos/712736/medium.jpg?1444778501,Nypa fruticans
https://static.inaturalist.org/photos/712841/medium.jpg?1444778636,Nypa fruticans
https://static.inaturalist.org/photos/740150/medium.jpg?1395743965,Nypa fruticans
https://static.inaturalist.org/photos/980015/medium.jpg?1405203818,Nypa fruticans
https://static.inaturalist.org/photos/1261676/medium.JPG?1413412767,Nypa fruticans
https://static.inaturalist.org/photos/1428125/medium.JPG?1418818506,Nypa fruticans
https://static.inaturalist.org/photos/1508214/medium.jpg?1422223604,Nypa fruticans
https://static.inaturalist.org/photos/1508215/medium.jpg?1422223617,Nypa fruticans
https://static.inaturalist.org/photos/1951914/medium.jpg?1433288865,Nypa fruticans
https://static.inaturalist.org/photos/3109692/medium.jpg?1457291092,Nypa fruticans
https://static.inaturalist.org/photos/5551595/medium.jpg?1479471872,Nypa fruticans
https://static.inaturalist.org/photos/6295630/medium.jpeg?1487231698,Nypa fruticans
https://static.inaturalist.org/photos/8211961/medium.jpg?1496553919,Nypa fruticans
https://static.inaturalist.org/photos/9803921/medium.jpeg?1502898692,Nypa fruticans
https://static.inaturalist.org/photos/11887274/medium.jpg?1510984625,Nypa fruticans
https://static.inaturalist.org/photos/12108613/medium.jpeg?1511969773,Nypa fruticans
https://static.inaturalist.org/photos/12179106/medium.jpg?1512295420,Nypa fruticans
https://static.inaturalist.org/photos/12657446/medium.jpg?1514790415,Nypa fruticans
https://static.inaturalist.org/photos/13179154/medium.jpg?1517181534,Nypa fruticans
https://static.inaturalist.org/photos/15025460/medium.jpeg?1523357137,Nypa fruticans
https://static.inaturalist.org/photos/16988741/medium.jpeg?1525091372,Nypa fruticans
https://static.inaturalist.org/photos/17396779/medium.jpg?1525431394,Nypa fruticans
https://static.inaturalist.org/photos/17826196/medium.jpeg?1526103418,Nypa fruticans
https://static.inaturalist.org/photos/17837853/medium.jpg?1526135310,Nypa fruticans
https://static.inaturalist.org/photos/18592293/medium.jpg?1527310091,Nypa fruticans
https://static.inaturalist.org/photos/18645847/medium.jpeg?1527395142,Nypa fruticans
https://static.inaturalist.org/photos/19038002/medium.jpeg?1528022699,Nypa fruticans
https://static.inaturalist.org/photos/20605424/medium.jpeg?1530445732,Nypa fruticans
https://static.inaturalist.org/photos/20605430/medium.jpeg?1530445741,Nypa fruticans
https://static.inaturalist.org/photos/23220800/medium.jpeg?1534411584,Nypa fruticans
https://static.inaturalist.org/photos/25819924/medium.jpeg?1538317411,Nypa fruticans
https://static.inaturalist.org/photos/25819929/medium.jpeg?1538317417,Nypa fruticans
https://static.inaturalist.org/photos/27440401/medium.jpg?1540890456,Nypa fruticans
https://static.inaturalist.org/photos/27560844/medium.jpeg?1541144801,Nypa fruticans
https://static.inaturalist.org/photos/28894837/medium.jpeg?1544094550,Nypa fruticans
https://static.inaturalist.org/photos/28987519/medium.jpg?1544334584,Nypa fruticans
https://static.inaturalist.org/photos/29478738/medium.jpg?1545656311,Nypa fruticans
https://static.inaturalist.org/photos/32069506/medium.jpg?1551231980,Nypa fruticans
https://static.inaturalist.org/photos/32327947/medium.jpeg?1551705530,Nypa fruticans
https://static.inaturalist.org/photos/32703535/medium.jpg?1552338354,Nypa fruticans
https://static.inaturalist.org/photos/33468151/medium.jpeg?1553567525,Nypa fruticans
https://static.inaturalist.org/photos/37887772/medium.jpeg?1556966705,Nypa fruticans
https://static.inaturalist.org/photos/40577057/medium.jpg?1559351660,Nypa fruticans
https://static.inaturalist.org/photos/42394962/medium.jpeg?1560939921,Nypa fruticans
https://static.inaturalist.org/photos/42870797/medium.jpeg?1561341605,Nypa fruticans
https://static.inaturalist.org/photos/42909345/medium.jpeg?1561387158,Nypa fruticans
https://static.inaturalist.org/photos/43931134/medium.jpeg?1562271495,Nypa fruticans
https://static.inaturalist.org/photos/44205885/medium.jpeg?1562507620,Nypa fruticans
https://static.inaturalist.org/photos/44577540/medium.jpeg?1562808109,Nypa fruticans
https://static.inaturalist.org/photos/45753603/medium.jpeg?1563809370,Nypa fruticans
https://static.inaturalist.org/photos/45855840/medium.jpeg?1563895401,Nypa fruticans
https://static.inaturalist.org/photos/46191895/medium.jpg?1564170592,Nypa fruticans
https://static.inaturalist.org/photos/48310502/medium.jpeg?1565910869,Nypa fruticans
https://static.inaturalist.org/photos/48833319/medium.jpg?1566357346,Nypa fruticans
https://static.inaturalist.org/photos/49243432/medium.jpg?1566727338,Nypa fruticans
https://static.inaturalist.org/photos/50475231/medium.jpeg?1567734970,Nypa fruticans
https://static.inaturalist.org/photos/50554229/medium.jpg?1567812990,Nypa fruticans
https://static.inaturalist.org/photos/50606892/medium.jpg?1567872937,Nypa fruticans
https://static.inaturalist.org/photos/51164327/medium.jpg?1568326054,Nypa fruticans
https://static.inaturalist.org/photos/51282892/medium.jpg?1568446584,Nypa fruticans
https://static.inaturalist.org/photos/51283471/medium.jpeg?1568447943,Nypa fruticans
https://static.inaturalist.org/photos/51386063/medium.jpeg?1568526306,Nypa fruticans
https://static.inaturalist.org/photos/51890309/medium.jpeg?1568979434,Nypa fruticans
https://static.inaturalist.org/photos/52930116/medium.jpeg?1569898068,Nypa fruticans
https://static.inaturalist.org/photos/54370818/medium.jpg?1571413158,Nypa fruticans
https://static.inaturalist.org/photos/54536247/medium.jpg?1571589581,Nypa fruticans
https://static.inaturalist.org/photos/55699638/medium.jpg?1572969026,Nypa fruticans
https://static.inaturalist.org/photos/55700270/medium.jpg?1572969742,Nypa fruticans
https://static.inaturalist.org/photos/55704584/medium.jpg?1572974218,Nypa fruticans
https://static.inaturalist.org/photos/56036594/medium.jpg?1573401886,Nypa fruticans
https://static.inaturalist.org/photos/56325789/medium.jpg?1573822050,Nypa fruticans
https://static.inaturalist.org/photos/56788382/medium.jpeg?1574479937,Nypa fruticans
https://static.inaturalist.org/photos/57166776/medium.jpeg?1575025726,Nypa fruticans
https://static.inaturalist.org/photos/58191566/medium.jpg?1576772279,Nypa fruticans
https://static.inaturalist.org/photos/58526499/medium.jpg?1577376226,Nypa fruticans
https://static.inaturalist.org/photos/58625254/medium.jpeg?1577524330,Nypa fruticans
https://static.inaturalist.org/photos/59104680/medium.jpeg?1578230998,Nypa fruticans
https://static.inaturalist.org/photos/59652507/medium.jpg?1579070072,Nypa fruticans
https://static.inaturalist.org/photos/59652965/medium.jpg?1579071064,Nypa fruticans
https://static.inaturalist.org/photos/59961047/medium.jpeg?1579526444,Nypa fruticans
https://static.inaturalist.org/photos/60519999/medium.jpg?1580353443,Nypa fruticans
https://static.inaturalist.org/photos/60691157/medium.jpg?1580619789,Nypa fruticans
https://static.inaturalist.org/photos/60789061/medium.jpg?1580752210,Nypa fruticans
https://static.inaturalist.org/photos/61245807/medium.jpeg?1581394802,Nypa fruticans
https://static.inaturalist.org/photos/61887600/medium.jpg?1582282823,Nypa fruticans
https://static.inaturalist.org/photos/62510311/medium.jpg?1583072855,Nypa fruticans
https://static.inaturalist.org/photos/62771814/medium.jpeg?1583379557,Nypa fruticans
https://static.inaturalist.org/photos/65171375/medium.jpg?1585658604,Nypa fruticans
https://static.inaturalist.org/photos/66100234/medium.jpg?1586318697,Nypa fruticans
https://static.inaturalist.org/photos/66255603/medium.jpg?1586443491,Nypa fruticans
https://static.inaturalist.org/photos/66483890/medium.jpg?1586603777,Nypa fruticans
https://static.inaturalist.org/photos/67028837/medium.jpg?1586937449,Nypa fruticans
https://static.inaturalist.org/photos/68362079/medium.jpg?1587727215,Nypa fruticans
https://static.inaturalist.org/photos/68695959/medium.jpg?1587805297,Nypa fruticans
https://static.inaturalist.org/photos/70338507/medium.jpg?1588253247,Nypa fruticans
https://static.inaturalist.org/photos/71275982/medium.jpg?1588668409,Nypa fruticans
https://static.inaturalist.org/photos/72069004/medium.jpg?1589084440,Nypa fruticans
https://static.inaturalist.org/photos/72111012/medium.jpeg?1589117073,Nypa fruticans
https://static.inaturalist.org/photos/74658390/medium.jpg?1590296903,Nypa fruticans
https://static.inaturalist.org/photos/78441149/medium.jpeg?1592031737,Nypa fruticans
https://static.inaturalist.org/photos/78598788/medium.jpeg?1592090617,Nypa fruticans
https://static.inaturalist.org/photos/78603362/medium.jpeg?1592092145,Nypa fruticans
https://static.inaturalist.org/photos/79094170/medium.jpg?1592298858,Nypa fruticans
https://static.inaturalist.org/photos/79354679/medium.jpg?1592425192,Nypa fruticans
https://static.inaturalist.org/photos/81599784/medium.jpeg?1593442579,Nypa fruticans
https://static.inaturalist.org/photos/81969069/medium.jpg?1593615471,Nypa fruticans
https://static.inaturalist.org/photos/82595998/medium.jpg?1593910441,Nypa fruticans
https://static.inaturalist.org/photos/82816910/medium.jpg?1594004154,Nypa fruticans
https://static.inaturalist.org/photos/85005880/medium.jpeg?1595054003,Nypa fruticans
